# Staunton bishop, MIT license, source: github.com/clarkerubber/Staunton-Pieces
o bishop
v 0.096570 1.116728 -0.034283
v 0.090998 1.116728 -0.047113
v 0.083708 1.139320 -0.043336
v 0.077023 1.139320 -0.054329
v 0.068902 1.139320 -0.064312
v 0.061279 1.162393 -0.057192
v 0.039542 1.226441 0.019978
v 0.048948 1.211116 0.025402
v -0.011156 1.226441 0.042877
v -0.014873 1.211116 0.053124
v -0.044211 1.226441 -0.001841
v -0.044211 1.226441 -0.002984
v -0.055001 1.211116 -0.003722
v -0.033211 1.226441 -0.029194
v -0.032387 1.226441 -0.030207
v -0.040290 1.211116 -0.037589
v 0.035700 1.152811 -0.080865
v 0.033405 1.162393 -0.076867
v -0.009965 1.158298 -0.085231
v -0.011417 1.162393 -0.083027
v -0.078221 1.127079 -0.060599
v -0.081853 1.123326 -0.057675
v -0.077023 1.139320 -0.054329
v -0.113460 1.064175 -0.012847
v -0.114626 1.057266 -0.007780
v -0.112806 1.072024 -0.007678
v -0.116191 1.042075 0.003230
v -0.116161 1.035419 0.007995
v -0.115470 1.049299 0.007935
v -0.114839 1.003451 0.017864
v -0.113735 1.002565 0.023671
v -0.115437 0.995775 0.008088
v -0.113726 0.977925 0.007815
v -0.114149 1.033616 -0.023683
v -0.114309 1.026275 -0.023718
v -0.115202 1.026270 -0.018339
v -0.109413 1.051762 -0.037068
v -0.108628 1.053755 -0.038553
v -0.109058 1.049299 -0.038722
v -0.094856 1.080514 -0.058794
v -0.090127 1.086705 -0.063551
v -0.092374 1.072024 -0.065168
v -0.070383 1.106241 -0.078734
v -0.066062 1.109276 -0.081116
v -0.068597 1.094372 -0.084280
v 0.012785 1.129576 -0.097185
v 0.013353 1.129486 -0.097114
v 0.013955 1.116728 -0.101496
v 0.053874 1.116735 -0.086992
v 0.053140 1.117126 -0.087301
v 0.089953 1.087073 -0.063835
v 0.092374 1.072024 -0.065168
v 0.106650 1.058999 -0.042477
v 0.108639 1.053766 -0.038562
v 0.109058 1.049299 -0.038722
v 0.116036 1.018432 -0.012684
v 0.116201 1.011759 -0.007912
v 0.115895 1.002565 -0.007891
v 0.115809 0.997540 0.002933
v 0.113726 0.977925 -0.007744
v 0.115922 0.998807 0.001478
v 0.115668 0.996457 0.004834
v 0.115544 0.995922 0.006573
v 0.113726 0.977925 0.007815
v 0.116308 1.007343 -0.004772
v 0.116123 1.002562 -0.001392
v 0.113735 1.002565 -0.023599
v 0.115198 1.026270 -0.018339
v 0.114309 1.026275 -0.023718
v 0.114839 1.029587 -0.020747
v 0.114064 1.033577 -0.023654
v 0.112698 1.040536 -0.028757
v 0.110009 1.026275 -0.039061
v 0.110158 1.049298 -0.035235
v 0.102764 1.049299 -0.053211
v 0.101977 1.068846 -0.049902
v 0.100382 1.071542 -0.051948
v 0.096412 1.078214 -0.057033
v 0.100096 1.072025 -0.052315
v 0.094556 1.049299 -0.066708
v 0.078541 1.099286 -0.073300
v 0.079440 1.094372 -0.074154
v 0.083394 1.094379 -0.069485
v 0.082635 1.072024 -0.077139
v 0.086606 1.091048 -0.066904
v 0.062199 1.112003 -0.083260
v 0.066060 1.109270 -0.081111
v 0.068597 1.094372 -0.084280
v 0.071004 1.105759 -0.078357
v 0.056477 1.094372 -0.092835
v 0.058614 1.114211 -0.085000
v 0.039710 1.123195 -0.092108
v 0.040832 1.116728 -0.093965
v 0.049357 1.119135 -0.088890
v 0.027651 1.116728 -0.098650
v 0.029692 1.126377 -0.094637
v 0.022880 1.127983 -0.095916
v 0.026691 1.127085 -0.095201
v 0.002582 1.130264 -0.097734
v 0.000000 1.116728 -0.102450
v 0.000002 1.130205 -0.097687
v -0.019960 1.128539 -0.096358
v -0.013349 1.129408 -0.097051
v -0.013955 1.116728 -0.101496
v -0.009853 1.129867 -0.097418
v -0.007720 1.130033 -0.097550
v -0.027652 1.116728 -0.098650
v -0.026688 1.127040 -0.095165
v -0.040832 1.116728 -0.093965
v -0.039556 1.123252 -0.092153
v -0.029869 1.126331 -0.094600
v -0.053251 1.116728 -0.087530
v -0.053163 1.117223 -0.087378
v -0.048992 1.119308 -0.089027
v -0.056477 1.094372 -0.092835
v -0.061883 1.112205 -0.083418
v -0.083424 1.094377 -0.069484
v -0.078547 1.099306 -0.073316
v -0.079440 1.094372 -0.074154
v -0.085668 1.092100 -0.067718
v -0.082635 1.072024 -0.077139
v -0.088328 1.089047 -0.065357
v -0.105408 1.061857 -0.044625
v -0.100550 1.071444 -0.051873
v -0.102764 1.049299 -0.053211
v -0.100189 1.072024 -0.052314
v -0.110009 1.026275 -0.039061
v -0.111588 1.044795 -0.031898
v -0.113735 1.002565 -0.023599
v -0.116304 1.011916 -0.008023
v -0.115667 0.996478 0.004852
v -0.113726 0.977925 -0.007744
v -0.115796 0.997463 0.003106
v -0.115922 0.998829 0.001488
v -0.115894 1.002565 -0.007891
v -0.116091 1.002558 -0.001389
v -0.116300 1.011769 -0.007919
v -0.111607 0.977925 0.023227
v -0.114880 1.001533 0.016848
v -0.114951 0.999631 0.015500
v -0.115153 0.996899 0.012248
v -0.115161 0.996817 0.012125
v -0.115609 1.023520 0.016423
v -0.115433 1.021562 0.017594
v -0.114309 1.026275 0.023790
v -0.115110 1.016698 0.019253
v -0.114996 1.014222 0.019606
v -0.114899 1.011357 0.019666
v -0.114845 1.008782 0.019418
v -0.113319 1.049299 0.023585
v -0.116137 1.030811 0.011272
v -0.115809 1.026272 0.014485
v -0.112806 1.072024 0.007753
v -0.115292 1.053278 -0.004872
v -0.115615 1.049296 -0.001981
v -0.108443 1.094372 -0.007380
v -0.110656 1.074927 -0.020808
v -0.111418 1.072023 -0.018649
v -0.100345 1.116728 -0.020813
v -0.102693 1.094375 -0.035425
v -0.106423 1.094372 -0.022077
v -0.106887 1.085396 -0.028641
v -0.109731 1.077513 -0.022734
v -0.092877 1.110435 -0.047699
v -0.098971 1.101205 -0.040624
v -0.096570 1.116728 -0.034283
v -0.083708 1.139320 -0.043336
v -0.085954 1.119072 -0.054372
v -0.090998 1.116728 -0.047113
v -0.087832 1.116737 -0.052563
v -0.076051 1.129076 -0.062158
v -0.070484 1.133641 -0.065732
v -0.068902 1.139320 -0.064312
v -0.067696 1.135921 -0.067521
v -0.062666 1.139333 -0.070204
v -0.061279 1.162393 -0.057192
v -0.052915 1.162393 -0.065002
v -0.058817 1.141936 -0.072257
v -0.033405 1.162393 -0.076867
v -0.035194 1.152910 -0.080943
v -0.036971 1.152371 -0.080515
v -0.043566 1.162393 -0.071602
v -0.046530 1.148496 -0.077442
v -0.049381 1.147140 -0.076368
v -0.022621 1.162393 -0.080699
v -0.017098 1.157410 -0.084525
v -0.023422 1.156113 -0.083491
v -0.027157 1.155346 -0.082881
v -0.000008 1.158750 -0.085593
v 0.000000 1.162393 -0.083809
v 0.009969 1.158296 -0.085231
v 0.011418 1.162393 -0.083027
v 0.019953 1.156923 -0.084136
v 0.022621 1.162393 -0.080699
v 0.023426 1.156182 -0.083545
v 0.026035 1.155624 -0.083103
v 0.045079 1.149150 -0.077959
v 0.043566 1.162393 -0.071602
v 0.046998 1.148200 -0.077208
v 0.054149 1.144654 -0.074401
v 0.052915 1.162393 -0.065002
v 0.058816 1.141934 -0.072254
v 0.062676 1.139332 -0.070204
v 0.067675 1.135936 -0.067533
v 0.083349 1.121938 -0.056597
v 0.075811 1.129291 -0.062326
v 0.070485 1.133645 -0.065736
v 0.091941 1.111700 -0.048673
v 0.087825 1.116737 -0.052563
v 0.102683 1.094375 -0.035425
v 0.098137 1.102584 -0.041676
v 0.106423 1.094372 -0.022077
v 0.109705 1.077496 -0.022722
v 0.107884 1.082904 -0.026769
v 0.111415 1.072376 -0.018910
v 0.108443 1.094372 -0.007380
v 0.112806 1.072024 -0.007678
v 0.112537 1.068173 -0.015797
v 0.114726 1.057307 -0.007809
v 0.112806 1.072024 0.007753
v 0.115628 1.049296 -0.001981
v 0.115470 1.049299 0.007935
v 0.115975 1.046164 0.000283
v 0.116252 1.035424 0.007991
v 0.114837 1.003723 0.017963
v 0.113735 1.002565 0.023671
v 0.114846 1.008701 0.019382
v 0.114851 1.009183 0.019477
v 0.114901 1.011359 0.019652
v 0.114920 1.012096 0.019687
v 0.114309 1.026275 0.023790
v 0.115110 1.016659 0.019238
v 0.115133 1.017119 0.019164
v 0.115464 1.021943 0.017395
v 0.113319 1.049299 0.023585
v 0.115768 1.026270 0.014486
v 0.115153 0.996898 0.012250
v 0.115146 0.996945 0.012354
v 0.111607 0.977925 0.023227
v 0.115277 0.996107 0.010396
v 0.114880 1.001530 0.016852
v -0.014728 1.226441 -0.041646
v -0.014873 1.211116 -0.053045
v -0.021964 1.211116 -0.050526
v -0.028644 1.211116 -0.047064
v -0.021574 1.226441 -0.038575
v -0.017655 1.226441 -0.040606
v -0.034792 1.211116 -0.042725
v -0.027967 1.226441 -0.034336
v -0.037648 1.226441 -0.023141
v -0.045039 1.211116 -0.031752
v -0.041040 1.226441 -0.016449
v -0.039347 1.226441 -0.020348
v -0.048948 1.211116 -0.025324
v -0.043299 1.226441 -0.009290
v -0.051946 1.211116 -0.018422
v -0.053976 1.211116 -0.011177
v -0.043855 1.226441 0.005655
v -0.055001 1.211116 0.003801
v -0.042285 1.226441 0.012992
v -0.043388 1.226441 0.009056
v -0.053976 1.211116 0.011256
v -0.051946 1.211116 0.018501
v -0.041756 1.226441 0.014880
v -0.048948 1.211116 0.025402
v -0.039347 1.226441 0.020427
v -0.036204 1.226441 0.025595
v -0.030595 1.226441 0.031961
v -0.040290 1.211116 0.037669
v -0.034792 1.211116 0.042804
v -0.027967 1.226441 0.034415
v -0.018235 1.226441 0.040385
v -0.023025 1.226441 0.037903
v -0.028644 1.211116 0.047143
v -0.024761 1.226441 0.036678
v -0.021964 1.211116 0.050604
v -0.007507 1.211116 0.054656
v -0.006034 1.226441 0.043941
v 0.003752 1.226441 0.044098
v 0.000000 1.226441 0.044354
v 0.000000 1.211116 0.055169
v -0.003752 1.226441 0.044098
v 0.007507 1.211116 0.054656
v 0.006035 1.226441 0.043941
v 0.014873 1.211116 0.053124
v 0.011956 1.226441 0.042711
v 0.017655 1.226441 0.040686
v 0.024761 1.226441 0.036678
v 0.023025 1.226441 0.037903
v 0.028645 1.211116 0.047143
v 0.034792 1.211116 0.042804
v 0.027967 1.226441 0.034415
v 0.035586 1.226441 0.026355
v 0.032387 1.226441 0.030287
v 0.040290 1.211116 0.037669
v 0.045039 1.211116 0.031832
v 0.051946 1.211116 0.018501
v 0.041756 1.226441 0.014880
v 0.043855 1.226441 0.005655
v 0.043388 1.226441 0.009056
v 0.053976 1.211116 0.011256
v 0.042285 1.226441 0.012992
v 0.044211 1.226441 -0.001841
v 0.055001 1.211116 0.003801
v 0.055001 1.211116 -0.003722
v 0.044211 1.226441 -0.002984
v 0.043388 1.226441 -0.008976
v 0.051946 1.211116 -0.018422
v 0.041756 1.226441 -0.014800
v 0.048948 1.211116 -0.025324
v 0.039347 1.226441 -0.020348
v 0.045039 1.211116 -0.031752
v 0.036204 1.226441 -0.025515
v 0.037648 1.226441 -0.023141
v 0.040290 1.211116 -0.037589
v 0.032387 1.226441 -0.030207
v 0.027967 1.226441 -0.034336
v 0.021574 1.226441 -0.038575
v 0.028645 1.211116 -0.047064
v 0.021964 1.211116 -0.050526
v 0.014873 1.211116 -0.053045
v 0.014728 1.226441 -0.041646
v 0.017655 1.226441 -0.040606
v 0.007507 1.211116 -0.054577
v 0.007473 1.226441 -0.043563
v 0.011956 1.226441 -0.042632
v -0.011956 1.226441 -0.042632
v -0.007473 1.226441 -0.043563
v -0.007507 1.211116 -0.054577
v 0.000000 1.211116 -0.055089
v 0.000000 1.226441 -0.044275
v 0.057936 1.186219 -0.040857
v -0.051828 1.186219 -0.048365
v -0.044754 1.186219 -0.054972
v -0.036847 1.186219 -0.060552
v -0.028253 1.186219 -0.065006
v -0.019133 1.186219 -0.068247
v -0.009656 1.186219 -0.070216
v 0.000000 1.186219 -0.070877
v 0.009656 1.186219 -0.070216
v 0.019133 1.186219 -0.068247
v 0.028253 1.186219 -0.065006
v 0.036847 1.186219 -0.060552
v 0.044754 1.186219 -0.054972
v 0.074447 1.162393 -0.038536
v 0.062966 1.186219 -0.032587
v -0.057936 1.186219 -0.040857
v -0.068501 1.162393 -0.048314
v -0.062966 1.186219 -0.032587
v -0.074447 1.162393 -0.038536
v 0.088835 1.139320 -0.031533
v 0.079006 1.162393 -0.028040
v 0.066821 1.186219 -0.023709
v 0.068501 1.162393 -0.048314
v 0.051828 1.186219 -0.048365
v 0.034792 1.211116 -0.042725
v -0.066821 1.186219 -0.023709
v -0.079006 1.162393 -0.028040
v -0.088835 1.139320 -0.031533
v -0.069432 1.186219 -0.014389
v -0.082094 1.162393 -0.017021
v -0.092306 1.139320 -0.019143
v 0.100345 1.116728 -0.020813
v 0.092306 1.139320 -0.019143
v 0.082094 1.162393 -0.017021
v 0.069432 1.186219 -0.014389
v 0.053976 1.211116 -0.011177
v 0.103452 1.092978 -0.034366
v -0.070750 1.186219 -0.004800
v -0.083652 1.162393 -0.005683
v -0.094058 1.139320 -0.006395
v -0.102249 1.116728 -0.006955
v 0.070750 1.186219 -0.004800
v 0.083652 1.162393 -0.005683
v 0.094058 1.139320 -0.006395
v 0.102249 1.116728 -0.006955
v -0.070750 1.186219 0.004879
v -0.083652 1.162393 0.005761
v -0.094058 1.139320 0.006473
v -0.102249 1.116728 0.007032
v -0.108443 1.094372 0.007456
v 0.070750 1.186219 0.004879
v 0.083652 1.162393 0.005761
v 0.094058 1.139320 0.006473
v 0.102249 1.116728 0.007032
v 0.108443 1.094372 0.007456
v -0.069432 1.186219 0.014468
v -0.082094 1.162393 0.017099
v -0.092306 1.139320 0.019220
v -0.100345 1.116728 0.020890
v -0.106423 1.094372 0.022153
v -0.110705 1.072024 0.023042
v 0.069432 1.186219 0.014468
v 0.082094 1.162393 0.017099
v 0.092306 1.139320 0.019220
v 0.100345 1.116728 0.020890
v 0.106423 1.094372 0.022153
v 0.110705 1.072024 0.023042
v -0.014801 1.094372 -0.107647
v -0.029326 1.094372 -0.104629
v -0.015397 1.072024 -0.111979
v -0.030506 1.072024 -0.108839
v -0.015760 1.049299 -0.114625
v -0.031227 1.049299 -0.111411
v -0.015897 1.026275 -0.115627
v -0.031499 1.026275 -0.112385
v -0.015818 1.002565 -0.115047
v -0.031341 1.002565 -0.111822
v -0.015522 0.977925 -0.112894
v -0.030755 0.977925 -0.109729
v -0.015007 0.952094 -0.109148
v -0.029734 0.952094 -0.106087
v -0.014266 0.924792 -0.103762
v -0.028267 0.924792 -0.100853
v -0.013292 0.895722 -0.096672
v -0.026336 0.895722 -0.093962
v -0.043305 1.094372 -0.099660
v -0.045047 1.072024 -0.103671
v -0.058749 1.072024 -0.096572
v -0.046111 1.049299 -0.106122
v -0.060137 1.049299 -0.098854
v -0.046514 1.026275 -0.107049
v -0.060662 1.026275 -0.099718
v -0.046280 1.002565 -0.106512
v -0.060357 1.002565 -0.099218
v -0.045415 0.977925 -0.104519
v -0.059229 0.977925 -0.097361
v -0.043907 0.952094 -0.101050
v -0.057263 0.952094 -0.094130
v -0.041742 0.924792 -0.096064
v -0.054438 0.924792 -0.089486
v -0.038890 0.895722 -0.089500
v -0.050719 0.895722 -0.083370
v -0.071357 1.072024 -0.087672
v -0.073042 1.049299 -0.089744
v -0.084587 1.049299 -0.078962
v -0.073680 1.026275 -0.090529
v -0.085326 1.026275 -0.079653
v -0.073311 1.002565 -0.090075
v -0.084898 1.002565 -0.079253
v -0.071939 0.977925 -0.088390
v -0.083309 0.977925 -0.077770
v -0.069552 0.952094 -0.085456
v -0.080545 0.952094 -0.075189
v -0.066121 0.924792 -0.081239
v -0.076572 0.924792 -0.071478
v -0.061603 0.895722 -0.075688
v -0.071341 0.895722 -0.066594
v -0.094556 1.049299 -0.066708
v -0.095381 1.026275 -0.067291
v -0.103661 1.026275 -0.053676
v -0.094904 1.002565 -0.066954
v -0.103141 1.002565 -0.053407
v -0.093128 0.977925 -0.065701
v -0.101212 0.977925 -0.052408
v -0.090038 0.952094 -0.063520
v -0.097854 0.952094 -0.050669
v -0.085596 0.924792 -0.060386
v -0.093026 0.924792 -0.048168
v -0.079749 0.895722 -0.056259
v -0.086671 0.895722 -0.044875
v -0.109458 1.002565 -0.038866
v -0.107410 0.977925 -0.038138
v -0.111607 0.977925 -0.023157
v -0.103846 0.952094 -0.036872
v -0.107904 0.952094 -0.022388
v -0.098723 0.924792 -0.035052
v -0.102581 0.924792 -0.021282
v -0.091979 0.895722 -0.032655
v -0.095574 0.895722 -0.019827
v -0.109953 0.952094 -0.007486
v -0.109953 0.952094 0.007555
v -0.104529 0.924792 -0.007115
v -0.104529 0.924792 0.007184
v -0.097388 0.895722 -0.006628
v -0.097388 0.895722 0.006695
v -0.066821 1.186219 0.023787
v -0.079006 1.162393 0.028118
v -0.088835 1.139320 0.031610
v -0.096570 1.116728 0.034359
v -0.102421 1.094372 0.036438
v -0.106541 1.072024 0.037903
v -0.109058 1.049299 0.038796
v -0.110009 1.026275 0.039134
v -0.109458 1.002565 0.038938
v -0.107410 0.977925 0.038209
v -0.107904 0.952094 0.022458
v -0.103846 0.952094 0.036942
v -0.102581 0.924792 0.021351
v -0.098723 0.924792 0.035121
v -0.095574 0.895722 0.019894
v -0.091979 0.895722 0.032723
v -0.045039 1.211116 0.031832
v -0.062966 1.186219 0.032665
v -0.057936 1.186219 0.040936
v -0.074447 1.162393 0.038614
v -0.068501 1.162393 0.048392
v -0.083708 1.139320 0.043412
v -0.077023 1.139320 0.054407
v -0.090998 1.116728 0.047190
v -0.083730 1.116728 0.059142
v -0.096510 1.094372 0.050045
v -0.088802 1.094372 0.062721
v -0.100393 1.072024 0.052057
v -0.092374 1.072024 0.065243
v -0.102764 1.049299 0.053285
v -0.094556 1.049299 0.066782
v -0.103661 1.026275 0.053749
v -0.095381 1.026275 0.067364
v -0.103141 1.002565 0.053479
v -0.094904 1.002565 0.067026
v -0.101212 0.977925 0.052479
v -0.093128 0.977925 0.065772
v -0.097854 0.952094 0.050739
v -0.090038 0.952094 0.063590
v -0.093026 0.924792 0.048237
v -0.085596 0.924792 0.060455
v -0.086671 0.895722 0.044943
v -0.079749 0.895722 0.056327
v -0.051828 1.186219 0.048443
v -0.044754 1.186219 0.055049
v -0.061279 1.162393 0.057270
v -0.052915 1.162393 0.065080
v -0.068902 1.139320 0.064388
v -0.059498 1.139320 0.073171
v -0.074902 1.116728 0.069992
v -0.064680 1.116728 0.079539
v -0.079440 1.094372 0.074229
v -0.068597 1.094372 0.084355
v -0.082635 1.072024 0.077213
v -0.071357 1.072024 0.087747
v -0.084587 1.049299 0.079036
v -0.073042 1.049299 0.089818
v -0.085326 1.026275 0.079725
v -0.073680 1.026275 0.090601
v -0.084898 1.002565 0.079325
v -0.073311 1.002565 0.090146
v -0.083309 0.977925 0.077841
v -0.071939 0.977925 0.088461
v -0.080545 0.952094 0.075259
v -0.069552 0.952094 0.085526
v -0.076572 0.924792 0.071547
v -0.066121 0.924792 0.081307
v -0.071341 0.895722 0.066662
v -0.061603 0.895722 0.075755
v -0.036847 1.186219 0.060631
v -0.028253 1.186219 0.065084
v -0.043566 1.162393 0.071680
v -0.033405 1.162393 0.076945
v -0.048986 1.139320 0.080592
v -0.037560 1.139320 0.086512
v -0.053251 1.116728 0.087606
v -0.040832 1.116728 0.094042
v -0.056477 1.094372 0.092910
v -0.043305 1.094372 0.099736
v -0.058749 1.072024 0.096646
v -0.045047 1.072024 0.103746
v -0.060137 1.049299 0.098928
v -0.046111 1.049299 0.106195
v -0.060662 1.026275 0.099791
v -0.046514 1.026275 0.107122
v -0.060357 1.002565 0.099290
v -0.046280 1.002565 0.106584
v -0.059229 0.977925 0.097432
v -0.045415 0.977925 0.104590
v -0.057263 0.952094 0.094200
v -0.043907 0.952094 0.101120
v -0.054438 0.924792 0.089554
v -0.041742 0.924792 0.096133
v -0.050719 0.895722 0.083438
v -0.038890 0.895722 0.089567
v -0.019133 1.186219 0.068326
v -0.009656 1.186219 0.070295
v -0.022621 1.162393 0.080777
v -0.011417 1.162393 0.083105
v -0.025436 1.139320 0.090821
v -0.012837 1.139320 0.093439
v -0.027652 1.116728 0.098726
v -0.013955 1.116728 0.101572
v -0.029326 1.094372 0.104704
v -0.014801 1.094372 0.107723
v -0.030506 1.072024 0.108914
v -0.015397 1.072024 0.112054
v -0.031227 1.049299 0.111485
v -0.015760 1.049299 0.114699
v -0.031499 1.026275 0.112458
v -0.015897 1.026275 0.115700
v -0.031341 1.002565 0.111894
v -0.015818 1.002565 0.115119
v -0.030755 0.977925 0.109800
v -0.015522 0.977925 0.112965
v -0.029734 0.952094 0.106157
v -0.015007 0.952094 0.109218
v -0.028267 0.924792 0.100921
v -0.014266 0.924792 0.103831
v -0.026336 0.895722 0.094029
v -0.013292 0.895722 0.096740
v 0.000000 1.186219 0.070956
v 0.009656 1.186219 0.070295
v 0.000000 1.162393 0.083886
v 0.011418 1.162393 0.083105
v 0.000000 1.139320 0.094317
v 0.012837 1.139320 0.093439
v 0.000000 1.116728 0.102527
v 0.013955 1.116728 0.101572
v 0.000000 1.094372 0.108735
v 0.014801 1.094372 0.107723
v 0.000000 1.072024 0.113107
v 0.015397 1.072024 0.112054
v 0.000000 1.049299 0.115777
v 0.015760 1.049299 0.114699
v 0.000000 1.026275 0.116787
v 0.015897 1.026275 0.115700
v 0.000000 1.002565 0.116201
v 0.015818 1.002565 0.115119
v 0.000000 0.977925 0.114027
v 0.015522 0.977925 0.112965
v 0.000000 0.952094 0.110245
v 0.015007 0.952094 0.109218
v 0.000000 0.924792 0.104807
v 0.014266 0.924792 0.103831
v 0.000000 0.895722 0.097649
v 0.013292 0.895722 0.096740
v 0.021964 1.211116 0.050604
v 0.019133 1.186219 0.068326
v 0.028253 1.186219 0.065084
v 0.022621 1.162393 0.080777
v 0.033405 1.162393 0.076945
v 0.025436 1.139320 0.090821
v 0.037560 1.139320 0.086512
v 0.027651 1.116728 0.098726
v 0.040832 1.116728 0.094042
v 0.029326 1.094372 0.104704
v 0.043305 1.094372 0.099736
v 0.030506 1.072024 0.108914
v 0.045047 1.072024 0.103746
v 0.031227 1.049299 0.111485
v 0.046111 1.049299 0.106195
v 0.031499 1.026275 0.112458
v 0.046514 1.026275 0.107122
v 0.031341 1.002565 0.111894
v 0.046280 1.002565 0.106584
v 0.030755 0.977925 0.109800
v 0.045415 0.977925 0.104590
v 0.029734 0.952094 0.106157
v 0.043907 0.952094 0.101120
v 0.028267 0.924792 0.100921
v 0.041742 0.924792 0.096133
v 0.026336 0.895722 0.094029
v 0.038890 0.895722 0.089567
v 0.036847 1.186219 0.060631
v 0.044754 1.186219 0.055049
v 0.043566 1.162393 0.071680
v 0.052915 1.162393 0.065080
v 0.048986 1.139320 0.080592
v 0.059498 1.139320 0.073171
v 0.053251 1.116728 0.087606
v 0.064680 1.116728 0.079539
v 0.056477 1.094372 0.092910
v 0.068597 1.094372 0.084355
v 0.058749 1.072024 0.096646
v 0.071357 1.072024 0.087747
v 0.060137 1.049299 0.098928
v 0.073042 1.049299 0.089818
v 0.060662 1.026275 0.099791
v 0.073680 1.026275 0.090601
v 0.060357 1.002565 0.099290
v 0.073311 1.002565 0.090146
v 0.059229 0.977925 0.097432
v 0.071939 0.977925 0.088461
v 0.057263 0.952094 0.094200
v 0.069552 0.952094 0.085526
v 0.054438 0.924792 0.089554
v 0.066121 0.924792 0.081307
v 0.050719 0.895722 0.083438
v 0.061603 0.895722 0.075755
v 0.051828 1.186219 0.048443
v 0.057936 1.186219 0.040936
v 0.061279 1.162393 0.057270
v 0.068501 1.162393 0.048392
v 0.068902 1.139320 0.064388
v 0.077023 1.139320 0.054407
v 0.074902 1.116728 0.069992
v 0.083729 1.116728 0.059142
v 0.079440 1.094372 0.074229
v 0.088802 1.094372 0.062721
v 0.082635 1.072024 0.077213
v 0.092374 1.072024 0.065243
v 0.084587 1.049299 0.079036
v 0.094556 1.049299 0.066782
v 0.085326 1.026275 0.079725
v 0.095381 1.026275 0.067364
v 0.084898 1.002565 0.079325
v 0.094904 1.002565 0.067026
v 0.083309 0.977925 0.077841
v 0.093128 0.977925 0.065772
v 0.080545 0.952094 0.075259
v 0.090038 0.952094 0.063590
v 0.076572 0.924792 0.071547
v 0.085596 0.924792 0.060455
v 0.071341 0.895722 0.066662
v 0.079749 0.895722 0.056327
v 0.062966 1.186219 0.032665
v 0.066821 1.186219 0.023787
v 0.074447 1.162393 0.038614
v 0.079006 1.162393 0.028118
v 0.083708 1.139320 0.043412
v 0.088835 1.139320 0.031610
v 0.090998 1.116728 0.047190
v 0.096570 1.116728 0.034359
v 0.096510 1.094372 0.050045
v 0.102421 1.094372 0.036438
v 0.100393 1.072024 0.052057
v 0.106541 1.072024 0.037903
v 0.102764 1.049299 0.053285
v 0.109058 1.049299 0.038796
v 0.103661 1.026275 0.053749
v 0.110009 1.026275 0.039134
v 0.103141 1.002565 0.053479
v 0.109458 1.002565 0.038938
v 0.101212 0.977925 0.052479
v 0.107410 0.977925 0.038209
v 0.097854 0.952094 0.050739
v 0.103846 0.952094 0.036942
v 0.093026 0.924792 0.048237
v 0.098723 0.924792 0.035121
v 0.086671 0.895722 0.044943
v 0.091979 0.895722 0.032723
v 0.107904 0.952094 0.022458
v 0.109953 0.952094 0.007555
v 0.102581 0.924792 0.021351
v 0.104529 0.924792 0.007184
v 0.095574 0.895722 0.019894
v 0.097388 0.895722 0.006695
v 0.111607 0.977925 -0.023157
v 0.109953 0.952094 -0.007486
v 0.107904 0.952094 -0.022388
v 0.104529 0.924792 -0.007115
v 0.102581 0.924792 -0.021282
v 0.097388 0.895722 -0.006628
v 0.095574 0.895722 -0.019827
v 0.103661 1.026275 -0.053676
v 0.109458 1.002565 -0.038866
v 0.103141 1.002565 -0.053407
v 0.107410 0.977925 -0.038138
v 0.101212 0.977925 -0.052408
v 0.103846 0.952094 -0.036872
v 0.097854 0.952094 -0.050669
v 0.098723 0.924792 -0.035052
v 0.093026 0.924792 -0.048168
v 0.091979 0.895722 -0.032655
v 0.086671 0.895722 -0.044875
v 0.084587 1.049299 -0.078962
v 0.095381 1.026275 -0.067291
v 0.085326 1.026275 -0.079653
v 0.094904 1.002565 -0.066954
v 0.084898 1.002565 -0.079253
v 0.093128 0.977925 -0.065701
v 0.083309 0.977925 -0.077770
v 0.090038 0.952094 -0.063520
v 0.080545 0.952094 -0.075189
v 0.085596 0.924792 -0.060386
v 0.076572 0.924792 -0.071478
v 0.079749 0.895722 -0.056259
v 0.071341 0.895722 -0.066594
v 0.071357 1.072024 -0.087672
v 0.058749 1.072024 -0.096572
v 0.073042 1.049299 -0.089744
v 0.060137 1.049299 -0.098854
v 0.073680 1.026275 -0.090529
v 0.060662 1.026275 -0.099718
v 0.073311 1.002565 -0.090075
v 0.060357 1.002565 -0.099218
v 0.071939 0.977925 -0.088390
v 0.059229 0.977925 -0.097361
v 0.069552 0.952094 -0.085456
v 0.057263 0.952094 -0.094130
v 0.066121 0.924792 -0.081239
v 0.054438 0.924792 -0.089486
v 0.061603 0.895722 -0.075688
v 0.050719 0.895722 -0.083370
v 0.043305 1.094372 -0.099660
v 0.029326 1.094372 -0.104629
v 0.045047 1.072024 -0.103671
v 0.030506 1.072024 -0.108839
v 0.046111 1.049299 -0.106122
v 0.031227 1.049299 -0.111411
v 0.046514 1.026275 -0.107049
v 0.031499 1.026275 -0.112385
v 0.046280 1.002565 -0.106512
v 0.031341 1.002565 -0.111822
v 0.045415 0.977925 -0.104519
v 0.030755 0.977925 -0.109729
v 0.043907 0.952094 -0.101050
v 0.029734 0.952094 -0.106087
v 0.041742 0.924792 -0.096064
v 0.028267 0.924792 -0.100853
v 0.038890 0.895722 -0.089500
v 0.026336 0.895722 -0.093962
v 0.000000 0.865322 -0.088851
v 0.000000 0.895722 -0.097581
v 0.000000 0.924792 -0.104738
v 0.000000 0.952094 -0.110175
v 0.000000 0.977925 -0.113956
v 0.000000 1.002565 -0.116130
v 0.000000 1.026275 -0.116714
v 0.000000 1.049299 -0.115703
v 0.000000 1.072024 -0.113032
v 0.000000 1.094372 -0.108659
v -0.012103 0.865322 -0.088023
v -0.023981 0.865322 -0.085555
v -0.024488 0.865322 -0.085374
v -0.035411 0.865322 -0.081492
v -0.046183 0.865322 -0.075911
v -0.056093 0.865322 -0.068915
v -0.057077 0.865322 -0.067996
v -0.064959 0.865322 -0.060634
v -0.065979 0.865322 -0.059381
v -0.072616 0.865322 -0.051224
v -0.073595 0.865322 -0.049614
v -0.078919 0.865322 -0.040859
v -0.079777 0.865322 -0.038883
v -0.083752 0.865322 -0.029732
v -0.084406 0.865322 -0.027398
v -0.087025 0.865322 -0.018051
v -0.087392 0.865322 -0.015382
v -0.088676 0.865322 -0.006033
v -0.088676 0.865322 -0.003069
v -0.088676 0.865322 0.006099
v -0.088236 0.865322 0.009302
v -0.087025 0.865322 0.018117
v -0.086080 0.865322 0.021490
v -0.083752 0.865322 0.029798
v -0.082249 0.865322 0.033259
v -0.078919 0.865322 0.040925
v -0.076819 0.865322 0.044379
v -0.072616 0.865322 0.051291
v -0.069894 0.865322 0.054636
v -0.064959 0.865322 0.060701
v -0.061611 0.865322 0.063828
v -0.056093 0.865322 0.068981
v -0.052129 0.865322 0.071779
v -0.046183 0.865322 0.075977
v -0.041635 0.865322 0.078334
v -0.035411 0.865322 0.081558
v -0.030332 0.865322 0.083364
v -0.023981 0.865322 0.085621
v -0.018438 0.865322 0.086773
v -0.012103 0.865322 0.088089
v -0.006186 0.865322 0.088494
v 0.000000 0.865322 0.088917
v 0.006186 0.865322 0.088494
v 0.012103 0.865322 0.088089
v 0.018438 0.865322 0.086773
v 0.023981 0.865322 0.085621
v 0.030332 0.865322 0.083364
v 0.035411 0.865322 0.081558
v 0.041635 0.865322 0.078334
v 0.046183 0.865322 0.075977
v 0.052129 0.865322 0.071779
v 0.056094 0.865322 0.068981
v 0.061611 0.865322 0.063828
v 0.064959 0.865322 0.060701
v 0.069894 0.865322 0.054636
v 0.072616 0.865322 0.051291
v 0.076819 0.865322 0.044379
v 0.078919 0.865322 0.040925
v 0.082249 0.865322 0.033259
v 0.083752 0.865322 0.029798
v 0.086080 0.865322 0.021490
v 0.087025 0.865322 0.018117
v 0.088236 0.865322 0.009302
v 0.088676 0.865322 0.006099
v 0.088676 0.865322 -0.003069
v 0.088676 0.865322 -0.006033
v 0.087392 0.865322 -0.015382
v 0.087025 0.865322 -0.018051
v 0.084406 0.865322 -0.027398
v 0.083752 0.865322 -0.029732
v 0.079777 0.865322 -0.038883
v 0.078919 0.865322 -0.040859
v 0.073595 0.865322 -0.049614
v 0.072616 0.865322 -0.051224
v 0.065979 0.865322 -0.059381
v 0.064959 0.865322 -0.060634
v 0.057077 0.865322 -0.067996
v 0.056094 0.865322 -0.068915
v 0.047062 0.865322 -0.075289
v 0.036129 0.865322 -0.081120
v 0.024487 0.865322 -0.085374
v 0.023981 0.865322 -0.085555
v 0.012366 0.865322 -0.087968
v 0.014801 1.094372 -0.107647
v 0.015397 1.072024 -0.111979
v 0.015760 1.049299 -0.114625
v 0.015897 1.026275 -0.115627
v 0.015818 1.002565 -0.115047
v 0.015522 0.977925 -0.112894
v 0.015007 0.952094 -0.109148
v 0.014266 0.924792 -0.103762
v 0.013292 0.895722 -0.096672
v -0.277090 0.000000 -0.065991
v -0.265817 0.000000 -0.102335
v 0.272061 0.000000 0.084437
v -0.249799 0.000000 -0.136851
v -0.229324 0.000000 -0.168924
v -0.204757 0.000000 -0.197983
v -0.176535 0.000000 -0.223507
v -0.019026 0.000000 0.284256
v -0.056738 0.000000 0.279185
v 0.240098 0.000000 0.153316
v -0.272061 0.000000 0.084437
v -0.280882 0.000000 0.047421
v -0.145164 0.000000 -0.245043
v -0.111202 0.000000 -0.262204
v -0.075256 0.000000 -0.274686
v 0.019026 0.000000 0.284256
v -0.284691 0.000000 0.009560
v -0.283419 0.000000 -0.028469
v 0.176535 0.000000 -0.223507
v 0.265817 0.000000 -0.102335
v 0.145164 0.000000 -0.245043
v 0.111202 0.000000 -0.262204
v 0.277090 0.000000 -0.065991
v 0.283419 0.000000 -0.028469
v 0.284691 0.000000 0.009560
v 0.128471 0.000000 0.254276
v 0.093438 0.000000 0.269132
v 0.161210 0.000000 0.234885
v 0.056738 0.000000 0.279185
v 0.191073 0.000000 0.211302
v -0.093438 0.000000 0.269132
v -0.128471 0.000000 0.254276
v -0.161210 0.000000 0.234885
v 0.258385 0.000000 0.119946
v -0.258385 0.000000 0.119946
v -0.240098 0.000000 0.153316
v -0.037966 0.000000 -0.282265
v 0.000000 0.000000 -0.284808
v 0.037966 0.000000 -0.282265
v 0.204757 0.000000 -0.197983
v 0.229324 0.000000 -0.168924
v 0.249799 0.000000 -0.136851
v 0.075256 0.000000 -0.274686
v 0.280882 0.000000 0.047421
v 0.217526 0.000000 0.183950
v -0.191073 0.000000 0.211302
v -0.217526 0.000000 0.183950
v 0.037137 0.068136 -0.276100
v 0.000000 0.068136 -0.278587
v -0.037137 0.068136 -0.276100
v -0.073612 0.068136 -0.268686
v -0.108773 0.068136 -0.256477
v -0.141993 0.068136 -0.239690
v -0.172679 0.068136 -0.218625
v -0.200284 0.068136 -0.193659
v -0.224315 0.068136 -0.165235
v -0.244342 0.068136 -0.133862
v -0.260010 0.068136 -0.100100
v -0.271038 0.068136 -0.064550
v -0.277228 0.068136 -0.027847
v -0.278472 0.068136 0.009352
v -0.274747 0.068136 0.046385
v -0.266118 0.068136 0.082593
v -0.252741 0.068136 0.117326
v -0.234853 0.068136 0.149967
v -0.212775 0.068136 0.179932
v -0.186899 0.068136 0.206686
v -0.157689 0.068136 0.229754
v -0.125664 0.068136 0.248722
v -0.091397 0.068136 0.263253
v -0.055499 0.068136 0.273086
v -0.018610 0.068136 0.278047
v 0.018610 0.068136 0.278047
v 0.055499 0.068136 0.273086
v 0.091397 0.068136 0.263253
v 0.125664 0.068136 0.248722
v 0.157689 0.068136 0.229754
v 0.186899 0.068136 0.206686
v 0.212775 0.068136 0.179932
v 0.234853 0.068136 0.149967
v 0.252741 0.068136 0.117326
v 0.266118 0.068136 0.082593
v 0.274747 0.068136 0.046385
v 0.278472 0.068136 0.009352
v 0.277228 0.068136 -0.027847
v 0.271038 0.068136 -0.064550
v 0.260010 0.068136 -0.100100
v 0.244342 0.068136 -0.133862
v 0.224315 0.068136 -0.165235
v 0.200284 0.068136 -0.193659
v 0.172679 0.068136 -0.218625
v 0.141993 0.068136 -0.239690
v 0.108773 0.068136 -0.256477
v 0.073612 0.068136 -0.268686
v 0.159182 0.090847 -0.202375
v 0.250251 0.090847 -0.060669
v 0.234239 0.090847 0.107015
v 0.233523 0.090847 0.108405
v 0.117998 0.090847 0.228925
v -0.048734 0.090847 0.252897
v -0.051266 0.090847 0.252283
v -0.194613 0.090847 0.168674
v -0.196545 0.090847 0.166217
v -0.257219 0.090847 0.012294
v -0.257219 0.090847 0.008646
v -0.209761 0.090847 -0.149329
v -0.207184 0.090847 -0.152606
v -0.048734 0.090847 -0.252815
v -0.067991 0.090847 -0.248144
v -0.072549 0.090847 -0.247038
v -0.095707 0.090847 -0.239022
v -0.100448 0.090847 -0.236857
v -0.117998 0.090847 -0.228843
v -0.131093 0.090847 -0.221282
v -0.159575 0.090847 -0.202034
v -0.139220 0.090847 -0.216589
v -0.177702 0.090847 -0.186328
v -0.184898 0.090847 -0.178780
v -0.194613 0.090847 -0.168591
v -0.223010 0.090847 -0.128714
v -0.225637 0.090847 -0.123617
v -0.234239 0.090847 -0.106932
v -0.240053 0.090847 -0.092409
v -0.250449 0.090847 -0.059645
v -0.243347 0.090847 -0.084182
v -0.254889 0.090847 -0.036606
v -0.255929 0.090847 -0.025707
v -0.257219 0.090847 -0.012211
v -0.254889 0.090847 0.036689
v -0.253706 0.090847 0.042830
v -0.250252 0.090847 0.060752
v -0.245697 0.090847 0.076262
v -0.233523 0.090847 0.108405
v -0.234239 0.090847 0.107015
v -0.243347 0.090847 0.084265
v -0.223010 0.090847 0.128796
v -0.216809 0.090847 0.138445
v -0.209761 0.090847 0.149412
v -0.177702 0.090847 0.186410
v -0.172581 0.090847 0.190848
v -0.159182 0.090847 0.202458
v -0.145590 0.090847 0.212137
v -0.116102 0.090847 0.229791
v -0.139220 0.090847 0.216672
v -0.095707 0.090847 0.239105
v -0.084374 0.090847 0.243027
v -0.072549 0.090847 0.247121
v -0.024478 0.090847 0.256385
v -0.017188 0.090847 0.256732
v 0.051266 0.090847 0.252283
v 0.048734 0.090847 0.252897
v 0.024478 0.090847 0.256385
v 0.017188 0.090847 0.256732
v 0.000000 0.090847 0.257551
v 0.072549 0.090847 0.247121
v 0.084374 0.090847 0.243027
v 0.095707 0.090847 0.239105
v 0.139220 0.090847 0.216672
v 0.145590 0.090847 0.212137
v 0.196545 0.090847 0.166217
v 0.194613 0.090847 0.168674
v 0.177702 0.090847 0.186410
v 0.172581 0.090847 0.190848
v 0.159182 0.090847 0.202458
v 0.209761 0.090847 0.149412
v 0.216809 0.090847 0.138445
v 0.223010 0.090847 0.128796
v 0.243347 0.090847 0.084265
v 0.245697 0.090847 0.076262
v 0.257219 0.090847 0.008646
v 0.257219 0.090847 0.012294
v 0.254889 0.090847 0.036689
v 0.253706 0.090847 0.042830
v 0.250251 0.090847 0.060752
v 0.257219 0.090847 -0.012211
v 0.255930 0.090847 -0.025707
v 0.254889 0.090847 -0.036606
v 0.243347 0.090847 -0.084182
v 0.240053 0.090847 -0.092409
v 0.207184 0.090847 -0.152606
v 0.209761 0.090847 -0.149329
v 0.223010 0.090847 -0.128714
v 0.225637 0.090847 -0.123617
v 0.234239 0.090847 -0.106932
v 0.194613 0.090847 -0.168591
v 0.184898 0.090847 -0.178780
v 0.177702 0.090847 -0.186328
v 0.139220 0.090847 -0.216589
v 0.131093 0.090847 -0.221282
v 0.067991 0.090847 -0.248144
v 0.072549 0.090847 -0.247038
v 0.095707 0.090847 -0.239022
v 0.100448 0.090847 -0.236857
v 0.117998 0.090847 -0.228843
v 0.048734 0.090847 -0.252815
v 0.034283 0.090847 -0.254893
v -0.034283 0.090847 -0.254893
v -0.024478 0.090847 -0.256303
v 0.000000 0.090847 -0.257469
v 0.024478 0.090847 -0.256303
v 0.105221 0.224406 -0.178532
v 0.111906 0.224406 -0.174098
v 0.117356 0.220766 -0.182572
v 0.123607 0.224406 -0.166336
v 0.127980 0.224406 -0.162711
v 0.134183 0.220766 -0.170590
v 0.140590 0.224406 -0.152255
v 0.142921 0.224406 -0.149861
v 0.149794 0.220766 -0.157062
v 0.155982 0.224406 -0.136448
v 0.164050 0.220766 -0.142112
v 0.203676 0.224406 -0.038365
v 0.204874 0.224406 -0.029421
v 0.214860 0.220766 -0.030854
v 0.206604 0.224406 -0.016499
v 0.206782 0.224406 -0.009817
v 0.216823 0.220766 -0.010290
v 0.207192 0.224406 0.005556
v 0.206845 0.224406 0.009885
v 0.216823 0.220766 0.010367
v 0.205431 0.224406 0.027548
v 0.205060 0.224406 0.029517
v 0.214860 0.220766 0.030930
v 0.148497 0.224406 0.144632
v 0.142848 0.224406 0.149847
v 0.149794 0.220766 0.157138
v 0.132286 0.224406 0.159597
v 0.127994 0.224406 0.162786
v 0.134183 0.220766 0.170666
v 0.114576 0.224406 0.172755
v 0.111986 0.224406 0.174281
v 0.117356 0.220766 0.182648
v 0.095568 0.224406 0.183956
v 0.094960 0.224406 0.184232
v 0.099467 0.220766 0.192976
v -0.011031 0.224406 0.207010
v -0.019672 0.224406 0.206086
v -0.020633 0.220766 0.216124
v -0.032968 0.224406 0.204664
v -0.039174 0.224406 0.203322
v -0.041081 0.220766 0.213184
v -0.054532 0.224406 0.200001
v -0.058338 0.224406 0.198741
v -0.061155 0.220766 0.208314
v -0.075478 0.224406 0.193071
v -0.076998 0.224406 0.192382
v -0.080677 0.220766 0.201558
v -0.163025 0.224406 0.128030
v -0.168596 0.224406 0.120098
v -0.176819 0.220766 0.125951
v -0.175705 0.224406 0.109976
v -0.179268 0.224406 0.103544
v -0.187987 0.220766 0.108573
v -0.186396 0.224406 0.090677
v -0.188345 0.224406 0.086059
v -0.197452 0.220766 0.090212
v -0.194974 0.224406 0.070351
v -0.195746 0.224406 0.067792
v -0.205130 0.220766 0.071035
v -0.201343 0.224406 0.049227
v -0.210950 0.220766 0.051214
v -0.198440 0.224406 -0.059798
v -0.195605 0.224406 -0.067658
v -0.205130 0.220766 -0.070958
v -0.190956 0.224406 -0.080552
v -0.188325 0.224406 -0.085961
v -0.197452 0.220766 -0.090135
v -0.181308 0.224406 -0.100392
v -0.179359 0.224406 -0.103508
v -0.187987 0.220766 -0.108496
v -0.169606 0.224406 -0.119096
v -0.176819 0.220766 -0.125874
v -0.085644 0.224406 -0.188705
v -0.076928 0.224406 -0.192113
v -0.080677 0.220766 -0.201481
v -0.065097 0.224406 -0.196739
v -0.058326 0.224406 -0.198585
v -0.061155 0.220766 -0.208238
v -0.043813 0.224406 -0.202544
v -0.039194 0.224406 -0.203287
v -0.041081 0.220766 -0.213107
v -0.022031 0.224406 -0.206053
v -0.019696 0.224406 -0.206177
v -0.020633 0.220766 -0.216048
v 0.000000 0.100940 -0.262997
v 0.025003 0.100940 -0.261805
v 0.049780 0.100940 -0.258243
v 0.097761 0.100940 -0.244154
v 0.162599 0.100940 -0.206720
v 0.198790 0.100940 -0.172212
v 0.227797 0.100940 -0.131477
v 0.255622 0.100940 -0.061973
v 0.262739 0.100940 -0.012475
v 0.260359 0.100940 0.037475
v 0.255622 0.100940 0.062054
v 0.239268 0.100940 0.109311
v 0.214263 0.100940 0.152618
v 0.181517 0.100940 0.190410
v 0.162599 0.100940 0.206803
v 0.120530 0.100940 0.233838
v 0.074106 0.100940 0.252424
v 0.025003 0.100940 0.261887
v 0.000000 0.100940 0.263078
v -0.049780 0.100940 0.258325
v -0.142209 0.100940 0.221322
v -0.162599 0.100940 0.206803
v -0.198790 0.100940 0.172294
v -0.248570 0.100940 0.086072
v -0.255622 0.100940 0.062054
v -0.262739 0.100940 0.012557
v -0.248570 0.100940 -0.085989
v -0.239268 0.100940 -0.109228
v -0.214264 0.100940 -0.152536
v -0.142209 0.100940 -0.221240
v -0.120530 0.100940 -0.233755
v -0.074106 0.100940 -0.252341
v -0.025003 0.100940 -0.261805
v -0.049780 0.100940 -0.258243
v -0.097761 0.100940 -0.244154
v -0.162599 0.100940 -0.206720
v -0.181517 0.100940 -0.190328
v -0.198790 0.100940 -0.172212
v -0.227797 0.100940 -0.131477
v -0.255622 0.100940 -0.061973
v -0.260359 0.100940 -0.037393
v -0.262739 0.100940 -0.012475
v -0.260359 0.100940 0.037475
v -0.239268 0.100940 0.109311
v -0.227797 0.100940 0.131560
v -0.214264 0.100940 0.152618
v -0.181517 0.100940 0.190410
v -0.120530 0.100940 0.233838
v -0.097761 0.100940 0.244237
v -0.074106 0.100940 0.252424
v -0.025003 0.100940 0.261887
v 0.049780 0.100940 0.258325
v 0.097761 0.100940 0.244237
v 0.142209 0.100940 0.221322
v 0.198790 0.100940 0.172294
v 0.227797 0.100940 0.131560
v 0.248570 0.100940 0.086072
v 0.262739 0.100940 0.012557
v 0.260359 0.100940 -0.037393
v 0.248570 0.100940 -0.085989
v 0.239268 0.100940 -0.109228
v 0.214263 0.100940 -0.152536
v 0.181517 0.100940 -0.190328
v 0.142209 0.100940 -0.221240
v 0.120530 0.100940 -0.233755
v 0.074106 0.100940 -0.252341
v -0.025366 0.112272 -0.265602
v 0.000000 0.112272 -0.266811
v -0.025555 0.124537 -0.267585
v 0.000000 0.124537 -0.268803
v -0.025567 0.137398 -0.267710
v 0.000000 0.137398 -0.268928
v -0.025403 0.150505 -0.266002
v 0.000000 0.150505 -0.267212
v -0.025074 0.163504 -0.262546
v 0.000000 0.163504 -0.263741
v -0.024591 0.176040 -0.257488
v 0.000000 0.176040 -0.258659
v -0.023973 0.187770 -0.251015
v 0.000000 0.187770 -0.252157
v -0.023241 0.198377 -0.243350
v 0.000000 0.198377 -0.244457
v -0.022418 0.207570 -0.234737
v 0.000000 0.207570 -0.235805
v -0.021533 0.215102 -0.225470
v 0.000000 0.215102 -0.226495
v 0.000000 0.220766 -0.217030
v 0.000000 0.224406 -0.207227
v -0.050502 0.112272 -0.261989
v -0.050879 0.124537 -0.263944
v -0.050903 0.137398 -0.264067
v -0.050578 0.150505 -0.262382
v -0.049921 0.163504 -0.258974
v -0.048959 0.176040 -0.253984
v -0.047728 0.187770 -0.247599
v -0.046271 0.198377 -0.240039
v -0.044634 0.207570 -0.231543
v -0.042872 0.215102 -0.222402
v -0.075180 0.112272 -0.256002
v -0.075742 0.124537 -0.257912
v -0.075778 0.137398 -0.258033
v -0.075293 0.150505 -0.256386
v -0.074316 0.163504 -0.253055
v -0.072884 0.176040 -0.248180
v -0.071052 0.187770 -0.241941
v -0.068882 0.198377 -0.234553
v -0.066445 0.207570 -0.226251
v -0.063822 0.215102 -0.217319
v -0.099179 0.112272 -0.247696
v -0.099919 0.124537 -0.249544
v -0.099966 0.137398 -0.249661
v -0.099328 0.150505 -0.248068
v -0.098038 0.163504 -0.244846
v -0.096149 0.176040 -0.240128
v -0.093731 0.187770 -0.234091
v -0.090870 0.198377 -0.226944
v -0.087654 0.207570 -0.218910
v -0.084194 0.215102 -0.210269
v -0.122279 0.112272 -0.237146
v -0.123191 0.124537 -0.238916
v -0.123248 0.137398 -0.239028
v -0.122462 0.150505 -0.237502
v -0.120871 0.163504 -0.234418
v -0.118542 0.176040 -0.229901
v -0.115562 0.187770 -0.224121
v -0.112034 0.198377 -0.217278
v -0.108070 0.207570 -0.209587
v -0.103803 0.215102 -0.201313
v -0.099467 0.220766 -0.192901
v -0.094839 0.224406 -0.183926
v -0.117356 0.220766 -0.182572
v -0.111906 0.224406 -0.174098
v -0.105221 0.224406 -0.178532
v -0.144271 0.112272 -0.224449
v -0.145348 0.124537 -0.226125
v -0.145415 0.137398 -0.226230
v -0.144487 0.150505 -0.224786
v -0.142611 0.163504 -0.221866
v -0.139863 0.176040 -0.217592
v -0.136348 0.187770 -0.212121
v -0.132185 0.198377 -0.205644
v -0.127506 0.207570 -0.198365
v -0.122474 0.215102 -0.190534
v -0.134183 0.220766 -0.170590
v -0.127980 0.224406 -0.162711
v -0.123607 0.224406 -0.166336
v -0.164957 0.112272 -0.209718
v -0.166188 0.124537 -0.211285
v -0.166265 0.137398 -0.211384
v -0.165204 0.150505 -0.210034
v -0.163058 0.163504 -0.207306
v -0.159916 0.176040 -0.203311
v -0.155897 0.187770 -0.198200
v -0.151137 0.198377 -0.192148
v -0.145788 0.207570 -0.185347
v -0.140034 0.215102 -0.178029
v -0.149794 0.220766 -0.157062
v -0.142921 0.224406 -0.149861
v -0.140590 0.224406 -0.152255
v -0.184149 0.112272 -0.193088
v -0.185523 0.124537 -0.194530
v -0.185610 0.137398 -0.194621
v -0.184425 0.150505 -0.193379
v -0.182030 0.163504 -0.190867
v -0.178522 0.176040 -0.187189
v -0.174035 0.187770 -0.182483
v -0.168722 0.198377 -0.176911
v -0.162750 0.207570 -0.170649
v -0.156327 0.215102 -0.163912
v -0.164050 0.220766 -0.142112
v -0.156601 0.224406 -0.135660
v -0.201673 0.112272 -0.174710
v -0.203178 0.124537 -0.176014
v -0.203273 0.137398 -0.176097
v -0.201975 0.150505 -0.174973
v -0.199352 0.163504 -0.172700
v -0.195511 0.176040 -0.169372
v -0.190597 0.187770 -0.165114
v -0.184777 0.198377 -0.160072
v -0.178239 0.207570 -0.154406
v -0.171203 0.215102 -0.148310
v -0.217371 0.112272 -0.154748
v -0.218994 0.124537 -0.155904
v -0.219095 0.137398 -0.155977
v -0.217697 0.150505 -0.154981
v -0.214869 0.163504 -0.152968
v -0.210729 0.176040 -0.150020
v -0.205432 0.187770 -0.146248
v -0.199161 0.198377 -0.141782
v -0.192112 0.207570 -0.136764
v -0.184529 0.215102 -0.131364
v -0.231100 0.112272 -0.133385
v -0.232825 0.124537 -0.134381
v -0.232934 0.137398 -0.134444
v -0.231447 0.150505 -0.133586
v -0.228440 0.163504 -0.131851
v -0.224039 0.176040 -0.129310
v -0.218408 0.187770 -0.126059
v -0.211740 0.198377 -0.122209
v -0.204246 0.207570 -0.117883
v -0.196184 0.215102 -0.113228
v -0.242736 0.112272 -0.110814
v -0.244548 0.124537 -0.111641
v -0.244662 0.137398 -0.111693
v -0.243101 0.150505 -0.110980
v -0.239943 0.163504 -0.109538
v -0.235320 0.176040 -0.107428
v -0.229405 0.187770 -0.104727
v -0.222402 0.198377 -0.101529
v -0.214530 0.207570 -0.097935
v -0.206063 0.215102 -0.094068
v -0.252175 0.112272 -0.087238
v -0.254057 0.124537 -0.087889
v -0.254175 0.137398 -0.087931
v -0.252553 0.150505 -0.087369
v -0.249273 0.163504 -0.086235
v -0.244470 0.176040 -0.084572
v -0.238325 0.187770 -0.082446
v -0.231049 0.198377 -0.079928
v -0.222872 0.207570 -0.077098
v -0.214075 0.215102 -0.074053
v -0.259329 0.112272 -0.062872
v -0.261265 0.124537 -0.063341
v -0.261386 0.137398 -0.063371
v -0.259719 0.150505 -0.062967
v -0.256345 0.163504 -0.062149
v -0.251406 0.176040 -0.060951
v -0.245087 0.187770 -0.059419
v -0.237604 0.198377 -0.057603
v -0.229195 0.207570 -0.055564
v -0.220148 0.215102 -0.053369
v -0.210950 0.220766 -0.051138
v -0.201137 0.224406 -0.048757
v -0.214860 0.220766 -0.030854
v -0.204874 0.224406 -0.029421
v -0.203676 0.224406 -0.038365
v -0.264136 0.112272 -0.037936
v -0.266107 0.124537 -0.038220
v -0.266230 0.137398 -0.038238
v -0.264532 0.150505 -0.037994
v -0.261095 0.163504 -0.037501
v -0.256065 0.176040 -0.036778
v -0.249629 0.187770 -0.035852
v -0.242008 0.198377 -0.034756
v -0.233443 0.207570 -0.033525
v -0.224228 0.215102 -0.032200
v -0.216823 0.220766 -0.010290
v -0.206782 0.224406 -0.009817
v -0.206604 0.224406 -0.016499
v -0.266550 0.112272 -0.012656
v -0.268538 0.124537 -0.012751
v -0.268664 0.137398 -0.012758
v -0.266949 0.150505 -0.012676
v -0.263481 0.163504 -0.012511
v -0.258406 0.176040 -0.012270
v -0.251910 0.187770 -0.011961
v -0.244219 0.198377 -0.011595
v -0.235576 0.207570 -0.011183
v -0.226277 0.215102 -0.010740
v -0.216823 0.220766 0.010367
v -0.206845 0.224406 0.009885
v -0.207192 0.224406 0.005556
v -0.266550 0.112272 0.012738
v -0.268538 0.124537 0.012833
v -0.268664 0.137398 0.012838
v -0.266949 0.150505 0.012757
v -0.263481 0.163504 0.012591
v -0.258406 0.176040 0.012349
v -0.251910 0.187770 0.012039
v -0.244219 0.198377 0.011673
v -0.235576 0.207570 0.011261
v -0.226277 0.215102 0.010817
v -0.214860 0.220766 0.030930
v -0.205060 0.224406 0.029517
v -0.205431 0.224406 0.027548
v -0.264136 0.112272 0.038018
v -0.266107 0.124537 0.038301
v -0.266230 0.137398 0.038319
v -0.264532 0.150505 0.038074
v -0.261095 0.163504 0.037579
v -0.256065 0.176040 0.036856
v -0.249629 0.187770 0.035930
v -0.242008 0.198377 0.034834
v -0.233443 0.207570 0.033602
v -0.224228 0.215102 0.032277
v -0.259329 0.112272 0.062954
v -0.261265 0.124537 0.063423
v -0.261386 0.137398 0.063452
v -0.259719 0.150505 0.063047
v -0.256345 0.163504 0.062229
v -0.251406 0.176040 0.061030
v -0.245087 0.187770 0.059496
v -0.237604 0.198377 0.057681
v -0.229195 0.207570 0.055641
v -0.220148 0.215102 0.053446
v -0.252175 0.112272 0.087319
v -0.254057 0.124537 0.087970
v -0.254175 0.137398 0.088011
v -0.252553 0.150505 0.087449
v -0.249273 0.163504 0.086314
v -0.244470 0.176040 0.084651
v -0.238325 0.187770 0.082524
v -0.231049 0.198377 0.080006
v -0.222872 0.207570 0.077175
v -0.214075 0.215102 0.074130
v -0.242736 0.112272 0.110895
v -0.244548 0.124537 0.111722
v -0.244662 0.137398 0.111774
v -0.243101 0.150505 0.111060
v -0.239943 0.163504 0.109618
v -0.235320 0.176040 0.107507
v -0.229405 0.187770 0.104805
v -0.222402 0.198377 0.101606
v -0.214530 0.207570 0.098011
v -0.206063 0.215102 0.094143
v -0.231100 0.112272 0.133467
v -0.232825 0.124537 0.134462
v -0.232934 0.137398 0.134524
v -0.231447 0.150505 0.133666
v -0.228440 0.163504 0.131930
v -0.224039 0.176040 0.129389
v -0.218408 0.187770 0.126137
v -0.211740 0.198377 0.122287
v -0.204246 0.207570 0.117960
v -0.196184 0.215102 0.113305
v -0.217371 0.112272 0.154830
v -0.218994 0.124537 0.155985
v -0.219095 0.137398 0.156057
v -0.217697 0.150505 0.155061
v -0.214869 0.163504 0.153047
v -0.210729 0.176040 0.150099
v -0.205432 0.187770 0.146327
v -0.199161 0.198377 0.141860
v -0.192112 0.207570 0.136841
v -0.184529 0.215102 0.131441
v -0.201673 0.112272 0.174792
v -0.203178 0.124537 0.176096
v -0.203273 0.137398 0.176178
v -0.201975 0.150505 0.175053
v -0.199352 0.163504 0.172779
v -0.195511 0.176040 0.169450
v -0.190597 0.187770 0.165192
v -0.184777 0.198377 0.160149
v -0.178239 0.207570 0.154482
v -0.171203 0.215102 0.148386
v -0.164050 0.220766 0.142188
v -0.156421 0.224406 0.135576
v -0.149794 0.220766 0.157138
v -0.142848 0.224406 0.149847
v -0.148497 0.224406 0.144632
v -0.184149 0.112272 0.193170
v -0.185523 0.124537 0.194611
v -0.185610 0.137398 0.194702
v -0.184425 0.150505 0.193459
v -0.182030 0.163504 0.190947
v -0.178522 0.176040 0.187268
v -0.174035 0.187770 0.182561
v -0.168722 0.198377 0.176989
v -0.162750 0.207570 0.170726
v -0.156327 0.215102 0.163989
v -0.134183 0.220766 0.170666
v -0.127994 0.224406 0.162786
v -0.132286 0.224406 0.159597
v -0.164957 0.112272 0.209800
v -0.166188 0.124537 0.211366
v -0.166265 0.137398 0.211463
v -0.165204 0.150505 0.210114
v -0.163058 0.163504 0.207385
v -0.159916 0.176040 0.203390
v -0.155897 0.187770 0.198278
v -0.151137 0.198377 0.192226
v -0.145788 0.207570 0.185424
v -0.140034 0.215102 0.178106
v -0.117356 0.220766 0.182648
v -0.111986 0.224406 0.174281
v -0.114576 0.224406 0.172755
v -0.144271 0.112272 0.224531
v -0.145348 0.124537 0.226206
v -0.145415 0.137398 0.226311
v -0.144487 0.150505 0.224867
v -0.142611 0.163504 0.221946
v -0.139863 0.176040 0.217670
v -0.136348 0.187770 0.212199
v -0.132185 0.198377 0.205722
v -0.127506 0.207570 0.198442
v -0.122474 0.215102 0.190611
v -0.099467 0.220766 0.192976
v -0.094960 0.224406 0.184232
v -0.095568 0.224406 0.183956
v -0.122279 0.112272 0.237228
v -0.123191 0.124537 0.238998
v -0.123248 0.137398 0.239109
v -0.122462 0.150505 0.237583
v -0.120871 0.163504 0.234497
v -0.118542 0.176040 0.229979
v -0.115562 0.187770 0.224199
v -0.112034 0.198377 0.217356
v -0.108070 0.207570 0.209665
v -0.103803 0.215102 0.201390
v -0.099179 0.112272 0.247778
v -0.099919 0.124537 0.249626
v -0.099966 0.137398 0.249742
v -0.099328 0.150505 0.248148
v -0.098038 0.163504 0.244925
v -0.096149 0.176040 0.240207
v -0.093731 0.187770 0.234170
v -0.090870 0.198377 0.227020
v -0.087654 0.207570 0.218987
v -0.084194 0.215102 0.210345
v -0.075180 0.112272 0.256083
v -0.075742 0.124537 0.257994
v -0.075778 0.137398 0.258114
v -0.075293 0.150505 0.256466
v -0.074316 0.163504 0.253135
v -0.072884 0.176040 0.248259
v -0.071052 0.187770 0.242019
v -0.068882 0.198377 0.234631
v -0.066445 0.207570 0.226329
v -0.063822 0.215102 0.217396
v -0.050502 0.112272 0.262070
v -0.050879 0.124537 0.264026
v -0.050903 0.137398 0.264148
v -0.050578 0.150505 0.262462
v -0.049921 0.163504 0.259053
v -0.048959 0.176040 0.254063
v -0.047728 0.187770 0.247677
v -0.046271 0.198377 0.240117
v -0.044634 0.207570 0.231619
v -0.042872 0.215102 0.222479
v -0.025366 0.112272 0.265684
v -0.025555 0.124537 0.267666
v -0.025567 0.137398 0.267791
v -0.025403 0.150505 0.266081
v -0.025074 0.163504 0.262626
v -0.024591 0.176040 0.257567
v -0.023973 0.187770 0.251093
v -0.023241 0.198377 0.243427
v -0.022418 0.207570 0.234814
v -0.021533 0.215102 0.225547
v 0.000000 0.112272 0.266892
v 0.000000 0.124537 0.268884
v 0.000000 0.137398 0.269009
v 0.000000 0.150505 0.267292
v 0.000000 0.163504 0.263820
v 0.000000 0.176040 0.258738
v 0.000000 0.187770 0.252235
v 0.000000 0.198377 0.244535
v 0.000000 0.207570 0.235882
v 0.000000 0.215102 0.226572
v 0.000000 0.220766 0.217107
v 0.000000 0.224406 0.207010
v 0.020633 0.220766 0.216124
v 0.019672 0.224406 0.206086
v 0.011031 0.224406 0.207010
v 0.025366 0.112272 0.265684
v 0.025555 0.124537 0.267666
v 0.025567 0.137398 0.267791
v 0.025403 0.150505 0.266081
v 0.025074 0.163504 0.262626
v 0.024591 0.176040 0.257567
v 0.023973 0.187770 0.251093
v 0.023241 0.198377 0.243427
v 0.022418 0.207570 0.234814
v 0.021533 0.215102 0.225547
v 0.041081 0.220766 0.213184
v 0.039174 0.224406 0.203322
v 0.032968 0.224406 0.204664
v 0.050502 0.112272 0.262070
v 0.050879 0.124537 0.264026
v 0.050903 0.137398 0.264148
v 0.050578 0.150505 0.262462
v 0.049921 0.163504 0.259053
v 0.048959 0.176040 0.254063
v 0.047728 0.187770 0.247677
v 0.046271 0.198377 0.240117
v 0.044634 0.207570 0.231619
v 0.042872 0.215102 0.222479
v 0.061155 0.220766 0.208314
v 0.058338 0.224406 0.198741
v 0.054532 0.224406 0.200001
v 0.075180 0.112272 0.256083
v 0.075742 0.124537 0.257994
v 0.075778 0.137398 0.258114
v 0.075293 0.150505 0.256466
v 0.074316 0.163504 0.253135
v 0.072884 0.176040 0.248259
v 0.071052 0.187770 0.242019
v 0.068882 0.198377 0.234631
v 0.066445 0.207570 0.226329
v 0.063822 0.215102 0.217396
v 0.080677 0.220766 0.201558
v 0.076998 0.224406 0.192382
v 0.075478 0.224406 0.193071
v 0.099179 0.112272 0.247778
v 0.099919 0.124537 0.249626
v 0.099966 0.137398 0.249742
v 0.099328 0.150505 0.248148
v 0.098038 0.163504 0.244925
v 0.096149 0.176040 0.240207
v 0.093731 0.187770 0.234170
v 0.090870 0.198377 0.227020
v 0.087654 0.207570 0.218987
v 0.084194 0.215102 0.210345
v 0.122279 0.112272 0.237228
v 0.123191 0.124537 0.238998
v 0.123248 0.137398 0.239109
v 0.122462 0.150505 0.237583
v 0.120871 0.163504 0.234497
v 0.118542 0.176040 0.229979
v 0.115562 0.187770 0.224199
v 0.112034 0.198377 0.217356
v 0.108070 0.207570 0.209665
v 0.103803 0.215102 0.201390
v 0.144271 0.112272 0.224531
v 0.145348 0.124537 0.226206
v 0.145415 0.137398 0.226311
v 0.144487 0.150505 0.224867
v 0.142611 0.163504 0.221946
v 0.139863 0.176040 0.217670
v 0.136348 0.187770 0.212199
v 0.132185 0.198377 0.205722
v 0.127506 0.207570 0.198442
v 0.122474 0.215102 0.190611
v 0.164957 0.112272 0.209800
v 0.166188 0.124537 0.211366
v 0.166265 0.137398 0.211463
v 0.165204 0.150505 0.210114
v 0.163058 0.163504 0.207385
v 0.159916 0.176040 0.203390
v 0.155897 0.187770 0.198278
v 0.151137 0.198377 0.192226
v 0.145788 0.207570 0.185424
v 0.140034 0.215102 0.178106
v 0.184149 0.112272 0.193170
v 0.185523 0.124537 0.194611
v 0.185610 0.137398 0.194702
v 0.184425 0.150505 0.193459
v 0.182030 0.163504 0.190947
v 0.178522 0.176040 0.187268
v 0.174035 0.187770 0.182561
v 0.168722 0.198377 0.176989
v 0.162750 0.207570 0.170726
v 0.156327 0.215102 0.163989
v 0.201673 0.112272 0.174792
v 0.203178 0.124537 0.176096
v 0.203273 0.137398 0.176178
v 0.201975 0.150505 0.175053
v 0.199352 0.163504 0.172779
v 0.195511 0.176040 0.169450
v 0.190597 0.187770 0.165192
v 0.184778 0.198377 0.160149
v 0.178239 0.207570 0.154482
v 0.171203 0.215102 0.148386
v 0.164050 0.220766 0.142188
v 0.156421 0.224406 0.135576
v 0.176819 0.220766 0.125951
v 0.168596 0.224406 0.120098
v 0.163025 0.224406 0.128030
v 0.217371 0.112272 0.154830
v 0.218993 0.124537 0.155985
v 0.219095 0.137398 0.156057
v 0.217697 0.150505 0.155061
v 0.214869 0.163504 0.153047
v 0.210730 0.176040 0.150099
v 0.205432 0.187770 0.146327
v 0.199161 0.198377 0.141860
v 0.192112 0.207570 0.136841
v 0.184529 0.215102 0.131441
v 0.187987 0.220766 0.108573
v 0.179268 0.224406 0.103544
v 0.175705 0.224406 0.109976
v 0.231100 0.112272 0.133467
v 0.232825 0.124537 0.134462
v 0.232934 0.137398 0.134524
v 0.231447 0.150505 0.133666
v 0.228440 0.163504 0.131930
v 0.224039 0.176040 0.129389
v 0.218408 0.187770 0.126137
v 0.211740 0.198377 0.122287
v 0.204246 0.207570 0.117960
v 0.196184 0.215102 0.113305
v 0.197452 0.220766 0.090212
v 0.188345 0.224406 0.086059
v 0.186396 0.224406 0.090677
v 0.242736 0.112272 0.110895
v 0.244548 0.124537 0.111722
v 0.244662 0.137398 0.111774
v 0.243101 0.150505 0.111060
v 0.239943 0.163504 0.109618
v 0.235320 0.176040 0.107507
v 0.229405 0.187770 0.104805
v 0.222402 0.198377 0.101606
v 0.214530 0.207570 0.098011
v 0.206063 0.215102 0.094143
v 0.205130 0.220766 0.071035
v 0.195746 0.224406 0.067792
v 0.194974 0.224406 0.070351
v 0.252175 0.112272 0.087319
v 0.254057 0.124537 0.087970
v 0.254175 0.137398 0.088011
v 0.252553 0.150505 0.087449
v 0.249273 0.163504 0.086314
v 0.244470 0.176040 0.084651
v 0.238325 0.187770 0.082524
v 0.231049 0.198377 0.080006
v 0.222872 0.207570 0.077175
v 0.214075 0.215102 0.074130
v 0.210950 0.220766 0.051214
v 0.201406 0.224406 0.048900
v 0.259329 0.112272 0.062954
v 0.261265 0.124537 0.063423
v 0.261386 0.137398 0.063452
v 0.259719 0.150505 0.063047
v 0.256345 0.163504 0.062229
v 0.251406 0.176040 0.061030
v 0.245087 0.187770 0.059496
v 0.237604 0.198377 0.057681
v 0.229195 0.207570 0.055641
v 0.220148 0.215102 0.053446
v 0.264136 0.112272 0.038018
v 0.266107 0.124537 0.038301
v 0.266230 0.137398 0.038319
v 0.264532 0.150505 0.038074
v 0.261095 0.163504 0.037579
v 0.256065 0.176040 0.036856
v 0.249629 0.187770 0.035930
v 0.242008 0.198377 0.034834
v 0.233443 0.207570 0.033602
v 0.224228 0.215102 0.032277
v 0.266550 0.112272 0.012738
v 0.268538 0.124537 0.012833
v 0.268664 0.137398 0.012838
v 0.266949 0.150505 0.012757
v 0.263481 0.163504 0.012591
v 0.258406 0.176040 0.012349
v 0.251910 0.187770 0.012039
v 0.244219 0.198377 0.011673
v 0.235576 0.207570 0.011261
v 0.226277 0.215102 0.010817
v 0.266550 0.112272 -0.012656
v 0.268538 0.124537 -0.012751
v 0.268664 0.137398 -0.012758
v 0.266949 0.150505 -0.012676
v 0.263481 0.163504 -0.012511
v 0.258406 0.176040 -0.012270
v 0.251910 0.187770 -0.011961
v 0.244219 0.198377 -0.011595
v 0.235576 0.207570 -0.011183
v 0.226277 0.215102 -0.010740
v 0.264136 0.112272 -0.037936
v 0.266107 0.124537 -0.038220
v 0.266230 0.137398 -0.038238
v 0.264532 0.150505 -0.037994
v 0.261095 0.163504 -0.037501
v 0.256065 0.176040 -0.036778
v 0.249629 0.187770 -0.035852
v 0.242008 0.198377 -0.034756
v 0.233443 0.207570 -0.033525
v 0.224228 0.215102 -0.032200
v 0.259329 0.112272 -0.062872
v 0.261265 0.124537 -0.063341
v 0.261386 0.137398 -0.063371
v 0.259719 0.150505 -0.062967
v 0.256345 0.163504 -0.062149
v 0.251406 0.176040 -0.060951
v 0.245087 0.187770 -0.059419
v 0.237604 0.198377 -0.057603
v 0.229195 0.207570 -0.055564
v 0.220148 0.215102 -0.053369
v 0.210950 0.220766 -0.051138
v 0.201137 0.224406 -0.048757
v 0.205130 0.220766 -0.070958
v 0.195605 0.224406 -0.067658
v 0.198440 0.224406 -0.059798
v 0.252175 0.112272 -0.087238
v 0.254057 0.124537 -0.087889
v 0.254175 0.137398 -0.087931
v 0.252553 0.150505 -0.087369
v 0.249273 0.163504 -0.086235
v 0.244470 0.176040 -0.084572
v 0.238325 0.187770 -0.082446
v 0.231049 0.198377 -0.079928
v 0.222872 0.207570 -0.077098
v 0.214075 0.215102 -0.074053
v 0.197452 0.220766 -0.090135
v 0.188325 0.224406 -0.085961
v 0.190956 0.224406 -0.080552
v 0.242736 0.112272 -0.110814
v 0.244548 0.124537 -0.111641
v 0.244662 0.137398 -0.111693
v 0.243101 0.150505 -0.110980
v 0.239943 0.163504 -0.109538
v 0.235320 0.176040 -0.107428
v 0.229405 0.187770 -0.104727
v 0.222402 0.198377 -0.101529
v 0.214530 0.207570 -0.097935
v 0.206063 0.215102 -0.094068
v 0.187987 0.220766 -0.108496
v 0.179359 0.224406 -0.103508
v 0.181308 0.224406 -0.100392
v 0.231100 0.112272 -0.133385
v 0.232825 0.124537 -0.134381
v 0.232934 0.137398 -0.134444
v 0.231447 0.150505 -0.133586
v 0.228440 0.163504 -0.131851
v 0.224039 0.176040 -0.129310
v 0.218408 0.187770 -0.126059
v 0.211740 0.198377 -0.122209
v 0.204246 0.207570 -0.117883
v 0.196184 0.215102 -0.113228
v 0.176819 0.220766 -0.125874
v 0.168780 0.224406 -0.120146
v 0.217371 0.112272 -0.154748
v 0.218993 0.124537 -0.155904
v 0.219095 0.137398 -0.155977
v 0.217697 0.150505 -0.154981
v 0.214869 0.163504 -0.152968
v 0.210730 0.176040 -0.150020
v 0.205432 0.187770 -0.146248
v 0.199161 0.198377 -0.141782
v 0.192112 0.207570 -0.136764
v 0.184529 0.215102 -0.131364
v 0.201673 0.112272 -0.174710
v 0.203178 0.124537 -0.176014
v 0.203273 0.137398 -0.176097
v 0.201975 0.150505 -0.174973
v 0.199352 0.163504 -0.172700
v 0.195511 0.176040 -0.169372
v 0.190597 0.187770 -0.165114
v 0.184778 0.198377 -0.160072
v 0.178239 0.207570 -0.154406
v 0.171203 0.215102 -0.148310
v 0.184149 0.112272 -0.193088
v 0.185523 0.124537 -0.194530
v 0.185610 0.137398 -0.194621
v 0.184425 0.150505 -0.193379
v 0.182030 0.163504 -0.190867
v 0.178522 0.176040 -0.187189
v 0.174035 0.187770 -0.182483
v 0.168722 0.198377 -0.176911
v 0.162750 0.207570 -0.170649
v 0.156327 0.215102 -0.163912
v 0.164957 0.112272 -0.209718
v 0.166188 0.124537 -0.211285
v 0.166265 0.137398 -0.211384
v 0.165204 0.150505 -0.210034
v 0.163058 0.163504 -0.207306
v 0.159916 0.176040 -0.203311
v 0.155897 0.187770 -0.198200
v 0.151137 0.198377 -0.192148
v 0.145788 0.207570 -0.185347
v 0.140034 0.215102 -0.178029
v 0.144271 0.112272 -0.224449
v 0.145348 0.124537 -0.226125
v 0.145415 0.137398 -0.226230
v 0.144487 0.150505 -0.224786
v 0.142611 0.163504 -0.221866
v 0.139863 0.176040 -0.217592
v 0.136348 0.187770 -0.212121
v 0.132185 0.198377 -0.205644
v 0.127506 0.207570 -0.198365
v 0.122474 0.215102 -0.190534
v 0.122279 0.112272 -0.237146
v 0.123191 0.124537 -0.238916
v 0.123248 0.137398 -0.239028
v 0.122462 0.150505 -0.237502
v 0.120871 0.163504 -0.234418
v 0.118542 0.176040 -0.229901
v 0.115562 0.187770 -0.224121
v 0.112034 0.198377 -0.217278
v 0.108070 0.207570 -0.209587
v 0.103803 0.215102 -0.201313
v 0.099467 0.220766 -0.192901
v 0.094839 0.224406 -0.183926
v 0.080677 0.220766 -0.201481
v 0.076928 0.224406 -0.192113
v 0.085644 0.224406 -0.188705
v 0.099179 0.112272 -0.247696
v 0.099919 0.124537 -0.249544
v 0.099966 0.137398 -0.249661
v 0.099328 0.150505 -0.248068
v 0.098038 0.163504 -0.244846
v 0.096149 0.176040 -0.240128
v 0.093731 0.187770 -0.234091
v 0.090870 0.198377 -0.226944
v 0.087654 0.207570 -0.218910
v 0.084194 0.215102 -0.210269
v 0.061155 0.220766 -0.208238
v 0.058326 0.224406 -0.198585
v 0.065097 0.224406 -0.196739
v 0.075180 0.112272 -0.256002
v 0.075742 0.124537 -0.257912
v 0.075778 0.137398 -0.258033
v 0.075293 0.150505 -0.256386
v 0.074316 0.163504 -0.253055
v 0.072884 0.176040 -0.248180
v 0.071052 0.187770 -0.241941
v 0.068882 0.198377 -0.234553
v 0.066445 0.207570 -0.226251
v 0.063822 0.215102 -0.217319
v 0.041081 0.220766 -0.213107
v 0.039194 0.224406 -0.203287
v 0.043813 0.224406 -0.202544
v 0.050502 0.112272 -0.261989
v 0.050879 0.124537 -0.263944
v 0.050903 0.137398 -0.264067
v 0.050578 0.150505 -0.262382
v 0.049921 0.163504 -0.258974
v 0.048959 0.176040 -0.253984
v 0.047728 0.187770 -0.247599
v 0.046271 0.198377 -0.240039
v 0.044634 0.207570 -0.231543
v 0.042872 0.215102 -0.222402
v 0.020633 0.220766 -0.216048
v 0.019696 0.224406 -0.206177
v 0.022031 0.224406 -0.206053
v 0.025366 0.112272 -0.265602
v 0.025555 0.124537 -0.267585
v 0.025567 0.137398 -0.267710
v 0.025403 0.150505 -0.266002
v 0.025074 0.163504 -0.262546
v 0.024591 0.176040 -0.257488
v 0.023973 0.187770 -0.251015
v 0.023241 0.198377 -0.243350
v 0.022418 0.207570 -0.234737
v 0.021533 0.215102 -0.225470
v -0.020599 0.229312 -0.192661
v 0.000000 0.229312 -0.193758
v -0.040965 0.229312 -0.189379
v -0.060867 0.229312 -0.183952
v -0.080079 0.229312 -0.176440
v -0.098384 0.229312 -0.166928
v -0.115574 0.229312 -0.155524
v -0.131454 0.229312 -0.142358
v -0.145846 0.229312 -0.127579
v -0.158584 0.229312 -0.111354
v -0.169526 0.229312 -0.093866
v -0.178547 0.229312 -0.075315
v -0.185544 0.229312 -0.055909
v -0.190441 0.229312 -0.035870
v -0.193178 0.229312 -0.015424
v -0.193727 0.229312 0.005197
v -0.192082 0.229312 0.025760
v -0.188259 0.229312 0.046031
v -0.182304 0.229312 0.065782
v -0.174284 0.229312 0.084787
v -0.164288 0.229312 0.102831
v -0.152431 0.229312 0.119712
v -0.138846 0.229312 0.135236
v -0.123689 0.229312 0.149229
v -0.107130 0.229312 0.161531
v -0.089358 0.229312 0.172003
v -0.070573 0.229312 0.180527
v -0.050988 0.229312 0.187007
v -0.030826 0.229312 0.191367
v -0.010315 0.229312 0.193560
v 0.010315 0.229312 0.193560
v 0.030826 0.229312 0.191367
v 0.050988 0.229312 0.187007
v 0.070573 0.229312 0.180527
v 0.089358 0.229312 0.172003
v 0.107130 0.229312 0.161531
v 0.123689 0.229312 0.149229
v 0.138846 0.229312 0.135236
v 0.152431 0.229312 0.119712
v 0.164288 0.229312 0.102831
v 0.174284 0.229312 0.084787
v 0.182304 0.229312 0.065782
v 0.188259 0.229312 0.046031
v 0.192082 0.229312 0.025760
v 0.193727 0.229312 0.005197
v 0.193178 0.229312 -0.015424
v 0.190441 0.229312 -0.035870
v 0.185544 0.229312 -0.055909
v 0.178547 0.229312 -0.075315
v 0.169526 0.229312 -0.093866
v 0.158584 0.229312 -0.111354
v 0.145846 0.229312 -0.127579
v 0.131454 0.229312 -0.142358
v 0.115574 0.229312 -0.155524
v 0.098384 0.229312 -0.166928
v 0.080079 0.229312 -0.176440
v 0.060867 0.229312 -0.183952
v 0.040965 0.229312 -0.189379
v 0.020599 0.229312 -0.192661
v 0.019224 0.236799 -0.179796
v 0.038230 0.236799 -0.176735
v 0.056803 0.236799 -0.171669
v 0.074733 0.236799 -0.164659
v 0.091816 0.236799 -0.155782
v 0.107858 0.236799 -0.145140
v 0.122679 0.236799 -0.132852
v 0.136109 0.236799 -0.119059
v 0.147997 0.236799 -0.103917
v 0.158209 0.236799 -0.087597
v 0.166628 0.236799 -0.070285
v 0.173158 0.236799 -0.052174
v 0.177727 0.236799 -0.033473
v 0.180283 0.236799 -0.014392
v 0.180795 0.236799 0.004852
v 0.179259 0.236799 0.024043
v 0.175692 0.236799 0.042960
v 0.170134 0.236799 0.061392
v 0.162649 0.236799 0.079129
v 0.153320 0.236799 0.095969
v 0.142255 0.236799 0.111723
v 0.129578 0.236799 0.126211
v 0.115432 0.236799 0.139270
v 0.099978 0.236799 0.150750
v 0.083393 0.236799 0.160524
v 0.065861 0.236799 0.168478
v 0.047584 0.236799 0.174525
v 0.028768 0.236799 0.178595
v 0.009625 0.236799 0.180640
v -0.009625 0.236799 0.180640
v -0.028768 0.236799 0.178595
v -0.047584 0.236799 0.174525
v -0.065861 0.236799 0.168478
v -0.083393 0.236799 0.160524
v -0.099978 0.236799 0.150750
v -0.115432 0.236799 0.139270
v -0.129578 0.236799 0.126211
v -0.142255 0.236799 0.111723
v -0.153320 0.236799 0.095969
v -0.162649 0.236799 0.079129
v -0.170134 0.236799 0.061392
v -0.175692 0.236799 0.042960
v -0.179259 0.236799 0.024043
v -0.180794 0.236799 0.004852
v -0.180283 0.236799 -0.014392
v -0.177727 0.236799 -0.033473
v -0.173158 0.236799 -0.052174
v -0.166628 0.236799 -0.070285
v -0.158209 0.236799 -0.087597
v -0.147997 0.236799 -0.103917
v -0.136109 0.236799 -0.119059
v -0.122679 0.236799 -0.132852
v -0.107858 0.236799 -0.145140
v -0.091816 0.236799 -0.155782
v -0.074733 0.236799 -0.164659
v -0.056803 0.236799 -0.171669
v -0.038230 0.236799 -0.176735
v -0.019224 0.236799 -0.179796
v 0.000000 0.236799 -0.180821
v 0.017940 0.246698 -0.167786
v 0.035677 0.246698 -0.164928
v 0.053010 0.246698 -0.160201
v 0.069742 0.246698 -0.153659
v 0.085683 0.246698 -0.145375
v 0.100655 0.246698 -0.135444
v 0.114485 0.246698 -0.123977
v 0.127018 0.246698 -0.111105
v 0.138113 0.246698 -0.096975
v 0.147642 0.246698 -0.081744
v 0.155498 0.246698 -0.065587
v 0.161593 0.246698 -0.048688
v 0.165857 0.246698 -0.031235
v 0.168242 0.246698 -0.013428
v 0.168720 0.246698 0.004531
v 0.167286 0.246698 0.022439
v 0.163957 0.246698 0.040094
v 0.158771 0.246698 0.057294
v 0.151786 0.246698 0.073846
v 0.143080 0.246698 0.089562
v 0.132754 0.246698 0.104263
v 0.120923 0.246698 0.117783
v 0.107722 0.246698 0.129970
v 0.093301 0.246698 0.140684
v 0.077822 0.246698 0.149805
v 0.061463 0.246698 0.157229
v 0.044406 0.246698 0.162871
v 0.026847 0.246698 0.166668
v 0.008983 0.246698 0.168578
v -0.008983 0.246698 0.168578
v -0.026847 0.246698 0.166668
v -0.044406 0.246698 0.162871
v -0.061463 0.246698 0.157229
v -0.077822 0.246698 0.149805
v -0.093301 0.246698 0.140684
v -0.107722 0.246698 0.129970
v -0.120923 0.246698 0.117783
v -0.132754 0.246698 0.104263
v -0.143080 0.246698 0.089562
v -0.151786 0.246698 0.073846
v -0.158771 0.246698 0.057294
v -0.163957 0.246698 0.040094
v -0.167286 0.246698 0.022439
v -0.168720 0.246698 0.004531
v -0.168242 0.246698 -0.013428
v -0.165857 0.246698 -0.031235
v -0.161593 0.246698 -0.048688
v -0.155498 0.246698 -0.065587
v -0.147642 0.246698 -0.081744
v -0.138113 0.246698 -0.096975
v -0.127018 0.246698 -0.111105
v -0.114485 0.246698 -0.123977
v -0.100655 0.246698 -0.135444
v -0.085683 0.246698 -0.145375
v -0.069742 0.246698 -0.153659
v -0.053010 0.246698 -0.160201
v -0.035677 0.246698 -0.164928
v -0.017940 0.246698 -0.167786
v 0.000000 0.246698 -0.168741
v 0.016779 0.258775 -0.156920
v 0.033367 0.258775 -0.154248
v 0.049577 0.258775 -0.149827
v 0.065227 0.258775 -0.143708
v 0.080137 0.258775 -0.135961
v 0.094138 0.258775 -0.126672
v 0.107073 0.258775 -0.115948
v 0.118795 0.258775 -0.103910
v 0.129171 0.258775 -0.090694
v 0.138083 0.258775 -0.076449
v 0.145431 0.258775 -0.061339
v 0.151131 0.258775 -0.045533
v 0.155119 0.258775 -0.029211
v 0.157349 0.258775 -0.012557
v 0.157797 0.258775 0.004239
v 0.156456 0.258775 0.020988
v 0.153343 0.258775 0.037501
v 0.148491 0.258775 0.053587
v 0.141959 0.258775 0.069067
v 0.133817 0.258775 0.083766
v 0.124159 0.258775 0.097515
v 0.113094 0.258775 0.110160
v 0.100748 0.258775 0.121558
v 0.087261 0.258775 0.131578
v 0.072785 0.258775 0.140108
v 0.057483 0.258775 0.147051
v 0.041531 0.258775 0.152328
v 0.025109 0.258775 0.155880
v 0.008401 0.258775 0.157666
v -0.008401 0.258775 0.157666
v -0.025109 0.258775 0.155880
v -0.041531 0.258775 0.152328
v -0.057483 0.258775 0.147051
v -0.072785 0.258775 0.140108
v -0.087261 0.258775 0.131578
v -0.100748 0.258775 0.121558
v -0.113094 0.258775 0.110160
v -0.124159 0.258775 0.097515
v -0.133817 0.258775 0.083766
v -0.141959 0.258775 0.069067
v -0.148491 0.258775 0.053587
v -0.153343 0.258775 0.037501
v -0.156456 0.258775 0.020988
v -0.157797 0.258775 0.004239
v -0.157349 0.258775 -0.012557
v -0.155119 0.258775 -0.029211
v -0.151131 0.258775 -0.045533
v -0.145431 0.258775 -0.061339
v -0.138083 0.258775 -0.076449
v -0.129171 0.258775 -0.090694
v -0.118795 0.258775 -0.103910
v -0.107073 0.258775 -0.115948
v -0.094138 0.258775 -0.126672
v -0.080137 0.258775 -0.135961
v -0.065227 0.258775 -0.143708
v -0.049577 0.258775 -0.149827
v -0.033367 0.258775 -0.154248
v -0.016779 0.258775 -0.156920
v 0.000000 0.258775 -0.157814
v 0.015767 0.272752 -0.147455
v 0.031355 0.272752 -0.144944
v 0.046588 0.272752 -0.140790
v 0.061293 0.272752 -0.135040
v 0.075304 0.272752 -0.127759
v 0.088461 0.272752 -0.119031
v 0.100616 0.272752 -0.108954
v 0.111631 0.272752 -0.097642
v 0.121381 0.272752 -0.085222
v 0.129756 0.272752 -0.071837
v 0.136661 0.272752 -0.057638
v 0.142017 0.272752 -0.042785
v 0.145764 0.272752 -0.027447
v 0.147860 0.272752 -0.011798
v 0.148280 0.272752 0.003986
v 0.147020 0.272752 0.019725
v 0.144095 0.272752 0.035240
v 0.139536 0.272752 0.050357
v 0.133397 0.272752 0.064905
v 0.125747 0.272752 0.078716
v 0.116671 0.272752 0.091636
v 0.106274 0.272752 0.103519
v 0.094672 0.272752 0.114229
v 0.081999 0.272752 0.123645
v 0.068395 0.272752 0.131661
v 0.054017 0.272752 0.138185
v 0.039026 0.272752 0.143144
v 0.023594 0.272752 0.146481
v 0.007895 0.272752 0.148159
v -0.007895 0.272752 0.148159
v -0.023594 0.272752 0.146481
v -0.039026 0.272752 0.143144
v -0.054017 0.272752 0.138185
v -0.068395 0.272752 0.131661
v -0.081999 0.272752 0.123645
v -0.094672 0.272752 0.114229
v -0.106274 0.272752 0.103519
v -0.116671 0.272752 0.091636
v -0.125747 0.272752 0.078716
v -0.133397 0.272752 0.064905
v -0.139536 0.272752 0.050357
v -0.144095 0.272752 0.035240
v -0.147020 0.272752 0.019725
v -0.148280 0.272752 0.003986
v -0.147860 0.272752 -0.011798
v -0.145764 0.272752 -0.027447
v -0.142017 0.272752 -0.042785
v -0.136661 0.272752 -0.057638
v -0.129756 0.272752 -0.071837
v -0.121381 0.272752 -0.085222
v -0.111631 0.272752 -0.097642
v -0.100616 0.272752 -0.108954
v -0.088461 0.272752 -0.119031
v -0.075304 0.272752 -0.127759
v -0.061293 0.272752 -0.135040
v -0.046588 0.272752 -0.140790
v -0.031355 0.272752 -0.144944
v -0.015767 0.272752 -0.147455
v 0.000000 0.272752 -0.148296
v 0.014927 0.288306 -0.139597
v 0.029684 0.288306 -0.137219
v 0.044105 0.288306 -0.133287
v 0.058027 0.288306 -0.127843
v 0.071291 0.288306 -0.120951
v 0.083747 0.288306 -0.112687
v 0.095255 0.288306 -0.103146
v 0.105682 0.288306 -0.092437
v 0.114914 0.288306 -0.080680
v 0.122843 0.288306 -0.068008
v 0.129379 0.288306 -0.054566
v 0.134450 0.288306 -0.040504
v 0.137998 0.288306 -0.025983
v 0.139982 0.288306 -0.011168
v 0.140379 0.288306 0.003775
v 0.139187 0.288306 0.018675
v 0.136418 0.288306 0.033364
v 0.132102 0.288306 0.047676
v 0.126290 0.288306 0.061447
v 0.119046 0.288306 0.074523
v 0.110455 0.288306 0.086756
v 0.100611 0.288306 0.098005
v 0.089628 0.288306 0.108145
v 0.077630 0.288306 0.117059
v 0.064751 0.288306 0.124647
v 0.051139 0.288306 0.130824
v 0.036947 0.288306 0.135518
v 0.022337 0.288306 0.138679
v 0.007474 0.288306 0.140267
v -0.007474 0.288306 0.140267
v -0.022337 0.288306 0.138679
v -0.036947 0.288306 0.135518
v -0.051139 0.288306 0.130824
v -0.064751 0.288306 0.124647
v -0.077630 0.288306 0.117059
v -0.089628 0.288306 0.108145
v -0.100611 0.288306 0.098005
v -0.110455 0.288306 0.086756
v -0.119046 0.288306 0.074523
v -0.126290 0.288306 0.061447
v -0.132102 0.288306 0.047676
v -0.136418 0.288306 0.033364
v -0.139187 0.288306 0.018675
v -0.140379 0.288306 0.003775
v -0.139982 0.288306 -0.011168
v -0.137998 0.288306 -0.025983
v -0.134450 0.288306 -0.040504
v -0.129379 0.288306 -0.054566
v -0.122843 0.288306 -0.068008
v -0.114914 0.288306 -0.080680
v -0.105682 0.288306 -0.092437
v -0.095255 0.288306 -0.103146
v -0.083747 0.288306 -0.112687
v -0.071291 0.288306 -0.120951
v -0.058027 0.288306 -0.127843
v -0.044105 0.288306 -0.133287
v -0.029684 0.288306 -0.137219
v -0.014927 0.288306 -0.139597
v 0.000000 0.288306 -0.140392
v 0.014275 0.305073 -0.133504
v 0.028389 0.305073 -0.131229
v 0.042181 0.305073 -0.127468
v 0.055495 0.305073 -0.122262
v 0.068180 0.305073 -0.115671
v 0.080092 0.305073 -0.107768
v 0.091098 0.305073 -0.098644
v 0.101071 0.305073 -0.088402
v 0.109898 0.305073 -0.077158
v 0.117481 0.305073 -0.065039
v 0.123733 0.305073 -0.052183
v 0.128583 0.305073 -0.038735
v 0.131975 0.305073 -0.024847
v 0.133873 0.305073 -0.010679
v 0.134253 0.305073 0.003612
v 0.133112 0.305073 0.017861
v 0.130464 0.305073 0.031909
v 0.126337 0.305073 0.045597
v 0.120778 0.305073 0.058768
v 0.113851 0.305073 0.071273
v 0.105635 0.305073 0.082970
v 0.096221 0.305073 0.093729
v 0.085716 0.305073 0.103426
v 0.074242 0.305073 0.111951
v 0.061925 0.305073 0.119208
v 0.048907 0.305073 0.125116
v 0.035334 0.305073 0.129606
v 0.021363 0.305073 0.132627
v 0.007148 0.305073 0.134147
v -0.007148 0.305073 0.134147
v -0.021363 0.305073 0.132627
v -0.035334 0.305073 0.129606
v -0.048907 0.305073 0.125116
v -0.061925 0.305073 0.119208
v -0.074242 0.305073 0.111951
v -0.085716 0.305073 0.103426
v -0.096221 0.305073 0.093729
v -0.105635 0.305073 0.082970
v -0.113851 0.305073 0.071273
v -0.120778 0.305073 0.058768
v -0.126337 0.305073 0.045597
v -0.130464 0.305073 0.031909
v -0.133112 0.305073 0.017861
v -0.134253 0.305073 0.003612
v -0.133873 0.305073 -0.010679
v -0.131975 0.305073 -0.024847
v -0.128583 0.305073 -0.038735
v -0.123733 0.305073 -0.052183
v -0.117481 0.305073 -0.065039
v -0.109898 0.305073 -0.077158
v -0.101071 0.305073 -0.088402
v -0.091098 0.305073 -0.098644
v -0.080092 0.305073 -0.107768
v -0.068180 0.305073 -0.115671
v -0.055495 0.305073 -0.122262
v -0.042181 0.305073 -0.127468
v -0.028389 0.305073 -0.131229
v -0.014275 0.305073 -0.133504
v 0.000000 0.305073 -0.134264
v 0.013824 0.322666 -0.129280
v 0.027491 0.322666 -0.127078
v 0.040846 0.322666 -0.123436
v 0.053739 0.322666 -0.118395
v 0.066023 0.322666 -0.112012
v 0.077559 0.322666 -0.104358
v 0.088216 0.322666 -0.095523
v 0.097874 0.322666 -0.085605
v 0.106423 0.322666 -0.074717
v 0.113766 0.322666 -0.062981
v 0.119819 0.322666 -0.050531
v 0.124516 0.322666 -0.037509
v 0.127801 0.322666 -0.024061
v 0.129638 0.322666 -0.010340
v 0.130007 0.322666 0.003498
v 0.128903 0.322666 0.017298
v 0.126337 0.322666 0.030901
v 0.122340 0.322666 0.044155
v 0.116958 0.322666 0.056909
v 0.110250 0.322666 0.069019
v 0.102293 0.322666 0.080347
v 0.093177 0.322666 0.090765
v 0.083005 0.322666 0.100155
v 0.071893 0.322666 0.108411
v 0.059966 0.322666 0.115438
v 0.047360 0.322666 0.121159
v 0.034218 0.322666 0.125507
v 0.020687 0.322666 0.128433
v 0.006922 0.322666 0.129905
v -0.006922 0.322666 0.129905
v -0.020687 0.322666 0.128433
v -0.034218 0.322666 0.125507
v -0.047360 0.322666 0.121159
v -0.059966 0.322666 0.115438
v -0.071893 0.322666 0.108411
v -0.083005 0.322666 0.100155
v -0.093177 0.322666 0.090765
v -0.102293 0.322666 0.080347
v -0.110250 0.322666 0.069019
v -0.116958 0.322666 0.056909
v -0.122340 0.322666 0.044155
v -0.126337 0.322666 0.030901
v -0.128903 0.322666 0.017298
v -0.130007 0.322666 0.003498
v -0.129638 0.322666 -0.010340
v -0.127801 0.322666 -0.024061
v -0.124516 0.322666 -0.037509
v -0.119819 0.322666 -0.050531
v -0.113766 0.322666 -0.062981
v -0.106423 0.322666 -0.074717
v -0.097874 0.322666 -0.085605
v -0.088216 0.322666 -0.095523
v -0.077559 0.322666 -0.104358
v -0.066023 0.322666 -0.112012
v -0.053739 0.322666 -0.118395
v -0.040846 0.322666 -0.123436
v -0.027491 0.322666 -0.127078
v -0.013824 0.322666 -0.129280
v 0.000000 0.322666 -0.130017
v 0.013578 0.340678 -0.126979
v 0.027002 0.340678 -0.124816
v 0.040120 0.340678 -0.121239
v 0.052783 0.340678 -0.116287
v 0.064848 0.340678 -0.110017
v 0.076179 0.340678 -0.102501
v 0.086647 0.340678 -0.093823
v 0.096132 0.340678 -0.084081
v 0.104529 0.340678 -0.073387
v 0.111741 0.340678 -0.061860
v 0.117687 0.340678 -0.049632
v 0.122300 0.340678 -0.036841
v 0.125527 0.340678 -0.023632
v 0.127331 0.340678 -0.010156
v 0.127693 0.340678 0.003437
v 0.126608 0.340678 0.016990
v 0.124089 0.340678 0.030351
v 0.120164 0.340678 0.043370
v 0.114877 0.340678 0.055897
v 0.108288 0.340678 0.067791
v 0.100472 0.340678 0.078917
v 0.091519 0.340678 0.089150
v 0.081528 0.340678 0.098373
v 0.070614 0.340678 0.106482
v 0.058899 0.340678 0.113385
v 0.046517 0.340678 0.119003
v 0.033608 0.340678 0.123274
v 0.020318 0.340678 0.126148
v 0.006799 0.340678 0.127593
v -0.006799 0.340678 0.127593
v -0.020318 0.340678 0.126148
v -0.033608 0.340678 0.123274
v -0.046517 0.340678 0.119003
v -0.058899 0.340678 0.113385
v -0.070614 0.340678 0.106482
v -0.081528 0.340678 0.098373
v -0.091519 0.340678 0.089150
v -0.100472 0.340678 0.078917
v -0.108288 0.340678 0.067791
v -0.114877 0.340678 0.055897
v -0.120164 0.340678 0.043370
v -0.124089 0.340678 0.030351
v -0.126608 0.340678 0.016990
v -0.127693 0.340678 0.003437
v -0.127331 0.340678 -0.010156
v -0.125527 0.340678 -0.023632
v -0.122300 0.340678 -0.036841
v -0.117687 0.340678 -0.049632
v -0.111741 0.340678 -0.061860
v -0.104529 0.340678 -0.073387
v -0.096132 0.340678 -0.084081
v -0.086647 0.340678 -0.093823
v -0.076179 0.340678 -0.102501
v -0.064848 0.340678 -0.110017
v -0.052783 0.340678 -0.116287
v -0.040120 0.340678 -0.121239
v -0.027002 0.340678 -0.124816
v -0.013578 0.340678 -0.126979
v 0.000000 0.340678 -0.127703
v -0.038228 0.340678 0.105067
v -0.023239 0.340678 0.109364
v -0.007796 0.340678 0.111534
v 0.007796 0.340678 0.111534
v 0.023239 0.340678 0.109364
v -0.077643 0.340678 0.080437
v -0.065697 0.340678 0.090461
v -0.052473 0.340678 0.098724
v 0.065697 0.340678 0.090461
v 0.077643 0.340678 0.080437
v 0.088076 0.340678 0.068849
v 0.096796 0.340678 0.055921
v 0.038228 0.340678 0.105067
v 0.052473 0.340678 0.098724
v -0.103632 0.340678 0.041906
v -0.096796 0.340678 0.055921
v -0.088076 0.340678 0.068849
v 0.111159 0.340678 0.011719
v 0.111703 0.340678 -0.003865
v 0.110073 0.340678 -0.019373
v 0.106300 0.340678 -0.034504
v 0.103632 0.340678 0.041906
v 0.108451 0.340678 0.027076
v -0.059230 0.340678 -0.094752
v -0.071845 0.340678 -0.085586
v -0.083062 0.340678 -0.074754
v -0.092663 0.340678 -0.062466
v -0.100459 0.340678 -0.048961
v -0.111703 0.340678 -0.003865
v -0.111159 0.340678 0.011719
v -0.108451 0.340678 0.027076
v -0.106300 0.340678 -0.034504
v -0.110073 0.340678 -0.019373
v -0.015556 0.340678 -0.110647
v -0.030808 0.340678 -0.107406
v -0.045462 0.340678 -0.102072
v 0.030808 0.340678 -0.107406
v 0.015556 0.340678 -0.110647
v 0.000000 0.340678 -0.111736
v 0.071845 0.340678 -0.085586
v 0.059230 0.340678 -0.094752
v 0.045462 0.340678 -0.102072
v 0.100459 0.340678 -0.048961
v 0.092663 0.340678 -0.062466
v 0.083062 0.340678 -0.074754
v 0.005357 0.704068 -0.062887
v 0.008809 0.704068 -0.062646
v 0.008898 0.651331 -0.063283
v 0.035373 0.704068 -0.052312
v 0.040684 0.704068 -0.048454
v 0.041098 0.651331 -0.048946
v 0.043688 0.704068 -0.045553
v 0.047036 0.704068 -0.042320
v 0.047514 0.651331 -0.042751
v 0.050784 0.704068 -0.037524
v 0.052473 0.704068 -0.035361
v 0.053005 0.651331 -0.035721
v 0.062643 0.704068 -0.007994
v 0.063255 0.704068 -0.002177
v 0.063898 0.651331 -0.002200
v 0.063084 0.704068 0.002712
v 0.062946 0.704068 0.006647
v 0.063586 0.651331 0.006715
v 0.061765 0.704068 0.013347
v 0.061413 0.704068 0.015344
v 0.062037 0.651331 0.015499
v 0.047401 0.704068 0.041748
v 0.043967 0.704068 0.045561
v 0.044414 0.651331 0.046024
v 0.039670 0.704068 0.049166
v 0.037203 0.704068 0.051237
v 0.037581 0.651331 0.051758
v 0.010679 0.704068 0.062290
v 0.004415 0.704068 0.063171
v 0.004460 0.651331 0.063812
v 0.000000 0.704068 0.063171
v -0.004415 0.704068 0.063171
v -0.004460 0.651331 0.063812
v -0.010679 0.704068 0.062290
v -0.013160 0.704068 0.061942
v -0.013293 0.651331 0.062571
v -0.039670 0.704068 0.049166
v -0.043967 0.704068 0.045561
v -0.044414 0.651331 0.046024
v -0.047401 0.704068 0.041748
v -0.049876 0.704068 0.038999
v -0.050382 0.651331 0.039395
v -0.061765 0.704068 0.013347
v -0.062946 0.704068 0.006647
v -0.063586 0.651331 0.006715
v -0.063084 0.704068 0.002712
v -0.063255 0.704068 -0.002177
v -0.063898 0.651331 -0.002200
v -0.062643 0.704068 -0.007994
v -0.062332 0.704068 -0.010959
v -0.062965 0.651331 -0.011071
v -0.050784 0.704068 -0.037524
v -0.047036 0.704068 -0.042320
v -0.047514 0.651331 -0.042751
v -0.043688 0.704068 -0.045553
v -0.040684 0.704068 -0.048454
v -0.041098 0.651331 -0.048946
v -0.035373 0.704068 -0.052312
v -0.033881 0.651331 -0.054189
v -0.005357 0.704068 -0.062887
v 0.000000 0.704068 -0.063262
v 0.000000 0.651331 -0.063905
v 0.052093 0.391257 -0.083332
v 0.039984 0.391257 -0.089770
v 0.035418 0.442450 -0.079517
v 0.024002 0.442450 -0.083671
v 0.021524 0.494155 -0.075028
v 0.010867 0.494155 -0.077293
v 0.009920 0.546272 -0.070551
v 0.000000 0.546272 -0.071244
v 0.000000 0.598699 -0.066550
v -0.009266 0.598699 -0.065903
v -0.008898 0.651331 -0.063283
v -0.017623 0.651331 -0.061429
v 0.027096 0.391257 -0.094461
v 0.012119 0.442450 -0.086197
v 0.000000 0.494155 -0.078053
v -0.009920 0.546272 -0.070551
v -0.018353 0.598699 -0.063971
v -0.026005 0.651331 -0.058377
v -0.025744 0.704068 -0.057790
v -0.027096 0.391257 -0.094461
v -0.039984 0.391257 -0.089770
v -0.035418 0.442450 -0.079517
v -0.046145 0.442450 -0.073813
v -0.041379 0.494155 -0.066188
v -0.050193 0.494155 -0.059784
v -0.045815 0.546272 -0.054569
v -0.052969 0.546272 -0.047661
v -0.049480 0.598699 -0.044520
v -0.055199 0.598699 -0.037201
v -0.053005 0.651331 -0.035721
v -0.057466 0.651331 -0.027996
v -0.052093 0.391257 -0.083332
v -0.055973 0.442450 -0.066672
v -0.058030 0.494155 -0.052217
v -0.059091 0.546272 -0.039825
v -0.059844 0.598699 -0.029156
v -0.060807 0.651331 -0.019726
v -0.060196 0.704068 -0.019527
v -0.060455 0.704068 -0.018486
v -0.093493 0.391257 -0.030343
v -0.096811 0.391257 -0.017035
v -0.085756 0.442450 -0.015088
v -0.087025 0.442450 -0.003005
v -0.078038 0.494155 -0.002692
v -0.077658 0.494155 0.008195
v -0.070886 0.546272 0.007483
v -0.069159 0.546272 0.017276
v -0.064605 0.598699 0.016139
v -0.061734 0.598699 0.024974
v -0.059281 0.651331 0.023982
v -0.055371 0.651331 0.032000
v -0.054814 0.704068 0.031678
v -0.053813 0.704068 0.033161
v -0.095383 0.391257 0.023816
v -0.091146 0.391257 0.036860
v -0.080738 0.442450 0.032654
v -0.075413 0.442450 0.043573
v -0.067624 0.494155 0.039076
v -0.061532 0.494155 0.048107
v -0.056167 0.546272 0.043915
v -0.049513 0.546272 0.051305
v -0.046252 0.598699 0.047927
v -0.039136 0.598699 0.053898
v -0.037581 0.651331 0.051758
v -0.030017 0.651331 0.056484
v -0.085134 0.391257 0.049186
v -0.068619 0.442450 0.053645
v -0.054243 0.494155 0.056203
v -0.041896 0.546272 0.057696
v -0.031259 0.598699 0.058821
v -0.021867 0.651331 0.060112
v -0.021648 0.704068 0.059508
v -0.046151 0.391257 0.086832
v -0.033622 0.391257 0.092410
v -0.029783 0.442450 0.081861
v -0.018105 0.442450 0.085209
v -0.016235 0.494155 0.076413
v -0.005447 0.494155 0.077929
v -0.004972 0.546272 0.071135
v 0.004972 0.546272 0.071135
v 0.004644 0.598699 0.066452
v 0.013843 0.598699 0.065159
v 0.013293 0.651331 0.062571
v 0.021867 0.651331 0.060112
v -0.020438 0.391257 0.096190
v -0.006074 0.442450 0.086901
v 0.005447 0.494155 0.077929
v 0.014820 0.546272 0.069751
v 0.022772 0.598699 0.062599
v 0.030017 0.651331 0.056484
v 0.029714 0.704068 0.055916
v 0.020438 0.391257 0.096190
v 0.033622 0.391257 0.092410
v 0.029783 0.442450 0.081861
v 0.040881 0.442450 0.076920
v 0.036659 0.494155 0.068979
v 0.045898 0.494155 0.063206
v 0.041896 0.546272 0.057696
v 0.049513 0.546272 0.051305
v 0.046252 0.598699 0.047927
v 0.052468 0.598699 0.041024
v 0.050382 0.651331 0.039395
v 0.055371 0.651331 0.032000
v 0.046151 0.391257 0.086832
v 0.051184 0.442450 0.070482
v 0.054243 0.494155 0.056203
v 0.056167 0.546272 0.043915
v 0.057662 0.598699 0.033323
v 0.059281 0.651331 0.023982
v 0.058685 0.704068 0.023742
v 0.085134 0.391257 0.049186
v 0.091146 0.391257 0.036860
v 0.080738 0.442450 0.032654
v 0.084492 0.442450 0.021100
v 0.075767 0.494155 0.018924
v 0.077658 0.494155 0.008195
v 0.070886 0.546272 0.007483
v 0.071233 0.546272 -0.002455
v 0.066542 0.598699 -0.002292
v 0.065571 0.598699 -0.011530
v 0.062965 0.651331 -0.011071
v 0.060807 0.651331 -0.019726
v 0.095383 0.391257 0.023816
v 0.086602 0.442450 0.009136
v 0.078038 0.494155 -0.002692
v 0.070194 0.546272 -0.012345
v 0.063324 0.598699 -0.020544
v 0.057466 0.651331 -0.027996
v 0.056888 0.704068 -0.027715
v 0.093493 0.391257 -0.030343
v 0.088355 0.391257 -0.043059
v 0.078266 0.442450 -0.038139
v 0.072191 0.442450 -0.048660
v 0.064736 0.494155 -0.043632
v 0.058029 0.494155 -0.052217
v 0.052969 0.546272 -0.047661
v 0.045815 0.546272 -0.054569
v 0.042799 0.598699 -0.050973
v 0.035283 0.598699 -0.056433
v 0.033881 0.651331 -0.054189
v 0.026005 0.651331 -0.058377
v 0.081497 0.391257 -0.054936
v 0.064712 0.442450 -0.058233
v 0.050193 0.494155 -0.059784
v 0.037771 0.546272 -0.060414
v 0.027082 0.598699 -0.060794
v 0.017623 0.651331 -0.061429
v 0.017446 0.704068 -0.060810
v 0.015930 0.704068 -0.061132
v 0.063188 0.391257 -0.075270
v 0.046145 0.442450 -0.073813
v 0.031761 0.494155 -0.071302
v 0.019647 0.546272 -0.068483
v 0.009266 0.598699 -0.065903
v -0.017446 0.704068 -0.060810
v -0.015930 0.704068 -0.061132
v -0.008809 0.704068 -0.062646
v -0.027082 0.598699 -0.060794
v -0.019647 0.546272 -0.068483
v -0.010867 0.494155 -0.077293
v 0.000000 0.442450 -0.087045
v 0.013681 0.391257 -0.097313
v -0.035283 0.598699 -0.056433
v -0.028991 0.546272 -0.065082
v -0.021524 0.494155 -0.075028
v -0.012119 0.442450 -0.086197
v 0.000000 0.391257 -0.098269
v -0.042798 0.598699 -0.050973
v -0.037771 0.546272 -0.060414
v -0.031761 0.494155 -0.071302
v -0.024002 0.442450 -0.083671
v -0.013681 0.391257 -0.097313
v -0.056888 0.704068 -0.027715
v -0.052473 0.704068 -0.035361
v -0.063324 0.598699 -0.020544
v -0.064063 0.546272 -0.031214
v -0.064736 0.494155 -0.043632
v -0.064712 0.442450 -0.058233
v -0.063188 0.391257 -0.075270
v -0.065571 0.598699 -0.011530
v -0.067788 0.546272 -0.021994
v -0.070184 0.494155 -0.034198
v -0.072191 0.442450 -0.048660
v -0.073054 0.391257 -0.065744
v -0.066542 0.598699 -0.002292
v -0.070194 0.546272 -0.012345
v -0.074264 0.494155 -0.024097
v -0.078266 0.442450 -0.038139
v -0.081497 0.391257 -0.054936
v -0.088355 0.391257 -0.043059
v -0.082817 0.442450 -0.026875
v -0.076899 0.494155 -0.013526
v -0.071233 0.546272 -0.002455
v -0.066218 0.598699 0.006991
v -0.062037 0.651331 0.015499
v -0.058685 0.704068 0.023742
v -0.061413 0.704068 0.015344
v -0.057662 0.598699 0.033323
v -0.066087 0.546272 0.026733
v -0.075767 0.494155 0.018924
v -0.086602 0.442450 0.009136
v -0.098244 0.391257 -0.003396
v -0.052468 0.598699 0.041024
v -0.061728 0.546272 0.035671
v -0.072400 0.494155 0.029285
v -0.084492 0.442450 0.021100
v -0.097765 0.391257 0.010310
v -0.029714 0.704068 0.055916
v -0.037203 0.704068 0.051237
v -0.022772 0.598699 0.062599
v -0.033462 0.546272 0.062966
v -0.045898 0.494155 0.063206
v -0.060490 0.442450 0.062672
v -0.077464 0.391257 0.060557
v -0.013843 0.598699 0.065159
v -0.024378 0.546272 0.067010
v -0.036659 0.494155 0.068979
v -0.051184 0.442450 0.070482
v -0.068287 0.391257 0.070749
v -0.004644 0.598699 0.066452
v -0.014820 0.546272 0.069751
v -0.026707 0.494155 0.073410
v -0.040881 0.442450 0.076920
v -0.057782 0.391257 0.079564
v 0.021648 0.704068 0.059508
v 0.013160 0.704068 0.061942
v 0.031259 0.598699 0.058821
v 0.024378 0.546272 0.067010
v 0.016235 0.494155 0.076413
v 0.006074 0.442450 0.086901
v -0.006857 0.391257 0.098099
v 0.039136 0.598699 0.053898
v 0.033462 0.546272 0.062966
v 0.026707 0.494155 0.073410
v 0.018105 0.442450 0.085209
v 0.006857 0.391257 0.098099
v 0.054814 0.704068 0.031678
v 0.053813 0.704068 0.033161
v 0.049876 0.704068 0.038999
v 0.061734 0.598699 0.024974
v 0.061728 0.546272 0.035671
v 0.061532 0.494155 0.048107
v 0.060490 0.442450 0.062672
v 0.057782 0.391257 0.079564
v 0.064605 0.598699 0.016139
v 0.066087 0.546272 0.026733
v 0.067624 0.494155 0.039076
v 0.068619 0.442450 0.053645
v 0.068288 0.391257 0.070749
v 0.066218 0.598699 0.006991
v 0.069159 0.546272 0.017276
v 0.072400 0.494155 0.029285
v 0.075413 0.442450 0.043573
v 0.077464 0.391257 0.060557
v 0.060196 0.704068 -0.019527
v 0.060455 0.704068 -0.018486
v 0.062332 0.704068 -0.010959
v 0.059844 0.598699 -0.029156
v 0.067788 0.546272 -0.021994
v 0.076899 0.494155 -0.013526
v 0.087025 0.442450 -0.003005
v 0.097765 0.391257 0.010310
v 0.055199 0.598699 -0.037201
v 0.064063 0.546272 -0.031214
v 0.074264 0.494155 -0.024097
v 0.085756 0.442450 -0.015088
v 0.098244 0.391257 -0.003396
v 0.049480 0.598699 -0.044520
v 0.059091 0.546272 -0.039825
v 0.070184 0.494155 -0.034198
v 0.082817 0.442450 -0.026875
v 0.096811 0.391257 -0.017035
v 0.025744 0.704068 -0.057790
v 0.018353 0.598699 -0.063971
v 0.028991 0.546272 -0.065082
v 0.041379 0.494155 -0.066188
v 0.055973 0.442450 -0.066672
v 0.073054 0.391257 -0.065744
v -0.090798 0.715574 0.055932
v -0.092475 0.715574 0.053422
v -0.098652 0.715574 0.040894
v -0.103142 0.715574 0.027668
v -0.104173 0.715574 0.022486
v -0.105867 0.715574 0.013969
v -0.106484 0.715574 0.004550
v -0.106780 0.715574 0.000031
v -0.105891 0.715574 -0.013529
v 0.040863 0.715574 -0.098620
v 0.043909 0.715574 -0.097119
v -0.103142 0.715574 -0.027605
v -0.101929 0.715574 -0.031178
v -0.098652 0.715574 -0.040832
v -0.095146 0.715574 -0.047942
v -0.092475 0.715574 -0.053359
v -0.085762 0.715574 -0.063405
v -0.084714 0.715574 -0.064972
v -0.075505 0.715574 -0.075474
v -0.073803 0.715574 -0.076966
v -0.065004 0.715574 -0.084683
v -0.059668 0.715574 -0.088248
v -0.053390 0.715574 -0.092443
v -0.043909 0.715574 -0.097119
v -0.040863 0.715574 -0.098620
v -0.027636 0.715574 -0.103110
v -0.013938 0.715574 -0.105835
v -0.009042 0.715574 -0.106156
v 0.000000 0.715574 -0.106749
v 0.009042 0.715574 -0.106156
v 0.013938 0.715574 -0.105835
v 0.026897 0.715574 -0.103257
v 0.053390 0.715574 -0.092443
v 0.059668 0.715574 -0.088248
v 0.065004 0.715574 -0.084683
v 0.073803 0.715574 -0.076966
v 0.075505 0.715574 -0.075474
v 0.084714 0.715574 -0.064972
v 0.085762 0.715574 -0.063405
v 0.092475 0.715574 -0.053359
v 0.095146 0.715574 -0.047942
v 0.098652 0.715574 -0.040832
v 0.101929 0.715574 -0.031178
v 0.103142 0.715574 -0.027605
v 0.105867 0.715574 -0.013906
v 0.106780 0.715574 0.000031
v 0.106484 0.715574 0.004550
v 0.105867 0.715574 0.013969
v 0.104173 0.715574 0.022486
v 0.103142 0.715574 0.027668
v 0.099016 0.715574 0.039824
v 0.092475 0.715574 0.053422
v 0.090798 0.715574 0.055932
v 0.084714 0.715574 0.065035
v 0.079985 0.715574 0.070428
v 0.075505 0.715574 0.075536
v 0.066989 0.715574 0.083005
v 0.018009 0.715574 0.105088
v 0.027637 0.715574 0.103174
v 0.035502 0.715574 0.100504
v 0.040863 0.715574 0.098684
v 0.052037 0.715574 0.093173
v 0.065004 0.715574 0.084747
v -0.084714 0.715574 0.065035
v -0.079985 0.715574 0.070428
v -0.075505 0.715574 0.075536
v -0.066989 0.715574 0.083005
v -0.065004 0.715574 0.084747
v -0.053390 0.715574 0.092506
v -0.040863 0.715574 0.098684
v -0.035502 0.715574 0.100504
v -0.027636 0.715574 0.103174
v -0.018009 0.715574 0.105088
v -0.013938 0.715574 0.105898
v 0.000000 0.715574 0.106812
v 0.013938 0.715574 0.105898
v 0.067329 0.737949 -0.083363
v 0.075888 0.737949 -0.075857
v 0.076674 0.737463 -0.076642
v 0.099518 0.737949 -0.039962
v 0.103666 0.737949 -0.027745
v 0.104738 0.737463 -0.028033
v 0.104702 0.737949 -0.022537
v 0.106404 0.737949 -0.013976
v 0.107506 0.737463 -0.014122
v 0.107025 0.737949 -0.004510
v 0.107322 0.737949 0.000031
v 0.074178 0.737949 0.077420
v 0.065334 0.737949 0.085176
v 0.066010 0.737463 0.086058
v 0.027033 0.737949 0.103845
v 0.014008 0.737949 0.106436
v 0.014153 0.737463 0.107537
v 0.009088 0.737949 0.106758
v 0.000000 0.737949 0.107354
v -0.044131 0.737949 0.097675
v -0.053661 0.737949 0.092975
v -0.086198 0.737949 0.063789
v -0.092944 0.737949 0.053693
v -0.095629 0.737949 0.048249
v -0.099153 0.737949 0.041102
v -0.107025 0.737949 -0.004510
v -0.106404 0.737949 -0.013976
v -0.107506 0.737463 -0.014122
v -0.091259 0.737949 -0.056152
v -0.085144 0.737949 -0.065302
v -0.086026 0.737463 -0.065978
v -0.052301 0.737949 -0.093582
v -0.041070 0.737949 -0.099121
v 0.085611 0.716027 0.065723
v 0.094383 0.716771 0.054523
v 0.000000 0.716027 -0.107879
v 0.085611 0.716027 -0.065660
v 0.076304 0.716027 0.076336
v 0.065691 0.716027 0.085642
v 0.027929 0.716027 0.104265
v 0.014085 0.716027 0.107019
v -0.027929 0.716027 0.104265
v -0.085611 0.716027 0.065723
v -0.106987 0.716027 0.014116
v -0.107910 0.716027 0.000031
v -0.106987 0.716027 -0.014054
v -0.085611 0.716027 -0.065660
v -0.027929 0.716027 -0.104201
v -0.076304 0.716027 -0.076272
v -0.065691 0.716027 0.085642
v 0.104234 0.716027 0.027961
v 0.106987 0.716027 0.014116
v 0.107910 0.716027 0.000031
v 0.104234 0.716027 -0.027897
v 0.076304 0.716027 -0.076272
v 0.065691 0.716027 -0.085579
v 0.027929 0.716027 -0.104201
v 0.014085 0.716027 -0.106955
v 0.101600 0.717785 0.042116
v 0.107071 0.719042 0.028721
v 0.106225 0.717785 0.028494
v 0.110635 0.720509 0.014597
v 0.109900 0.719042 0.014500
v -0.014565 0.720509 -0.110603
v 0.000000 0.720509 -0.111559
v 0.112177 0.722144 0.000031
v 0.111590 0.720509 0.000031
v 0.109972 0.717785 0.000031
v 0.111630 0.723904 -0.014665
v 0.110635 0.720509 -0.014534
v 0.109900 0.719042 -0.014437
v 0.108051 0.716771 -0.014194
v 0.108984 0.725742 -0.029171
v 0.107787 0.720509 -0.028850
v 0.106225 0.717785 -0.028431
v 0.104283 0.727609 -0.043164
v 0.104240 0.725742 -0.043146
v 0.103638 0.722144 -0.042897
v 0.103096 0.720509 -0.042672
v -0.014734 0.727609 -0.111878
v 0.000000 0.727609 -0.112844
v 0.000000 0.725742 -0.112797
v 0.097630 0.729453 -0.056335
v 0.097712 0.725742 -0.056383
v 0.096640 0.720509 -0.055763
v 0.094383 0.716771 -0.054460
v 0.089177 0.731225 -0.068396
v 0.089513 0.725742 -0.068654
v 0.088530 0.720509 -0.067900
v 0.087942 0.719042 -0.067449
v 0.079124 0.732877 -0.079093
v 0.079483 0.731225 -0.079450
v 0.079782 0.725742 -0.079750
v 0.078906 0.720509 -0.078874
v 0.067712 0.734363 -0.088213
v 0.068120 0.732877 -0.088744
v 0.068427 0.731225 -0.089145
v 0.068686 0.725742 -0.089481
v 0.067931 0.720509 -0.088499
v 0.067480 0.719042 -0.087910
v -0.014518 0.734363 -0.110246
v 0.000000 0.734363 -0.111197
v 0.055207 0.735646 -0.095589
v 0.056202 0.731225 -0.097314
v 0.056414 0.725742 -0.097681
v 0.055795 0.720509 -0.096608
v 0.054492 0.716771 -0.094351
v 0.041894 0.736688 -0.101108
v 0.042253 0.735646 -0.101977
v 0.043016 0.731225 -0.103817
v 0.043141 0.729453 -0.104121
v 0.043178 0.725742 -0.104208
v 0.042928 0.722144 -0.103606
v 0.042704 0.720509 -0.103064
v 0.000000 0.736688 -0.109441
v 0.028064 0.737463 -0.104707
v 0.028334 0.736688 -0.105711
v 0.028788 0.734363 -0.107408
v 0.029092 0.731225 -0.108543
v 0.029202 0.725742 -0.108953
v 0.028881 0.720509 -0.107756
v 0.028463 0.717785 -0.106193
v 0.000000 0.737463 -0.108402
v -0.014153 0.737463 -0.107474
v -0.028064 0.737463 -0.104707
v -0.066010 0.737463 -0.085994
v -0.054736 0.736688 -0.094775
v -0.041894 0.736688 -0.101108
v -0.042253 0.735646 -0.101977
v -0.028577 0.735646 -0.106620
v -0.028788 0.734363 -0.107408
v -0.014606 0.732877 -0.110911
v -0.100180 0.737463 -0.041464
v -0.093906 0.737463 -0.054185
v -0.094806 0.736688 -0.054705
v -0.086851 0.736688 -0.066611
v -0.087597 0.735646 -0.067184
v -0.078074 0.735646 -0.078043
v -0.067712 0.734363 -0.088213
v -0.068120 0.732877 -0.088744
v -0.055949 0.732877 -0.096876
v -0.056202 0.731225 -0.097314
v -0.043016 0.731225 -0.103817
v -0.043141 0.729453 -0.104121
v -0.029177 0.729453 -0.108860
v -0.014727 0.725742 -0.111831
v -0.107506 0.737463 0.014185
v -0.108433 0.737463 0.000031
v -0.109473 0.736688 0.000031
v -0.108536 0.736688 -0.014258
v -0.106651 0.735646 -0.028546
v -0.107440 0.734363 -0.028757
v -0.102763 0.734363 -0.042534
v -0.096908 0.732877 -0.055918
v -0.097346 0.731225 -0.056170
v -0.089177 0.731225 -0.068396
v -0.079715 0.729453 -0.079683
v -0.068714 0.727609 -0.089518
v -0.068686 0.725742 -0.089481
v -0.056414 0.725742 -0.097681
v -0.043088 0.723904 -0.103991
v -0.042928 0.722144 -0.103606
v -0.029034 0.722144 -0.108323
v -0.028881 0.720509 -0.107756
v -0.014469 0.719042 -0.109868
v 0.000000 0.717785 -0.109940
v -0.102446 0.737949 0.031400
v -0.103666 0.737949 0.027809
v -0.104738 0.737463 0.028097
v -0.108536 0.736688 0.014321
v -0.110414 0.735646 0.000031
v -0.103848 0.731225 -0.042984
v -0.079782 0.725742 -0.079750
v -0.042704 0.720509 -0.103064
v -0.054492 0.716771 -0.094351
v -0.054986 0.717785 -0.095207
v -0.066946 0.717785 -0.087215
v -0.078381 0.719042 -0.078350
v -0.088530 0.720509 -0.067900
v -0.088996 0.722144 -0.068257
v -0.097148 0.722144 -0.056056
v -0.104023 0.723904 -0.043056
v -0.108984 0.725742 -0.029171
v -0.109029 0.727609 -0.029182
v -0.111910 0.727609 -0.014701
v -0.112733 0.729453 0.000031
v -0.111443 0.731225 0.014703
v -0.110942 0.732877 0.014638
v -0.108086 0.732877 0.028993
v -0.102763 0.734363 0.042597
v -0.095621 0.735646 0.055238
v -0.094806 0.736688 0.054768
v -0.086851 0.736688 0.066675
v -0.076674 0.737463 0.076705
v -0.094383 0.716771 -0.054460
v -0.095238 0.717785 -0.054955
v -0.101600 0.717785 -0.042052
v -0.107071 0.719042 -0.028658
v -0.110635 0.720509 -0.014534
v -0.111218 0.722144 -0.014610
v -0.112177 0.722144 0.000031
v -0.111630 0.723904 0.014728
v -0.108984 0.725742 0.029234
v -0.109029 0.727609 0.029246
v -0.104283 0.727609 0.043228
v -0.097630 0.729453 0.056398
v -0.089177 0.731225 0.068460
v -0.088776 0.732877 0.068151
v -0.079124 0.732877 0.079157
v -0.067712 0.734363 0.088276
v -0.055207 0.735646 0.095653
v -0.054736 0.736688 0.094839
v -0.041894 0.736688 0.101171
v -0.041496 0.737463 0.100211
v -0.028064 0.737463 0.104771
v -0.109031 0.717785 0.014386
v -0.106225 0.717785 0.028494
v -0.107071 0.719042 0.028721
v -0.102411 0.719042 0.042452
v -0.096640 0.720509 0.055827
v -0.097148 0.722144 0.056120
v -0.088996 0.722144 0.068321
v -0.079616 0.723904 0.079647
v -0.068686 0.725742 0.089544
v -0.068714 0.727609 0.089582
v -0.056438 0.727609 0.097785
v -0.043141 0.729453 0.104183
v -0.043016 0.731225 0.103881
v -0.029092 0.731225 0.108606
v -0.028962 0.732877 0.108118
v -0.014606 0.732877 0.110973
v -0.014518 0.734363 0.110310
v 0.000000 0.734363 0.111261
v 0.014412 0.735646 0.109501
v 0.028334 0.736688 0.105774
v 0.028064 0.737463 0.104771
v 0.041496 0.737463 0.100211
v -0.094383 0.716771 0.054523
v -0.087246 0.717785 0.066978
v -0.077761 0.717785 0.077794
v -0.067480 0.719042 0.087973
v -0.067931 0.720509 0.088562
v -0.055795 0.720509 0.096672
v -0.056089 0.722144 0.097180
v -0.042928 0.722144 0.103670
v -0.043088 0.723904 0.104054
v -0.029141 0.723904 0.108788
v -0.014727 0.725742 0.111895
v -0.014734 0.727609 0.111942
v 0.000000 0.727609 0.112907
v 0.014715 0.729453 0.111801
v 0.029092 0.731225 0.108606
v 0.028962 0.732877 0.108118
v 0.042822 0.732877 0.103413
v 0.055614 0.734363 0.096359
v 0.067215 0.735646 0.087629
v 0.066643 0.736688 0.086882
v 0.077409 0.736688 0.077441
v 0.076674 0.737463 0.076705
v 0.086026 0.737463 0.066042
v -0.076304 0.716027 0.076336
v -0.054492 0.716771 0.094414
v -0.042085 0.717785 0.101632
v -0.028690 0.719042 0.107102
v -0.014565 0.720509 0.110667
v 0.000000 0.722144 0.112208
v 0.014696 0.723904 0.111662
v 0.029202 0.725742 0.109015
v 0.043195 0.727609 0.104315
v 0.056367 0.729453 0.097661
v 0.068427 0.731225 0.089209
v 0.068120 0.732877 0.088807
v 0.088244 0.734363 0.067744
v 0.095621 0.735646 0.055238
v 0.094806 0.736688 0.054768
v 0.101140 0.736688 0.041925
v 0.100180 0.737463 0.041527
v 0.104738 0.737463 0.028097
v -0.028463 0.717785 0.106256
v -0.014469 0.719042 0.109932
v 0.000000 0.720509 0.111621
v 0.043178 0.725742 0.104271
v 0.079483 0.731225 0.079514
v 0.088776 0.732877 0.068151
v 0.102009 0.735646 0.042285
v 0.105743 0.736688 0.028365
v 0.107506 0.737463 0.014185
v 0.106404 0.737949 0.014040
v 0.106429 0.737949 0.013662
v 0.000000 0.716027 0.107942
v 0.028463 0.717785 0.106256
v 0.042085 0.717785 0.101632
v 0.055424 0.719042 0.096029
v 0.067931 0.720509 0.088562
v 0.068289 0.722144 0.089027
v 0.079321 0.722144 0.079352
v 0.089326 0.723904 0.068574
v 0.097712 0.725742 0.056446
v 0.097753 0.727609 0.056469
v 0.104283 0.727609 0.043228
v 0.108892 0.729453 0.029209
v 0.111443 0.731225 0.014703
v 0.110942 0.732877 0.014638
v 0.111899 0.732877 0.000031
v 0.110278 0.734363 -0.014487
v 0.106651 0.735646 -0.028546
v 0.101140 0.736688 -0.041861
v 0.093906 0.737463 -0.054185
v 0.077761 0.717785 0.077794
v 0.087246 0.717785 0.066978
v 0.095997 0.719042 0.055456
v 0.103638 0.722144 0.042960
v 0.108355 0.722144 0.029065
v 0.111630 0.723904 0.014728
v 0.112876 0.727609 0.000031
v 0.111910 0.727609 -0.014701
v 0.108892 0.729453 -0.029146
v 0.103848 0.731225 -0.042984
v 0.103382 0.732877 -0.042791
v 0.096908 0.732877 -0.055918
v 0.088244 0.734363 -0.067680
v 0.066643 0.736688 -0.086819
v 0.066010 0.737463 -0.085994
v 0.054217 0.737463 -0.093874
v -0.035682 0.737949 -0.100950
v -0.027777 0.737949 -0.103633
v -0.018100 0.737949 -0.105559
v -0.014008 0.737949 -0.106373
v 0.000000 0.737949 -0.107291
v -0.080391 0.737949 -0.070722
v -0.075888 0.737949 -0.075857
v -0.076674 0.737463 -0.076642
v -0.066643 0.736688 -0.086819
v -0.067329 0.737949 -0.083363
v -0.065334 0.737949 -0.085113
v -0.104702 0.737949 -0.022537
v -0.103666 0.737949 -0.027745
v -0.104738 0.737463 -0.028033
v -0.101140 0.736688 -0.041861
v -0.088776 0.732877 -0.068089
v -0.106404 0.737949 0.014040
v -0.106429 0.737949 0.013662
v -0.105743 0.736688 0.028365
v -0.110942 0.732877 -0.014574
v -0.104152 0.729453 -0.043109
v -0.028463 0.717785 -0.106193
v -0.014225 0.716771 -0.108019
v -0.101140 0.736688 0.041925
v -0.067931 0.720509 -0.088499
v -0.059971 0.737949 0.088759
v -0.065334 0.737949 0.085176
v -0.066010 0.737463 0.086058
v -0.087597 0.735646 0.067247
v -0.103638 0.722144 -0.042897
v -0.087942 0.719042 -0.067449
v -0.066345 0.716771 -0.086431
v -0.074178 0.737949 0.077420
v -0.075888 0.737949 0.075920
v -0.085144 0.737949 0.065365
v -0.103848 0.731225 0.043047
v -0.066643 0.736688 0.086882
v -0.009088 0.737949 0.106758
v -0.014008 0.737949 0.106436
v -0.014153 0.737463 0.107537
v -0.028334 0.736688 0.105774
v -0.042253 0.735646 0.102041
v -0.068120 0.732877 0.088807
v -0.079483 0.731225 0.079514
v -0.104240 0.725742 0.043209
v -0.111590 0.720509 0.000031
v -0.109900 0.719042 -0.014437
v -0.106225 0.717785 -0.028431
v -0.027033 0.737949 0.103845
v -0.105270 0.716771 -0.028176
v -0.110635 0.720509 0.014597
v 0.000000 0.736688 0.109505
v -0.103638 0.722144 0.042960
v -0.109972 0.717785 0.000031
v 0.059971 0.737949 0.088759
v 0.053661 0.737949 0.092975
v 0.041894 0.736688 0.101171
v -0.088530 0.720509 0.067963
v -0.105270 0.716771 0.028238
v 0.044131 0.737949 0.097675
v 0.054736 0.736688 0.094839
v 0.014606 0.732877 0.110973
v 0.095629 0.737949 0.048249
v 0.092944 0.737949 0.053693
v 0.086851 0.736688 0.066675
v 0.043016 0.731225 0.103881
v 0.085144 0.737949 0.065365
v 0.075888 0.737949 0.075920
v 0.103666 0.737949 0.027809
v 0.102446 0.737949 0.031400
v 0.108536 0.736688 0.014321
v 0.089177 0.731225 0.068460
v 0.056414 0.725742 0.097744
v 0.014565 0.720509 0.110667
v -0.014225 0.716771 0.108083
v 0.000000 0.717785 0.110003
v 0.014469 0.719042 0.109932
v 0.028881 0.720509 0.107819
v 0.042928 0.722144 0.103670
v 0.107440 0.734363 0.028820
v 0.109473 0.736688 0.000031
v 0.103848 0.731225 0.043047
v 0.080391 0.737949 -0.070722
v 0.085144 0.737949 -0.065302
v 0.086026 0.737463 -0.065978
v 0.094806 0.736688 -0.054705
v 0.107440 0.734363 -0.028757
v 0.110942 0.732877 -0.014574
v 0.104240 0.725742 0.043209
v 0.067480 0.719042 0.087973
v 0.091259 0.737949 -0.056152
v 0.086851 0.736688 -0.066611
v 0.088530 0.720509 0.067963
v 0.054492 0.716771 0.094414
v 0.035682 0.737949 -0.100950
v 0.041070 0.737949 -0.099121
v 0.054736 0.736688 -0.094775
v 0.088776 0.732877 -0.068089
v 0.065334 0.737949 -0.085113
v 0.027777 0.737949 -0.103633
v 0.014153 0.737463 -0.107474
v 0.014008 0.737949 -0.106373
v 0.018100 0.737949 -0.105559
v 0.014354 0.717785 -0.108999
v 0.014565 0.720509 -0.110603
v 0.014642 0.722144 -0.111185
v 0.014734 0.727609 -0.111878
v 0.014606 0.732877 -0.110911
v 0.014518 0.734363 -0.110246
v 0.000000 0.740407 -0.098997
v -0.016736 0.740407 -0.097572
v -0.032991 0.740407 -0.093340
v -0.048296 0.740407 -0.086421
v -0.062212 0.740407 -0.077016
v -0.074338 0.740407 -0.065394
v -0.084326 0.740407 -0.051889
v -0.091887 0.740407 -0.036891
v -0.096806 0.740407 -0.020831
v -0.098939 0.740407 -0.004171
v -0.098226 0.740407 0.012610
v -0.094688 0.740407 0.029029
v -0.088425 0.740407 0.044615
v -0.079619 0.740407 0.058917
v -0.068521 0.740407 0.071526
v -0.055454 0.740407 0.082078
v -0.040790 0.740407 0.090269
v -0.024953 0.740407 0.095865
v -0.008399 0.740407 0.098703
v 0.008399 0.740407 0.098703
v 0.024953 0.740407 0.095865
v 0.040790 0.740407 0.090269
v 0.055454 0.740407 0.082078
v 0.068521 0.740407 0.071526
v 0.079619 0.740407 0.058917
v 0.088425 0.740407 0.044615
v 0.094688 0.740407 0.029029
v 0.098226 0.740407 0.012610
v 0.098939 0.740407 -0.004171
v 0.096806 0.740407 -0.020831
v 0.091887 0.740407 -0.036891
v 0.084326 0.740407 -0.051889
v 0.074338 0.740407 -0.065394
v 0.062212 0.740407 -0.077016
v 0.048296 0.740407 -0.086421
v 0.032991 0.740407 -0.093340
v 0.016736 0.740407 -0.097572
v -0.013859 0.763119 -0.098579
v -0.027448 0.763119 -0.095691
v -0.016795 0.763119 -0.097955
v -0.040503 0.763119 -0.090939
v -0.033093 0.763119 -0.093636
v -0.052770 0.763119 -0.084417
v -0.048461 0.763119 -0.086708
v -0.074696 0.763119 -0.065714
v -0.064009 0.763119 -0.076251
v -0.062491 0.763119 -0.077353
v -0.082556 0.763119 -0.055653
v -0.084620 0.763119 -0.052077
v -0.089502 0.763119 -0.043621
v -0.092175 0.763119 -0.037007
v -0.094706 0.763119 -0.030740
v -0.097160 0.763119 -0.020902
v -0.098068 0.763119 -0.017260
v -0.099441 0.763119 -0.004189
v -0.099035 0.763119 0.010441
v -0.096622 0.763119 0.024123
v -0.098644 0.763119 0.012658
v -0.092329 0.763119 0.037336
v -0.094998 0.763119 0.029121
v -0.086239 0.763119 0.049822
v -0.088708 0.763119 0.044761
v -0.068887 0.763119 0.071905
v -0.078470 0.763119 0.061340
v -0.079939 0.763119 0.059163
v -0.058532 0.763119 0.080594
v -0.055668 0.763119 0.082384
v -0.046750 0.763119 0.087956
v -0.040920 0.763119 0.090552
v -0.034059 0.763119 0.093607
v -0.025033 0.763119 0.096195
v -0.020704 0.763119 0.097436
v -0.008432 0.763119 0.099161
v -0.006946 0.763119 0.099369
v 0.006946 0.763119 0.099369
v 0.020704 0.763119 0.097436
v 0.008432 0.763119 0.099161
v 0.034059 0.763119 0.093607
v 0.025033 0.763119 0.096195
v 0.046750 0.763119 0.087956
v 0.040920 0.763119 0.090552
v 0.058532 0.763119 0.080594
v 0.055668 0.763119 0.082384
v 0.079939 0.763119 0.059163
v 0.078470 0.763119 0.061340
v 0.069174 0.763119 0.071664
v 0.086239 0.763119 0.049822
v 0.088708 0.763119 0.044761
v 0.096622 0.763119 0.024123
v 0.094998 0.763119 0.029121
v 0.092329 0.763119 0.037336
v 0.099441 0.763119 -0.004189
v 0.099035 0.763119 0.010441
v 0.098644 0.763119 0.012658
v 0.098068 0.763119 -0.017260
v 0.097160 0.763119 -0.020902
v 0.094706 0.763119 -0.030740
v 0.092175 0.763119 -0.037007
v 0.089502 0.763119 -0.043621
v 0.084620 0.763119 -0.052077
v 0.082556 0.763119 -0.055653
v 0.074696 0.763119 -0.065714
v 0.064009 0.763119 -0.076251
v 0.052770 0.763119 -0.084417
v 0.062491 0.763119 -0.077353
v 0.040503 0.763119 -0.090939
v 0.048461 0.763119 -0.086708
v 0.027448 0.763119 -0.095691
v 0.033093 0.763119 -0.093636
v 0.000000 0.763119 -0.099549
v 0.013859 0.763119 -0.098579
v 0.016795 0.763119 -0.097955
v 0.041827 0.785831 -0.074834
v 0.045546 0.785831 -0.072857
v 0.046729 0.785550 -0.074751
v 0.053937 0.785831 -0.066761
v 0.055247 0.785831 -0.065809
v 0.079557 0.785831 -0.031937
v 0.081743 0.785831 -0.026527
v 0.083866 0.785550 -0.027218
v 0.083860 0.785831 -0.018036
v 0.084644 0.785831 -0.014893
v 0.086842 0.785550 -0.015281
v 0.059458 0.785831 0.062067
v 0.050520 0.785831 0.069567
v 0.051832 0.785550 0.071373
v 0.048048 0.785831 0.071111
v 0.040351 0.785831 0.075921
v 0.041399 0.785550 0.077892
v -0.007278 0.785831 0.085592
v -0.017870 0.785831 0.084103
v -0.085829 0.785831 -0.003611
v -0.084644 0.785831 -0.014893
v -0.086842 0.785550 -0.015281
v -0.083860 0.785831 -0.018036
v -0.081743 0.785831 -0.026527
v -0.083866 0.785550 -0.027218
v -0.079557 0.785831 -0.031937
v -0.077251 0.785831 -0.037646
v 0.068828 0.770137 0.071306
v 0.077479 0.773430 0.060566
v 0.078078 0.770137 0.061033
v 0.084216 0.776468 0.048654
v 0.085150 0.773430 0.049193
v 0.085808 0.770137 0.049573
v 0.088889 0.779178 0.035946
v 0.090163 0.776468 0.036460
v 0.091867 0.770137 0.037149
v 0.092259 0.766672 0.037307
v 0.091436 0.781493 0.022830
v 0.093023 0.779178 0.023225
v 0.094356 0.776468 0.023558
v 0.095403 0.773430 0.023819
v 0.096139 0.770137 0.024002
v -0.013115 0.781493 -0.093286
v 0.000000 0.781493 -0.094203
v 0.091871 0.783355 0.009688
v 0.093719 0.781493 0.009882
v 0.096711 0.776468 0.010197
v 0.098540 0.770137 0.010389
v -0.063689 0.770137 -0.075869
v -0.073633 0.770137 -0.066267
v -0.073068 0.773430 -0.065759
v -0.081513 0.773430 -0.054950
v -0.080619 0.776468 -0.054346
v -0.087402 0.776468 -0.042597
v -0.086168 0.779178 -0.041994
v -0.091178 0.779178 -0.029594
v -0.089622 0.781493 -0.029088
v -0.092803 0.781493 -0.016332
v -0.090974 0.783355 -0.016009
v -0.092321 0.783355 -0.003192
v -0.078078 0.770137 0.061033
v -0.068828 0.770137 0.071306
v -0.068301 0.773430 0.070760
v -0.057793 0.773430 0.079577
v -0.045654 0.776468 0.085894
v -0.045008 0.779178 0.084681
v -0.032789 0.779178 0.090121
v -0.032230 0.781493 0.088584
v -0.019592 0.781493 0.092207
v -0.019206 0.783355 0.090391
v -0.006444 0.783355 0.092184
v -0.006912 0.770137 0.098873
v 0.006912 0.770137 0.098873
v 0.006858 0.773430 0.098115
v 0.020443 0.773430 0.096207
v 0.020218 0.776468 0.095151
v 0.033260 0.776468 0.091411
v 0.032789 0.779178 0.090121
v 0.045008 0.779178 0.084681
v 0.044241 0.781493 0.083236
v 0.055390 0.781493 0.076270
v 0.054298 0.783355 0.074766
v 0.064171 0.783355 0.066482
v 0.090288 0.784719 -0.003121
v 0.094177 0.781493 -0.003257
v 0.097185 0.776468 -0.003362
v 0.099022 0.770137 -0.003426
v -0.052506 0.770137 -0.083995
v -0.063201 0.773430 -0.075288
v -0.079480 0.779178 -0.053578
v -0.087856 0.783355 -0.028514
v -0.088128 0.785550 -0.003045
v -0.092259 0.766672 0.037307
v -0.085808 0.770137 0.049573
v -0.077479 0.773430 0.060566
v -0.067551 0.776468 0.069983
v -0.056351 0.779178 0.077593
v -0.044241 0.781493 0.083236
v -0.031595 0.783355 0.086838
v -0.018783 0.784719 0.088401
v -0.006151 0.785550 0.087999
v -0.020601 0.770137 0.096949
v -0.006858 0.773430 0.098115
v 0.019933 0.779178 0.093807
v 0.032230 0.781493 0.088584
v 0.043368 0.783355 0.081596
v 0.053102 0.784719 0.073121
v 0.090974 0.783355 -0.016009
v 0.092803 0.781493 -0.016332
v 0.094414 0.779178 -0.016616
v 0.095766 0.776468 -0.016854
v 0.096830 0.773430 -0.017042
v 0.097577 0.770137 -0.017173
v -0.024306 0.785550 -0.084734
v -0.012273 0.785550 -0.087292
v -0.056682 0.785550 -0.067519
v -0.046729 0.785550 -0.074751
v -0.036746 0.784719 -0.082500
v -0.037573 0.783355 -0.084359
v -0.025462 0.783355 -0.088766
v -0.025975 0.781493 -0.090552
v 0.000000 0.776468 -0.097212
v -0.064471 0.785831 -0.056714
v -0.065532 0.785550 -0.058973
v -0.058071 0.784719 -0.069174
v -0.048953 0.783355 -0.078308
v -0.038329 0.781493 -0.086056
v -0.013533 0.776468 -0.096265
v -0.073106 0.785550 -0.049279
v -0.074897 0.784719 -0.050487
v -0.068649 0.783355 -0.061780
v -0.059379 0.783355 -0.070732
v -0.060573 0.781493 -0.072156
v -0.049937 0.781493 -0.079883
v -0.050803 0.779178 -0.081271
v -0.038994 0.779178 -0.087550
v -0.039553 0.776468 -0.088805
v -0.026804 0.776468 -0.093445
v -0.013789 0.770137 -0.098086
v 0.000000 0.770137 -0.099051
v -0.085563 0.785550 0.021365
v -0.087699 0.785550 0.009250
v -0.089848 0.784719 0.009476
v -0.089054 0.770137 -0.043403
v -0.094233 0.770137 -0.030586
v -0.093511 0.773430 -0.030351
v -0.096830 0.773430 -0.017042
v -0.095766 0.776468 -0.016854
v -0.097185 0.776468 -0.003362
v -0.095812 0.779178 -0.003314
v -0.095345 0.779178 0.010053
v -0.091436 0.781493 0.022830
v -0.089633 0.783355 0.022380
v -0.085651 0.783355 0.034637
v -0.078239 0.784719 0.045204
v -0.076368 0.785550 0.044123
v -0.069488 0.785550 0.054322
v -0.097577 0.770137 -0.017173
v -0.096711 0.776468 0.010197
v -0.093023 0.779178 0.023225
v -0.087373 0.781493 0.035333
v -0.080001 0.783355 0.046220
v -0.071191 0.784719 0.055652
v -0.061256 0.785550 0.063465
v -0.099022 0.770137 -0.003426
v -0.098540 0.770137 0.010389
v -0.095403 0.773430 0.023819
v -0.094356 0.776468 0.023558
v -0.090163 0.776468 0.036460
v -0.083026 0.779178 0.047967
v -0.074258 0.781493 0.058049
v -0.064171 0.783355 0.066482
v -0.053102 0.784719 0.073121
v -0.051832 0.785550 0.071373
v -0.041399 0.785550 0.077892
v 0.018334 0.785550 0.086288
v 0.006151 0.785550 0.087999
v 0.006302 0.784719 0.090155
v 0.076368 0.785550 0.044123
v 0.069488 0.785550 0.054322
v 0.071191 0.784719 0.055652
v 0.033888 0.770137 0.093139
v 0.046516 0.770137 0.087517
v 0.046160 0.773430 0.086847
v 0.057793 0.773430 0.079577
v 0.067551 0.776468 0.069983
v 0.066597 0.779178 0.068996
v 0.075547 0.779178 0.059056
v 0.074258 0.781493 0.058049
v 0.081609 0.781493 0.047150
v 0.080001 0.783355 0.046220
v 0.085651 0.783355 0.034637
v 0.087659 0.784719 0.021888
v 0.085563 0.785550 0.021365
v 0.087699 0.785550 0.009250
v 0.058239 0.770137 0.080191
v 0.068301 0.773430 0.070760
v 0.076629 0.776468 0.059901
v 0.088128 0.785550 -0.003045
v 0.085897 0.785831 -0.002968
v 0.000000 0.783355 -0.092345
v 0.000000 0.785550 -0.088150
v -0.011962 0.785831 -0.085081
v 0.000000 0.785831 -0.085918
v -0.041827 0.785831 -0.074834
v -0.034959 0.785831 -0.078486
v -0.035867 0.785550 -0.080526
v -0.012856 0.783355 -0.091446
v -0.028563 0.785831 -0.080815
v -0.023691 0.785831 -0.082588
v -0.014496 0.785831 -0.084543
v -0.053937 0.785831 -0.066761
v -0.045546 0.785831 -0.072857
v -0.071255 0.785831 -0.048030
v -0.073037 0.785831 -0.044944
v -0.081199 0.784719 -0.039571
v -0.070030 0.781493 -0.063023
v -0.061624 0.779178 -0.073409
v -0.051531 0.776468 -0.082435
v -0.039992 0.773430 -0.089791
v -0.027310 0.770137 -0.095212
v -0.071245 0.779178 -0.064117
v -0.052103 0.773430 -0.083351
v -0.040300 0.770137 -0.090485
v -0.085478 0.785831 0.009016
v -0.076565 0.785831 0.038638
v -0.079691 0.785831 0.032229
v -0.081761 0.785550 0.033066
v -0.094414 0.779178 -0.016616
v -0.092485 0.776468 -0.030018
v -0.082143 0.770137 -0.055374
v -0.081995 0.785831 0.025139
v -0.083397 0.785831 0.020825
v -0.067729 0.785831 0.052948
v -0.068997 0.785831 0.051069
v -0.050520 0.785831 0.069567
v -0.021607 0.785831 0.083032
v -0.029396 0.785831 0.080798
v -0.030160 0.785550 0.082896
v -0.054298 0.783355 0.074766
v -0.065461 0.781493 0.067819
v -0.075547 0.779178 0.059056
v -0.084216 0.776468 0.048654
v -0.096139 0.770137 0.024002
v -0.035318 0.785831 0.078162
v -0.040351 0.785831 0.075921
v -0.048048 0.785831 0.071111
v -0.030899 0.784719 0.084926
v -0.043368 0.783355 0.081596
v -0.055390 0.781493 0.076270
v -0.076629 0.776468 0.059901
v -0.085150 0.773430 0.049193
v -0.091867 0.770137 0.037149
v 0.005996 0.785831 0.085772
v 0.035318 0.785831 0.078162
v 0.029396 0.785831 0.080798
v 0.030160 0.785550 0.082896
v 0.018783 0.784719 0.088401
v -0.006574 0.781493 0.094038
v -0.019933 0.779178 0.093807
v -0.033260 0.776468 0.091411
v -0.046160 0.773430 0.086847
v -0.058239 0.770137 0.080191
v 0.021607 0.785831 0.083032
v 0.030899 0.784719 0.084926
v 0.019206 0.783355 0.090391
v 0.006574 0.781493 0.094038
v -0.020218 0.776468 0.095151
v -0.046516 0.770137 0.087517
v 0.031595 0.783355 0.086838
v 0.019592 0.781493 0.092207
v -0.020443 0.773430 0.096207
v -0.033888 0.770137 0.093139
v 0.067729 0.785831 0.052948
v 0.081995 0.785831 0.025139
v 0.079691 0.785831 0.032229
v 0.081761 0.785550 0.033066
v 0.078239 0.784719 0.045204
v 0.056351 0.779178 0.077593
v 0.045653 0.776468 0.085894
v 0.020601 0.770137 0.096949
v 0.076565 0.785831 0.038638
v 0.068997 0.785831 0.051069
v 0.085478 0.785831 0.009016
v 0.083397 0.785831 0.020825
v 0.094233 0.770137 -0.030586
v 0.093511 0.773430 -0.030351
v 0.092485 0.776468 -0.030018
v 0.091178 0.779178 -0.029594
v 0.089622 0.781493 -0.029088
v 0.087856 0.783355 -0.028514
v 0.089054 0.770137 -0.043403
v 0.088372 0.773430 -0.043070
v 0.086168 0.779178 -0.041994
v 0.083028 0.783355 -0.040463
v 0.079258 0.785550 -0.038624
v 0.073106 0.785550 -0.049279
v 0.071255 0.785831 -0.048030
v 0.073037 0.785831 -0.044944
v 0.082143 0.770137 -0.055374
v 0.081513 0.773430 -0.054950
v 0.080619 0.776468 -0.054346
v 0.079480 0.779178 -0.053578
v 0.076584 0.783355 -0.051624
v 0.065532 0.785550 -0.058973
v 0.063873 0.785831 -0.057480
v 0.073633 0.770137 -0.066267
v 0.073068 0.773430 -0.065759
v 0.071245 0.779178 -0.064117
v 0.070030 0.781493 -0.063023
v 0.068649 0.783355 -0.061780
v 0.063689 0.770137 -0.075869
v 0.063201 0.773430 -0.075288
v 0.061624 0.779178 -0.073409
v 0.060573 0.781493 -0.072156
v 0.059379 0.783355 -0.070732
v 0.058071 0.784719 -0.069174
v 0.052506 0.770137 -0.083995
v 0.052103 0.773430 -0.083351
v 0.051531 0.776468 -0.082435
v 0.050803 0.779178 -0.081271
v 0.049937 0.781493 -0.079883
v 0.048953 0.783355 -0.078308
v 0.040300 0.770137 -0.090485
v 0.039992 0.773430 -0.089791
v 0.039553 0.776468 -0.088805
v 0.038994 0.779178 -0.087550
v 0.038329 0.781493 -0.086056
v 0.037573 0.783355 -0.084359
v 0.036746 0.784719 -0.082500
v 0.035867 0.785550 -0.080526
v 0.034959 0.785831 -0.078486
v 0.024306 0.785550 -0.084734
v 0.023691 0.785831 -0.082588
v 0.028563 0.785831 -0.080815
v 0.027310 0.770137 -0.095212
v 0.027102 0.773430 -0.094482
v 0.026425 0.779178 -0.092125
v 0.025462 0.783355 -0.088766
v 0.012273 0.785550 -0.087292
v 0.011962 0.785831 -0.085081
v 0.014496 0.785831 -0.084543
v 0.013789 0.770137 -0.098086
v 0.013684 0.773430 -0.097335
v 0.013343 0.779178 -0.094906
v 0.012856 0.783355 -0.091446
v 0.012116 0.819898 -0.086176
v 0.000000 0.819898 -0.087023
v -0.012116 0.819898 -0.086176
v -0.014683 0.819898 -0.085631
v -0.023996 0.819898 -0.083651
v -0.028931 0.819898 -0.081855
v -0.035409 0.819898 -0.079496
v -0.042365 0.819898 -0.075797
v -0.046132 0.819898 -0.073795
v -0.054631 0.819898 -0.067620
v -0.055958 0.819898 -0.066656
v -0.064695 0.819898 -0.058219
v -0.072172 0.819898 -0.048648
v -0.073977 0.819898 -0.045523
v -0.078245 0.819898 -0.038130
v -0.080581 0.819898 -0.032348
v -0.082795 0.819898 -0.026869
v -0.084940 0.819898 -0.018268
v -0.085733 0.819898 -0.015085
v -0.086934 0.819898 -0.003658
v -0.086578 0.819898 0.009132
v -0.084470 0.819898 0.021093
v -0.083050 0.819898 0.025463
v -0.080717 0.819898 0.032644
v -0.077550 0.819898 0.039136
v -0.075393 0.819898 0.043560
v -0.069885 0.819898 0.051726
v -0.068601 0.819898 0.053629
v -0.060474 0.819898 0.062655
v -0.051170 0.819898 0.070462
v -0.048667 0.819898 0.072026
v -0.040870 0.819898 0.076898
v -0.035773 0.819898 0.079167
v -0.029775 0.819898 0.081838
v -0.021885 0.819898 0.084101
v -0.018100 0.819898 0.085186
v -0.007372 0.819898 0.086694
v 0.006073 0.819898 0.086876
v 0.018100 0.819898 0.085186
v 0.021885 0.819898 0.084101
v 0.029775 0.819898 0.081838
v 0.035773 0.819898 0.079167
v 0.040870 0.819898 0.076898
v 0.048667 0.819898 0.072026
v 0.051170 0.819898 0.070462
v 0.060223 0.819898 0.062865
v 0.068601 0.819898 0.053629
v 0.069885 0.819898 0.051726
v 0.075393 0.819898 0.043560
v 0.077550 0.819898 0.039136
v 0.080717 0.819898 0.032644
v 0.083050 0.819898 0.025463
v 0.084470 0.819898 0.021093
v 0.086237 0.819898 0.011071
v 0.087002 0.819898 -0.003006
v 0.085733 0.819898 -0.015085
v 0.084940 0.819898 -0.018268
v 0.082795 0.819898 -0.026869
v 0.080581 0.819898 -0.032348
v 0.078245 0.819898 -0.038130
v 0.073977 0.819898 -0.045523
v 0.072172 0.819898 -0.048648
v 0.065301 0.819898 -0.057444
v 0.055958 0.819898 -0.066656
v 0.054631 0.819898 -0.067620
v 0.046132 0.819898 -0.073795
v 0.042365 0.819898 -0.075797
v 0.035409 0.819898 -0.079496
v 0.028931 0.819898 -0.081855
v 0.023996 0.819898 -0.083651
v 0.014683 0.819898 -0.085631
v 0.012708 0.865012 -0.090386
v 0.025167 0.865012 -0.087738
v 0.037139 0.865012 -0.083381
v 0.048386 0.865012 -0.077400
v 0.067855 0.865012 -0.061064
v 0.075698 0.865012 -0.051025
v 0.082067 0.865012 -0.039993
v 0.086839 0.865012 -0.028182
v 0.089921 0.865012 -0.015822
v 0.091252 0.865012 -0.003153
v 0.090808 0.865012 0.009577
v 0.088596 0.865012 0.022123
v 0.084659 0.865012 0.034238
v 0.071952 0.865012 0.056248
v 0.053669 0.865012 0.073903
v 0.042867 0.865012 0.080654
v 0.031229 0.865012 0.085834
v 0.006369 0.865012 0.091119
v -0.006369 0.865012 0.091119
v -0.031229 0.865012 0.085834
v -0.042867 0.865012 0.080654
v -0.053669 0.865012 0.073903
v -0.071952 0.865012 0.056248
v -0.084659 0.865012 0.034238
v -0.088596 0.865012 0.022123
v -0.090808 0.865012 0.009577
v -0.091252 0.865012 -0.003153
v -0.089921 0.865012 -0.015822
v -0.086839 0.865012 -0.028182
v -0.082067 0.865012 -0.039993
v -0.075698 0.865012 -0.051025
v -0.067855 0.865012 -0.061064
v -0.048386 0.865012 -0.077400
v -0.037139 0.865012 -0.083381
v -0.085077 0.820209 -0.027611
v 0.012450 0.820209 -0.088552
v 0.024657 0.820209 -0.085958
v 0.036385 0.820209 -0.081689
v 0.066478 0.820209 -0.059825
v 0.088965 0.820209 0.009383
v 0.086798 0.820209 0.021674
v 0.082942 0.820209 0.033543
v 0.041997 0.820209 0.079017
v -0.006240 0.820209 0.089270
v -0.070492 0.820209 0.055107
v -0.074162 0.820209 -0.049990
v -0.066478 0.820209 -0.059825
v -0.024657 0.820209 -0.085958
v -0.012450 0.820209 -0.088552
v -0.047404 0.820209 -0.075830
v -0.088096 0.820209 -0.015501
v -0.088965 0.820209 0.009383
v -0.086798 0.820209 0.021674
v -0.052580 0.820209 0.072403
v -0.041997 0.820209 0.079017
v 0.006240 0.820209 0.089270
v 0.052580 0.820209 0.072403
v 0.070492 0.820209 0.055107
v 0.089401 0.820209 -0.003089
v 0.088096 0.820209 -0.015501
v 0.085077 0.820209 -0.027611
v 0.074162 0.820209 -0.049990
v 0.047404 0.820209 -0.075830
v -0.092639 0.822635 -0.016302
v -0.096101 0.824687 -0.003324
v -0.094011 0.822635 -0.003251
v -0.091758 0.821129 -0.003172
v -0.089401 0.820209 -0.003089
v -0.097496 0.827228 0.010280
v -0.095634 0.824687 0.010084
v -0.093553 0.822635 0.009865
v -0.091311 0.821129 0.009629
v -0.096676 0.830188 0.024137
v -0.095121 0.827228 0.023749
v -0.093303 0.824687 0.023296
v -0.089086 0.821129 0.022244
v -0.093578 0.833486 0.037841
v -0.092382 0.830188 0.037357
v -0.090895 0.827228 0.036756
v -0.089158 0.824687 0.036054
v -0.087219 0.822635 0.035271
v -0.085128 0.821129 0.034426
v -0.082942 0.820209 0.033543
v -0.088223 0.837034 0.050968
v -0.087406 0.833486 0.050496
v -0.086288 0.830188 0.049851
v -0.084899 0.827228 0.049049
v -0.083277 0.824687 0.048112
v -0.081466 0.822635 0.047067
v -0.079513 0.821129 0.045940
v -0.080723 0.840735 0.063101
v -0.079532 0.833486 0.062170
v -0.078515 0.830188 0.061375
v -0.075775 0.824687 0.059234
v -0.074127 0.822635 0.057947
v -0.072350 0.821129 0.056559
v -0.071283 0.844485 0.073848
v -0.071160 0.840735 0.073722
v -0.070110 0.833486 0.072634
v -0.069213 0.830188 0.071705
v -0.068099 0.827228 0.070551
v -0.066798 0.824687 0.069204
v -0.065345 0.822635 0.067700
v -0.063779 0.821129 0.066078
v -0.060185 0.848186 0.082871
v -0.060316 0.844485 0.083051
v -0.060212 0.840735 0.082908
v -0.059324 0.833486 0.081685
v -0.058565 0.830188 0.080640
v -0.056521 0.824687 0.077828
v -0.055292 0.822635 0.076135
v -0.053967 0.821129 0.074312
v -0.047781 0.851734 0.089895
v -0.048175 0.844485 0.090638
v -0.048093 0.840735 0.090482
v -0.047383 0.833486 0.089146
v -0.046776 0.830188 0.088007
v -0.046023 0.827228 0.086591
v -0.045144 0.824687 0.084936
v -0.044163 0.822635 0.083090
v -0.034468 0.855032 0.094732
v -0.034809 0.851734 0.095671
v -0.035097 0.844485 0.096460
v -0.035037 0.840735 0.096294
v -0.034519 0.833486 0.094874
v -0.034078 0.830188 0.093660
v -0.033530 0.827228 0.092154
v -0.032888 0.824687 0.090393
v -0.031402 0.821129 0.086309
v -0.030595 0.820209 0.084093
v -0.020672 0.857992 0.097285
v -0.020952 0.855032 0.098608
v -0.021161 0.851734 0.099584
v -0.021335 0.844485 0.100406
v -0.021298 0.840735 0.100234
v -0.020984 0.833486 0.098755
v -0.020715 0.830188 0.097492
v -0.019993 0.824687 0.094092
v -0.019089 0.821129 0.089840
v -0.006819 0.860534 0.097546
v -0.006935 0.857992 0.099215
v -0.007030 0.855032 0.100565
v -0.007100 0.851734 0.101560
v -0.007143 0.848186 0.102177
v -0.007158 0.844485 0.102398
v -0.007146 0.840735 0.102222
v -0.007041 0.833486 0.100714
v -0.006950 0.830188 0.099427
v -0.006708 0.824687 0.095958
v -0.006562 0.822635 0.093872
v -0.006404 0.821129 0.091623
v 0.006683 0.862585 0.095605
v 0.006819 0.860534 0.097546
v 0.006935 0.857992 0.099215
v 0.007030 0.855032 0.100565
v 0.007100 0.851734 0.101560
v 0.007143 0.848186 0.102177
v 0.007158 0.844485 0.102398
v 0.007146 0.840735 0.102222
v 0.007041 0.833486 0.100714
v 0.006950 0.830188 0.099427
v 0.006708 0.824687 0.095958
v 0.006562 0.822635 0.093872
v 0.006404 0.821129 0.091623
v 0.019468 0.864092 0.091624
v 0.019919 0.862585 0.093744
v 0.020324 0.860534 0.095649
v 0.020672 0.857992 0.097285
v 0.020952 0.855032 0.098608
v 0.021161 0.851734 0.099584
v 0.021335 0.844485 0.100406
v 0.021298 0.840735 0.100234
v 0.020984 0.833486 0.098755
v 0.020715 0.830188 0.097492
v 0.019993 0.824687 0.094092
v 0.019089 0.821129 0.089840
v 0.032026 0.864092 0.088023
v 0.032767 0.862585 0.090060
v 0.033433 0.860534 0.091889
v 0.034005 0.857992 0.093462
v 0.034468 0.855032 0.094732
v 0.034809 0.851734 0.095671
v 0.035097 0.844485 0.096460
v 0.035037 0.840735 0.096294
v 0.034519 0.833486 0.094874
v 0.034078 0.830188 0.093660
v 0.033530 0.827228 0.092154
v 0.032888 0.824687 0.090393
v 0.031402 0.821129 0.086309
v 0.030595 0.820209 0.084093
v -0.025167 0.865012 -0.087738
v -0.012708 0.865012 -0.090386
v 0.000000 0.862585 -0.095772
v 0.000000 0.865012 -0.091274
v -0.025810 0.864092 -0.089976
v -0.013333 0.862585 -0.094839
v 0.000000 0.860534 -0.097718
v -0.038086 0.864092 -0.085508
v -0.013604 0.860534 -0.096767
v 0.000000 0.857992 -0.099391
v -0.038967 0.862585 -0.087489
v -0.026944 0.860534 -0.093931
v 0.000000 0.855032 -0.100745
v -0.060189 0.864092 -0.071697
v -0.050769 0.862585 -0.081214
v -0.039759 0.860534 -0.089268
v -0.014026 0.855032 -0.099764
v 0.000000 0.851734 -0.101742
v -0.061582 0.862585 -0.073357
v -0.051800 0.860534 -0.082865
v -0.040439 0.857992 -0.090796
v -0.027778 0.855032 -0.096840
v -0.014165 0.851734 -0.100752
v 0.000000 0.848186 -0.102360
v -0.077628 0.864092 -0.052328
v -0.071196 0.862585 -0.064072
v -0.062834 0.860534 -0.074849
v -0.052687 0.857992 -0.084284
v -0.040990 0.855032 -0.092032
v -0.028053 0.851734 -0.097800
v 0.000000 0.844485 -0.102583
v -0.084160 0.864092 -0.041015
v -0.072644 0.860534 -0.065375
v -0.063909 0.857992 -0.076130
v -0.053404 0.855032 -0.085431
v -0.041396 0.851734 -0.092943
v -0.014281 0.844485 -0.101584
v 0.000000 0.840735 -0.102406
v -0.081040 0.860534 -0.054629
v -0.073886 0.857992 -0.066495
v -0.064778 0.855032 -0.077167
v -0.053932 0.851734 -0.086277
v -0.028284 0.844485 -0.098607
v -0.014257 0.840735 -0.101409
v -0.091116 0.862585 -0.029572
v -0.087859 0.860534 -0.042818
v -0.074892 0.855032 -0.067400
v -0.065420 0.851734 -0.077932
v -0.041738 0.844485 -0.093711
v -0.028236 0.840735 -0.098438
v 0.000000 0.833486 -0.100894
v -0.093579 0.864092 -0.003235
v -0.094349 0.862585 -0.016603
v -0.092967 0.860534 -0.030174
v -0.089362 0.857992 -0.043551
v -0.083548 0.855032 -0.056321
v -0.075634 0.851734 -0.068068
v -0.054378 0.844485 -0.086990
v -0.041666 0.840735 -0.093550
v -0.028079 0.837034 -0.097892
v -0.014047 0.833486 -0.099913
v 0.000000 0.830188 -0.099604
v -0.093124 0.864092 0.009821
v -0.096266 0.860534 -0.016941
v -0.090578 0.855032 -0.044144
v -0.084376 0.851734 -0.056879
v -0.076093 0.848186 -0.068481
v -0.065960 0.844485 -0.078575
v -0.054284 0.840735 -0.086840
v -0.027819 0.833486 -0.096985
v -0.013867 0.830188 -0.098634
v -0.090855 0.864092 0.022686
v -0.097692 0.860534 -0.003379
v -0.095845 0.855032 -0.031109
v -0.091475 0.851734 -0.044583
v -0.076259 0.844485 -0.068630
v -0.065847 0.840735 -0.078440
v -0.041051 0.833486 -0.092169
v -0.027463 0.830188 -0.095744
v -0.013644 0.827228 -0.097046
v 0.000000 0.824687 -0.096127
v -0.086819 0.864092 0.035110
v -0.092959 0.862585 0.023211
v -0.097216 0.860534 0.010251
v -0.099363 0.857992 -0.003437
v -0.099246 0.855032 -0.017466
v -0.096794 0.851734 -0.031417
v -0.085072 0.844485 -0.057349
v -0.076128 0.840735 -0.068512
v -0.053483 0.833486 -0.085559
v -0.040526 0.830188 -0.090990
v -0.027021 0.827228 -0.094203
v -0.013383 0.824687 -0.095192
v 0.000000 0.822635 -0.094036
v -0.081091 0.864092 0.046852
v -0.094848 0.860534 0.023682
v -0.100716 0.855032 -0.003484
v -0.100229 0.851734 -0.017640
v -0.092230 0.844485 -0.044950
v -0.084926 0.840735 -0.057251
v -0.064875 0.833486 -0.077282
v -0.052800 0.830188 -0.084464
v -0.039874 0.827228 -0.089525
v -0.026505 0.824687 -0.092402
v -0.013092 0.822635 -0.093120
v 0.000000 0.821129 -0.091781
v -0.073787 0.864092 0.057682
v -0.082969 0.862585 0.047936
v -0.090634 0.860534 0.036651
v -0.096471 0.857992 0.024086
v -0.100225 0.855032 0.010567
v -0.101713 0.851734 -0.003519
v -0.097594 0.844485 -0.031677
v -0.092072 0.840735 -0.044873
v -0.075004 0.833486 -0.067501
v -0.064045 0.830188 -0.076293
v -0.039111 0.824687 -0.087814
v -0.025929 0.822635 -0.090392
v 0.000000 0.820209 -0.089422
v -0.065045 0.864092 0.067390
v -0.084655 0.860534 0.048909
v -0.097783 0.855032 0.024413
v -0.101218 0.851734 0.010672
v -0.102331 0.848186 -0.003541
v -0.101056 0.844485 -0.017786
v -0.097426 0.840735 -0.031623
v -0.091561 0.837034 -0.044625
v -0.083673 0.833486 -0.056405
v -0.074044 0.830188 -0.066637
v -0.063015 0.827228 -0.075065
v -0.050957 0.824687 -0.081516
v -0.025307 0.821129 -0.088224
v -0.055038 0.864092 0.075787
v -0.077029 0.860534 0.060215
v -0.086104 0.857992 0.049745
v -0.093439 0.855032 0.037785
v -0.098752 0.851734 0.024655
v -0.101832 0.848186 0.010736
v -0.102553 0.844485 -0.003548
v -0.100883 0.840735 -0.017756
v -0.090713 0.833486 -0.044211
v -0.082602 0.830188 -0.055683
v -0.072852 0.827228 -0.065564
v -0.061811 0.824687 -0.073630
v -0.037344 0.821129 -0.083844
v -0.056312 0.862585 0.077541
v -0.067904 0.860534 0.070350
v -0.087276 0.855032 0.050422
v -0.094364 0.851734 0.038159
v -0.102054 0.844485 0.010760
v -0.102377 0.840735 -0.003542
v -0.100323 0.837034 -0.017657
v -0.095988 0.833486 -0.031155
v -0.089553 0.830188 -0.043645
v -0.081273 0.827228 -0.054787
v -0.071461 0.824687 -0.064311
v -0.036385 0.820209 -0.081689
v -0.032026 0.864092 0.088023
v -0.044978 0.862585 0.084624
v -0.057457 0.860534 0.079116
v -0.079414 0.855032 0.062078
v -0.088140 0.851734 0.050920
v -0.099568 0.844485 0.024858
v -0.101878 0.840735 0.010741
v -0.099395 0.833486 -0.017493
v -0.094760 0.830188 -0.030757
v -0.088112 0.827228 -0.042942
v -0.079720 0.824687 -0.053740
v -0.059017 0.821129 -0.070301
v -0.019468 0.864092 0.091624
v -0.032767 0.862585 0.090060
v -0.045891 0.860534 0.086342
v -0.058440 0.857992 0.080469
v -0.070006 0.855032 0.072526
v -0.080200 0.851734 0.062692
v -0.095143 0.844485 0.038474
v -0.099397 0.840735 0.024815
v -0.100866 0.833486 -0.003490
v -0.098122 0.830188 -0.017269
v -0.093235 0.827228 -0.030261
v -0.086428 0.824687 -0.042121
v -0.077986 0.822635 -0.052570
v -0.006531 0.864092 0.093442
v -0.019919 0.862585 0.093744
v -0.033433 0.860534 0.091889
v -0.059235 0.855032 0.081563
v -0.070699 0.851734 0.073244
v -0.080687 0.848186 0.063073
v -0.088868 0.844485 0.051341
v -0.094980 0.840735 0.038407
v -0.100375 0.833486 0.010583
v -0.099576 0.830188 -0.003445
v -0.096543 0.827228 -0.016990
v -0.091454 0.824687 -0.029683
v -0.084548 0.822635 -0.041204
v -0.076117 0.821129 -0.051309
v -0.082522 0.821129 -0.040216
v -0.089465 0.822635 -0.029036
v -0.094699 0.824687 -0.016665
v -0.099091 0.830188 0.010448
v -0.097929 0.833486 0.024450
v -0.088715 0.840735 0.051253
v -0.080862 0.844485 0.063209
v -0.059822 0.851734 0.082371
v -0.047312 0.855032 0.089014
v -0.034005 0.857992 0.093462
v -0.020324 0.860534 0.095649
v 0.044163 0.822635 0.083090
v 0.045144 0.824687 0.084936
v 0.046023 0.827228 0.086591
v 0.046776 0.830188 0.088007
v 0.047383 0.833486 0.089146
v 0.047826 0.837034 0.089979
v 0.048175 0.844485 0.090638
v 0.048071 0.848186 0.090440
v 0.047312 0.855032 0.089014
v 0.046677 0.857992 0.087820
v 0.044978 0.862585 0.084624
v 0.053967 0.821129 0.074312
v 0.055292 0.822635 0.076135
v 0.056521 0.824687 0.077828
v 0.057622 0.827228 0.079343
v 0.059324 0.833486 0.081685
v 0.059878 0.837034 0.082448
v 0.060316 0.844485 0.083051
v 0.060185 0.848186 0.082871
v 0.059822 0.851734 0.082371
v 0.059235 0.855032 0.081563
v 0.058440 0.857992 0.080469
v 0.057457 0.860534 0.079116
v 0.056312 0.862585 0.077541
v 0.055038 0.864092 0.075787
v 0.063779 0.821129 0.066078
v 0.065345 0.822635 0.067700
v 0.066798 0.824687 0.069204
v 0.068100 0.827228 0.070551
v 0.069213 0.830188 0.071705
v 0.070110 0.833486 0.072634
v 0.070765 0.837034 0.073313
v 0.071283 0.844485 0.073848
v 0.071128 0.848186 0.073688
v 0.070006 0.855032 0.072526
v 0.069066 0.857992 0.071553
v 0.066551 0.862585 0.068949
v 0.072350 0.821129 0.056559
v 0.074127 0.822635 0.057947
v 0.075775 0.824687 0.059234
v 0.077251 0.827228 0.060388
v 0.079532 0.833486 0.062170
v 0.080275 0.837034 0.062751
v 0.080862 0.844485 0.063209
v 0.080687 0.848186 0.063073
v 0.080200 0.851734 0.062692
v 0.079414 0.855032 0.062078
v 0.078347 0.857992 0.061245
v 0.075495 0.862585 0.059016
v 0.079513 0.821129 0.045940
v 0.081466 0.822635 0.047067
v 0.083277 0.824687 0.048112
v 0.084899 0.827228 0.049049
v 0.086288 0.830188 0.049851
v 0.087406 0.833486 0.050496
v 0.088223 0.837034 0.050968
v 0.088715 0.840735 0.051253
v 0.088868 0.844485 0.051341
v 0.088675 0.848186 0.051230
v 0.087276 0.855032 0.050422
v 0.086104 0.857992 0.049745
v 0.084655 0.860534 0.048909
v 0.082969 0.862585 0.047936
v 0.081091 0.864092 0.046852
v 0.085128 0.821129 0.034426
v 0.087219 0.822635 0.035271
v 0.089158 0.824687 0.036054
v 0.090895 0.827228 0.036756
v 0.092382 0.830188 0.037357
v 0.093578 0.833486 0.037841
v 0.094453 0.837034 0.038195
v 0.095143 0.844485 0.038474
v 0.094937 0.848186 0.038391
v 0.093439 0.855032 0.037785
v 0.092185 0.857992 0.037278
v 0.088828 0.862585 0.035922
v 0.089086 0.821129 0.022244
v 0.091275 0.822635 0.022790
v 0.095121 0.827228 0.023749
v 0.096676 0.830188 0.024137
v 0.097929 0.833486 0.024450
v 0.098845 0.837034 0.024677
v 0.099568 0.844485 0.024858
v 0.099352 0.848186 0.024804
v 0.097783 0.855032 0.024413
v 0.096471 0.857992 0.024086
v 0.094848 0.860534 0.023682
v 0.092959 0.862585 0.023211
v 0.090855 0.864092 0.022686
v 0.091311 0.821129 0.009629
v 0.093553 0.822635 0.009865
v 0.095634 0.824687 0.010084
v 0.097496 0.827228 0.010280
v 0.099091 0.830188 0.010448
v 0.100375 0.833486 0.010583
v 0.101313 0.837034 0.010681
v 0.102054 0.844485 0.010760
v 0.101832 0.848186 0.010736
v 0.101218 0.851734 0.010672
v 0.100225 0.855032 0.010567
v 0.098880 0.857992 0.010426
v 0.095279 0.862585 0.010048
v 0.091758 0.821129 -0.003172
v 0.094011 0.822635 -0.003251
v 0.096101 0.824687 -0.003324
v 0.097973 0.827228 -0.003389
v 0.100866 0.833486 -0.003490
v 0.101809 0.837034 -0.003523
v 0.102553 0.844485 -0.003548
v 0.102331 0.848186 -0.003541
v 0.101713 0.851734 -0.003519
v 0.100716 0.855032 -0.003484
v 0.099363 0.857992 -0.003437
v 0.097692 0.860534 -0.003379
v 0.095746 0.862585 -0.003311
v 0.092639 0.822635 -0.016302
v 0.094699 0.824687 -0.016665
v 0.096543 0.827228 -0.016990
v 0.098122 0.830188 -0.017269
v 0.099395 0.833486 -0.017493
v 0.100323 0.837034 -0.017657
v 0.100883 0.840735 -0.017756
v 0.101056 0.844485 -0.017786
v 0.100837 0.848186 -0.017748
v 0.099246 0.855032 -0.017466
v 0.097914 0.857992 -0.017231
v 0.094349 0.862585 -0.016603
v 0.089465 0.822635 -0.029036
v 0.091454 0.824687 -0.029683
v 0.093235 0.827228 -0.030261
v 0.094760 0.830188 -0.030757
v 0.095988 0.833486 -0.031155
v 0.096885 0.837034 -0.031447
v 0.097594 0.844485 -0.031677
v 0.097381 0.848186 -0.031609
v 0.095845 0.855032 -0.031109
v 0.094558 0.857992 -0.030691
v 0.091116 0.862585 -0.029572
v 0.082522 0.821129 -0.040216
v 0.084548 0.822635 -0.041204
v 0.086428 0.824687 -0.042121
v 0.088112 0.827228 -0.042942
v 0.089553 0.830188 -0.043645
v 0.090713 0.833486 -0.044211
v 0.091561 0.837034 -0.044625
v 0.092072 0.840735 -0.044873
v 0.092230 0.844485 -0.044950
v 0.092030 0.848186 -0.044853
v 0.090578 0.855032 -0.044144
v 0.089362 0.857992 -0.043551
v 0.087859 0.860534 -0.042818
v 0.086109 0.862585 -0.041965
v 0.076117 0.821129 -0.051309
v 0.077986 0.822635 -0.052570
v 0.079720 0.824687 -0.053740
v 0.081273 0.827228 -0.054787
v 0.082602 0.830188 -0.055683
v 0.083673 0.833486 -0.056405
v 0.084455 0.837034 -0.056933
v 0.085072 0.844485 -0.057349
v 0.084888 0.848186 -0.057225
v 0.083548 0.855032 -0.056321
v 0.082426 0.857992 -0.055564
v 0.079425 0.862585 -0.053540
v 0.069906 0.822635 -0.062911
v 0.072852 0.827228 -0.065564
v 0.074044 0.830188 -0.066637
v 0.075004 0.833486 -0.067501
v 0.075705 0.837034 -0.068132
v 0.076259 0.844485 -0.068630
v 0.076093 0.848186 -0.068481
v 0.075634 0.851734 -0.068068
v 0.074892 0.855032 -0.067400
v 0.073886 0.857992 -0.066495
v 0.072644 0.860534 -0.065375
v 0.071196 0.862585 -0.064072
v 0.059017 0.821129 -0.070301
v 0.060466 0.822635 -0.072028
v 0.063015 0.827228 -0.075065
v 0.064045 0.830188 -0.076293
v 0.064875 0.833486 -0.077282
v 0.065481 0.837034 -0.078005
v 0.065960 0.844485 -0.078575
v 0.065817 0.848186 -0.078404
v 0.064778 0.855032 -0.077167
v 0.063909 0.857992 -0.076130
v 0.062834 0.860534 -0.074849
v 0.061582 0.862585 -0.073357
v 0.060189 0.864092 -0.071697
v 0.049849 0.822635 -0.079742
v 0.051949 0.827228 -0.083104
v 0.053483 0.833486 -0.085559
v 0.053983 0.837034 -0.086359
v 0.054378 0.844485 -0.086990
v 0.054260 0.848186 -0.086802
v 0.053404 0.855032 -0.085431
v 0.052687 0.857992 -0.084284
v 0.051800 0.860534 -0.082865
v 0.050769 0.862585 -0.081214
v 0.037344 0.821129 -0.083844
v 0.038261 0.822635 -0.085903
v 0.039874 0.827228 -0.089525
v 0.040526 0.830188 -0.090990
v 0.041051 0.833486 -0.092169
v 0.041435 0.837034 -0.093031
v 0.041738 0.844485 -0.093711
v 0.041647 0.848186 -0.093508
v 0.040990 0.855032 -0.092032
v 0.040439 0.857992 -0.090796
v 0.039759 0.860534 -0.089268
v 0.038967 0.862585 -0.087489
v 0.038086 0.864092 -0.085508
v 0.025307 0.821129 -0.088224
v 0.025929 0.822635 -0.090392
v 0.026505 0.824687 -0.092402
v 0.027021 0.827228 -0.094203
v 0.027463 0.830188 -0.095744
v 0.027819 0.833486 -0.096985
v 0.028079 0.837034 -0.097892
v 0.028236 0.840735 -0.098438
v 0.028284 0.844485 -0.098607
v 0.028223 0.848186 -0.098393
v 0.027778 0.855032 -0.096840
v 0.027405 0.857992 -0.095540
v 0.026407 0.862585 -0.092060
v 0.013092 0.822635 -0.093120
v 0.013383 0.824687 -0.095192
v 0.013644 0.827228 -0.097046
v 0.013867 0.830188 -0.098634
v 0.014047 0.833486 -0.099913
v 0.014178 0.837034 -0.100847
v 0.014281 0.844485 -0.101584
v 0.014250 0.848186 -0.101364
v 0.014026 0.855032 -0.099764
v 0.013837 0.857992 -0.098424
v 0.013333 0.862585 -0.094839
v 0.003176 1.338973 -0.008950
v 0.001611 1.338973 -0.009357
v 0.000000 1.340000 0.000040
v 0.005990 1.338973 -0.007378
v 0.008119 1.338973 -0.004959
v 0.009321 1.338973 -0.001968
v 0.009117 1.338973 0.002832
v 0.006598 1.338973 0.006924
v 0.005339 1.338973 0.007940
v 0.000809 1.338973 0.009541
v -0.002403 1.338973 0.009268
v -0.006598 1.338973 0.006924
v -0.007666 1.338973 0.005710
v -0.009458 1.338973 0.001252
v -0.008847 1.338973 -0.003515
v -0.007158 1.338973 -0.006259
v -0.004650 1.338973 -0.008284
v -0.008355 1.236681 -0.048685
v -0.016469 1.236681 -0.046572
v -0.024110 1.236681 -0.043118
v -0.031057 1.236681 -0.038423
v -0.037110 1.236681 -0.032621
v -0.042096 1.236681 -0.025879
v -0.045871 1.236681 -0.018392
v -0.048326 1.236681 -0.010375
v -0.049392 1.236681 -0.002059
v -0.049035 1.236681 0.006319
v -0.047269 1.236681 0.014516
v -0.044143 1.236681 0.022296
v -0.039746 1.236681 0.029437
v -0.034206 1.236681 0.035731
v -0.027683 1.236681 0.040998
v -0.020363 1.236681 0.045087
v -0.012456 1.236681 0.047880
v -0.004192 1.236681 0.049298
v 0.004192 1.236681 0.049298
v 0.012456 1.236681 0.047880
v 0.020363 1.236681 0.045087
v 0.027683 1.236681 0.040998
v 0.034206 1.236681 0.035731
v 0.039746 1.236681 0.029437
v 0.044143 1.236681 0.022296
v 0.047269 1.236681 0.014516
v 0.049035 1.236681 0.006319
v 0.049392 1.236681 -0.002059
v 0.048326 1.236681 -0.010375
v 0.045871 1.236681 -0.018392
v 0.042096 1.236681 -0.025879
v 0.037110 1.236681 -0.032621
v 0.031057 1.236681 -0.038423
v 0.024110 1.236681 -0.043118
v 0.016469 1.236681 -0.046572
v 0.008355 1.236681 -0.048685
v 0.000000 1.236681 -0.049396
v 0.008982 1.247858 -0.052344
v 0.017705 1.247858 -0.050072
v 0.025919 1.247858 -0.046359
v 0.033388 1.247858 -0.041311
v 0.039897 1.247858 -0.035073
v 0.045257 1.247858 -0.027826
v 0.049315 1.247858 -0.019776
v 0.051954 1.247858 -0.011157
v 0.053100 1.247858 -0.002215
v 0.052717 1.247858 0.006791
v 0.050818 1.247858 0.015603
v 0.047456 1.247858 0.023967
v 0.042731 1.247858 0.031643
v 0.036774 1.247858 0.038410
v 0.029761 1.247858 0.044073
v 0.021891 1.247858 0.048470
v 0.013392 1.247858 0.051472
v 0.004507 1.247858 0.052996
v -0.004507 1.247858 0.052996
v -0.013392 1.247858 0.051472
v -0.021891 1.247858 0.048470
v -0.029761 1.247858 0.044073
v -0.036774 1.247858 0.038410
v -0.042731 1.247858 0.031643
v -0.047456 1.247858 0.023967
v -0.050818 1.247858 0.015603
v -0.052717 1.247858 0.006791
v -0.053100 1.247858 -0.002215
v -0.051954 1.247858 -0.011157
v -0.049315 1.247858 -0.019776
v -0.045257 1.247858 -0.027826
v -0.039897 1.247858 -0.035073
v -0.033388 1.247858 -0.041311
v -0.025919 1.247858 -0.046359
v -0.017705 1.247858 -0.050072
v -0.008982 1.247858 -0.052344
v 0.000000 1.247858 -0.053108
v 0.009350 1.259648 -0.054490
v 0.018432 1.259648 -0.052126
v 0.026982 1.259648 -0.048261
v 0.034758 1.259648 -0.043006
v 0.041532 1.259648 -0.036513
v 0.047113 1.259648 -0.028968
v 0.051337 1.259648 -0.020589
v 0.054084 1.259648 -0.011616
v 0.055277 1.259648 -0.002308
v 0.054878 1.259648 0.007068
v 0.052902 1.259648 0.016241
v 0.049403 1.259648 0.024948
v 0.044482 1.259648 0.032939
v 0.038282 1.259648 0.039983
v 0.030981 1.259648 0.045879
v 0.022789 1.259648 0.050456
v 0.013941 1.259648 0.053581
v 0.004693 1.259648 0.055167
v -0.004693 1.259648 0.055167
v -0.013942 1.259648 0.053581
v -0.022789 1.259648 0.050456
v -0.030981 1.259648 0.045879
v -0.038282 1.259648 0.039983
v -0.044482 1.259648 0.032939
v -0.049403 1.259648 0.024948
v -0.052902 1.259648 0.016241
v -0.054878 1.259648 0.007068
v -0.055277 1.259648 -0.002308
v -0.054084 1.259648 -0.011616
v -0.051337 1.259648 -0.020589
v -0.047113 1.259648 -0.028968
v -0.041532 1.259648 -0.036513
v -0.034758 1.259648 -0.043006
v -0.026982 1.259648 -0.048261
v -0.018432 1.259648 -0.052126
v -0.009350 1.259648 -0.054490
v 0.000000 1.259648 -0.055286
v 0.009446 1.271709 -0.055051
v 0.018621 1.271709 -0.052662
v 0.027260 1.271709 -0.048758
v 0.035115 1.271709 -0.043449
v 0.041959 1.271709 -0.036889
v 0.047596 1.271709 -0.029266
v 0.051864 1.271709 -0.020801
v 0.054641 1.271709 -0.011736
v 0.055845 1.271709 -0.002332
v 0.055442 1.271709 0.007140
v 0.053445 1.271709 0.016408
v 0.049910 1.271709 0.025204
v 0.044939 1.271709 0.033278
v 0.038677 1.271709 0.040394
v 0.031300 1.271709 0.046350
v 0.023024 1.271709 0.050973
v 0.014085 1.271709 0.054132
v 0.004740 1.271709 0.055735
v -0.004740 1.271709 0.055735
v -0.014085 1.271709 0.054132
v -0.023024 1.271709 0.050973
v -0.031300 1.271709 0.046350
v -0.038677 1.271709 0.040394
v -0.044939 1.271709 0.033278
v -0.049910 1.271709 0.025204
v -0.053445 1.271709 0.016408
v -0.055442 1.271709 0.007140
v -0.055845 1.271709 -0.002332
v -0.054641 1.271709 -0.011736
v -0.051864 1.271709 -0.020801
v -0.047596 1.271709 -0.029266
v -0.041959 1.271709 -0.036889
v -0.035115 1.271709 -0.043449
v -0.027260 1.271709 -0.048758
v -0.018621 1.271709 -0.052662
v -0.009446 1.271709 -0.055051
v 0.000000 1.271709 -0.055855
v 0.009266 1.283692 -0.053997
v 0.018265 1.283692 -0.051654
v 0.026739 1.283692 -0.047824
v 0.034443 1.283692 -0.042616
v 0.041157 1.283692 -0.036182
v 0.046686 1.283692 -0.028705
v 0.050872 1.283692 -0.020402
v 0.053596 1.283692 -0.011510
v 0.054776 1.283692 -0.002286
v 0.054382 1.283692 0.007004
v 0.052422 1.283692 0.016094
v 0.048956 1.283692 0.024723
v 0.044080 1.283692 0.032642
v 0.037936 1.283692 0.039622
v 0.030702 1.283692 0.045464
v 0.022583 1.283692 0.050000
v 0.013815 1.283692 0.053097
v 0.004649 1.283692 0.054669
v -0.004649 1.283692 0.054669
v -0.013815 1.283692 0.053097
v -0.022583 1.283692 0.050000
v -0.030702 1.283692 0.045464
v -0.037936 1.283692 0.039622
v -0.044080 1.283692 0.032642
v -0.048956 1.283692 0.024723
v -0.052422 1.283692 0.016094
v -0.054382 1.283692 0.007004
v -0.054776 1.283692 -0.002286
v -0.053596 1.283692 -0.011510
v -0.050872 1.283692 -0.020402
v -0.046686 1.283692 -0.028705
v -0.041157 1.283692 -0.036182
v -0.034443 1.283692 -0.042616
v -0.026739 1.283692 -0.047824
v -0.018265 1.283692 -0.051654
v -0.009266 1.283692 -0.053997
v 0.000000 1.283692 -0.054785
v 0.008813 1.295251 -0.051353
v 0.017371 1.295251 -0.049124
v 0.025430 1.295251 -0.045481
v 0.032757 1.295251 -0.040529
v 0.039142 1.295251 -0.034409
v 0.044402 1.295251 -0.027299
v 0.048383 1.295251 -0.019401
v 0.050973 1.295251 -0.010946
v 0.052096 1.295251 -0.002173
v 0.051721 1.295251 0.006664
v 0.049857 1.295251 0.015309
v 0.046559 1.295251 0.023515
v 0.041923 1.295251 0.031046
v 0.036080 1.295251 0.037685
v 0.029198 1.295251 0.043241
v 0.021478 1.295251 0.047554
v 0.013139 1.295251 0.050501
v 0.004422 1.295251 0.051995
v -0.004422 1.295251 0.051995
v -0.013139 1.295251 0.050501
v -0.021478 1.295251 0.047554
v -0.029198 1.295251 0.043241
v -0.036080 1.295251 0.037685
v -0.041923 1.295251 0.031046
v -0.046559 1.295251 0.023515
v -0.049857 1.295251 0.015309
v -0.051721 1.295251 0.006664
v -0.052096 1.295251 -0.002173
v -0.050973 1.295251 -0.010946
v -0.048383 1.295251 -0.019401
v -0.044402 1.295251 -0.027299
v -0.039142 1.295251 -0.034409
v -0.032757 1.295251 -0.040529
v -0.025430 1.295251 -0.045481
v -0.017371 1.295251 -0.049124
v -0.008812 1.295251 -0.051353
v 0.000000 1.295251 -0.052103
v 0.008099 1.306051 -0.047193
v 0.015965 1.306051 -0.045145
v 0.023371 1.306051 -0.041797
v 0.030106 1.306051 -0.037245
v 0.035974 1.306051 -0.031621
v 0.040807 1.306051 -0.025086
v 0.044467 1.306051 -0.017828
v 0.046847 1.306051 -0.010056
v 0.047879 1.306051 -0.001993
v 0.047535 1.306051 0.006127
v 0.045822 1.306051 0.014073
v 0.042791 1.306051 0.021615
v 0.038529 1.306051 0.028536
v 0.033160 1.306051 0.034639
v 0.026836 1.306051 0.039745
v 0.019740 1.306051 0.043709
v 0.012075 1.306051 0.046416
v 0.004064 1.306051 0.047790
v -0.004064 1.306051 0.047790
v -0.012075 1.306051 0.046416
v -0.019740 1.306051 0.043709
v -0.026836 1.306051 0.039745
v -0.033160 1.306051 0.034639
v -0.038529 1.306051 0.028536
v -0.042791 1.306051 0.021615
v -0.045822 1.306051 0.014073
v -0.047535 1.306051 0.006127
v -0.047879 1.306051 -0.001993
v -0.046847 1.306051 -0.010056
v -0.044467 1.306051 -0.017828
v -0.040807 1.306051 -0.025086
v -0.035974 1.306051 -0.031621
v -0.030106 1.306051 -0.037245
v -0.023371 1.306051 -0.041797
v -0.015965 1.306051 -0.045145
v -0.008099 1.306051 -0.047193
v 0.000000 1.306051 -0.047882
v 0.007147 1.315779 -0.041642
v 0.014089 1.315779 -0.039835
v 0.020625 1.315779 -0.036880
v 0.026568 1.315779 -0.032864
v 0.031746 1.315779 -0.027900
v 0.036011 1.315779 -0.022133
v 0.039241 1.315779 -0.015728
v 0.041342 1.315779 -0.008870
v 0.042253 1.315779 -0.001755
v 0.041948 1.315779 0.005412
v 0.040437 1.315779 0.012424
v 0.037762 1.315779 0.019079
v 0.034002 1.315779 0.025188
v 0.029262 1.315779 0.030572
v 0.023682 1.315779 0.035079
v 0.017420 1.315779 0.038577
v 0.010656 1.315779 0.040967
v 0.003586 1.315779 0.042179
v -0.003586 1.315779 0.042179
v -0.010656 1.315779 0.040967
v -0.017420 1.315779 0.038577
v -0.023682 1.315779 0.035079
v -0.029262 1.315779 0.030572
v -0.034002 1.315779 0.025188
v -0.037762 1.315779 0.019079
v -0.040437 1.315779 0.012424
v -0.041948 1.315779 0.005412
v -0.042253 1.315779 -0.001755
v -0.041342 1.315779 -0.008870
v -0.039241 1.315779 -0.015728
v -0.036011 1.315779 -0.022133
v -0.031746 1.315779 -0.027900
v -0.026568 1.315779 -0.032864
v -0.020625 1.315779 -0.036880
v -0.014089 1.315779 -0.039835
v -0.007147 1.315779 -0.041642
v 0.000000 1.315779 -0.042250
v 0.005985 1.324155 -0.034866
v 0.011798 1.324155 -0.033353
v 0.017273 1.324155 -0.030879
v 0.022249 1.324155 -0.027515
v 0.026586 1.324155 -0.023359
v 0.030158 1.324155 -0.018528
v 0.032863 1.324155 -0.013165
v 0.034621 1.324155 -0.007421
v 0.035384 1.324155 -0.001463
v 0.035129 1.324155 0.004539
v 0.033864 1.324155 0.010411
v 0.031624 1.324155 0.015985
v 0.028475 1.324155 0.021101
v 0.024507 1.324155 0.025609
v 0.019832 1.324155 0.029383
v 0.014589 1.324155 0.032313
v 0.008924 1.324155 0.034315
v 0.003003 1.324155 0.035329
v -0.003003 1.324155 0.035329
v -0.008924 1.324155 0.034315
v -0.014589 1.324155 0.032313
v -0.019832 1.324155 0.029383
v -0.024507 1.324155 0.025609
v -0.028475 1.324155 0.021101
v -0.031624 1.324155 0.015985
v -0.033864 1.324155 0.010411
v -0.035129 1.324155 0.004539
v -0.035384 1.324155 -0.001463
v -0.034621 1.324155 -0.007421
v -0.032863 1.324155 -0.013165
v -0.030158 1.324155 -0.018528
v -0.026586 1.324155 -0.023359
v -0.022249 1.324155 -0.027515
v -0.017273 1.324155 -0.030879
v -0.011798 1.324155 -0.033353
v -0.005985 1.324155 -0.034866
v 0.000000 1.324155 -0.035376
v 0.004649 1.330934 -0.027070
v 0.009163 1.330934 -0.025894
v 0.013415 1.330934 -0.023973
v 0.017279 1.330934 -0.021360
v 0.020648 1.330934 -0.018132
v 0.023422 1.330934 -0.014382
v 0.025522 1.330934 -0.010215
v 0.026888 1.330934 -0.005754
v 0.027481 1.330934 -0.001127
v 0.027283 1.330934 0.003535
v 0.026300 1.330934 0.008095
v 0.024561 1.330934 0.012424
v 0.022115 1.330934 0.016396
v 0.019032 1.330934 0.019898
v 0.015402 1.330934 0.022830
v 0.011330 1.330934 0.025105
v 0.006931 1.330934 0.026658
v 0.002333 1.330934 0.027447
v -0.002333 1.330934 0.027447
v -0.006931 1.330934 0.026658
v -0.011330 1.330934 0.025105
v -0.015402 1.330934 0.022830
v -0.019032 1.330934 0.019898
v -0.022115 1.330934 0.016396
v -0.024561 1.330934 0.012424
v -0.026300 1.330934 0.008095
v -0.027283 1.330934 0.003535
v -0.027481 1.330934 -0.001127
v -0.026888 1.330934 -0.005754
v -0.025522 1.330934 -0.010215
v -0.023422 1.330934 -0.014382
v -0.020648 1.330934 -0.018132
v -0.017279 1.330934 -0.021360
v -0.013415 1.330934 -0.023973
v -0.009163 1.330934 -0.025894
v -0.004649 1.330934 -0.027070
v 0.000000 1.330934 -0.027465
v 0.003176 1.335922 -0.018483
v 0.006261 1.335922 -0.017680
v 0.011807 1.335922 -0.014582
v 0.014108 1.335922 -0.012376
v 0.016003 1.335922 -0.009813
v 0.018372 1.335922 -0.003919
v 0.018777 1.335922 -0.000757
v 0.018641 1.335922 0.002428
v 0.016781 1.335922 0.008501
v 0.015110 1.335922 0.011216
v 0.013004 1.335922 0.013609
v 0.010524 1.335922 0.015611
v 0.007741 1.335922 0.017166
v 0.004736 1.335922 0.018228
v 0.001594 1.335922 0.018766
v -0.004736 1.335922 0.018228
v -0.007741 1.335922 0.017166
v -0.010524 1.335922 0.015611
v -0.013004 1.335922 0.013609
v -0.015110 1.335922 0.011216
v -0.016781 1.335922 0.008501
v -0.017970 1.335922 0.005544
v -0.018777 1.335922 -0.000757
v -0.018372 1.335922 -0.003919
v -0.017438 1.335922 -0.006967
v -0.014108 1.335922 -0.012376
v -0.011807 1.335922 -0.014582
v -0.009166 1.335922 -0.016367
v -0.003176 1.335922 -0.018483
v 0.000000 1.335922 -0.018753
s 1
f 1 2 3
f 4 5 6
f 11 12 13
f 14 15 16
f 21 22 23
f 24 25 26
f 27 28 29
f 34 35 36
f 37 38 39
f 40 41 42
f 43 44 45
f 46 47 48
f 53 54 55
f 56 57 58
f 59 60 61
f 60 59 62
f 62 63 64
f 57 65 58
f 58 65 66
f 58 66 60
f 60 66 61
f 56 67 68
f 68 67 69
f 68 69 70
f 70 69 71
f 72 73 74
f 74 73 55
f 74 55 54
f 53 75 76
f 76 75 77
f 51 78 52
f 52 78 79
f 52 79 80
f 82 81 83
f 82 83 84
f 84 83 85
f 84 85 51
f 86 87 88
f 88 87 89
f 90 49 91
f 90 91 86
f 93 92 94
f 95 96 92
f 47 97 95
f 95 97 98
f 95 98 96
f 46 48 99
f 100 101 99
f 102 103 104
f 104 103 105
f 104 105 106
f 107 108 102
f 109 110 111
f 113 114 109
f 109 114 110
f 115 116 112
f 117 118 119
f 43 45 118
f 117 119 120
f 120 119 121
f 120 121 122
f 123 124 125
f 125 124 126
f 127 34 128
f 127 128 39
f 39 128 37
f 36 35 129
f 36 129 130
f 33 32 131
f 132 131 133
f 132 133 134
f 132 134 135
f 135 134 136
f 135 136 137
f 31 30 138
f 138 30 139
f 139 140 138
f 138 140 141
f 141 142 138
f 142 32 33
f 143 144 145
f 144 146 145
f 145 146 147
f 145 147 31
f 31 147 148
f 31 148 149
f 31 149 30
f 150 151 145
f 145 151 152
f 145 152 143
f 153 154 29
f 29 154 155
f 29 155 27
f 156 157 26
f 26 157 158
f 26 158 24
f 159 160 161
f 161 160 162
f 161 162 163
f 164 165 166
f 166 165 160
f 167 168 169
f 169 168 170
f 169 170 164
f 21 23 171
f 172 173 174
f 174 173 175
f 173 176 175
f 175 176 177
f 175 177 178
f 179 180 181
f 179 181 182
f 181 183 182
f 182 183 177
f 177 183 184
f 177 184 178
f 20 19 185
f 19 186 185
f 185 186 187
f 185 187 179
f 179 187 188
f 179 188 180
f 19 20 189
f 189 20 190
f 189 190 191
f 191 190 192
f 191 192 193
f 193 192 194
f 193 194 195
f 18 17 194
f 194 17 196
f 194 196 195
f 17 18 197
f 197 18 198
f 197 198 199
f 199 198 200
f 200 198 201
f 200 201 202
f 202 201 6
f 202 6 203
f 203 6 5
f 203 5 204
f 4 205 206
f 4 206 5
f 5 206 207
f 5 207 204
f 2 209 3
f 1 210 211
f 1 211 2
f 2 211 208
f 212 213 214
f 215 216 217
f 215 217 218
f 218 217 219
f 219 220 221
f 221 220 222
f 221 222 223
f 223 222 224
f 225 227 226
f 226 227 228
f 226 228 229
f 226 229 230
f 226 230 231
f 231 230 232
f 231 232 233
f 231 233 234
f 224 235 236
f 236 235 231
f 236 231 234
f 237 238 239
f 64 63 240
f 64 240 237
f 239 238 241
f 239 241 225
f 239 225 226
f 242 243 244
f 245 246 244
f 244 246 247
f 244 247 242
f 16 15 248
f 248 15 249
f 248 249 245
f 245 249 246
f 250 14 251
f 252 253 254
f 254 253 250
f 255 252 256
f 255 257 12
f 259 258 11
f 260 261 262
f 262 261 258
f 263 264 260
f 266 265 267
f 269 268 267
f 270 271 268
f 272 273 274
f 274 273 275
f 277 278 9
f 279 280 281
f 281 280 282
f 283 284 279
f 286 285 287
f 288 289 290
f 290 289 287
f 291 292 288
f 293 294 295
f 297 298 7
f 299 300 301
f 301 300 302
f 303 299 304
f 305 306 303
f 306 305 307
f 308 309 307
f 310 311 309
f 312 313 314
f 315 316 313
f 316 315 317
f 318 319 320
f 321 322 320
f 320 322 323
f 320 323 318
f 324 325 321
f 321 325 326
f 321 326 322
f 242 327 243
f 243 327 328
f 243 328 329
f 329 328 330
f 330 328 331
f 330 331 324
f 324 331 325
f 332 315 312
f 312 315 313
f 333 16 334
f 334 16 248
f 334 248 335
f 335 248 245
f 335 245 336
f 336 245 244
f 336 244 337
f 337 244 243
f 337 243 338
f 338 243 329
f 338 329 339
f 339 329 330
f 339 330 340
f 340 330 324
f 340 324 341
f 341 324 321
f 341 321 342
f 342 321 320
f 342 320 343
f 343 320 319
f 343 319 344
f 345 332 346
f 346 332 312
f 346 312 310
f 310 312 314
f 310 314 311
f 176 333 177
f 177 333 334
f 177 334 182
f 182 334 335
f 182 335 179
f 179 335 336
f 179 336 185
f 185 336 337
f 185 337 20
f 20 337 338
f 20 338 190
f 190 338 339
f 190 339 192
f 192 339 340
f 192 340 194
f 194 340 341
f 194 341 18
f 18 341 342
f 18 342 198
f 198 342 343
f 198 343 201
f 201 343 344
f 201 344 6
f 14 16 251
f 251 16 333
f 251 333 347
f 347 333 176
f 347 176 348
f 348 176 173
f 348 173 23
f 23 173 172
f 23 172 171
f 250 251 254
f 254 251 347
f 254 347 349
f 349 347 348
f 349 348 350
f 350 348 23
f 350 23 167
f 167 23 22
f 167 22 168
f 351 345 352
f 352 345 346
f 352 346 353
f 353 346 310
f 353 310 308
f 308 310 309
f 209 205 3
f 3 205 4
f 3 4 354
f 354 4 6
f 354 6 355
f 355 6 344
f 355 344 356
f 356 344 319
f 356 319 318
f 252 254 256
f 256 254 349
f 256 349 357
f 357 349 350
f 357 350 358
f 358 350 167
f 358 167 359
f 359 167 169
f 359 169 166
f 166 169 164
f 255 256 257
f 257 256 357
f 257 357 360
f 360 357 358
f 360 358 361
f 361 358 359
f 361 359 362
f 362 359 166
f 362 166 159
f 159 166 160
f 363 351 364
f 364 351 352
f 364 352 365
f 365 352 353
f 365 353 366
f 366 353 308
f 366 308 367
f 367 308 307
f 214 368 212
f 212 368 210
f 212 210 363
f 363 210 1
f 363 1 351
f 351 1 3
f 351 3 345
f 345 3 354
f 345 354 332
f 332 354 355
f 332 355 315
f 315 355 356
f 315 356 317
f 317 356 318
f 12 257 13
f 13 257 360
f 13 360 369
f 369 360 361
f 369 361 370
f 370 361 362
f 370 362 371
f 371 362 159
f 371 159 372
f 372 159 161
f 372 161 156
f 156 161 163
f 156 163 157
f 307 305 367
f 367 305 373
f 367 373 366
f 366 373 374
f 366 374 365
f 365 374 375
f 365 375 364
f 364 375 376
f 364 376 363
f 363 376 216
f 363 216 212
f 212 216 215
f 212 215 213
f 11 13 259
f 259 13 369
f 259 369 377
f 377 369 370
f 377 370 378
f 378 370 371
f 378 371 379
f 379 371 372
f 379 372 380
f 380 372 156
f 380 156 381
f 381 156 26
f 381 26 153
f 153 26 25
f 153 25 154
f 303 304 305
f 305 304 382
f 305 382 373
f 373 382 383
f 373 383 374
f 374 383 384
f 374 384 375
f 375 384 385
f 375 385 376
f 376 385 386
f 376 386 216
f 216 386 220
f 216 220 217
f 217 220 219
f 258 259 262
f 262 259 377
f 262 377 387
f 387 377 378
f 387 378 388
f 388 378 379
f 388 379 389
f 389 379 380
f 389 380 390
f 390 380 381
f 390 381 391
f 391 381 153
f 391 153 392
f 392 153 29
f 392 29 150
f 150 29 28
f 150 28 151
f 299 301 304
f 304 301 393
f 304 393 382
f 382 393 394
f 382 394 383
f 383 394 395
f 383 395 384
f 384 395 396
f 384 396 385
f 385 396 397
f 385 397 386
f 386 397 398
f 386 398 220
f 220 398 235
f 220 235 222
f 222 235 224
f 102 104 107
f 107 104 399
f 107 399 400
f 400 399 401
f 400 401 402
f 402 401 403
f 402 403 404
f 404 403 405
f 404 405 406
f 406 405 407
f 406 407 408
f 408 407 409
f 408 409 410
f 410 409 411
f 410 411 412
f 412 411 413
f 412 413 414
f 414 413 415
f 414 415 416
f 113 109 112
f 112 109 417
f 112 417 115
f 115 417 418
f 115 418 419
f 419 418 420
f 419 420 421
f 421 420 422
f 421 422 423
f 423 422 424
f 423 424 425
f 425 424 426
f 425 426 427
f 427 426 428
f 427 428 429
f 429 428 430
f 429 430 431
f 431 430 432
f 431 432 433
f 118 45 119
f 119 45 434
f 119 434 121
f 121 434 435
f 121 435 436
f 436 435 437
f 436 437 438
f 438 437 439
f 438 439 440
f 440 439 441
f 440 441 442
f 442 441 443
f 442 443 444
f 444 443 445
f 444 445 446
f 446 445 447
f 446 447 448
f 40 42 126
f 126 42 449
f 126 449 125
f 125 449 450
f 125 450 451
f 451 450 452
f 451 452 453
f 453 452 454
f 453 454 455
f 455 454 456
f 455 456 457
f 457 456 458
f 457 458 459
f 459 458 460
f 459 460 461
f 34 127 35
f 35 127 462
f 35 462 129
f 129 462 463
f 129 463 464
f 464 463 465
f 464 465 466
f 466 465 467
f 466 467 468
f 468 467 469
f 468 469 470
f 131 132 33
f 33 132 471
f 33 471 472
f 472 471 473
f 472 473 474
f 474 473 475
f 474 475 476
f 260 262 263
f 263 262 387
f 263 387 477
f 477 387 388
f 477 388 478
f 478 388 389
f 478 389 479
f 479 389 390
f 479 390 480
f 480 390 391
f 480 391 481
f 481 391 392
f 481 392 482
f 482 392 150
f 482 150 483
f 483 150 145
f 483 145 484
f 484 145 31
f 484 31 485
f 485 31 138
f 485 138 486
f 486 138 487
f 486 487 488
f 488 487 489
f 488 489 490
f 490 489 491
f 490 491 492
f 267 265 493
f 493 265 494
f 493 494 495
f 495 494 496
f 495 496 497
f 497 496 498
f 497 498 499
f 499 498 500
f 499 500 501
f 501 500 502
f 501 502 503
f 503 502 504
f 503 504 505
f 505 504 506
f 505 506 507
f 507 506 508
f 507 508 509
f 509 508 510
f 509 510 511
f 511 510 512
f 511 512 513
f 513 512 514
f 513 514 515
f 515 514 516
f 515 516 517
f 517 516 518
f 517 518 519
f 268 269 270
f 270 269 520
f 270 520 521
f 521 520 522
f 521 522 523
f 523 522 524
f 523 524 525
f 525 524 526
f 525 526 527
f 527 526 528
f 527 528 529
f 529 528 530
f 529 530 531
f 531 530 532
f 531 532 533
f 533 532 534
f 533 534 535
f 535 534 536
f 535 536 537
f 537 536 538
f 537 538 539
f 539 538 540
f 539 540 541
f 541 540 542
f 541 542 543
f 543 542 544
f 543 544 545
f 272 274 276
f 276 274 546
f 276 546 547
f 547 546 548
f 547 548 549
f 549 548 550
f 549 550 551
f 551 550 552
f 551 552 553
f 553 552 554
f 553 554 555
f 555 554 556
f 555 556 557
f 557 556 558
f 557 558 559
f 559 558 560
f 559 560 561
f 561 560 562
f 561 562 563
f 563 562 564
f 563 564 565
f 565 564 566
f 565 566 567
f 567 566 568
f 567 568 569
f 569 568 570
f 569 570 571
f 9 10 277
f 277 10 572
f 277 572 573
f 573 572 574
f 573 574 575
f 575 574 576
f 575 576 577
f 577 576 578
f 577 578 579
f 579 578 580
f 579 580 581
f 581 580 582
f 581 582 583
f 583 582 584
f 583 584 585
f 585 584 586
f 585 586 587
f 587 586 588
f 587 588 589
f 589 588 590
f 589 590 591
f 591 590 592
f 591 592 593
f 593 592 594
f 593 594 595
f 595 594 596
f 595 596 597
f 279 281 283
f 283 281 598
f 283 598 599
f 599 598 600
f 599 600 601
f 601 600 602
f 601 602 603
f 603 602 604
f 603 604 605
f 605 604 606
f 605 606 607
f 607 606 608
f 607 608 609
f 609 608 610
f 609 610 611
f 611 610 612
f 611 612 613
f 613 612 614
f 613 614 615
f 615 614 616
f 615 616 617
f 617 616 618
f 617 618 619
f 619 618 620
f 619 620 621
f 621 620 622
f 621 622 623
f 287 285 624
f 624 285 625
f 624 625 626
f 626 625 627
f 626 627 628
f 628 627 629
f 628 629 630
f 630 629 631
f 630 631 632
f 632 631 633
f 632 633 634
f 634 633 635
f 634 635 636
f 636 635 637
f 636 637 638
f 638 637 639
f 638 639 640
f 640 639 641
f 640 641 642
f 642 641 643
f 642 643 644
f 644 643 645
f 644 645 646
f 646 645 647
f 646 647 648
f 648 647 649
f 648 649 650
f 288 290 291
f 291 290 651
f 291 651 652
f 652 651 653
f 652 653 654
f 654 653 655
f 654 655 656
f 656 655 657
f 656 657 658
f 658 657 659
f 658 659 660
f 660 659 661
f 660 661 662
f 662 661 663
f 662 663 664
f 664 663 665
f 664 665 666
f 666 665 667
f 666 667 668
f 668 667 669
f 668 669 670
f 670 669 671
f 670 671 672
f 672 671 673
f 672 673 674
f 674 673 675
f 674 675 676
f 293 295 296
f 296 295 677
f 296 677 678
f 678 677 679
f 678 679 680
f 680 679 681
f 680 681 682
f 682 681 683
f 682 683 684
f 684 683 685
f 684 685 686
f 686 685 687
f 686 687 688
f 688 687 689
f 688 689 690
f 690 689 691
f 690 691 692
f 692 691 693
f 692 693 694
f 694 693 695
f 694 695 696
f 696 695 697
f 696 697 698
f 698 697 699
f 698 699 700
f 700 699 701
f 700 701 702
f 7 8 297
f 297 8 703
f 297 703 704
f 704 703 705
f 704 705 706
f 706 705 707
f 706 707 708
f 708 707 709
f 708 709 710
f 710 709 711
f 710 711 712
f 712 711 713
f 712 713 714
f 714 713 715
f 714 715 716
f 716 715 717
f 716 717 718
f 718 717 719
f 718 719 720
f 720 719 721
f 720 721 722
f 722 721 723
f 722 723 724
f 724 723 725
f 724 725 726
f 726 725 727
f 726 727 728
f 237 239 64
f 64 239 729
f 64 729 730
f 730 729 731
f 730 731 732
f 732 731 733
f 732 733 734
f 56 58 67
f 67 58 60
f 67 60 735
f 735 60 736
f 735 736 737
f 737 736 738
f 737 738 739
f 739 738 740
f 739 740 741
f 53 55 75
f 75 55 73
f 75 73 742
f 742 73 743
f 742 743 744
f 744 743 745
f 744 745 746
f 746 745 747
f 746 747 748
f 748 747 749
f 748 749 750
f 750 749 751
f 750 751 752
f 51 52 84
f 84 52 80
f 84 80 753
f 753 80 754
f 753 754 755
f 755 754 756
f 755 756 757
f 757 756 758
f 757 758 759
f 759 758 760
f 759 760 761
f 761 760 762
f 761 762 763
f 763 762 764
f 763 764 765
f 86 88 90
f 90 88 766
f 90 766 767
f 767 766 768
f 767 768 769
f 769 768 770
f 769 770 771
f 771 770 772
f 771 772 773
f 773 772 774
f 773 774 775
f 775 774 776
f 775 776 777
f 777 776 778
f 777 778 779
f 779 778 780
f 779 780 781
f 92 93 95
f 95 93 782
f 95 782 783
f 783 782 784
f 783 784 785
f 785 784 786
f 785 786 787
f 787 786 788
f 787 788 789
f 789 788 790
f 789 790 791
f 791 790 792
f 791 792 793
f 793 792 794
f 793 794 795
f 795 794 796
f 795 796 797
f 797 796 798
f 797 798 799
f 800 415 801
f 801 415 413
f 801 413 802
f 802 413 411
f 802 411 803
f 803 411 409
f 803 409 804
f 804 409 407
f 804 407 805
f 805 407 405
f 805 405 806
f 806 405 403
f 806 403 807
f 807 403 401
f 807 401 808
f 808 401 399
f 808 399 809
f 809 399 104
f 809 104 100
f 100 104 106
f 100 106 101
f 800 810 415
f 415 810 416
f 416 810 811
f 416 811 812
f 812 432 416
f 416 432 430
f 416 430 414
f 414 430 428
f 414 428 412
f 412 428 426
f 412 426 410
f 410 426 424
f 410 424 408
f 408 424 422
f 408 422 406
f 406 422 420
f 406 420 404
f 404 420 418
f 404 418 402
f 402 418 417
f 402 417 400
f 400 417 109
f 400 109 107
f 107 109 111
f 107 111 108
f 812 813 432
f 432 813 433
f 433 813 814
f 814 447 433
f 433 447 445
f 433 445 431
f 431 445 443
f 431 443 429
f 429 443 441
f 429 441 427
f 427 441 439
f 427 439 425
f 425 439 437
f 425 437 423
f 423 437 435
f 423 435 421
f 421 435 434
f 421 434 419
f 419 434 45
f 419 45 115
f 115 45 44
f 115 44 116
f 814 815 447
f 447 815 816
f 447 816 448
f 448 816 817
f 448 817 818
f 818 460 448
f 448 460 458
f 448 458 446
f 446 458 456
f 446 456 444
f 444 456 454
f 444 454 442
f 442 454 452
f 442 452 440
f 440 452 450
f 440 450 438
f 438 450 449
f 438 449 436
f 436 449 42
f 436 42 121
f 121 42 41
f 121 41 122
f 818 819 460
f 460 819 820
f 460 820 461
f 461 820 821
f 461 821 822
f 822 469 461
f 461 469 467
f 461 467 459
f 459 467 465
f 459 465 457
f 457 465 463
f 457 463 455
f 455 463 462
f 455 462 453
f 453 462 127
f 453 127 451
f 451 127 39
f 451 39 125
f 125 39 38
f 125 38 123
f 822 823 469
f 469 823 824
f 469 824 470
f 470 824 825
f 470 825 826
f 826 475 470
f 470 475 473
f 470 473 468
f 468 473 471
f 468 471 466
f 466 471 132
f 466 132 464
f 464 132 135
f 464 135 129
f 129 135 137
f 129 137 130
f 826 827 475
f 475 827 828
f 475 828 476
f 476 828 829
f 476 829 830
f 830 491 476
f 476 491 489
f 476 489 474
f 474 489 487
f 474 487 472
f 472 487 138
f 472 138 33
f 33 138 142
f 830 831 491
f 491 831 832
f 491 832 492
f 492 832 833
f 492 833 834
f 834 518 492
f 492 518 516
f 492 516 490
f 490 516 514
f 490 514 488
f 488 514 512
f 488 512 486
f 486 512 510
f 486 510 485
f 485 510 508
f 485 508 484
f 484 508 506
f 484 506 483
f 483 506 504
f 483 504 482
f 482 504 502
f 482 502 481
f 481 502 500
f 481 500 480
f 480 500 498
f 480 498 479
f 479 498 496
f 479 496 478
f 478 496 494
f 478 494 477
f 477 494 265
f 477 265 263
f 263 265 266
f 263 266 264
f 834 835 518
f 518 835 836
f 518 836 519
f 519 836 837
f 519 837 838
f 838 544 519
f 519 544 542
f 519 542 517
f 517 542 540
f 517 540 515
f 515 540 538
f 515 538 513
f 513 538 536
f 513 536 511
f 511 536 534
f 511 534 509
f 509 534 532
f 509 532 507
f 507 532 530
f 507 530 505
f 505 530 528
f 505 528 503
f 503 528 526
f 503 526 501
f 501 526 524
f 501 524 499
f 499 524 522
f 499 522 497
f 497 522 520
f 497 520 495
f 495 520 269
f 495 269 493
f 493 269 267
f 838 839 544
f 544 839 840
f 544 840 545
f 545 840 841
f 545 841 842
f 842 570 545
f 545 570 568
f 545 568 543
f 543 568 566
f 543 566 541
f 541 566 564
f 541 564 539
f 539 564 562
f 539 562 537
f 537 562 560
f 537 560 535
f 535 560 558
f 535 558 533
f 533 558 556
f 533 556 531
f 531 556 554
f 531 554 529
f 529 554 552
f 529 552 527
f 527 552 550
f 527 550 525
f 525 550 548
f 525 548 523
f 523 548 546
f 523 546 521
f 521 546 274
f 521 274 270
f 270 274 275
f 270 275 271
f 842 843 570
f 570 843 844
f 570 844 571
f 571 844 845
f 571 845 846
f 846 596 571
f 571 596 594
f 571 594 569
f 569 594 592
f 569 592 567
f 567 592 590
f 567 590 565
f 565 590 588
f 565 588 563
f 563 588 586
f 563 586 561
f 561 586 584
f 561 584 559
f 559 584 582
f 559 582 557
f 557 582 580
f 557 580 555
f 555 580 578
f 555 578 553
f 553 578 576
f 553 576 551
f 551 576 574
f 551 574 549
f 549 574 572
f 549 572 547
f 547 572 10
f 547 10 276
f 276 10 9
f 276 9 272
f 846 847 596
f 596 847 848
f 596 848 597
f 597 848 849
f 597 849 850
f 850 622 597
f 597 622 620
f 597 620 595
f 595 620 618
f 595 618 593
f 593 618 616
f 593 616 591
f 591 616 614
f 591 614 589
f 589 614 612
f 589 612 587
f 587 612 610
f 587 610 585
f 585 610 608
f 585 608 583
f 583 608 606
f 583 606 581
f 581 606 604
f 581 604 579
f 579 604 602
f 579 602 577
f 577 602 600
f 577 600 575
f 575 600 598
f 575 598 573
f 573 598 281
f 573 281 277
f 277 281 282
f 277 282 278
f 850 851 622
f 622 851 852
f 622 852 623
f 623 852 853
f 623 853 854
f 854 649 623
f 623 649 647
f 623 647 621
f 621 647 645
f 621 645 619
f 619 645 643
f 619 643 617
f 617 643 641
f 617 641 615
f 615 641 639
f 615 639 613
f 613 639 637
f 613 637 611
f 611 637 635
f 611 635 609
f 609 635 633
f 609 633 607
f 607 633 631
f 607 631 605
f 605 631 629
f 605 629 603
f 603 629 627
f 603 627 601
f 601 627 625
f 601 625 599
f 599 625 285
f 599 285 283
f 283 285 286
f 283 286 284
f 854 855 649
f 649 855 856
f 649 856 650
f 650 856 857
f 650 857 858
f 858 675 650
f 650 675 673
f 650 673 648
f 648 673 671
f 648 671 646
f 646 671 669
f 646 669 644
f 644 669 667
f 644 667 642
f 642 667 665
f 642 665 640
f 640 665 663
f 640 663 638
f 638 663 661
f 638 661 636
f 636 661 659
f 636 659 634
f 634 659 657
f 634 657 632
f 632 657 655
f 632 655 630
f 630 655 653
f 630 653 628
f 628 653 651
f 628 651 626
f 626 651 290
f 626 290 624
f 624 290 287
f 858 859 675
f 675 859 860
f 675 860 676
f 676 860 861
f 676 861 862
f 862 701 676
f 676 701 699
f 676 699 674
f 674 699 697
f 674 697 672
f 672 697 695
f 672 695 670
f 670 695 693
f 670 693 668
f 668 693 691
f 668 691 666
f 666 691 689
f 666 689 664
f 664 689 687
f 664 687 662
f 662 687 685
f 662 685 660
f 660 685 683
f 660 683 658
f 658 683 681
f 658 681 656
f 656 681 679
f 656 679 654
f 654 679 677
f 654 677 652
f 652 677 295
f 652 295 291
f 291 295 294
f 291 294 292
f 862 863 701
f 701 863 864
f 701 864 702
f 702 864 865
f 702 865 866
f 866 727 702
f 702 727 725
f 702 725 700
f 700 725 723
f 700 723 698
f 698 723 721
f 698 721 696
f 696 721 719
f 696 719 694
f 694 719 717
f 694 717 692
f 692 717 715
f 692 715 690
f 690 715 713
f 690 713 688
f 688 713 711
f 688 711 686
f 686 711 709
f 686 709 684
f 684 709 707
f 684 707 682
f 682 707 705
f 682 705 680
f 680 705 703
f 680 703 678
f 678 703 8
f 678 8 296
f 296 8 7
f 296 7 293
f 866 867 727
f 727 867 868
f 727 868 728
f 728 868 869
f 728 869 870
f 870 733 728
f 728 733 731
f 728 731 726
f 726 731 729
f 726 729 724
f 724 729 239
f 724 239 722
f 722 239 226
f 722 226 720
f 720 226 231
f 720 231 718
f 718 231 235
f 718 235 716
f 716 235 398
f 716 398 714
f 714 398 397
f 714 397 712
f 712 397 396
f 712 396 710
f 710 396 395
f 710 395 708
f 708 395 394
f 708 394 706
f 706 394 393
f 706 393 704
f 704 393 301
f 704 301 297
f 297 301 302
f 297 302 298
f 870 871 733
f 733 871 872
f 733 872 734
f 734 872 873
f 734 873 874
f 874 740 734
f 734 740 738
f 734 738 732
f 732 738 736
f 732 736 730
f 730 736 60
f 730 60 64
f 64 60 62
f 874 875 740
f 740 875 876
f 740 876 741
f 741 876 877
f 741 877 878
f 878 751 741
f 741 751 749
f 741 749 739
f 739 749 747
f 739 747 737
f 737 747 745
f 737 745 735
f 735 745 743
f 735 743 67
f 67 743 73
f 67 73 69
f 69 73 72
f 69 72 71
f 878 879 751
f 751 879 880
f 751 880 752
f 752 880 881
f 752 881 882
f 882 764 752
f 752 764 762
f 752 762 750
f 750 762 760
f 750 760 748
f 748 760 758
f 748 758 746
f 746 758 756
f 746 756 744
f 744 756 754
f 744 754 742
f 742 754 80
f 742 80 75
f 75 80 79
f 75 79 77
f 882 883 764
f 764 883 884
f 764 884 765
f 765 884 885
f 765 885 886
f 886 780 765
f 765 780 778
f 765 778 763
f 763 778 776
f 763 776 761
f 761 776 774
f 761 774 759
f 759 774 772
f 759 772 757
f 757 772 770
f 757 770 755
f 755 770 768
f 755 768 753
f 753 768 766
f 753 766 84
f 84 766 88
f 84 88 82
f 82 88 89
f 82 89 81
f 886 887 780
f 780 887 888
f 780 888 781
f 781 888 889
f 889 798 781
f 781 798 796
f 781 796 779
f 779 796 794
f 779 794 777
f 777 794 792
f 777 792 775
f 775 792 790
f 775 790 773
f 773 790 788
f 773 788 771
f 771 788 786
f 771 786 769
f 769 786 784
f 769 784 767
f 767 784 782
f 767 782 90
f 90 782 93
f 90 93 49
f 49 93 94
f 49 94 50
f 798 889 890
f 798 890 799
f 799 890 891
f 799 891 892
f 47 95 48
f 48 95 783
f 48 783 893
f 893 783 785
f 893 785 894
f 894 785 787
f 894 787 895
f 895 787 789
f 895 789 896
f 896 789 791
f 896 791 897
f 897 791 793
f 897 793 898
f 898 793 795
f 898 795 899
f 899 795 797
f 899 797 900
f 900 797 799
f 900 799 901
f 901 799 892
f 99 48 100
f 100 48 893
f 100 893 809
f 809 893 894
f 809 894 808
f 808 894 895
f 808 895 807
f 807 895 896
f 807 896 806
f 806 896 897
f 806 897 805
f 805 897 898
f 805 898 804
f 804 898 899
f 804 899 803
f 803 899 900
f 803 900 802
f 802 900 901
f 802 901 801
f 801 901 892
f 801 892 800
f 902 903 904
f 904 903 905
f 905 906 904
f 904 906 907
f 904 907 908
f 909 910 911
f 904 912 913
f 908 914 904
f 904 914 915
f 904 915 916
f 909 911 917
f 913 918 904
f 904 918 919
f 904 919 902
f 920 921 922
f 922 921 923
f 921 924 923
f 923 924 925
f 923 925 926
f 927 928 929
f 929 928 930
f 929 930 931
f 910 932 911
f 911 932 933
f 911 933 934
f 904 935 912
f 912 935 911
f 912 911 936
f 936 911 937
f 916 938 904
f 904 938 939
f 904 939 940
f 920 941 921
f 921 941 942
f 921 942 943
f 940 944 904
f 904 944 923
f 904 923 945
f 945 923 926
f 917 911 930
f 930 911 946
f 930 946 931
f 934 947 911
f 911 947 948
f 911 948 937
f 949 939 950
f 950 939 938
f 950 938 951
f 951 938 916
f 951 916 952
f 952 916 915
f 952 915 953
f 953 915 914
f 953 914 954
f 954 914 908
f 954 908 955
f 955 908 907
f 955 907 956
f 956 907 906
f 956 906 957
f 957 906 905
f 957 905 958
f 958 905 903
f 958 903 959
f 959 903 902
f 959 902 960
f 960 902 919
f 960 919 961
f 961 919 918
f 961 918 962
f 962 918 913
f 962 913 963
f 963 913 912
f 963 912 964
f 964 912 936
f 964 936 965
f 965 936 937
f 965 937 966
f 966 937 948
f 966 948 967
f 967 948 947
f 967 947 968
f 968 947 934
f 968 934 969
f 969 934 933
f 969 933 970
f 970 933 932
f 970 932 971
f 971 932 910
f 971 910 972
f 972 910 909
f 972 909 973
f 973 909 917
f 973 917 974
f 974 917 930
f 974 930 975
f 975 930 928
f 975 928 976
f 976 928 927
f 976 927 977
f 977 927 929
f 977 929 978
f 978 929 931
f 978 931 979
f 979 931 946
f 979 946 980
f 980 946 911
f 980 911 981
f 981 911 935
f 981 935 982
f 982 935 904
f 982 904 983
f 983 904 945
f 983 945 984
f 984 945 926
f 984 926 985
f 985 926 925
f 985 925 986
f 986 925 924
f 986 924 987
f 987 924 921
f 987 921 988
f 988 921 943
f 988 943 989
f 989 943 942
f 989 942 990
f 990 942 941
f 990 941 991
f 991 941 920
f 991 920 992
f 992 920 922
f 992 922 993
f 993 922 923
f 993 923 994
f 994 923 944
f 994 944 995
f 995 944 940
f 995 940 949
f 949 940 939
f 998 999 982
f 1001 1002 972
f 1003 1004 967
f 1005 1006 962
f 1007 1008 957
f 1009 951 1010
f 1010 951 952
f 1010 952 1011
f 1011 952 1012
f 1012 952 953
f 1012 953 1013
f 1013 953 1014
f 1014 953 954
f 1014 954 1015
f 955 1016 954
f 954 1016 1017
f 954 1017 1015
f 1016 955 1018
f 1018 955 956
f 1018 956 1019
f 957 1008 956
f 956 1008 1020
f 956 1020 1019
f 1007 957 1021
f 1021 957 958
f 1021 958 1022
f 1022 958 1023
f 1023 958 959
f 1023 959 1024
f 960 1025 959
f 959 1025 1026
f 959 1026 1024
f 1025 960 1027
f 1027 960 961
f 1027 961 1028
f 962 1006 961
f 961 1006 1029
f 961 1029 1028
f 1005 962 1030
f 1030 962 963
f 1030 963 1031
f 1031 963 1032
f 1032 963 964
f 1032 964 1033
f 965 1034 1035
f 965 1035 964
f 964 1035 1036
f 964 1036 1033
f 1034 965 1037
f 1037 965 966
f 1037 966 1038
f 967 1004 966
f 966 1004 1039
f 966 1039 1038
f 1003 967 1040
f 1040 967 968
f 1040 968 1041
f 1041 968 1042
f 1042 968 969
f 1042 969 1043
f 970 1044 969
f 969 1044 1045
f 969 1045 1043
f 1044 970 1046
f 1046 970 971
f 1046 971 1047
f 972 1002 971
f 971 1002 1048
f 971 1048 1047
f 1001 972 1049
f 1049 972 973
f 1049 973 1050
f 975 1051 1052
f 975 1052 974
f 1052 1053 974
f 974 1053 1054
f 974 1054 973
f 973 1054 1055
f 973 1055 1050
f 1051 975 1056
f 1056 975 976
f 1056 976 1057
f 977 1000 976
f 976 1000 1058
f 976 1058 1057
f 1000 977 1059
f 1059 977 978
f 1059 978 1060
f 980 1061 1062
f 980 1062 979
f 1062 1063 979
f 979 1063 1064
f 979 1064 978
f 978 1064 1065
f 978 1065 1060
f 1061 980 1066
f 1066 980 981
f 1066 981 1067
f 982 999 981
f 981 999 1068
f 981 1068 1067
f 998 982 1069
f 1069 982 983
f 1069 983 1070
f 985 1071 1072
f 985 1072 984
f 1072 1073 984
f 984 1073 1074
f 984 1074 983
f 983 1074 1075
f 983 1075 1070
f 1071 985 1076
f 1076 985 986
f 1076 986 1077
f 987 997 986
f 986 997 1078
f 986 1078 1077
f 997 987 1079
f 1079 987 988
f 1079 988 1080
f 990 1081 1082
f 990 1082 989
f 1082 1083 989
f 989 1083 1084
f 989 1084 988
f 988 1084 1085
f 988 1085 1080
f 1081 990 1086
f 1086 990 991
f 1086 991 1087
f 992 996 991
f 991 996 1088
f 991 1088 1087
f 996 992 1089
f 1089 992 993
f 1089 993 1090
f 995 1091 1092
f 995 1092 994
f 1092 1093 994
f 994 1093 1094
f 994 1094 993
f 993 1094 1095
f 993 1095 1090
f 1091 995 1096
f 1096 995 949
f 1096 949 1097
f 1009 1098 951
f 951 1098 1099
f 951 1099 950
f 950 1099 1100
f 950 1100 949
f 949 1100 1101
f 949 1101 1097
f 1102 1103 1104
f 1105 1106 1107
f 1108 1109 1110
f 1113 1114 1115
f 1116 1117 1118
f 1119 1120 1121
f 1122 1123 1124
f 1125 1126 1127
f 1128 1129 1130
f 1131 1132 1133
f 1134 1135 1136
f 1137 1138 1139
f 1140 1141 1142
f 1143 1144 1145
f 1146 1147 1148
f 1149 1150 1151
f 1152 1153 1154
f 1155 1156 1157
f 1158 1159 1160
f 1163 1164 1165
f 1166 1167 1168
f 1169 1170 1171
f 1174 1175 1176
f 1177 1178 1179
f 1180 1181 1182
f 1183 1184 1185
f 1101 1100 1186
f 1097 1101 1187
f 1091 1096 1188
f 1094 1093 1189
f 1081 1086 1191
f 1084 1083 1192
f 1071 1076 1194
f 1074 1073 1195
f 1070 1075 1196
f 999 998 1197
f 1061 1066 1198
f 1064 1063 1199
f 1060 1065 1200
f 1051 1056 1202
f 1054 1053 1203
f 1050 1055 1204
f 1002 1001 1205
f 1043 1045 1206
f 1041 1042 1207
f 1004 1003 1208
f 1033 1036 1209
f 1031 1032 1210
f 1006 1005 1211
f 1024 1026 1212
f 1022 1023 1213
f 1008 1007 1214
f 1015 1017 1215
f 1013 1014 1216
f 1010 1011 1217
f 1100 1099 1218
f 1218 1099 1098
f 1098 1009 1219
f 1219 1009 1010
f 1011 1012 1220
f 1220 1012 1013
f 1015 1215 1014
f 1017 1016 1221
f 1016 1018 1222
f 1222 1018 1019
f 1019 1020 1223
f 1223 1020 1008
f 1007 1021 1224
f 1224 1021 1022
f 1024 1212 1023
f 1026 1025 1225
f 1025 1027 1226
f 1226 1027 1028
f 1028 1029 1227
f 1227 1029 1006
f 1005 1030 1228
f 1228 1030 1031
f 1033 1209 1032
f 1036 1035 1229
f 1229 1035 1034
f 1034 1037 1230
f 1230 1037 1038
f 1038 1039 1231
f 1231 1039 1004
f 1003 1040 1232
f 1232 1040 1041
f 1043 1206 1042
f 1045 1044 1233
f 1044 1046 1234
f 1234 1046 1047
f 1047 1048 1235
f 1235 1048 1002
f 1001 1049 1236
f 1236 1049 1050
f 1054 1203 1055
f 1053 1052 1237
f 1237 1052 1051
f 1056 1057 1238
f 1238 1057 1058
f 1238 1058 1000
f 1000 1059 1239
f 1239 1059 1060
f 1064 1199 1065
f 1063 1062 1240
f 1240 1062 1061
f 1066 1067 1241
f 1241 1067 1068
f 1241 1068 999
f 998 1069 1242
f 1242 1069 1070
f 1074 1195 1075
f 1073 1072 1243
f 1243 1072 1071
f 1076 1077 1244
f 1244 1077 1078
f 1244 1078 997
f 997 1079 1245
f 1245 1079 1080
f 1080 1085 1246
f 1246 1085 1084
f 1083 1082 1247
f 1247 1082 1081
f 1086 1087 1248
f 1248 1087 1088
f 1248 1088 996
f 996 1089 1249
f 1249 1089 1090
f 1090 1095 1250
f 1250 1095 1094
f 1093 1092 1251
f 1251 1092 1091
f 1097 1187 1096
f 1100 1218 1186
f 1186 1218 1252
f 1186 1252 1253
f 1253 1252 1254
f 1253 1254 1255
f 1255 1254 1256
f 1255 1256 1257
f 1257 1256 1258
f 1257 1258 1259
f 1259 1258 1260
f 1259 1260 1261
f 1261 1260 1262
f 1261 1262 1263
f 1263 1262 1264
f 1263 1264 1265
f 1265 1264 1266
f 1265 1266 1267
f 1267 1266 1268
f 1267 1268 1269
f 1269 1268 1270
f 1269 1270 1271
f 1271 1270 1185
f 1271 1185 1272
f 1272 1185 1184
f 1272 1184 1273
f 1098 1219 1218
f 1218 1219 1274
f 1218 1274 1252
f 1252 1274 1275
f 1252 1275 1254
f 1254 1275 1276
f 1254 1276 1256
f 1256 1276 1277
f 1256 1277 1258
f 1258 1277 1278
f 1258 1278 1260
f 1260 1278 1279
f 1260 1279 1262
f 1262 1279 1280
f 1262 1280 1264
f 1264 1280 1281
f 1264 1281 1266
f 1266 1281 1282
f 1266 1282 1268
f 1268 1282 1283
f 1268 1283 1270
f 1270 1283 1182
f 1270 1182 1185
f 1185 1182 1181
f 1185 1181 1183
f 1010 1217 1219
f 1219 1217 1284
f 1219 1284 1274
f 1274 1284 1285
f 1274 1285 1275
f 1275 1285 1286
f 1275 1286 1276
f 1276 1286 1287
f 1276 1287 1277
f 1277 1287 1288
f 1277 1288 1278
f 1278 1288 1289
f 1278 1289 1279
f 1279 1289 1290
f 1279 1290 1280
f 1280 1290 1291
f 1280 1291 1281
f 1281 1291 1292
f 1281 1292 1282
f 1282 1292 1293
f 1282 1293 1283
f 1283 1293 1179
f 1283 1179 1182
f 1182 1179 1178
f 1182 1178 1180
f 1011 1220 1217
f 1217 1220 1294
f 1217 1294 1284
f 1284 1294 1295
f 1284 1295 1285
f 1285 1295 1296
f 1285 1296 1286
f 1286 1296 1297
f 1286 1297 1287
f 1287 1297 1298
f 1287 1298 1288
f 1288 1298 1299
f 1288 1299 1289
f 1289 1299 1300
f 1289 1300 1290
f 1290 1300 1301
f 1290 1301 1291
f 1291 1301 1302
f 1291 1302 1292
f 1292 1302 1303
f 1292 1303 1293
f 1293 1303 1176
f 1293 1176 1179
f 1179 1176 1175
f 1179 1175 1177
f 1013 1216 1220
f 1220 1216 1304
f 1220 1304 1294
f 1294 1304 1305
f 1294 1305 1295
f 1295 1305 1306
f 1295 1306 1296
f 1296 1306 1307
f 1296 1307 1297
f 1297 1307 1308
f 1297 1308 1298
f 1298 1308 1309
f 1298 1309 1299
f 1299 1309 1310
f 1299 1310 1300
f 1300 1310 1311
f 1300 1311 1301
f 1301 1311 1312
f 1301 1312 1302
f 1302 1312 1313
f 1302 1313 1303
f 1303 1313 1314
f 1303 1314 1176
f 1176 1314 1315
f 1176 1315 1174
f 1316 1317 1318
f 1014 1215 1216
f 1216 1215 1319
f 1216 1319 1304
f 1304 1319 1320
f 1304 1320 1305
f 1305 1320 1321
f 1305 1321 1306
f 1306 1321 1322
f 1306 1322 1307
f 1307 1322 1323
f 1307 1323 1308
f 1308 1323 1324
f 1308 1324 1309
f 1309 1324 1325
f 1309 1325 1310
f 1310 1325 1326
f 1310 1326 1311
f 1311 1326 1327
f 1311 1327 1312
f 1312 1327 1328
f 1312 1328 1313
f 1313 1328 1316
f 1313 1316 1314
f 1314 1316 1318
f 1314 1318 1315
f 1329 1330 1331
f 1017 1221 1215
f 1215 1221 1332
f 1215 1332 1319
f 1319 1332 1333
f 1319 1333 1320
f 1320 1333 1334
f 1320 1334 1321
f 1321 1334 1335
f 1321 1335 1322
f 1322 1335 1336
f 1322 1336 1323
f 1323 1336 1337
f 1323 1337 1324
f 1324 1337 1338
f 1324 1338 1325
f 1325 1338 1339
f 1325 1339 1326
f 1326 1339 1340
f 1326 1340 1327
f 1327 1340 1341
f 1327 1341 1328
f 1328 1341 1329
f 1328 1329 1316
f 1316 1329 1331
f 1316 1331 1317
f 1342 1343 1344
f 1016 1222 1221
f 1221 1222 1345
f 1221 1345 1332
f 1332 1345 1346
f 1332 1346 1333
f 1333 1346 1347
f 1333 1347 1334
f 1334 1347 1348
f 1334 1348 1335
f 1335 1348 1349
f 1335 1349 1336
f 1336 1349 1350
f 1336 1350 1337
f 1337 1350 1351
f 1337 1351 1338
f 1338 1351 1352
f 1338 1352 1339
f 1339 1352 1353
f 1339 1353 1340
f 1340 1353 1354
f 1340 1354 1341
f 1341 1354 1342
f 1341 1342 1329
f 1329 1342 1344
f 1329 1344 1330
f 1019 1223 1222
f 1222 1223 1357
f 1222 1357 1345
f 1345 1357 1358
f 1345 1358 1346
f 1346 1358 1359
f 1346 1359 1347
f 1347 1359 1360
f 1347 1360 1348
f 1348 1360 1361
f 1348 1361 1349
f 1349 1361 1362
f 1349 1362 1350
f 1350 1362 1363
f 1350 1363 1351
f 1351 1363 1364
f 1351 1364 1352
f 1352 1364 1365
f 1352 1365 1353
f 1353 1365 1366
f 1353 1366 1354
f 1354 1366 1355
f 1354 1355 1342
f 1342 1355 1356
f 1342 1356 1343
f 1008 1214 1223
f 1223 1214 1367
f 1223 1367 1357
f 1357 1367 1368
f 1357 1368 1358
f 1358 1368 1369
f 1358 1369 1359
f 1359 1369 1370
f 1359 1370 1360
f 1360 1370 1371
f 1360 1371 1361
f 1361 1371 1372
f 1361 1372 1362
f 1362 1372 1373
f 1362 1373 1363
f 1363 1373 1374
f 1363 1374 1364
f 1364 1374 1375
f 1364 1375 1365
f 1365 1375 1376
f 1365 1376 1366
f 1366 1376 1173
f 1366 1173 1355
f 1355 1173 1172
f 1355 1172 1356
f 1007 1224 1214
f 1214 1224 1377
f 1214 1377 1367
f 1367 1377 1378
f 1367 1378 1368
f 1368 1378 1379
f 1368 1379 1369
f 1369 1379 1380
f 1369 1380 1370
f 1370 1380 1381
f 1370 1381 1371
f 1371 1381 1382
f 1371 1382 1372
f 1372 1382 1383
f 1372 1383 1373
f 1373 1383 1384
f 1373 1384 1374
f 1374 1384 1385
f 1374 1385 1375
f 1375 1385 1386
f 1375 1386 1376
f 1376 1386 1171
f 1376 1171 1173
f 1173 1171 1170
f 1173 1170 1172
f 1022 1213 1224
f 1224 1213 1387
f 1224 1387 1377
f 1377 1387 1388
f 1377 1388 1378
f 1378 1388 1389
f 1378 1389 1379
f 1379 1389 1390
f 1379 1390 1380
f 1380 1390 1391
f 1380 1391 1381
f 1381 1391 1392
f 1381 1392 1382
f 1382 1392 1393
f 1382 1393 1383
f 1383 1393 1394
f 1383 1394 1384
f 1384 1394 1395
f 1384 1395 1385
f 1385 1395 1396
f 1385 1396 1386
f 1386 1396 1168
f 1386 1168 1171
f 1171 1168 1167
f 1171 1167 1169
f 1023 1212 1213
f 1213 1212 1397
f 1213 1397 1387
f 1387 1397 1398
f 1387 1398 1388
f 1388 1398 1399
f 1388 1399 1389
f 1389 1399 1400
f 1389 1400 1390
f 1390 1400 1401
f 1390 1401 1391
f 1391 1401 1402
f 1391 1402 1392
f 1392 1402 1403
f 1392 1403 1393
f 1393 1403 1404
f 1393 1404 1394
f 1394 1404 1405
f 1394 1405 1395
f 1395 1405 1406
f 1395 1406 1396
f 1396 1406 1165
f 1396 1165 1168
f 1168 1165 1164
f 1168 1164 1166
f 1026 1225 1212
f 1212 1225 1407
f 1212 1407 1397
f 1397 1407 1408
f 1397 1408 1398
f 1398 1408 1409
f 1398 1409 1399
f 1399 1409 1410
f 1399 1410 1400
f 1400 1410 1411
f 1400 1411 1401
f 1401 1411 1412
f 1401 1412 1402
f 1402 1412 1413
f 1402 1413 1403
f 1403 1413 1414
f 1403 1414 1404
f 1404 1414 1415
f 1404 1415 1405
f 1405 1415 1416
f 1405 1416 1406
f 1406 1416 1417
f 1406 1417 1165
f 1165 1417 1418
f 1165 1418 1163
f 1419 1420 1421
f 1025 1226 1225
f 1225 1226 1422
f 1225 1422 1407
f 1407 1422 1423
f 1407 1423 1408
f 1408 1423 1424
f 1408 1424 1409
f 1409 1424 1425
f 1409 1425 1410
f 1410 1425 1426
f 1410 1426 1411
f 1411 1426 1427
f 1411 1427 1412
f 1412 1427 1428
f 1412 1428 1413
f 1413 1428 1429
f 1413 1429 1414
f 1414 1429 1430
f 1414 1430 1415
f 1415 1430 1431
f 1415 1431 1416
f 1416 1431 1419
f 1416 1419 1417
f 1417 1419 1421
f 1417 1421 1418
f 1432 1433 1434
f 1028 1227 1226
f 1226 1227 1435
f 1226 1435 1422
f 1422 1435 1436
f 1422 1436 1423
f 1423 1436 1437
f 1423 1437 1424
f 1424 1437 1438
f 1424 1438 1425
f 1425 1438 1439
f 1425 1439 1426
f 1426 1439 1440
f 1426 1440 1427
f 1427 1440 1441
f 1427 1441 1428
f 1428 1441 1442
f 1428 1442 1429
f 1429 1442 1443
f 1429 1443 1430
f 1430 1443 1444
f 1430 1444 1431
f 1431 1444 1432
f 1431 1432 1419
f 1419 1432 1434
f 1419 1434 1420
f 1445 1446 1447
f 1006 1211 1227
f 1227 1211 1448
f 1227 1448 1435
f 1435 1448 1449
f 1435 1449 1436
f 1436 1449 1450
f 1436 1450 1437
f 1437 1450 1451
f 1437 1451 1438
f 1438 1451 1452
f 1438 1452 1439
f 1439 1452 1453
f 1439 1453 1440
f 1440 1453 1454
f 1440 1454 1441
f 1441 1454 1455
f 1441 1455 1442
f 1442 1455 1456
f 1442 1456 1443
f 1443 1456 1457
f 1443 1457 1444
f 1444 1457 1445
f 1444 1445 1432
f 1432 1445 1447
f 1432 1447 1433
f 1458 1459 1460
f 1005 1228 1211
f 1211 1228 1461
f 1211 1461 1448
f 1448 1461 1462
f 1448 1462 1449
f 1449 1462 1463
f 1449 1463 1450
f 1450 1463 1464
f 1450 1464 1451
f 1451 1464 1465
f 1451 1465 1452
f 1452 1465 1466
f 1452 1466 1453
f 1453 1466 1467
f 1453 1467 1454
f 1454 1467 1468
f 1454 1468 1455
f 1455 1468 1469
f 1455 1469 1456
f 1456 1469 1470
f 1456 1470 1457
f 1457 1470 1458
f 1457 1458 1445
f 1445 1458 1460
f 1445 1460 1446
f 1031 1210 1228
f 1228 1210 1471
f 1228 1471 1461
f 1461 1471 1472
f 1461 1472 1462
f 1462 1472 1473
f 1462 1473 1463
f 1463 1473 1474
f 1463 1474 1464
f 1464 1474 1475
f 1464 1475 1465
f 1465 1475 1476
f 1465 1476 1466
f 1466 1476 1477
f 1466 1477 1467
f 1467 1477 1478
f 1467 1478 1468
f 1468 1478 1479
f 1468 1479 1469
f 1469 1479 1480
f 1469 1480 1470
f 1470 1480 1162
f 1470 1162 1458
f 1458 1162 1161
f 1458 1161 1459
f 1032 1209 1210
f 1210 1209 1481
f 1210 1481 1471
f 1471 1481 1482
f 1471 1482 1472
f 1472 1482 1483
f 1472 1483 1473
f 1473 1483 1484
f 1473 1484 1474
f 1474 1484 1485
f 1474 1485 1475
f 1475 1485 1486
f 1475 1486 1476
f 1476 1486 1487
f 1476 1487 1477
f 1477 1487 1488
f 1477 1488 1478
f 1478 1488 1489
f 1478 1489 1479
f 1479 1489 1490
f 1479 1490 1480
f 1480 1490 1160
f 1480 1160 1162
f 1162 1160 1159
f 1162 1159 1161
f 1036 1229 1209
f 1209 1229 1491
f 1209 1491 1481
f 1481 1491 1492
f 1481 1492 1482
f 1482 1492 1493
f 1482 1493 1483
f 1483 1493 1494
f 1483 1494 1484
f 1484 1494 1495
f 1484 1495 1485
f 1485 1495 1496
f 1485 1496 1486
f 1486 1496 1497
f 1486 1497 1487
f 1487 1497 1498
f 1487 1498 1488
f 1488 1498 1499
f 1488 1499 1489
f 1489 1499 1500
f 1489 1500 1490
f 1490 1500 1157
f 1490 1157 1160
f 1160 1157 1156
f 1160 1156 1158
f 1034 1230 1229
f 1229 1230 1501
f 1229 1501 1491
f 1491 1501 1502
f 1491 1502 1492
f 1492 1502 1503
f 1492 1503 1493
f 1493 1503 1504
f 1493 1504 1494
f 1494 1504 1505
f 1494 1505 1495
f 1495 1505 1506
f 1495 1506 1496
f 1496 1506 1507
f 1496 1507 1497
f 1497 1507 1508
f 1497 1508 1498
f 1498 1508 1509
f 1498 1509 1499
f 1499 1509 1510
f 1499 1510 1500
f 1500 1510 1154
f 1500 1154 1157
f 1157 1154 1153
f 1157 1153 1155
f 1038 1231 1230
f 1230 1231 1511
f 1230 1511 1501
f 1501 1511 1512
f 1501 1512 1502
f 1502 1512 1513
f 1502 1513 1503
f 1503 1513 1514
f 1503 1514 1504
f 1504 1514 1515
f 1504 1515 1505
f 1505 1515 1516
f 1505 1516 1506
f 1506 1516 1517
f 1506 1517 1507
f 1507 1517 1518
f 1507 1518 1508
f 1508 1518 1519
f 1508 1519 1509
f 1509 1519 1520
f 1509 1520 1510
f 1510 1520 1151
f 1510 1151 1154
f 1154 1151 1150
f 1154 1150 1152
f 1004 1208 1231
f 1231 1208 1521
f 1231 1521 1511
f 1511 1521 1522
f 1511 1522 1512
f 1512 1522 1523
f 1512 1523 1513
f 1513 1523 1524
f 1513 1524 1514
f 1514 1524 1525
f 1514 1525 1515
f 1515 1525 1526
f 1515 1526 1516
f 1516 1526 1527
f 1516 1527 1517
f 1517 1527 1528
f 1517 1528 1518
f 1518 1528 1529
f 1518 1529 1519
f 1519 1529 1530
f 1519 1530 1520
f 1520 1530 1531
f 1520 1531 1151
f 1151 1531 1532
f 1151 1532 1149
f 1533 1534 1535
f 1003 1232 1208
f 1208 1232 1536
f 1208 1536 1521
f 1521 1536 1537
f 1521 1537 1522
f 1522 1537 1538
f 1522 1538 1523
f 1523 1538 1539
f 1523 1539 1524
f 1524 1539 1540
f 1524 1540 1525
f 1525 1540 1541
f 1525 1541 1526
f 1526 1541 1542
f 1526 1542 1527
f 1527 1542 1543
f 1527 1543 1528
f 1528 1543 1544
f 1528 1544 1529
f 1529 1544 1545
f 1529 1545 1530
f 1530 1545 1533
f 1530 1533 1531
f 1531 1533 1535
f 1531 1535 1532
f 1546 1547 1548
f 1041 1207 1232
f 1232 1207 1549
f 1232 1549 1536
f 1536 1549 1550
f 1536 1550 1537
f 1537 1550 1551
f 1537 1551 1538
f 1538 1551 1552
f 1538 1552 1539
f 1539 1552 1553
f 1539 1553 1540
f 1540 1553 1554
f 1540 1554 1541
f 1541 1554 1555
f 1541 1555 1542
f 1542 1555 1556
f 1542 1556 1543
f 1543 1556 1557
f 1543 1557 1544
f 1544 1557 1558
f 1544 1558 1545
f 1545 1558 1546
f 1545 1546 1533
f 1533 1546 1548
f 1533 1548 1534
f 1559 1560 1561
f 1042 1206 1207
f 1207 1206 1562
f 1207 1562 1549
f 1549 1562 1563
f 1549 1563 1550
f 1550 1563 1564
f 1550 1564 1551
f 1551 1564 1565
f 1551 1565 1552
f 1552 1565 1566
f 1552 1566 1553
f 1553 1566 1567
f 1553 1567 1554
f 1554 1567 1568
f 1554 1568 1555
f 1555 1568 1569
f 1555 1569 1556
f 1556 1569 1570
f 1556 1570 1557
f 1557 1570 1571
f 1557 1571 1558
f 1558 1571 1559
f 1558 1559 1546
f 1546 1559 1561
f 1546 1561 1547
f 1572 1573 1574
f 1045 1233 1206
f 1206 1233 1575
f 1206 1575 1562
f 1562 1575 1576
f 1562 1576 1563
f 1563 1576 1577
f 1563 1577 1564
f 1564 1577 1578
f 1564 1578 1565
f 1565 1578 1579
f 1565 1579 1566
f 1566 1579 1580
f 1566 1580 1567
f 1567 1580 1581
f 1567 1581 1568
f 1568 1581 1582
f 1568 1582 1569
f 1569 1582 1583
f 1569 1583 1570
f 1570 1583 1584
f 1570 1584 1571
f 1571 1584 1572
f 1571 1572 1559
f 1559 1572 1574
f 1559 1574 1560
f 1044 1234 1233
f 1233 1234 1585
f 1233 1585 1575
f 1575 1585 1586
f 1575 1586 1576
f 1576 1586 1587
f 1576 1587 1577
f 1577 1587 1588
f 1577 1588 1578
f 1578 1588 1589
f 1578 1589 1579
f 1579 1589 1590
f 1579 1590 1580
f 1580 1590 1591
f 1580 1591 1581
f 1581 1591 1592
f 1581 1592 1582
f 1582 1592 1593
f 1582 1593 1583
f 1583 1593 1594
f 1583 1594 1584
f 1584 1594 1148
f 1584 1148 1572
f 1572 1148 1147
f 1572 1147 1573
f 1047 1235 1234
f 1234 1235 1595
f 1234 1595 1585
f 1585 1595 1596
f 1585 1596 1586
f 1586 1596 1597
f 1586 1597 1587
f 1587 1597 1598
f 1587 1598 1588
f 1588 1598 1599
f 1588 1599 1589
f 1589 1599 1600
f 1589 1600 1590
f 1590 1600 1601
f 1590 1601 1591
f 1591 1601 1602
f 1591 1602 1592
f 1592 1602 1603
f 1592 1603 1593
f 1593 1603 1604
f 1593 1604 1594
f 1594 1604 1145
f 1594 1145 1148
f 1148 1145 1144
f 1148 1144 1146
f 1002 1205 1235
f 1235 1205 1605
f 1235 1605 1595
f 1595 1605 1606
f 1595 1606 1596
f 1596 1606 1607
f 1596 1607 1597
f 1597 1607 1608
f 1597 1608 1598
f 1598 1608 1609
f 1598 1609 1599
f 1599 1609 1610
f 1599 1610 1600
f 1600 1610 1611
f 1600 1611 1601
f 1601 1611 1612
f 1601 1612 1602
f 1602 1612 1613
f 1602 1613 1603
f 1603 1613 1614
f 1603 1614 1604
f 1604 1614 1142
f 1604 1142 1145
f 1145 1142 1141
f 1145 1141 1143
f 1001 1236 1205
f 1205 1236 1615
f 1205 1615 1605
f 1605 1615 1616
f 1605 1616 1606
f 1606 1616 1617
f 1606 1617 1607
f 1607 1617 1618
f 1607 1618 1608
f 1608 1618 1619
f 1608 1619 1609
f 1609 1619 1620
f 1609 1620 1610
f 1610 1620 1621
f 1610 1621 1611
f 1611 1621 1622
f 1611 1622 1612
f 1612 1622 1623
f 1612 1623 1613
f 1613 1623 1624
f 1613 1624 1614
f 1614 1624 1139
f 1614 1139 1142
f 1142 1139 1138
f 1142 1138 1140
f 1050 1204 1236
f 1236 1204 1625
f 1236 1625 1615
f 1615 1625 1626
f 1615 1626 1616
f 1616 1626 1627
f 1616 1627 1617
f 1617 1627 1628
f 1617 1628 1618
f 1618 1628 1629
f 1618 1629 1619
f 1619 1629 1630
f 1619 1630 1620
f 1620 1630 1631
f 1620 1631 1621
f 1621 1631 1632
f 1621 1632 1622
f 1622 1632 1633
f 1622 1633 1623
f 1623 1633 1634
f 1623 1634 1624
f 1624 1634 1635
f 1624 1635 1139
f 1139 1635 1636
f 1139 1636 1137
f 1637 1638 1639
f 1055 1203 1204
f 1204 1203 1640
f 1204 1640 1625
f 1625 1640 1641
f 1625 1641 1626
f 1626 1641 1642
f 1626 1642 1627
f 1627 1642 1643
f 1627 1643 1628
f 1628 1643 1644
f 1628 1644 1629
f 1629 1644 1645
f 1629 1645 1630
f 1630 1645 1646
f 1630 1646 1631
f 1631 1646 1647
f 1631 1647 1632
f 1632 1647 1648
f 1632 1648 1633
f 1633 1648 1649
f 1633 1649 1634
f 1634 1649 1637
f 1634 1637 1635
f 1635 1637 1639
f 1635 1639 1636
f 1650 1651 1652
f 1053 1237 1203
f 1203 1237 1653
f 1203 1653 1640
f 1640 1653 1654
f 1640 1654 1641
f 1641 1654 1655
f 1641 1655 1642
f 1642 1655 1656
f 1642 1656 1643
f 1643 1656 1657
f 1643 1657 1644
f 1644 1657 1658
f 1644 1658 1645
f 1645 1658 1659
f 1645 1659 1646
f 1646 1659 1660
f 1646 1660 1647
f 1647 1660 1661
f 1647 1661 1648
f 1648 1661 1662
f 1648 1662 1649
f 1649 1662 1650
f 1649 1650 1637
f 1637 1650 1652
f 1637 1652 1638
f 1663 1664 1665
f 1051 1202 1237
f 1237 1202 1666
f 1237 1666 1653
f 1653 1666 1667
f 1653 1667 1654
f 1654 1667 1668
f 1654 1668 1655
f 1655 1668 1669
f 1655 1669 1656
f 1656 1669 1670
f 1656 1670 1657
f 1657 1670 1671
f 1657 1671 1658
f 1658 1671 1672
f 1658 1672 1659
f 1659 1672 1673
f 1659 1673 1660
f 1660 1673 1674
f 1660 1674 1661
f 1661 1674 1675
f 1661 1675 1662
f 1662 1675 1663
f 1662 1663 1650
f 1650 1663 1665
f 1650 1665 1651
f 1676 1677 1678
f 1056 1238 1202
f 1202 1238 1679
f 1202 1679 1666
f 1666 1679 1680
f 1666 1680 1667
f 1667 1680 1681
f 1667 1681 1668
f 1668 1681 1682
f 1668 1682 1669
f 1669 1682 1683
f 1669 1683 1670
f 1670 1683 1684
f 1670 1684 1671
f 1671 1684 1685
f 1671 1685 1672
f 1672 1685 1686
f 1672 1686 1673
f 1673 1686 1687
f 1673 1687 1674
f 1674 1687 1688
f 1674 1688 1675
f 1675 1688 1676
f 1675 1676 1663
f 1663 1676 1678
f 1663 1678 1664
f 1000 1201 1238
f 1238 1201 1689
f 1238 1689 1679
f 1679 1689 1690
f 1679 1690 1680
f 1680 1690 1691
f 1680 1691 1681
f 1681 1691 1692
f 1681 1692 1682
f 1682 1692 1693
f 1682 1693 1683
f 1683 1693 1694
f 1683 1694 1684
f 1684 1694 1695
f 1684 1695 1685
f 1685 1695 1696
f 1685 1696 1686
f 1686 1696 1697
f 1686 1697 1687
f 1687 1697 1698
f 1687 1698 1688
f 1688 1698 1136
f 1688 1136 1676
f 1676 1136 1135
f 1676 1135 1677
f 1000 1239 1201
f 1201 1239 1699
f 1201 1699 1689
f 1689 1699 1700
f 1689 1700 1690
f 1690 1700 1701
f 1690 1701 1691
f 1691 1701 1702
f 1691 1702 1692
f 1692 1702 1703
f 1692 1703 1693
f 1693 1703 1704
f 1693 1704 1694
f 1694 1704 1705
f 1694 1705 1695
f 1695 1705 1706
f 1695 1706 1696
f 1696 1706 1707
f 1696 1707 1697
f 1697 1707 1708
f 1697 1708 1698
f 1698 1708 1133
f 1698 1133 1136
f 1136 1133 1132
f 1136 1132 1134
f 1060 1200 1239
f 1239 1200 1709
f 1239 1709 1699
f 1699 1709 1710
f 1699 1710 1700
f 1700 1710 1711
f 1700 1711 1701
f 1701 1711 1712
f 1701 1712 1702
f 1702 1712 1713
f 1702 1713 1703
f 1703 1713 1714
f 1703 1714 1704
f 1704 1714 1715
f 1704 1715 1705
f 1705 1715 1716
f 1705 1716 1706
f 1706 1716 1717
f 1706 1717 1707
f 1707 1717 1718
f 1707 1718 1708
f 1708 1718 1130
f 1708 1130 1133
f 1133 1130 1129
f 1133 1129 1131
f 1065 1199 1200
f 1200 1199 1719
f 1200 1719 1709
f 1709 1719 1720
f 1709 1720 1710
f 1710 1720 1721
f 1710 1721 1711
f 1711 1721 1722
f 1711 1722 1712
f 1712 1722 1723
f 1712 1723 1713
f 1713 1723 1724
f 1713 1724 1714
f 1714 1724 1725
f 1714 1725 1715
f 1715 1725 1726
f 1715 1726 1716
f 1716 1726 1727
f 1716 1727 1717
f 1717 1727 1728
f 1717 1728 1718
f 1718 1728 1127
f 1718 1127 1130
f 1130 1127 1126
f 1130 1126 1128
f 1063 1240 1199
f 1199 1240 1729
f 1199 1729 1719
f 1719 1729 1730
f 1719 1730 1720
f 1720 1730 1731
f 1720 1731 1721
f 1721 1731 1732
f 1721 1732 1722
f 1722 1732 1733
f 1722 1733 1723
f 1723 1733 1734
f 1723 1734 1724
f 1724 1734 1735
f 1724 1735 1725
f 1725 1735 1736
f 1725 1736 1726
f 1726 1736 1737
f 1726 1737 1727
f 1727 1737 1738
f 1727 1738 1728
f 1728 1738 1739
f 1728 1739 1127
f 1127 1739 1740
f 1127 1740 1125
f 1741 1742 1743
f 1061 1198 1240
f 1240 1198 1744
f 1240 1744 1729
f 1729 1744 1745
f 1729 1745 1730
f 1730 1745 1746
f 1730 1746 1731
f 1731 1746 1747
f 1731 1747 1732
f 1732 1747 1748
f 1732 1748 1733
f 1733 1748 1749
f 1733 1749 1734
f 1734 1749 1750
f 1734 1750 1735
f 1735 1750 1751
f 1735 1751 1736
f 1736 1751 1752
f 1736 1752 1737
f 1737 1752 1753
f 1737 1753 1738
f 1738 1753 1741
f 1738 1741 1739
f 1739 1741 1743
f 1739 1743 1740
f 1754 1755 1756
f 1066 1241 1198
f 1198 1241 1757
f 1198 1757 1744
f 1744 1757 1758
f 1744 1758 1745
f 1745 1758 1759
f 1745 1759 1746
f 1746 1759 1760
f 1746 1760 1747
f 1747 1760 1761
f 1747 1761 1748
f 1748 1761 1762
f 1748 1762 1749
f 1749 1762 1763
f 1749 1763 1750
f 1750 1763 1764
f 1750 1764 1751
f 1751 1764 1765
f 1751 1765 1752
f 1752 1765 1766
f 1752 1766 1753
f 1753 1766 1754
f 1753 1754 1741
f 1741 1754 1756
f 1741 1756 1742
f 1767 1768 1769
f 999 1197 1241
f 1241 1197 1770
f 1241 1770 1757
f 1757 1770 1771
f 1757 1771 1758
f 1758 1771 1772
f 1758 1772 1759
f 1759 1772 1773
f 1759 1773 1760
f 1760 1773 1774
f 1760 1774 1761
f 1761 1774 1775
f 1761 1775 1762
f 1762 1775 1776
f 1762 1776 1763
f 1763 1776 1777
f 1763 1777 1764
f 1764 1777 1778
f 1764 1778 1765
f 1765 1778 1779
f 1765 1779 1766
f 1766 1779 1767
f 1766 1767 1754
f 1754 1767 1769
f 1754 1769 1755
f 1780 1781 1782
f 998 1242 1197
f 1197 1242 1783
f 1197 1783 1770
f 1770 1783 1784
f 1770 1784 1771
f 1771 1784 1785
f 1771 1785 1772
f 1772 1785 1786
f 1772 1786 1773
f 1773 1786 1787
f 1773 1787 1774
f 1774 1787 1788
f 1774 1788 1775
f 1775 1788 1789
f 1775 1789 1776
f 1776 1789 1790
f 1776 1790 1777
f 1777 1790 1791
f 1777 1791 1778
f 1778 1791 1792
f 1778 1792 1779
f 1779 1792 1780
f 1779 1780 1767
f 1767 1780 1782
f 1767 1782 1768
f 1070 1196 1242
f 1242 1196 1795
f 1242 1795 1783
f 1783 1795 1796
f 1783 1796 1784
f 1784 1796 1797
f 1784 1797 1785
f 1785 1797 1798
f 1785 1798 1786
f 1786 1798 1799
f 1786 1799 1787
f 1787 1799 1800
f 1787 1800 1788
f 1788 1800 1801
f 1788 1801 1789
f 1789 1801 1802
f 1789 1802 1790
f 1790 1802 1803
f 1790 1803 1791
f 1791 1803 1804
f 1791 1804 1792
f 1792 1804 1793
f 1792 1793 1780
f 1780 1793 1794
f 1780 1794 1781
f 1075 1195 1196
f 1196 1195 1805
f 1196 1805 1795
f 1795 1805 1806
f 1795 1806 1796
f 1796 1806 1807
f 1796 1807 1797
f 1797 1807 1808
f 1797 1808 1798
f 1798 1808 1809
f 1798 1809 1799
f 1799 1809 1810
f 1799 1810 1800
f 1800 1810 1811
f 1800 1811 1801
f 1801 1811 1812
f 1801 1812 1802
f 1802 1812 1813
f 1802 1813 1803
f 1803 1813 1814
f 1803 1814 1804
f 1804 1814 1124
f 1804 1124 1793
f 1793 1124 1123
f 1793 1123 1794
f 1073 1243 1195
f 1195 1243 1815
f 1195 1815 1805
f 1805 1815 1816
f 1805 1816 1806
f 1806 1816 1817
f 1806 1817 1807
f 1807 1817 1818
f 1807 1818 1808
f 1808 1818 1819
f 1808 1819 1809
f 1809 1819 1820
f 1809 1820 1810
f 1810 1820 1821
f 1810 1821 1811
f 1811 1821 1822
f 1811 1822 1812
f 1812 1822 1823
f 1812 1823 1813
f 1813 1823 1824
f 1813 1824 1814
f 1814 1824 1121
f 1814 1121 1124
f 1124 1121 1120
f 1124 1120 1122
f 1071 1194 1243
f 1243 1194 1825
f 1243 1825 1815
f 1815 1825 1826
f 1815 1826 1816
f 1816 1826 1827
f 1816 1827 1817
f 1817 1827 1828
f 1817 1828 1818
f 1818 1828 1829
f 1818 1829 1819
f 1819 1829 1830
f 1819 1830 1820
f 1820 1830 1831
f 1820 1831 1821
f 1821 1831 1832
f 1821 1832 1822
f 1822 1832 1833
f 1822 1833 1823
f 1823 1833 1834
f 1823 1834 1824
f 1824 1834 1118
f 1824 1118 1121
f 1121 1118 1117
f 1121 1117 1119
f 1076 1244 1194
f 1194 1244 1835
f 1194 1835 1825
f 1825 1835 1836
f 1825 1836 1826
f 1826 1836 1837
f 1826 1837 1827
f 1827 1837 1838
f 1827 1838 1828
f 1828 1838 1839
f 1828 1839 1829
f 1829 1839 1840
f 1829 1840 1830
f 1830 1840 1841
f 1830 1841 1831
f 1831 1841 1842
f 1831 1842 1832
f 1832 1842 1843
f 1832 1843 1833
f 1833 1843 1844
f 1833 1844 1834
f 1834 1844 1115
f 1834 1115 1118
f 1118 1115 1114
f 1118 1114 1116
f 997 1193 1244
f 1244 1193 1845
f 1244 1845 1835
f 1835 1845 1846
f 1835 1846 1836
f 1836 1846 1847
f 1836 1847 1837
f 1837 1847 1848
f 1837 1848 1838
f 1838 1848 1849
f 1838 1849 1839
f 1839 1849 1850
f 1839 1850 1840
f 1840 1850 1851
f 1840 1851 1841
f 1841 1851 1852
f 1841 1852 1842
f 1842 1852 1853
f 1842 1853 1843
f 1843 1853 1854
f 1843 1854 1844
f 1844 1854 1855
f 1844 1855 1115
f 1115 1855 1856
f 1115 1856 1113
f 1857 1858 1859
f 997 1245 1193
f 1193 1245 1860
f 1193 1860 1845
f 1845 1860 1861
f 1845 1861 1846
f 1846 1861 1862
f 1846 1862 1847
f 1847 1862 1863
f 1847 1863 1848
f 1848 1863 1864
f 1848 1864 1849
f 1849 1864 1865
f 1849 1865 1850
f 1850 1865 1866
f 1850 1866 1851
f 1851 1866 1867
f 1851 1867 1852
f 1852 1867 1868
f 1852 1868 1853
f 1853 1868 1869
f 1853 1869 1854
f 1854 1869 1857
f 1854 1857 1855
f 1855 1857 1859
f 1855 1859 1856
f 1870 1871 1872
f 1080 1246 1245
f 1245 1246 1873
f 1245 1873 1860
f 1860 1873 1874
f 1860 1874 1861
f 1861 1874 1875
f 1861 1875 1862
f 1862 1875 1876
f 1862 1876 1863
f 1863 1876 1877
f 1863 1877 1864
f 1864 1877 1878
f 1864 1878 1865
f 1865 1878 1879
f 1865 1879 1866
f 1866 1879 1880
f 1866 1880 1867
f 1867 1880 1881
f 1867 1881 1868
f 1868 1881 1882
f 1868 1882 1869
f 1869 1882 1870
f 1869 1870 1857
f 1857 1870 1872
f 1857 1872 1858
f 1883 1884 1885
f 1084 1192 1246
f 1246 1192 1886
f 1246 1886 1873
f 1873 1886 1887
f 1873 1887 1874
f 1874 1887 1888
f 1874 1888 1875
f 1875 1888 1889
f 1875 1889 1876
f 1876 1889 1890
f 1876 1890 1877
f 1877 1890 1891
f 1877 1891 1878
f 1878 1891 1892
f 1878 1892 1879
f 1879 1892 1893
f 1879 1893 1880
f 1880 1893 1894
f 1880 1894 1881
f 1881 1894 1895
f 1881 1895 1882
f 1882 1895 1883
f 1882 1883 1870
f 1870 1883 1885
f 1870 1885 1871
f 1083 1247 1192
f 1192 1247 1898
f 1192 1898 1886
f 1886 1898 1899
f 1886 1899 1887
f 1887 1899 1900
f 1887 1900 1888
f 1888 1900 1901
f 1888 1901 1889
f 1889 1901 1902
f 1889 1902 1890
f 1890 1902 1903
f 1890 1903 1891
f 1891 1903 1904
f 1891 1904 1892
f 1892 1904 1905
f 1892 1905 1893
f 1893 1905 1906
f 1893 1906 1894
f 1894 1906 1907
f 1894 1907 1895
f 1895 1907 1896
f 1895 1896 1883
f 1883 1896 1897
f 1883 1897 1884
f 1081 1191 1247
f 1247 1191 1908
f 1247 1908 1898
f 1898 1908 1909
f 1898 1909 1899
f 1899 1909 1910
f 1899 1910 1900
f 1900 1910 1911
f 1900 1911 1901
f 1901 1911 1912
f 1901 1912 1902
f 1902 1912 1913
f 1902 1913 1903
f 1903 1913 1914
f 1903 1914 1904
f 1904 1914 1915
f 1904 1915 1905
f 1905 1915 1916
f 1905 1916 1906
f 1906 1916 1917
f 1906 1917 1907
f 1907 1917 1112
f 1907 1112 1896
f 1896 1112 1111
f 1896 1111 1897
f 1086 1248 1191
f 1191 1248 1918
f 1191 1918 1908
f 1908 1918 1919
f 1908 1919 1909
f 1909 1919 1920
f 1909 1920 1910
f 1910 1920 1921
f 1910 1921 1911
f 1911 1921 1922
f 1911 1922 1912
f 1912 1922 1923
f 1912 1923 1913
f 1913 1923 1924
f 1913 1924 1914
f 1914 1924 1925
f 1914 1925 1915
f 1915 1925 1926
f 1915 1926 1916
f 1916 1926 1927
f 1916 1927 1917
f 1917 1927 1110
f 1917 1110 1112
f 1112 1110 1109
f 1112 1109 1111
f 996 1190 1248
f 1248 1190 1928
f 1248 1928 1918
f 1918 1928 1929
f 1918 1929 1919
f 1919 1929 1930
f 1919 1930 1920
f 1920 1930 1931
f 1920 1931 1921
f 1921 1931 1932
f 1921 1932 1922
f 1922 1932 1933
f 1922 1933 1923
f 1923 1933 1934
f 1923 1934 1924
f 1924 1934 1935
f 1924 1935 1925
f 1925 1935 1936
f 1925 1936 1926
f 1926 1936 1937
f 1926 1937 1927
f 1927 1937 1107
f 1927 1107 1110
f 1110 1107 1106
f 1110 1106 1108
f 996 1249 1190
f 1190 1249 1938
f 1190 1938 1928
f 1928 1938 1939
f 1928 1939 1929
f 1929 1939 1940
f 1929 1940 1930
f 1930 1940 1941
f 1930 1941 1931
f 1931 1941 1942
f 1931 1942 1932
f 1932 1942 1943
f 1932 1943 1933
f 1933 1943 1944
f 1933 1944 1934
f 1934 1944 1945
f 1934 1945 1935
f 1935 1945 1946
f 1935 1946 1936
f 1936 1946 1947
f 1936 1947 1937
f 1937 1947 1104
f 1937 1104 1107
f 1107 1104 1103
f 1107 1103 1105
f 1090 1250 1249
f 1249 1250 1948
f 1249 1948 1938
f 1938 1948 1949
f 1938 1949 1939
f 1939 1949 1950
f 1939 1950 1940
f 1940 1950 1951
f 1940 1951 1941
f 1941 1951 1952
f 1941 1952 1942
f 1942 1952 1953
f 1942 1953 1943
f 1943 1953 1954
f 1943 1954 1944
f 1944 1954 1955
f 1944 1955 1945
f 1945 1955 1956
f 1945 1956 1946
f 1946 1956 1957
f 1946 1957 1947
f 1947 1957 1958
f 1947 1958 1104
f 1104 1958 1959
f 1104 1959 1102
f 1960 1961 1962
f 1094 1189 1250
f 1250 1189 1963
f 1250 1963 1948
f 1948 1963 1964
f 1948 1964 1949
f 1949 1964 1965
f 1949 1965 1950
f 1950 1965 1966
f 1950 1966 1951
f 1951 1966 1967
f 1951 1967 1952
f 1952 1967 1968
f 1952 1968 1953
f 1953 1968 1969
f 1953 1969 1954
f 1954 1969 1970
f 1954 1970 1955
f 1955 1970 1971
f 1955 1971 1956
f 1956 1971 1972
f 1956 1972 1957
f 1957 1972 1960
f 1957 1960 1958
f 1958 1960 1962
f 1958 1962 1959
f 1973 1974 1975
f 1093 1251 1189
f 1189 1251 1976
f 1189 1976 1963
f 1963 1976 1977
f 1963 1977 1964
f 1964 1977 1978
f 1964 1978 1965
f 1965 1978 1979
f 1965 1979 1966
f 1966 1979 1980
f 1966 1980 1967
f 1967 1980 1981
f 1967 1981 1968
f 1968 1981 1982
f 1968 1982 1969
f 1969 1982 1983
f 1969 1983 1970
f 1970 1983 1984
f 1970 1984 1971
f 1971 1984 1985
f 1971 1985 1972
f 1972 1985 1973
f 1972 1973 1960
f 1960 1973 1975
f 1960 1975 1961
f 1986 1987 1988
f 1091 1188 1251
f 1251 1188 1989
f 1251 1989 1976
f 1976 1989 1990
f 1976 1990 1977
f 1977 1990 1991
f 1977 1991 1978
f 1978 1991 1992
f 1978 1992 1979
f 1979 1992 1993
f 1979 1993 1980
f 1980 1993 1994
f 1980 1994 1981
f 1981 1994 1995
f 1981 1995 1982
f 1982 1995 1996
f 1982 1996 1983
f 1983 1996 1997
f 1983 1997 1984
f 1984 1997 1998
f 1984 1998 1985
f 1985 1998 1986
f 1985 1986 1973
f 1973 1986 1988
f 1973 1988 1974
f 1999 2000 2001
f 1096 1187 1188
f 1188 1187 2002
f 1188 2002 1989
f 1989 2002 2003
f 1989 2003 1990
f 1990 2003 2004
f 1990 2004 1991
f 1991 2004 2005
f 1991 2005 1992
f 1992 2005 2006
f 1992 2006 1993
f 1993 2006 2007
f 1993 2007 1994
f 1994 2007 2008
f 1994 2008 1995
f 1995 2008 2009
f 1995 2009 1996
f 1996 2009 2010
f 1996 2010 1997
f 1997 2010 2011
f 1997 2011 1998
f 1998 2011 1999
f 1998 1999 1986
f 1986 1999 2001
f 1986 2001 1987
f 1101 1186 1187
f 1187 1186 1253
f 1187 1253 2002
f 2002 1253 1255
f 2002 1255 2003
f 2003 1255 1257
f 2003 1257 2004
f 2004 1257 1259
f 2004 1259 2005
f 2005 1259 1261
f 2005 1261 2006
f 2006 1261 1263
f 2006 1263 2007
f 2007 1263 1265
f 2007 1265 2008
f 2008 1265 1267
f 2008 1267 2009
f 2009 1267 1269
f 2009 1269 2010
f 2010 1269 1271
f 2010 1271 2011
f 2011 1271 1272
f 2011 1272 1999
f 1999 1272 1273
f 1999 1273 2000
f 1184 2012 2013
f 1184 1183 2012
f 2012 1183 1181
f 2012 1181 2014
f 1181 1180 2014
f 2014 1180 1178
f 2014 1178 2015
f 2015 1178 1177
f 2015 1177 2016
f 2016 1177 1175
f 1175 1174 2016
f 2016 1174 1315
f 2016 1315 2017
f 1315 1318 2017
f 2017 1318 1317
f 2017 1317 2018
f 1317 1331 2018
f 2018 1331 1330
f 2018 1330 2019
f 1330 1344 2019
f 2019 1344 1343
f 2019 1343 2020
f 1172 2021 1356
f 1356 2021 2020
f 1356 2020 1343
f 2021 1172 1170
f 2021 1170 2022
f 1170 1169 2022
f 2022 1169 1167
f 2022 1167 2023
f 1167 1166 2023
f 2023 1166 1164
f 2023 1164 2024
f 2024 1164 1163
f 2024 1163 2025
f 2025 1163 1418
f 1418 1421 2025
f 2025 1421 1420
f 2025 1420 2026
f 1420 1434 2026
f 2026 1434 1433
f 2026 1433 2027
f 1460 2028 1446
f 1446 2028 2027
f 1446 2027 1447
f 1447 2027 1433
f 1460 1459 2028
f 2028 1459 1161
f 2028 1161 2029
f 2029 1161 1159
f 2029 1159 2030
f 1159 1158 2030
f 2030 1158 1156
f 2030 1156 2031
f 1156 1155 2031
f 2031 1155 1153
f 2031 1153 2032
f 2032 1153 1152
f 2032 1152 2033
f 2033 1152 1150
f 1150 1149 2033
f 2033 1149 1532
f 2033 1532 2034
f 1532 1535 2034
f 2034 1535 1534
f 2034 1534 2035
f 1534 1548 2035
f 2035 1548 1547
f 2035 1547 2036
f 1547 1561 2036
f 2036 1561 1560
f 2036 1560 2037
f 1147 2038 1573
f 1573 2038 2037
f 1573 2037 1574
f 1574 2037 1560
f 1147 1146 2038
f 2038 1146 1144
f 2038 1144 2039
f 1144 1143 2039
f 2039 1143 1141
f 2039 1141 2040
f 2040 1141 1140
f 2040 1140 2041
f 1140 1138 2041
f 2041 1138 1137
f 2041 1137 2042
f 2042 1137 1636
f 1636 1639 2042
f 2042 1639 1638
f 2042 1638 2043
f 1638 1652 2043
f 2043 1652 1651
f 2043 1651 2044
f 1678 2045 1664
f 1664 2045 2044
f 1664 2044 1665
f 1665 2044 1651
f 1678 1677 2045
f 2045 1677 1135
f 2045 1135 2046
f 1135 1134 2046
f 2046 1134 1132
f 2046 1132 2047
f 1132 1131 2047
f 2047 1131 1129
f 2047 1129 2048
f 1129 1128 2048
f 2048 1128 1126
f 2048 1126 2049
f 2049 1126 1125
f 2049 1125 2050
f 2050 1125 1740
f 1740 1743 2050
f 2050 1743 1742
f 2050 1742 2051
f 1742 1756 2051
f 2051 1756 1755
f 2051 1755 2052
f 1755 1769 2052
f 2052 1769 1768
f 2052 1768 2053
f 1768 1782 2053
f 2053 1782 1781
f 2053 1781 2054
f 1123 2055 1794
f 1794 2055 2054
f 1794 2054 1781
f 1123 1122 2055
f 2055 1122 1120
f 2055 1120 2056
f 1120 1119 2056
f 2056 1119 1117
f 2056 1117 2057
f 2057 1117 1116
f 2057 1116 2058
f 2058 1116 1114
f 1114 1113 2058
f 2058 1113 1856
f 2058 1856 2059
f 1856 1859 2059
f 2059 1859 1858
f 2059 1858 2060
f 1858 1872 2060
f 2060 1872 1871
f 2060 1871 2061
f 1871 1885 2061
f 2061 1885 1884
f 2061 1884 2062
f 1111 2063 1897
f 1897 2063 2062
f 1897 2062 1884
f 2063 1111 1109
f 2063 1109 2064
f 1109 1108 2064
f 2064 1108 1106
f 2064 1106 2065
f 1106 1105 2065
f 2065 1105 1103
f 2065 1103 2066
f 2066 1103 1102
f 2066 1102 2067
f 2067 1102 1959
f 1959 1962 2067
f 2067 1962 1961
f 2067 1961 2068
f 1961 1975 2068
f 2068 1975 1974
f 2068 1974 2069
f 1974 1988 2069
f 2069 1988 1987
f 2069 1987 2070
f 1987 2001 2070
f 2070 2001 2000
f 2070 2000 2013
f 2013 2000 1273
f 2013 1273 1184
f 2070 2071 2069
f 2069 2071 2072
f 2069 2072 2068
f 2068 2072 2073
f 2068 2073 2067
f 2067 2073 2074
f 2067 2074 2066
f 2066 2074 2075
f 2066 2075 2065
f 2065 2075 2076
f 2065 2076 2064
f 2064 2076 2077
f 2064 2077 2063
f 2063 2077 2078
f 2063 2078 2062
f 2062 2078 2079
f 2062 2079 2061
f 2061 2079 2080
f 2061 2080 2060
f 2060 2080 2081
f 2060 2081 2059
f 2059 2081 2082
f 2059 2082 2058
f 2058 2082 2083
f 2058 2083 2057
f 2057 2083 2084
f 2057 2084 2056
f 2056 2084 2085
f 2056 2085 2055
f 2055 2085 2086
f 2055 2086 2054
f 2054 2086 2087
f 2054 2087 2053
f 2053 2087 2088
f 2053 2088 2052
f 2052 2088 2089
f 2052 2089 2051
f 2051 2089 2090
f 2051 2090 2050
f 2050 2090 2091
f 2050 2091 2049
f 2049 2091 2092
f 2049 2092 2048
f 2048 2092 2093
f 2048 2093 2047
f 2047 2093 2094
f 2047 2094 2046
f 2046 2094 2095
f 2046 2095 2045
f 2045 2095 2096
f 2045 2096 2044
f 2044 2096 2097
f 2044 2097 2043
f 2043 2097 2098
f 2043 2098 2042
f 2042 2098 2099
f 2042 2099 2041
f 2041 2099 2100
f 2041 2100 2040
f 2040 2100 2101
f 2040 2101 2039
f 2039 2101 2102
f 2039 2102 2038
f 2038 2102 2103
f 2038 2103 2037
f 2037 2103 2104
f 2037 2104 2036
f 2036 2104 2105
f 2036 2105 2035
f 2035 2105 2106
f 2035 2106 2034
f 2034 2106 2107
f 2034 2107 2033
f 2033 2107 2108
f 2033 2108 2032
f 2032 2108 2109
f 2032 2109 2031
f 2031 2109 2110
f 2031 2110 2030
f 2030 2110 2111
f 2030 2111 2029
f 2029 2111 2112
f 2029 2112 2028
f 2028 2112 2113
f 2028 2113 2027
f 2027 2113 2114
f 2027 2114 2026
f 2026 2114 2115
f 2026 2115 2025
f 2025 2115 2116
f 2025 2116 2024
f 2024 2116 2117
f 2024 2117 2023
f 2023 2117 2118
f 2023 2118 2022
f 2022 2118 2119
f 2022 2119 2021
f 2021 2119 2120
f 2021 2120 2020
f 2020 2120 2121
f 2020 2121 2019
f 2019 2121 2122
f 2019 2122 2018
f 2018 2122 2123
f 2018 2123 2017
f 2017 2123 2124
f 2017 2124 2016
f 2016 2124 2125
f 2016 2125 2015
f 2015 2125 2126
f 2015 2126 2014
f 2014 2126 2127
f 2014 2127 2012
f 2012 2127 2128
f 2012 2128 2013
f 2013 2128 2129
f 2013 2129 2070
f 2070 2129 2071
f 2071 2130 2072
f 2072 2130 2131
f 2072 2131 2073
f 2073 2131 2132
f 2073 2132 2074
f 2074 2132 2133
f 2074 2133 2075
f 2075 2133 2134
f 2075 2134 2076
f 2076 2134 2135
f 2076 2135 2077
f 2077 2135 2136
f 2077 2136 2078
f 2078 2136 2137
f 2078 2137 2079
f 2079 2137 2138
f 2079 2138 2080
f 2080 2138 2139
f 2080 2139 2081
f 2081 2139 2140
f 2081 2140 2082
f 2082 2140 2141
f 2082 2141 2083
f 2083 2141 2142
f 2083 2142 2084
f 2084 2142 2143
f 2084 2143 2085
f 2085 2143 2144
f 2085 2144 2086
f 2086 2144 2145
f 2086 2145 2087
f 2087 2145 2146
f 2087 2146 2088
f 2088 2146 2147
f 2088 2147 2089
f 2089 2147 2148
f 2089 2148 2090
f 2090 2148 2149
f 2090 2149 2091
f 2091 2149 2150
f 2091 2150 2092
f 2092 2150 2151
f 2092 2151 2093
f 2093 2151 2152
f 2093 2152 2094
f 2094 2152 2153
f 2094 2153 2095
f 2095 2153 2154
f 2095 2154 2096
f 2096 2154 2155
f 2096 2155 2097
f 2097 2155 2156
f 2097 2156 2098
f 2098 2156 2157
f 2098 2157 2099
f 2099 2157 2158
f 2099 2158 2100
f 2100 2158 2159
f 2100 2159 2101
f 2101 2159 2160
f 2101 2160 2102
f 2102 2160 2161
f 2102 2161 2103
f 2103 2161 2162
f 2103 2162 2104
f 2104 2162 2163
f 2104 2163 2105
f 2105 2163 2164
f 2105 2164 2106
f 2106 2164 2165
f 2106 2165 2107
f 2107 2165 2166
f 2107 2166 2108
f 2108 2166 2167
f 2108 2167 2109
f 2109 2167 2168
f 2109 2168 2110
f 2110 2168 2169
f 2110 2169 2111
f 2111 2169 2170
f 2111 2170 2112
f 2112 2170 2171
f 2112 2171 2113
f 2113 2171 2172
f 2113 2172 2114
f 2114 2172 2173
f 2114 2173 2115
f 2115 2173 2174
f 2115 2174 2116
f 2116 2174 2175
f 2116 2175 2117
f 2117 2175 2176
f 2117 2176 2118
f 2118 2176 2177
f 2118 2177 2119
f 2119 2177 2178
f 2119 2178 2120
f 2120 2178 2179
f 2120 2179 2121
f 2121 2179 2180
f 2121 2180 2122
f 2122 2180 2181
f 2122 2181 2123
f 2123 2181 2182
f 2123 2182 2124
f 2124 2182 2183
f 2124 2183 2125
f 2125 2183 2184
f 2125 2184 2126
f 2126 2184 2185
f 2126 2185 2127
f 2127 2185 2186
f 2127 2186 2128
f 2128 2186 2187
f 2128 2187 2129
f 2129 2187 2188
f 2129 2188 2071
f 2071 2188 2130
f 2130 2189 2131
f 2131 2189 2190
f 2131 2190 2132
f 2132 2190 2191
f 2132 2191 2133
f 2133 2191 2192
f 2133 2192 2134
f 2134 2192 2193
f 2134 2193 2135
f 2135 2193 2194
f 2135 2194 2136
f 2136 2194 2195
f 2136 2195 2137
f 2137 2195 2196
f 2137 2196 2138
f 2138 2196 2197
f 2138 2197 2139
f 2139 2197 2198
f 2139 2198 2140
f 2140 2198 2199
f 2140 2199 2141
f 2141 2199 2200
f 2141 2200 2142
f 2142 2200 2201
f 2142 2201 2143
f 2143 2201 2202
f 2143 2202 2144
f 2144 2202 2203
f 2144 2203 2145
f 2145 2203 2204
f 2145 2204 2146
f 2146 2204 2205
f 2146 2205 2147
f 2147 2205 2206
f 2147 2206 2148
f 2148 2206 2207
f 2148 2207 2149
f 2149 2207 2208
f 2149 2208 2150
f 2150 2208 2209
f 2150 2209 2151
f 2151 2209 2210
f 2151 2210 2152
f 2152 2210 2211
f 2152 2211 2153
f 2153 2211 2212
f 2153 2212 2154
f 2154 2212 2213
f 2154 2213 2155
f 2155 2213 2214
f 2155 2214 2156
f 2156 2214 2215
f 2156 2215 2157
f 2157 2215 2216
f 2157 2216 2158
f 2158 2216 2217
f 2158 2217 2159
f 2159 2217 2218
f 2159 2218 2160
f 2160 2218 2219
f 2160 2219 2161
f 2161 2219 2220
f 2161 2220 2162
f 2162 2220 2221
f 2162 2221 2163
f 2163 2221 2222
f 2163 2222 2164
f 2164 2222 2223
f 2164 2223 2165
f 2165 2223 2224
f 2165 2224 2166
f 2166 2224 2225
f 2166 2225 2167
f 2167 2225 2226
f 2167 2226 2168
f 2168 2226 2227
f 2168 2227 2169
f 2169 2227 2228
f 2169 2228 2170
f 2170 2228 2229
f 2170 2229 2171
f 2171 2229 2230
f 2171 2230 2172
f 2172 2230 2231
f 2172 2231 2173
f 2173 2231 2232
f 2173 2232 2174
f 2174 2232 2233
f 2174 2233 2175
f 2175 2233 2234
f 2175 2234 2176
f 2176 2234 2235
f 2176 2235 2177
f 2177 2235 2236
f 2177 2236 2178
f 2178 2236 2237
f 2178 2237 2179
f 2179 2237 2238
f 2179 2238 2180
f 2180 2238 2239
f 2180 2239 2181
f 2181 2239 2240
f 2181 2240 2182
f 2182 2240 2241
f 2182 2241 2183
f 2183 2241 2242
f 2183 2242 2184
f 2184 2242 2243
f 2184 2243 2185
f 2185 2243 2244
f 2185 2244 2186
f 2186 2244 2245
f 2186 2245 2187
f 2187 2245 2246
f 2187 2246 2188
f 2188 2246 2247
f 2188 2247 2130
f 2130 2247 2189
f 2189 2248 2190
f 2190 2248 2249
f 2190 2249 2191
f 2191 2249 2250
f 2191 2250 2192
f 2192 2250 2251
f 2192 2251 2193
f 2193 2251 2252
f 2193 2252 2194
f 2194 2252 2253
f 2194 2253 2195
f 2195 2253 2254
f 2195 2254 2196
f 2196 2254 2255
f 2196 2255 2197
f 2197 2255 2256
f 2197 2256 2198
f 2198 2256 2257
f 2198 2257 2199
f 2199 2257 2258
f 2199 2258 2200
f 2200 2258 2259
f 2200 2259 2201
f 2201 2259 2260
f 2201 2260 2202
f 2202 2260 2261
f 2202 2261 2203
f 2203 2261 2262
f 2203 2262 2204
f 2204 2262 2263
f 2204 2263 2205
f 2205 2263 2264
f 2205 2264 2206
f 2206 2264 2265
f 2206 2265 2207
f 2207 2265 2266
f 2207 2266 2208
f 2208 2266 2267
f 2208 2267 2209
f 2209 2267 2268
f 2209 2268 2210
f 2210 2268 2269
f 2210 2269 2211
f 2211 2269 2270
f 2211 2270 2212
f 2212 2270 2271
f 2212 2271 2213
f 2213 2271 2272
f 2213 2272 2214
f 2214 2272 2273
f 2214 2273 2215
f 2215 2273 2274
f 2215 2274 2216
f 2216 2274 2275
f 2216 2275 2217
f 2217 2275 2276
f 2217 2276 2218
f 2218 2276 2277
f 2218 2277 2219
f 2219 2277 2278
f 2219 2278 2220
f 2220 2278 2279
f 2220 2279 2221
f 2221 2279 2280
f 2221 2280 2222
f 2222 2280 2281
f 2222 2281 2223
f 2223 2281 2282
f 2223 2282 2224
f 2224 2282 2283
f 2224 2283 2225
f 2225 2283 2284
f 2225 2284 2226
f 2226 2284 2285
f 2226 2285 2227
f 2227 2285 2286
f 2227 2286 2228
f 2228 2286 2287
f 2228 2287 2229
f 2229 2287 2288
f 2229 2288 2230
f 2230 2288 2289
f 2230 2289 2231
f 2231 2289 2290
f 2231 2290 2232
f 2232 2290 2291
f 2232 2291 2233
f 2233 2291 2292
f 2233 2292 2234
f 2234 2292 2293
f 2234 2293 2235
f 2235 2293 2294
f 2235 2294 2236
f 2236 2294 2295
f 2236 2295 2237
f 2237 2295 2296
f 2237 2296 2238
f 2238 2296 2297
f 2238 2297 2239
f 2239 2297 2298
f 2239 2298 2240
f 2240 2298 2299
f 2240 2299 2241
f 2241 2299 2300
f 2241 2300 2242
f 2242 2300 2301
f 2242 2301 2243
f 2243 2301 2302
f 2243 2302 2244
f 2244 2302 2303
f 2244 2303 2245
f 2245 2303 2304
f 2245 2304 2246
f 2246 2304 2305
f 2246 2305 2247
f 2247 2305 2306
f 2247 2306 2189
f 2189 2306 2248
f 2248 2307 2249
f 2249 2307 2308
f 2249 2308 2250
f 2250 2308 2309
f 2250 2309 2251
f 2251 2309 2310
f 2251 2310 2252
f 2252 2310 2311
f 2252 2311 2253
f 2253 2311 2312
f 2253 2312 2254
f 2254 2312 2313
f 2254 2313 2255
f 2255 2313 2314
f 2255 2314 2256
f 2256 2314 2315
f 2256 2315 2257
f 2257 2315 2316
f 2257 2316 2258
f 2258 2316 2317
f 2258 2317 2259
f 2259 2317 2318
f 2259 2318 2260
f 2260 2318 2319
f 2260 2319 2261
f 2261 2319 2320
f 2261 2320 2262
f 2262 2320 2321
f 2262 2321 2263
f 2263 2321 2322
f 2263 2322 2264
f 2264 2322 2323
f 2264 2323 2265
f 2265 2323 2324
f 2265 2324 2266
f 2266 2324 2325
f 2266 2325 2267
f 2267 2325 2326
f 2267 2326 2268
f 2268 2326 2327
f 2268 2327 2269
f 2269 2327 2328
f 2269 2328 2270
f 2270 2328 2329
f 2270 2329 2271
f 2271 2329 2330
f 2271 2330 2272
f 2272 2330 2331
f 2272 2331 2273
f 2273 2331 2332
f 2273 2332 2274
f 2274 2332 2333
f 2274 2333 2275
f 2275 2333 2334
f 2275 2334 2276
f 2276 2334 2335
f 2276 2335 2277
f 2277 2335 2336
f 2277 2336 2278
f 2278 2336 2337
f 2278 2337 2279
f 2279 2337 2338
f 2279 2338 2280
f 2280 2338 2339
f 2280 2339 2281
f 2281 2339 2340
f 2281 2340 2282
f 2282 2340 2341
f 2282 2341 2283
f 2283 2341 2342
f 2283 2342 2284
f 2284 2342 2343
f 2284 2343 2285
f 2285 2343 2344
f 2285 2344 2286
f 2286 2344 2345
f 2286 2345 2287
f 2287 2345 2346
f 2287 2346 2288
f 2288 2346 2347
f 2288 2347 2289
f 2289 2347 2348
f 2289 2348 2290
f 2290 2348 2349
f 2290 2349 2291
f 2291 2349 2350
f 2291 2350 2292
f 2292 2350 2351
f 2292 2351 2293
f 2293 2351 2352
f 2293 2352 2294
f 2294 2352 2353
f 2294 2353 2295
f 2295 2353 2354
f 2295 2354 2296
f 2296 2354 2355
f 2296 2355 2297
f 2297 2355 2356
f 2297 2356 2298
f 2298 2356 2357
f 2298 2357 2299
f 2299 2357 2358
f 2299 2358 2300
f 2300 2358 2359
f 2300 2359 2301
f 2301 2359 2360
f 2301 2360 2302
f 2302 2360 2361
f 2302 2361 2303
f 2303 2361 2362
f 2303 2362 2304
f 2304 2362 2363
f 2304 2363 2305
f 2305 2363 2364
f 2305 2364 2306
f 2306 2364 2365
f 2306 2365 2248
f 2248 2365 2307
f 2307 2366 2308
f 2308 2366 2367
f 2308 2367 2309
f 2309 2367 2368
f 2309 2368 2310
f 2310 2368 2369
f 2310 2369 2311
f 2311 2369 2370
f 2311 2370 2312
f 2312 2370 2371
f 2312 2371 2313
f 2313 2371 2372
f 2313 2372 2314
f 2314 2372 2373
f 2314 2373 2315
f 2315 2373 2374
f 2315 2374 2316
f 2316 2374 2375
f 2316 2375 2317
f 2317 2375 2376
f 2317 2376 2318
f 2318 2376 2377
f 2318 2377 2319
f 2319 2377 2378
f 2319 2378 2320
f 2320 2378 2379
f 2320 2379 2321
f 2321 2379 2380
f 2321 2380 2322
f 2322 2380 2381
f 2322 2381 2323
f 2323 2381 2382
f 2323 2382 2324
f 2324 2382 2383
f 2324 2383 2325
f 2325 2383 2384
f 2325 2384 2326
f 2326 2384 2385
f 2326 2385 2327
f 2327 2385 2386
f 2327 2386 2328
f 2328 2386 2387
f 2328 2387 2329
f 2329 2387 2388
f 2329 2388 2330
f 2330 2388 2389
f 2330 2389 2331
f 2331 2389 2390
f 2331 2390 2332
f 2332 2390 2391
f 2332 2391 2333
f 2333 2391 2392
f 2333 2392 2334
f 2334 2392 2393
f 2334 2393 2335
f 2335 2393 2394
f 2335 2394 2336
f 2336 2394 2395
f 2336 2395 2337
f 2337 2395 2396
f 2337 2396 2338
f 2338 2396 2397
f 2338 2397 2339
f 2339 2397 2398
f 2339 2398 2340
f 2340 2398 2399
f 2340 2399 2341
f 2341 2399 2400
f 2341 2400 2342
f 2342 2400 2401
f 2342 2401 2343
f 2343 2401 2402
f 2343 2402 2344
f 2344 2402 2403
f 2344 2403 2345
f 2345 2403 2404
f 2345 2404 2346
f 2346 2404 2405
f 2346 2405 2347
f 2347 2405 2406
f 2347 2406 2348
f 2348 2406 2407
f 2348 2407 2349
f 2349 2407 2408
f 2349 2408 2350
f 2350 2408 2409
f 2350 2409 2351
f 2351 2409 2410
f 2351 2410 2352
f 2352 2410 2411
f 2352 2411 2353
f 2353 2411 2412
f 2353 2412 2354
f 2354 2412 2413
f 2354 2413 2355
f 2355 2413 2414
f 2355 2414 2356
f 2356 2414 2415
f 2356 2415 2357
f 2357 2415 2416
f 2357 2416 2358
f 2358 2416 2417
f 2358 2417 2359
f 2359 2417 2418
f 2359 2418 2360
f 2360 2418 2419
f 2360 2419 2361
f 2361 2419 2420
f 2361 2420 2362
f 2362 2420 2421
f 2362 2421 2363
f 2363 2421 2422
f 2363 2422 2364
f 2364 2422 2423
f 2364 2423 2365
f 2365 2423 2424
f 2365 2424 2307
f 2307 2424 2366
f 2366 2425 2367
f 2367 2425 2426
f 2367 2426 2368
f 2368 2426 2427
f 2368 2427 2369
f 2369 2427 2428
f 2369 2428 2370
f 2370 2428 2429
f 2370 2429 2371
f 2371 2429 2430
f 2371 2430 2372
f 2372 2430 2431
f 2372 2431 2373
f 2373 2431 2432
f 2373 2432 2374
f 2374 2432 2433
f 2374 2433 2375
f 2375 2433 2434
f 2375 2434 2376
f 2376 2434 2435
f 2376 2435 2377
f 2377 2435 2436
f 2377 2436 2378
f 2378 2436 2437
f 2378 2437 2379
f 2379 2437 2438
f 2379 2438 2380
f 2380 2438 2439
f 2380 2439 2381
f 2381 2439 2440
f 2381 2440 2382
f 2382 2440 2441
f 2382 2441 2383
f 2383 2441 2442
f 2383 2442 2384
f 2384 2442 2443
f 2384 2443 2385
f 2385 2443 2444
f 2385 2444 2386
f 2386 2444 2445
f 2386 2445 2387
f 2387 2445 2446
f 2387 2446 2388
f 2388 2446 2447
f 2388 2447 2389
f 2389 2447 2448
f 2389 2448 2390
f 2390 2448 2449
f 2390 2449 2391
f 2391 2449 2450
f 2391 2450 2392
f 2392 2450 2451
f 2392 2451 2393
f 2393 2451 2452
f 2393 2452 2394
f 2394 2452 2453
f 2394 2453 2395
f 2395 2453 2454
f 2395 2454 2396
f 2396 2454 2455
f 2396 2455 2397
f 2397 2455 2456
f 2397 2456 2398
f 2398 2456 2457
f 2398 2457 2399
f 2399 2457 2458
f 2399 2458 2400
f 2400 2458 2459
f 2400 2459 2401
f 2401 2459 2460
f 2401 2460 2402
f 2402 2460 2461
f 2402 2461 2403
f 2403 2461 2462
f 2403 2462 2404
f 2404 2462 2463
f 2404 2463 2405
f 2405 2463 2464
f 2405 2464 2406
f 2406 2464 2465
f 2406 2465 2407
f 2407 2465 2466
f 2407 2466 2408
f 2408 2466 2467
f 2408 2467 2409
f 2409 2467 2468
f 2409 2468 2410
f 2410 2468 2469
f 2410 2469 2411
f 2411 2469 2470
f 2411 2470 2412
f 2412 2470 2471
f 2412 2471 2413
f 2413 2471 2472
f 2413 2472 2414
f 2414 2472 2473
f 2414 2473 2415
f 2415 2473 2474
f 2415 2474 2416
f 2416 2474 2475
f 2416 2475 2417
f 2417 2475 2476
f 2417 2476 2418
f 2418 2476 2477
f 2418 2477 2419
f 2419 2477 2478
f 2419 2478 2420
f 2420 2478 2479
f 2420 2479 2421
f 2421 2479 2480
f 2421 2480 2422
f 2422 2480 2481
f 2422 2481 2423
f 2423 2481 2482
f 2423 2482 2424
f 2424 2482 2483
f 2424 2483 2366
f 2366 2483 2425
f 2425 2484 2426
f 2426 2484 2485
f 2426 2485 2427
f 2427 2485 2486
f 2427 2486 2428
f 2428 2486 2487
f 2428 2487 2429
f 2429 2487 2488
f 2429 2488 2430
f 2430 2488 2489
f 2430 2489 2431
f 2431 2489 2490
f 2431 2490 2432
f 2432 2490 2491
f 2432 2491 2433
f 2433 2491 2492
f 2433 2492 2434
f 2434 2492 2493
f 2434 2493 2435
f 2435 2493 2494
f 2435 2494 2436
f 2436 2494 2495
f 2436 2495 2437
f 2437 2495 2496
f 2437 2496 2438
f 2438 2496 2497
f 2438 2497 2439
f 2439 2497 2498
f 2439 2498 2440
f 2440 2498 2499
f 2440 2499 2441
f 2441 2499 2500
f 2441 2500 2442
f 2442 2500 2501
f 2442 2501 2443
f 2443 2501 2502
f 2443 2502 2444
f 2444 2502 2503
f 2444 2503 2445
f 2445 2503 2504
f 2445 2504 2446
f 2446 2504 2505
f 2446 2505 2447
f 2447 2505 2506
f 2447 2506 2448
f 2448 2506 2507
f 2448 2507 2449
f 2449 2507 2508
f 2449 2508 2450
f 2450 2508 2509
f 2450 2509 2451
f 2451 2509 2510
f 2451 2510 2452
f 2452 2510 2511
f 2452 2511 2453
f 2453 2511 2512
f 2453 2512 2454
f 2454 2512 2513
f 2454 2513 2455
f 2455 2513 2514
f 2455 2514 2456
f 2456 2514 2515
f 2456 2515 2457
f 2457 2515 2516
f 2457 2516 2458
f 2458 2516 2517
f 2458 2517 2459
f 2459 2517 2518
f 2459 2518 2460
f 2460 2518 2519
f 2460 2519 2461
f 2461 2519 2520
f 2461 2520 2462
f 2462 2520 2521
f 2462 2521 2463
f 2463 2521 2522
f 2463 2522 2464
f 2464 2522 2523
f 2464 2523 2465
f 2465 2523 2524
f 2465 2524 2466
f 2466 2524 2525
f 2466 2525 2467
f 2467 2525 2526
f 2467 2526 2468
f 2468 2526 2527
f 2468 2527 2469
f 2469 2527 2528
f 2469 2528 2470
f 2470 2528 2529
f 2470 2529 2471
f 2471 2529 2530
f 2471 2530 2472
f 2472 2530 2531
f 2472 2531 2473
f 2473 2531 2532
f 2473 2532 2474
f 2474 2532 2533
f 2474 2533 2475
f 2475 2533 2534
f 2475 2534 2476
f 2476 2534 2535
f 2476 2535 2477
f 2477 2535 2536
f 2477 2536 2478
f 2478 2536 2537
f 2478 2537 2479
f 2479 2537 2538
f 2479 2538 2480
f 2480 2538 2539
f 2480 2539 2481
f 2481 2539 2540
f 2481 2540 2482
f 2482 2540 2541
f 2482 2541 2483
f 2483 2541 2542
f 2483 2542 2425
f 2425 2542 2484
f 2543 2515 2544
f 2544 2515 2514
f 2544 2514 2545
f 2545 2514 2513
f 2545 2513 2546
f 2546 2513 2512
f 2546 2512 2547
f 2548 2519 2549
f 2549 2519 2518
f 2549 2518 2550
f 2550 2518 2517
f 2550 2517 2543
f 2543 2517 2516
f 2543 2516 2515
f 2551 2506 2552
f 2552 2506 2505
f 2552 2505 2553
f 2553 2505 2504
f 2553 2504 2554
f 2512 2511 2547
f 2547 2511 2510
f 2547 2510 2555
f 2555 2510 2509
f 2555 2509 2556
f 2556 2509 2508
f 2556 2508 2551
f 2551 2508 2507
f 2551 2507 2506
f 2557 2523 2558
f 2558 2523 2522
f 2558 2522 2559
f 2559 2522 2521
f 2559 2521 2548
f 2548 2521 2520
f 2548 2520 2519
f 2560 2498 2561
f 2561 2498 2497
f 2561 2497 2562
f 2562 2497 2496
f 2562 2496 2563
f 2504 2503 2554
f 2554 2503 2502
f 2554 2502 2564
f 2564 2502 2501
f 2564 2501 2565
f 2565 2501 2500
f 2565 2500 2560
f 2560 2500 2499
f 2560 2499 2498
f 2566 2536 2567
f 2567 2536 2535
f 2567 2535 2568
f 2568 2535 2534
f 2568 2534 2569
f 2569 2534 2533
f 2569 2533 2570
f 2571 2527 2572
f 2572 2527 2526
f 2572 2526 2573
f 2573 2526 2525
f 2573 2525 2557
f 2557 2525 2524
f 2557 2524 2523
f 2533 2532 2570
f 2570 2532 2531
f 2570 2531 2574
f 2574 2531 2530
f 2574 2530 2575
f 2575 2530 2529
f 2575 2529 2571
f 2571 2529 2528
f 2571 2528 2527
f 2576 2540 2577
f 2577 2540 2539
f 2577 2539 2578
f 2578 2539 2538
f 2578 2538 2566
f 2566 2538 2537
f 2566 2537 2536
f 2579 2485 2580
f 2580 2485 2484
f 2580 2484 2581
f 2581 2484 2542
f 2581 2542 2576
f 2576 2542 2541
f 2576 2541 2540
f 2582 2489 2583
f 2583 2489 2488
f 2583 2488 2584
f 2584 2488 2487
f 2584 2487 2579
f 2579 2487 2486
f 2579 2486 2485
f 2496 2495 2563
f 2563 2495 2494
f 2563 2494 2585
f 2585 2494 2493
f 2585 2493 2586
f 2586 2493 2492
f 2586 2492 2587
f 2587 2492 2491
f 2587 2491 2582
f 2582 2491 2490
f 2582 2490 2489
f 2588 2589 2590
f 2591 2592 2593
f 2594 2595 2596
f 2597 2598 2599
f 2600 2601 2602
f 2603 2604 2605
f 2606 2607 2608
f 2609 2610 2611
f 2612 2613 2614
f 2615 2616 2617
f 2618 2619 2620
f 2621 2622 2623
f 2624 2625 2626
f 2627 2628 2629
f 2630 2631 2632
f 2633 2634 2635
f 2636 2637 2638
f 2639 2640 2641
f 2642 2643 2644
f 2647 2648 2649
f 2582 2583 2650
f 2650 2583 2651
f 2650 2651 2652
f 2652 2651 2653
f 2652 2653 2654
f 2654 2653 2655
f 2654 2655 2656
f 2656 2655 2657
f 2656 2657 2658
f 2658 2657 2659
f 2658 2659 2660
f 2660 2659 2661
f 2583 2584 2651
f 2651 2584 2662
f 2651 2662 2653
f 2653 2662 2663
f 2653 2663 2655
f 2655 2663 2664
f 2655 2664 2657
f 2657 2664 2665
f 2657 2665 2659
f 2659 2665 2666
f 2659 2666 2661
f 2661 2666 2667
f 2661 2667 2668
f 2576 2577 2669
f 2669 2577 2670
f 2669 2670 2671
f 2671 2670 2672
f 2671 2672 2673
f 2673 2672 2674
f 2673 2674 2675
f 2675 2674 2676
f 2675 2676 2677
f 2677 2676 2678
f 2677 2678 2679
f 2679 2678 2680
f 2577 2578 2670
f 2670 2578 2681
f 2670 2681 2672
f 2672 2681 2682
f 2672 2682 2674
f 2674 2682 2683
f 2674 2683 2676
f 2676 2683 2684
f 2676 2684 2678
f 2678 2684 2685
f 2678 2685 2680
f 2680 2685 2686
f 2680 2686 2687
f 2687 2686 2688
f 2570 2574 2689
f 2689 2574 2690
f 2689 2690 2691
f 2691 2690 2692
f 2691 2692 2693
f 2693 2692 2694
f 2693 2694 2695
f 2695 2694 2696
f 2695 2696 2697
f 2697 2696 2698
f 2697 2698 2699
f 2699 2698 2700
f 2699 2700 2701
f 2701 2700 2702
f 2572 2573 2703
f 2703 2573 2704
f 2703 2704 2705
f 2705 2704 2706
f 2705 2706 2707
f 2707 2706 2708
f 2707 2708 2709
f 2709 2708 2710
f 2709 2710 2711
f 2711 2710 2712
f 2711 2712 2713
f 2713 2712 2714
f 2573 2557 2704
f 2704 2557 2715
f 2704 2715 2706
f 2706 2715 2716
f 2706 2716 2708
f 2708 2716 2717
f 2708 2717 2710
f 2710 2717 2718
f 2710 2718 2712
f 2712 2718 2719
f 2712 2719 2714
f 2714 2719 2720
f 2714 2720 2721
f 2549 2550 2722
f 2722 2550 2723
f 2722 2723 2724
f 2724 2723 2725
f 2724 2725 2726
f 2726 2725 2727
f 2726 2727 2728
f 2728 2727 2729
f 2728 2729 2730
f 2730 2729 2731
f 2730 2731 2732
f 2732 2731 2733
f 2550 2543 2723
f 2723 2543 2734
f 2723 2734 2725
f 2725 2734 2735
f 2725 2735 2727
f 2727 2735 2736
f 2727 2736 2729
f 2729 2736 2737
f 2729 2737 2731
f 2731 2737 2738
f 2731 2738 2733
f 2733 2738 2739
f 2733 2739 2740
f 2546 2547 2741
f 2741 2547 2742
f 2741 2742 2743
f 2743 2742 2744
f 2743 2744 2745
f 2745 2744 2746
f 2745 2746 2747
f 2747 2746 2748
f 2747 2748 2749
f 2749 2748 2750
f 2749 2750 2751
f 2751 2750 2752
f 2547 2555 2742
f 2742 2555 2753
f 2742 2753 2744
f 2744 2753 2754
f 2744 2754 2746
f 2746 2754 2755
f 2746 2755 2748
f 2748 2755 2756
f 2748 2756 2750
f 2750 2756 2757
f 2750 2757 2752
f 2752 2757 2758
f 2752 2758 2759
f 2553 2554 2760
f 2760 2554 2761
f 2760 2761 2762
f 2762 2761 2763
f 2762 2763 2764
f 2764 2763 2765
f 2764 2765 2766
f 2766 2765 2767
f 2766 2767 2768
f 2768 2767 2769
f 2768 2769 2770
f 2770 2769 2771
f 2554 2564 2761
f 2761 2564 2772
f 2761 2772 2763
f 2763 2772 2773
f 2763 2773 2765
f 2765 2773 2774
f 2765 2774 2767
f 2767 2774 2775
f 2767 2775 2769
f 2769 2775 2776
f 2769 2776 2771
f 2771 2776 2777
f 2771 2777 2778
f 2562 2563 2779
f 2779 2563 2780
f 2779 2780 2781
f 2781 2780 2782
f 2781 2782 2783
f 2783 2782 2784
f 2783 2784 2785
f 2785 2784 2786
f 2785 2786 2787
f 2787 2786 2788
f 2787 2788 2789
f 2789 2788 2790
f 2563 2585 2780
f 2780 2585 2791
f 2780 2791 2782
f 2782 2791 2792
f 2782 2792 2784
f 2784 2792 2793
f 2784 2793 2786
f 2786 2793 2794
f 2786 2794 2788
f 2788 2794 2795
f 2788 2795 2790
f 2790 2795 2796
f 2790 2796 2797
f 2797 2796 2798
f 2587 2582 2799
f 2799 2582 2650
f 2799 2650 2800
f 2800 2650 2652
f 2800 2652 2801
f 2801 2652 2654
f 2801 2654 2802
f 2802 2654 2656
f 2802 2656 2803
f 2803 2656 2658
f 2803 2658 2649
f 2649 2658 2660
f 2649 2660 2647
f 2668 2804 2661
f 2661 2804 2805
f 2661 2805 2660
f 2660 2805 2806
f 2660 2806 2647
f 2645 2668 2646
f 2646 2668 2667
f 2646 2667 2807
f 2807 2667 2666
f 2807 2666 2808
f 2808 2666 2665
f 2808 2665 2809
f 2809 2665 2664
f 2809 2664 2810
f 2810 2664 2663
f 2810 2663 2811
f 2811 2663 2662
f 2811 2662 2579
f 2579 2662 2584
f 2643 2645 2644
f 2644 2645 2646
f 2644 2646 2812
f 2812 2646 2807
f 2812 2807 2813
f 2813 2807 2808
f 2813 2808 2814
f 2814 2808 2809
f 2814 2809 2815
f 2815 2809 2810
f 2815 2810 2816
f 2816 2810 2811
f 2816 2811 2580
f 2580 2811 2579
f 2640 2642 2641
f 2641 2642 2644
f 2641 2644 2817
f 2817 2644 2812
f 2817 2812 2818
f 2818 2812 2813
f 2818 2813 2819
f 2819 2813 2814
f 2819 2814 2820
f 2820 2814 2815
f 2820 2815 2821
f 2821 2815 2816
f 2821 2816 2581
f 2581 2816 2580
f 2581 2576 2821
f 2821 2576 2669
f 2821 2669 2820
f 2820 2669 2671
f 2820 2671 2819
f 2819 2671 2673
f 2819 2673 2818
f 2818 2673 2675
f 2818 2675 2817
f 2817 2675 2677
f 2817 2677 2641
f 2641 2677 2679
f 2641 2679 2639
f 2687 2822 2680
f 2680 2822 2679
f 2679 2822 2823
f 2679 2823 2639
f 2637 2688 2638
f 2638 2688 2686
f 2638 2686 2824
f 2824 2686 2685
f 2824 2685 2825
f 2825 2685 2684
f 2825 2684 2826
f 2826 2684 2683
f 2826 2683 2827
f 2827 2683 2682
f 2827 2682 2828
f 2828 2682 2681
f 2828 2681 2566
f 2566 2681 2578
f 2634 2636 2635
f 2635 2636 2638
f 2635 2638 2829
f 2829 2638 2824
f 2829 2824 2830
f 2830 2824 2825
f 2830 2825 2831
f 2831 2825 2826
f 2831 2826 2832
f 2832 2826 2827
f 2832 2827 2833
f 2833 2827 2828
f 2833 2828 2567
f 2567 2828 2566
f 2631 2633 2632
f 2632 2633 2635
f 2632 2635 2834
f 2834 2635 2829
f 2834 2829 2835
f 2835 2829 2830
f 2835 2830 2836
f 2836 2830 2831
f 2836 2831 2837
f 2837 2831 2832
f 2837 2832 2838
f 2838 2832 2833
f 2838 2833 2568
f 2568 2833 2567
f 2568 2569 2838
f 2838 2569 2839
f 2838 2839 2837
f 2837 2839 2840
f 2837 2840 2836
f 2836 2840 2841
f 2836 2841 2835
f 2835 2841 2842
f 2835 2842 2834
f 2834 2842 2843
f 2834 2843 2632
f 2632 2843 2844
f 2632 2844 2630
f 2844 2845 2846
f 2844 2846 2630
f 2569 2570 2839
f 2839 2570 2689
f 2839 2689 2840
f 2840 2689 2691
f 2840 2691 2841
f 2841 2691 2693
f 2841 2693 2842
f 2842 2693 2695
f 2842 2695 2843
f 2843 2695 2697
f 2843 2697 2844
f 2844 2697 2699
f 2844 2699 2845
f 2845 2699 2701
f 2628 2702 2629
f 2629 2702 2700
f 2629 2700 2847
f 2847 2700 2698
f 2847 2698 2848
f 2848 2698 2696
f 2848 2696 2849
f 2849 2696 2694
f 2849 2694 2850
f 2850 2694 2692
f 2850 2692 2851
f 2851 2692 2690
f 2851 2690 2575
f 2575 2690 2574
f 2625 2627 2626
f 2626 2627 2629
f 2626 2629 2852
f 2852 2629 2847
f 2852 2847 2853
f 2853 2847 2848
f 2853 2848 2854
f 2854 2848 2849
f 2854 2849 2855
f 2855 2849 2850
f 2855 2850 2856
f 2856 2850 2851
f 2856 2851 2571
f 2571 2851 2575
f 2571 2572 2856
f 2856 2572 2703
f 2856 2703 2855
f 2855 2703 2705
f 2855 2705 2854
f 2854 2705 2707
f 2854 2707 2853
f 2853 2707 2709
f 2853 2709 2852
f 2852 2709 2711
f 2852 2711 2626
f 2626 2711 2713
f 2626 2713 2624
f 2721 2857 2714
f 2714 2857 2713
f 2713 2857 2858
f 2713 2858 2624
f 2622 2721 2623
f 2623 2721 2720
f 2623 2720 2859
f 2859 2720 2719
f 2859 2719 2860
f 2860 2719 2718
f 2860 2718 2861
f 2861 2718 2717
f 2861 2717 2862
f 2862 2717 2716
f 2862 2716 2863
f 2863 2716 2715
f 2863 2715 2558
f 2558 2715 2557
f 2619 2621 2620
f 2620 2621 2623
f 2620 2623 2864
f 2864 2623 2859
f 2864 2859 2865
f 2865 2859 2860
f 2865 2860 2866
f 2866 2860 2861
f 2866 2861 2867
f 2867 2861 2862
f 2867 2862 2868
f 2868 2862 2863
f 2868 2863 2559
f 2559 2863 2558
f 2616 2618 2617
f 2617 2618 2620
f 2617 2620 2869
f 2869 2620 2864
f 2869 2864 2870
f 2870 2864 2865
f 2870 2865 2871
f 2871 2865 2866
f 2871 2866 2872
f 2872 2866 2867
f 2872 2867 2873
f 2873 2867 2868
f 2873 2868 2548
f 2548 2868 2559
f 2548 2549 2873
f 2873 2549 2722
f 2873 2722 2872
f 2872 2722 2724
f 2872 2724 2871
f 2871 2724 2726
f 2871 2726 2870
f 2870 2726 2728
f 2870 2728 2869
f 2869 2728 2730
f 2869 2730 2617
f 2617 2730 2732
f 2617 2732 2615
f 2740 2874 2733
f 2733 2874 2732
f 2732 2874 2875
f 2732 2875 2615
f 2613 2740 2614
f 2614 2740 2739
f 2614 2739 2876
f 2876 2739 2738
f 2876 2738 2877
f 2877 2738 2737
f 2877 2737 2878
f 2878 2737 2736
f 2878 2736 2879
f 2879 2736 2735
f 2879 2735 2880
f 2880 2735 2734
f 2880 2734 2544
f 2544 2734 2543
f 2610 2612 2611
f 2611 2612 2614
f 2611 2614 2881
f 2881 2614 2876
f 2881 2876 2882
f 2882 2876 2877
f 2882 2877 2883
f 2883 2877 2878
f 2883 2878 2884
f 2884 2878 2879
f 2884 2879 2885
f 2885 2879 2880
f 2885 2880 2545
f 2545 2880 2544
f 2545 2546 2885
f 2885 2546 2741
f 2885 2741 2884
f 2884 2741 2743
f 2884 2743 2883
f 2883 2743 2745
f 2883 2745 2882
f 2882 2745 2747
f 2882 2747 2881
f 2881 2747 2749
f 2881 2749 2611
f 2611 2749 2751
f 2611 2751 2609
f 2759 2886 2752
f 2752 2886 2887
f 2752 2887 2751
f 2751 2887 2888
f 2751 2888 2609
f 2607 2759 2608
f 2608 2759 2758
f 2608 2758 2889
f 2889 2758 2757
f 2889 2757 2890
f 2890 2757 2756
f 2890 2756 2891
f 2891 2756 2755
f 2891 2755 2892
f 2892 2755 2754
f 2892 2754 2893
f 2893 2754 2753
f 2893 2753 2556
f 2556 2753 2555
f 2604 2606 2605
f 2605 2606 2608
f 2605 2608 2894
f 2894 2608 2889
f 2894 2889 2895
f 2895 2889 2890
f 2895 2890 2896
f 2896 2890 2891
f 2896 2891 2897
f 2897 2891 2892
f 2897 2892 2898
f 2898 2892 2893
f 2898 2893 2551
f 2551 2893 2556
f 2601 2603 2602
f 2602 2603 2605
f 2602 2605 2899
f 2899 2605 2894
f 2899 2894 2900
f 2900 2894 2895
f 2900 2895 2901
f 2901 2895 2896
f 2901 2896 2902
f 2902 2896 2897
f 2902 2897 2903
f 2903 2897 2898
f 2903 2898 2552
f 2552 2898 2551
f 2552 2553 2903
f 2903 2553 2760
f 2903 2760 2902
f 2902 2760 2762
f 2902 2762 2901
f 2901 2762 2764
f 2901 2764 2900
f 2900 2764 2766
f 2900 2766 2899
f 2899 2766 2768
f 2899 2768 2602
f 2602 2768 2770
f 2602 2770 2600
f 2778 2904 2771
f 2771 2904 2905
f 2771 2905 2770
f 2770 2905 2906
f 2770 2906 2600
f 2598 2778 2599
f 2599 2778 2777
f 2599 2777 2907
f 2907 2777 2776
f 2907 2776 2908
f 2908 2776 2775
f 2908 2775 2909
f 2909 2775 2774
f 2909 2774 2910
f 2910 2774 2773
f 2910 2773 2911
f 2911 2773 2772
f 2911 2772 2565
f 2565 2772 2564
f 2595 2597 2596
f 2596 2597 2599
f 2596 2599 2912
f 2912 2599 2907
f 2912 2907 2913
f 2913 2907 2908
f 2913 2908 2914
f 2914 2908 2909
f 2914 2909 2915
f 2915 2909 2910
f 2915 2910 2916
f 2916 2910 2911
f 2916 2911 2560
f 2560 2911 2565
f 2592 2594 2593
f 2593 2594 2596
f 2593 2596 2917
f 2917 2596 2912
f 2917 2912 2918
f 2918 2912 2913
f 2918 2913 2919
f 2919 2913 2914
f 2919 2914 2920
f 2920 2914 2915
f 2920 2915 2921
f 2921 2915 2916
f 2921 2916 2561
f 2561 2916 2560
f 2561 2562 2921
f 2921 2562 2779
f 2921 2779 2920
f 2920 2779 2781
f 2920 2781 2919
f 2919 2781 2783
f 2919 2783 2918
f 2918 2783 2785
f 2918 2785 2917
f 2917 2785 2787
f 2917 2787 2593
f 2593 2787 2789
f 2593 2789 2591
f 2797 2922 2790
f 2790 2922 2789
f 2789 2922 2591
f 2589 2798 2590
f 2590 2798 2796
f 2590 2796 2923
f 2923 2796 2795
f 2923 2795 2924
f 2924 2795 2794
f 2924 2794 2925
f 2925 2794 2793
f 2925 2793 2926
f 2926 2793 2792
f 2926 2792 2927
f 2927 2792 2791
f 2927 2791 2586
f 2586 2791 2585
f 2648 2588 2649
f 2649 2588 2590
f 2649 2590 2803
f 2803 2590 2923
f 2803 2923 2802
f 2802 2923 2924
f 2802 2924 2801
f 2801 2924 2925
f 2801 2925 2800
f 2800 2925 2926
f 2800 2926 2799
f 2799 2926 2927
f 2799 2927 2587
f 2587 2927 2586
f 2928 2929 2845
f 2845 2929 2930
f 2845 2930 2846
f 2846 2930 2931
f 2846 2931 2630
f 2630 2931 2932
f 2630 2932 2631
f 2631 2932 2933
f 2631 2933 2633
f 2633 2933 2934
f 2633 2934 2634
f 2634 2934 2935
f 2634 2935 2636
f 2636 2935 2936
f 2636 2936 2637
f 2797 2937 2922
f 2922 2937 2938
f 2637 2936 2939
f 2637 2939 2688
f 2688 2939 2940
f 2688 2940 2687
f 2687 2940 2941
f 2687 2941 2822
f 2822 2941 2942
f 2822 2942 2943
f 2822 2943 2823
f 2823 2943 2944
f 2823 2944 2639
f 2639 2944 2945
f 2639 2945 2640
f 2640 2945 2946
f 2640 2946 2642
f 2642 2946 2947
f 2642 2947 2643
f 2643 2947 2948
f 2643 2948 2645
f 2645 2948 2949
f 2645 2949 2950
f 2645 2950 2668
f 2668 2950 2951
f 2668 2951 2952
f 2668 2952 2804
f 2804 2952 2953
f 2804 2953 2805
f 2805 2953 2806
f 2806 2953 2954
f 2806 2954 2647
f 2647 2954 2955
f 2647 2955 2648
f 2648 2955 2956
f 2648 2956 2588
f 2588 2956 2957
f 2588 2957 2589
f 2589 2957 2958
f 2589 2958 2798
f 2798 2958 2959
f 2798 2959 2797
f 2797 2959 2937
f 2922 2938 2591
f 2591 2938 2960
f 2591 2960 2961
f 2591 2961 2592
f 2592 2961 2962
f 2592 2962 2594
f 2594 2962 2963
f 2594 2963 2595
f 2963 2964 2595
f 2595 2964 2965
f 2595 2965 2597
f 2597 2965 2966
f 2597 2966 2598
f 2598 2966 2967
f 2598 2967 2778
f 2778 2967 2968
f 2778 2968 2969
f 2778 2969 2904
f 2904 2969 2970
f 2904 2970 2905
f 2905 2970 2971
f 2905 2971 2906
f 2906 2971 2972
f 2906 2972 2600
f 2600 2972 2601
f 2601 2972 2973
f 2601 2973 2603
f 2603 2973 2974
f 2603 2974 2604
f 2604 2974 2975
f 2604 2975 2606
f 2606 2975 2976
f 2606 2976 2607
f 2607 2976 2977
f 2607 2977 2759
f 2759 2977 2978
f 2759 2978 2886
f 2886 2978 2979
f 2886 2979 2887
f 2887 2979 2980
f 2887 2980 2888
f 2888 2980 2981
f 2888 2981 2609
f 2609 2981 2982
f 2609 2982 2610
f 2610 2982 2983
f 2610 2983 2612
f 2612 2983 2984
f 2612 2984 2613
f 2985 2875 2986
f 2986 2875 2874
f 2986 2874 2987
f 2987 2874 2988
f 2988 2874 2740
f 2988 2740 2989
f 2989 2740 2613
f 2989 2613 2990
f 2990 2613 2984
f 2845 2701 2928
f 2928 2701 2702
f 2928 2702 2991
f 2991 2702 2628
f 2991 2628 2992
f 2992 2628 2627
f 2992 2627 2993
f 2993 2627 2625
f 2993 2625 2994
f 2994 2625 2624
f 2994 2624 2995
f 2995 2624 2858
f 2995 2858 2996
f 2996 2858 2857
f 2996 2857 2997
f 2997 2857 2721
f 2997 2721 2998
f 2998 2721 2999
f 2999 2721 2622
f 2999 2622 3000
f 3000 2622 2621
f 3000 2621 3001
f 3001 2621 2619
f 3001 2619 3002
f 3002 2619 2618
f 3002 2618 3003
f 3003 2618 2616
f 3003 2616 2985
f 2985 2616 2615
f 2985 2615 2875
f 3004 3005 3006
f 3007 3008 3009
f 3010 3011 3012
f 3015 3016 3017
f 3018 3019 3020
f 3029 3030 3031
f 3032 3033 3034
f 3037 2979 3038
f 2957 2956 3039
f 2966 2965 3040
f 2982 2981 3037
f 2984 2983 3041
f 2989 2990 3042
f 2985 2986 3043
f 3002 3003 3044
f 2998 2999 3045
f 2928 2991 3046
f 2934 2933 3047
f 2936 2935 3048
f 2939 2936 3049
f 2946 2945 3050
f 2954 2953 3051
f 2948 2947 3052
f 2993 2994 3053
f 3037 2981 2979
f 2979 2981 2980
f 3054 2977 2976
f 3055 2975 2974
f 3056 2973 2972
f 3057 2971 2970
f 3058 2964 2963
f 3059 2962 2961
f 2959 2958 3061
f 3061 2958 2957
f 3062 3038 2978
f 2978 3038 2979
f 3063 3062 3064
f 3064 3062 2978
f 3064 2978 3054
f 3054 2978 2977
f 3065 3063 3066
f 3066 3063 3064
f 3066 3064 3054
f 3066 3054 3055
f 3055 3054 2976
f 3055 2976 2975
f 3069 3065 3070
f 3070 3065 3066
f 3070 3066 3071
f 3071 3066 3055
f 3071 3055 3056
f 3056 3055 2974
f 3056 2974 2973
f 3072 3069 3070
f 3072 3070 3073
f 3073 3070 3074
f 3074 3070 3071
f 3074 3071 3056
f 3074 3056 3075
f 3075 3056 2972
f 3076 3072 3073
f 3076 3073 3077
f 3077 3073 3074
f 3077 3074 3078
f 3078 3074 3075
f 3078 3075 3057
f 3057 3075 2972
f 3057 2972 2971
f 3079 3076 3080
f 3080 3076 3081
f 3081 3076 3077
f 3081 3077 3082
f 3082 3077 3078
f 3082 3078 3057
f 3082 3057 2969
f 2969 3057 2970
f 3083 3084 3085
f 3086 3079 3080
f 3086 3080 3087
f 3087 3080 3081
f 3087 3081 3082
f 3087 3082 3088
f 3088 3082 2969
f 3088 2969 3089
f 3089 2969 2967
f 2967 2969 2968
f 3090 3086 3087
f 3090 3087 3091
f 3091 3087 3088
f 3091 3088 3092
f 3092 3088 3093
f 3093 3088 3089
f 3093 3089 3040
f 3040 3089 2967
f 3040 2967 2966
f 3094 3090 3095
f 3095 3090 3091
f 3095 3091 3096
f 3096 3091 3092
f 3096 3092 3097
f 3097 3092 3093
f 3097 3093 3040
f 3097 3040 3058
f 3058 3040 2965
f 3058 2965 2964
f 3098 3094 3099
f 3099 3094 3095
f 3099 3095 3100
f 3100 3095 3096
f 3100 3096 3101
f 3101 3096 3097
f 3101 3097 3102
f 3102 3097 3103
f 3103 3097 3058
f 3103 3058 3059
f 3059 3058 2963
f 3059 2963 2962
f 3106 3098 3099
f 3106 3099 3100
f 3106 3100 3107
f 3107 3100 3101
f 3107 3101 3108
f 3108 3101 3102
f 3108 3102 3109
f 3109 3102 3103
f 3109 3103 3059
f 3109 3059 3110
f 3110 3059 2960
f 2960 3059 2961
f 3111 3106 3112
f 3112 3106 3107
f 3112 3107 3113
f 3113 3107 3114
f 3114 3107 3108
f 3114 3108 3115
f 3115 3108 3116
f 3116 3108 3109
f 3116 3109 3117
f 3117 3109 3110
f 3117 3110 2937
f 2937 3110 2960
f 2937 2960 2938
f 3104 3118 3105
f 3119 3111 3120
f 3120 3111 3112
f 3120 3112 3121
f 3121 3112 3113
f 3121 3113 3122
f 3122 3113 3114
f 3122 3114 3115
f 3122 3115 3123
f 3123 3115 3116
f 3123 3116 3117
f 3123 3117 3124
f 3124 3117 3125
f 3125 3117 2937
f 3125 2937 3060
f 3060 2937 2959
f 3126 3118 3127
f 3127 3118 3104
f 3127 3104 3128
f 3129 3035 3130
f 3130 3035 3131
f 3130 3131 3132
f 3132 3131 3133
f 3132 3133 3134
f 3134 3133 3104
f 3134 3104 3135
f 3135 3104 3105
f 3135 3105 3084
f 3136 3137 3138
f 3138 3137 3139
f 3138 3139 3140
f 3140 3139 3141
f 3141 3142 3143
f 3143 3142 3144
f 3143 3144 3145
f 3145 3144 3146
f 3145 3146 3147
f 3147 3146 3148
f 3148 3083 3149
f 3149 3083 3085
f 3150 3151 3152
f 3152 3151 3153
f 3153 3154 3155
f 3155 3154 3156
f 3156 3157 3158
f 3158 3157 3159
f 3160 3161 3162
f 3162 3161 3163
f 3163 3164 3165
f 3165 3164 3166
f 3165 3166 3167
f 3167 3166 3067
f 3167 3067 3168
f 3168 3067 3068
f 3168 3068 3169
f 3170 3171 3172
f 3172 3171 3150
f 3172 3150 3173
f 3173 3150 3152
f 3173 3152 3174
f 3174 3152 3153
f 3155 3156 3175
f 3175 3156 3158
f 3159 3160 3176
f 3176 3160 3162
f 3163 3165 3177
f 3177 3165 3167
f 3168 3169 3039
f 3051 2953 2952
f 2952 3178 3179
f 3179 3178 3180
f 3181 3182 3183
f 3183 3182 3184
f 3185 3186 3187
f 3187 3186 3188
f 3189 3190 3191
f 3191 3190 3192
f 3193 3194 3195
f 3195 3194 3196
f 3195 3196 3025
f 3025 3196 3197
f 2947 2946 3052
f 3052 2946 3050
f 3050 3198 3199
f 3199 3198 3200
f 3201 3202 3203
f 3203 3202 3204
f 3205 3206 3207
f 3207 3206 3208
f 3209 3210 3211
f 3211 3210 3212
f 3213 3214 3215
f 3215 3214 3216
f 3215 3216 3217
f 3217 3216 3218
f 3049 2936 3048
f 3048 3047 3219
f 3219 3047 3220
f 3219 3220 3221
f 3221 3220 3222
f 3222 3223 3224
f 3224 3223 3225
f 3226 3227 3228
f 3228 3227 3229
f 3229 3230 3231
f 3231 3230 3232
f 3231 3232 3233
f 3233 3232 3234
f 3233 3234 3235
f 3235 3234 3236
f 3237 3238 3239
f 3239 3238 3240
f 2930 2929 3241
f 3241 2929 3046
f 3241 3046 3242
f 3242 3046 3243
f 3243 3244 3245
f 3245 3244 3246
f 3245 3246 3247
f 3247 3246 3248
f 3247 3248 3249
f 3249 3248 3250
f 3250 3251 3252
f 3252 3251 3253
f 3254 3255 3256
f 3256 3255 3257
f 3258 3259 3260
f 3260 3259 3261
f 3260 3261 3262
f 3262 3261 3263
f 2992 2993 3264
f 3264 2993 3053
f 3053 3265 3246
f 3246 3265 3266
f 3267 3268 3251
f 3251 3268 3269
f 3270 3271 3255
f 3255 3271 3272
f 3273 3274 3275
f 3275 3274 3261
f 3276 3277 3278
f 3278 3277 3279
f 3278 3279 3280
f 3280 3279 3281
f 2994 2995 3053
f 3053 2995 2996
f 3053 2996 3265
f 3265 2996 2997
f 3265 2997 3266
f 3266 2997 3282
f 3266 3282 3267
f 3267 3282 3283
f 3267 3283 3268
f 3268 3283 3284
f 3268 3284 3269
f 3269 3284 3270
f 3271 3285 3272
f 3272 3285 3273
f 3274 3286 3261
f 3261 3286 3287
f 3261 3287 3276
f 3276 3287 3277
f 3277 3288 3279
f 3279 3288 3289
f 3279 3289 3281
f 3281 3289 3290
f 3281 3290 3291
f 3291 3290 3292
f 3001 3002 3293
f 3293 3002 3044
f 3044 3043 3294
f 3294 3043 3295
f 3296 3297 3298
f 3298 3297 3299
f 3300 3301 3302
f 3302 3301 3303
f 3304 3305 3306
f 3306 3305 3307
f 3309 3310 3007
f 3007 3310 3311
f 3042 3041 3312
f 3312 3041 3313
f 3314 3062 3315
f 3315 3062 3316
f 3317 3069 3318
f 3318 3069 3319
f 3320 3321 3322
f 3322 3321 3323
f 3094 3325 3326
f 3326 3325 3327
f 3328 3329 3128
f 3128 3329 3330
f 3128 3330 3127
f 3127 3330 3331
f 3127 3331 3126
f 3126 3331 3332
f 3036 3328 3128
f 3036 3128 3133
f 3133 3128 3104
f 3133 3131 3036
f 3036 3131 3035
f 3333 3334 3335
f 3335 3334 3129
f 3335 3129 3336
f 3336 3129 3130
f 3336 3130 3144
f 3144 3130 3132
f 3134 3135 3083
f 3083 3135 3084
f 3334 3337 3129
f 3129 3337 3338
f 3129 3338 3035
f 3033 3333 3034
f 3034 3333 3335
f 3034 3335 3141
f 3141 3335 3336
f 3141 3336 3142
f 3142 3336 3144
f 3132 3134 3148
f 3148 3134 3083
f 3148 3146 3132
f 3132 3146 3144
f 3141 3139 3034
f 3034 3139 3137
f 3034 3137 3032
f 3339 3340 3341
f 3341 3340 3136
f 3341 3136 3342
f 3342 3136 3138
f 3342 3138 3157
f 3157 3138 3140
f 3141 3143 3161
f 3161 3143 3145
f 3147 3148 3166
f 3166 3148 3149
f 3030 3339 3031
f 3031 3339 3341
f 3031 3341 3154
f 3154 3341 3342
f 3154 3342 3156
f 3156 3342 3157
f 3157 3140 3343
f 3343 3140 3141
f 3343 3141 3160
f 3160 3141 3161
f 3145 3147 3164
f 3164 3147 3166
f 3149 3085 3068
f 3068 3067 3149
f 3149 3067 3166
f 3164 3163 3145
f 3145 3163 3161
f 3160 3159 3343
f 3343 3159 3157
f 3154 3153 3031
f 3031 3153 3151
f 3031 3151 3029
f 3171 3344 3150
f 3150 3344 3345
f 3150 3345 3151
f 3028 3170 3172
f 3028 3172 3346
f 3346 3172 3173
f 3174 3153 3347
f 3347 3153 3155
f 3347 3155 3187
f 3187 3155 3175
f 3187 3175 3348
f 3348 3175 3158
f 3158 3159 3183
f 3183 3159 3176
f 3162 3163 3179
f 3179 3163 3177
f 3177 3167 3349
f 3349 3167 3168
f 3349 3168 3350
f 3350 3168 3039
f 3026 3027 3028
f 3026 3028 3351
f 3351 3028 3346
f 3174 3347 3188
f 3188 3347 3187
f 3348 3158 3184
f 3184 3158 3183
f 3176 3162 3352
f 3352 3162 3179
f 3177 3349 3051
f 3051 3349 3350
f 3350 3039 2955
f 2955 3039 2956
f 2955 2954 3350
f 3350 2954 3051
f 3051 2952 3177
f 3177 2952 3179
f 3179 3180 3352
f 3352 3180 3181
f 3352 3181 3176
f 3176 3181 3183
f 3184 3185 3348
f 3348 3185 3187
f 3188 3189 3174
f 3174 3189 3191
f 3174 3191 3173
f 3173 3191 3192
f 3173 3192 3346
f 3346 3192 3193
f 3346 3193 3351
f 3351 3193 3195
f 3351 3195 3026
f 3026 3195 3025
f 3353 3354 3355
f 3355 3354 3197
f 3355 3197 3212
f 3212 3197 3196
f 3212 3196 3356
f 3356 3196 3194
f 3193 3192 3207
f 3207 3192 3190
f 3189 3188 3203
f 3203 3188 3186
f 3186 3185 3357
f 3357 3185 3184
f 3357 3184 3199
f 3199 3184 3182
f 3199 3182 3358
f 3358 3182 3181
f 3181 3180 3359
f 3359 3180 3178
f 3359 3178 2950
f 2950 3178 2952
f 2950 2952 2951
f 3354 3360 3197
f 3197 3360 3361
f 3197 3361 3025
f 3025 3361 3362
f 2950 2949 3359
f 3359 3052 3181
f 3181 3052 3358
f 3199 3200 3357
f 3357 3200 3186
f 3203 3204 3189
f 3189 3204 3190
f 3207 3363 3193
f 3193 3363 3194
f 3212 3364 3355
f 3355 3364 3024
f 3355 3024 3353
f 2949 2948 3359
f 3359 2948 3052
f 3052 3050 3358
f 3358 3050 3199
f 3200 3201 3186
f 3186 3201 3203
f 3204 3205 3190
f 3190 3205 3207
f 3207 3208 3363
f 3363 3208 3209
f 3363 3209 3194
f 3194 3209 3211
f 3194 3211 3356
f 3356 3211 3212
f 3212 3213 3364
f 3364 3213 3215
f 3364 3215 3024
f 3024 3215 3217
f 3024 3217 3023
f 3365 3366 3367
f 3367 3366 3218
f 3367 3218 3368
f 3368 3218 3216
f 3368 3216 3369
f 3369 3216 3214
f 3214 3213 3370
f 3370 3213 3212
f 3370 3212 3371
f 3371 3212 3210
f 3209 3208 3372
f 3372 3208 3206
f 3205 3204 3373
f 3373 3204 3202
f 3373 3202 3374
f 3374 3202 3201
f 3374 3201 3375
f 3375 3201 3200
f 3375 3200 2941
f 2941 3200 3198
f 2941 3198 2943
f 2943 3198 3050
f 2943 3050 2944
f 2944 3050 2945
f 3366 3376 3218
f 3218 3376 3217
f 2943 2942 2941
f 2941 3377 3375
f 3375 3377 3374
f 3373 3378 3205
f 3205 3378 3206
f 3372 3224 3209
f 3209 3224 3210
f 3371 3228 3370
f 3370 3228 3214
f 3368 3235 3367
f 3367 3235 3022
f 3367 3022 3365
f 3019 3021 3020
f 3020 3021 3022
f 3020 3022 3379
f 3379 3022 3235
f 3235 3368 3233
f 3233 3368 3369
f 3369 3214 3229
f 3229 3214 3228
f 3371 3210 3225
f 3225 3210 3224
f 3224 3372 3380
f 3380 3372 3206
f 3380 3206 3221
f 3221 3206 3378
f 3221 3378 3219
f 3219 3378 3373
f 3219 3373 3381
f 3381 3373 3374
f 3381 3374 3049
f 3049 3374 3377
f 3377 2941 2940
f 2940 2939 3377
f 3377 2939 3049
f 3049 3048 3381
f 3381 3048 3219
f 3221 3222 3380
f 3380 3222 3224
f 3225 3226 3371
f 3371 3226 3228
f 3229 3231 3369
f 3369 3231 3233
f 3235 3236 3379
f 3379 3236 3237
f 3379 3237 3020
f 3020 3237 3239
f 3020 3239 3018
f 3383 3240 3384
f 3384 3240 3238
f 3236 3234 3252
f 3252 3234 3232
f 3230 3229 3247
f 3247 3229 3227
f 3226 3225 3385
f 3385 3225 3223
f 3222 3220 3386
f 3386 3220 3047
f 3047 3048 2934
f 2934 3048 2935
f 3383 3387 3240
f 3239 3240 3018
f 3016 3382 3017
f 3017 3382 3383
f 3017 3383 3388
f 3388 3383 3384
f 3388 3384 3257
f 3257 3384 3238
f 3257 3238 3256
f 3256 3238 3237
f 3256 3237 3389
f 3389 3237 3236
f 3389 3236 3253
f 3253 3236 3252
f 3232 3230 3249
f 3249 3230 3247
f 3227 3226 3243
f 3243 3226 3385
f 3243 3385 3242
f 3242 3385 3223
f 3223 3222 2930
f 2930 3222 3386
f 3386 3047 2932
f 2932 3047 2933
f 2932 2931 3386
f 3386 2931 2930
f 2930 3241 3223
f 3223 3241 3242
f 3243 3245 3227
f 3227 3245 3247
f 3249 3250 3232
f 3232 3250 3252
f 3253 3254 3389
f 3389 3254 3256
f 3257 3258 3388
f 3388 3258 3260
f 3388 3260 3017
f 3017 3260 3262
f 3017 3262 3015
f 3391 3263 3392
f 3392 3263 3261
f 3258 3257 3393
f 3393 3257 3255
f 3254 3253 3269
f 3269 3253 3251
f 3250 3248 3266
f 3266 3248 3246
f 3244 3243 3264
f 3264 3243 3046
f 3046 2929 2928
f 3263 3394 3262
f 3262 3394 3395
f 3262 3395 3015
f 2991 2992 3046
f 3046 2992 3264
f 3264 3053 3244
f 3244 3053 3246
f 3266 3267 3250
f 3250 3267 3251
f 3269 3270 3254
f 3254 3270 3255
f 3255 3272 3393
f 3393 3272 3273
f 3393 3273 3258
f 3258 3273 3275
f 3258 3275 3259
f 3259 3275 3261
f 3261 3276 3392
f 3392 3276 3278
f 3392 3278 3391
f 3391 3278 3280
f 3391 3280 3390
f 3291 3396 3281
f 3281 3396 3397
f 3281 3397 3280
f 3014 3292 3290
f 3014 3290 3398
f 3398 3290 3289
f 3277 3287 3399
f 3399 3287 3286
f 3274 3273 3400
f 3400 3273 3285
f 3271 3270 3401
f 3401 3270 3284
f 3283 3282 3045
f 3045 3282 2997
f 2997 2998 3045
f 3045 3402 3283
f 3283 3402 3403
f 3283 3403 3284
f 3284 3403 3404
f 3284 3404 3401
f 3401 3404 3405
f 3401 3405 3271
f 3271 3405 3406
f 3271 3406 3285
f 3285 3406 3400
f 3400 3298 3274
f 3274 3298 3286
f 3399 3302 3277
f 3277 3302 3288
f 3288 3407 3289
f 3289 3407 3398
f 3398 3408 3014
f 3014 3408 3012
f 3014 3012 3013
f 3013 3012 3011
f 3008 3010 3009
f 3009 3010 3012
f 3009 3012 3308
f 3308 3012 3408
f 3308 3408 3307
f 3307 3408 3398
f 3407 3288 3409
f 3409 3288 3302
f 3399 3286 3299
f 3299 3286 3298
f 3400 3406 3295
f 3295 3406 3405
f 3404 3403 3293
f 3293 3403 3402
f 3402 3045 3000
f 3000 3045 2999
f 3000 3001 3402
f 3402 3001 3293
f 3293 3044 3404
f 3404 3044 3294
f 3404 3294 3405
f 3405 3294 3295
f 3295 3296 3400
f 3400 3296 3298
f 3299 3300 3399
f 3399 3300 3302
f 3302 3303 3409
f 3409 3303 3304
f 3409 3304 3407
f 3407 3304 3306
f 3407 3306 3398
f 3398 3306 3307
f 3308 3309 3009
f 3009 3309 3007
f 3410 3411 3412
f 3412 3411 3311
f 3412 3311 3413
f 3413 3311 3310
f 3413 3310 3322
f 3322 3310 3309
f 3322 3309 3414
f 3414 3309 3308
f 3414 3308 3415
f 3415 3308 3307
f 3415 3307 3318
f 3318 3307 3305
f 3304 3303 3416
f 3416 3303 3301
f 3300 3299 3312
f 3312 3299 3297
f 3312 3297 3417
f 3417 3297 3296
f 3296 3295 2988
f 2988 3295 3043
f 3043 3044 2985
f 2985 3044 3003
f 3411 3418 3311
f 3005 3410 3006
f 3006 3410 3412
f 3006 3412 3419
f 3419 3412 3413
f 3419 3413 3323
f 3323 3413 3322
f 3414 3415 3319
f 3319 3415 3318
f 3305 3304 3316
f 3316 3304 3416
f 3301 3300 3420
f 3420 3300 3312
f 3417 3296 3421
f 3421 3296 2988
f 2988 3043 2987
f 2987 3043 2986
f 2988 2989 3421
f 3421 2989 3042
f 3421 3042 3417
f 3417 3042 3312
f 3312 3313 3420
f 3420 3313 3314
f 3420 3314 3301
f 3301 3314 3315
f 3301 3315 3416
f 3416 3315 3316
f 3316 3317 3305
f 3305 3317 3318
f 3319 3320 3414
f 3414 3320 3322
f 3323 3324 3419
f 3419 3324 3094
f 3419 3094 3006
f 3006 3094 3326
f 3006 3326 3004
f 3423 3327 3424
f 3424 3327 3325
f 3424 3325 3098
f 3098 3325 3094
f 3094 3324 3425
f 3425 3324 3323
f 3425 3323 3086
f 3086 3323 3321
f 3086 3321 3079
f 3079 3321 3320
f 3320 3319 3072
f 3072 3319 3069
f 3317 3316 3063
f 3063 3316 3062
f 3314 3313 3037
f 3037 3313 3041
f 3041 3042 2984
f 2984 3042 2990
f 3326 3327 3426
f 3326 3426 3004
f 2983 2982 3041
f 3041 2982 3037
f 3037 3038 3314
f 3314 3038 3062
f 3063 3065 3317
f 3317 3065 3069
f 3072 3076 3320
f 3320 3076 3079
f 3086 3090 3425
f 3425 3090 3094
f 3098 3106 3424
f 3424 3106 3111
f 3424 3111 3423
f 3423 3111 3119
f 3423 3119 3422
f 3422 3119 3427
f 3428 3429 3430
f 2959 3061 3060
f 3060 3061 3431
f 3060 3431 3125
f 3125 3431 3124
f 3124 3431 3432
f 3124 3432 3433
f 3124 3433 3123
f 3123 3433 3434
f 3123 3434 3122
f 3122 3434 3435
f 3122 3435 3121
f 3121 3435 3436
f 3121 3436 3120
f 3120 3436 3428
f 3120 3428 3119
f 3119 3428 3430
f 3119 3430 3427
f 2957 3039 3061
f 3061 3039 3169
f 3061 3169 3431
f 3431 3169 3068
f 3431 3068 3432
f 3432 3068 3085
f 3432 3085 3433
f 3433 3085 3084
f 3433 3084 3434
f 3434 3084 3105
f 3434 3105 3435
f 3435 3105 3436
f 3436 3105 3118
f 3436 3118 3126
f 3436 3126 3428
f 3428 3126 3332
f 3428 3332 3429
f 3437 3331 3438
f 3438 3331 3330
f 3438 3330 3439
f 3439 3330 3329
f 3329 3328 3439
f 3439 3328 3036
f 3439 3036 3440
f 3036 3035 3440
f 3440 3035 3441
f 3035 3338 3441
f 3441 3338 3337
f 3441 3337 3442
f 3442 3337 3334
f 3032 3443 3033
f 3033 3443 3442
f 3033 3442 3333
f 3333 3442 3334
f 3032 3137 3443
f 3443 3137 3136
f 3443 3136 3444
f 3444 3136 3340
f 3444 3340 3445
f 3340 3339 3445
f 3445 3339 3030
f 3445 3030 3446
f 3030 3029 3446
f 3446 3029 3151
f 3446 3151 3447
f 3151 3345 3447
f 3447 3345 3344
f 3447 3344 3448
f 3344 3171 3448
f 3448 3171 3170
f 3448 3170 3449
f 3449 3170 3028
f 3028 3027 3449
f 3449 3027 3026
f 3449 3026 3450
f 3026 3025 3450
f 3450 3025 3362
f 3450 3362 3451
f 3362 3361 3451
f 3451 3361 3360
f 3451 3360 3452
f 3452 3360 3354
f 3023 3453 3024
f 3024 3453 3452
f 3024 3452 3353
f 3353 3452 3354
f 3023 3217 3453
f 3453 3217 3376
f 3453 3376 3454
f 3454 3376 3366
f 3454 3366 3455
f 3455 3366 3365
f 3455 3365 3456
f 3456 3365 3022
f 3022 3021 3456
f 3456 3021 3019
f 3456 3019 3457
f 3019 3018 3457
f 3457 3018 3458
f 3018 3240 3458
f 3458 3240 3387
f 3458 3387 3459
f 3459 3387 3383
f 3015 3460 3016
f 3016 3460 3459
f 3016 3459 3382
f 3382 3459 3383
f 3015 3395 3460
f 3460 3395 3394
f 3460 3394 3461
f 3394 3263 3461
f 3461 3263 3391
f 3461 3391 3462
f 3397 3463 3280
f 3280 3463 3462
f 3280 3462 3390
f 3390 3462 3391
f 3397 3396 3463
f 3463 3396 3291
f 3463 3291 3464
f 3291 3292 3464
f 3464 3292 3014
f 3464 3014 3465
f 3465 3014 3013
f 3465 3013 3466
f 3466 3013 3011
f 3011 3010 3466
f 3466 3010 3008
f 3466 3008 3467
f 3008 3007 3467
f 3467 3007 3468
f 3007 3311 3468
f 3468 3311 3418
f 3468 3418 3469
f 3469 3418 3411
f 3004 3470 3005
f 3005 3470 3469
f 3005 3469 3410
f 3410 3469 3411
f 3004 3426 3470
f 3470 3426 3327
f 3470 3327 3471
f 3471 3327 3423
f 3471 3423 3472
f 3423 3422 3472
f 3472 3422 3427
f 3472 3427 3473
f 3427 3430 3473
f 3473 3430 3429
f 3473 3429 3437
f 3437 3429 3332
f 3437 3332 3331
f 3437 3438 3474
f 3439 3475 3438
f 3438 3475 3476
f 3438 3476 3474
f 3440 3477 3439
f 3439 3477 3478
f 3439 3478 3475
f 3441 3479 3440
f 3440 3479 3480
f 3440 3480 3477
f 3442 3481 3482
f 3442 3482 3441
f 3441 3482 3483
f 3441 3483 3479
f 3481 3442 3484
f 3484 3442 3443
f 3484 3443 3485
f 3485 3443 3486
f 3486 3443 3444
f 3486 3444 3487
f 3487 3444 3488
f 3488 3444 3445
f 3488 3445 3489
f 3489 3445 3490
f 3490 3445 3446
f 3490 3446 3491
f 3491 3446 3447
f 3491 3447 3492
f 3448 3493 3447
f 3447 3493 3494
f 3447 3494 3492
f 3449 3495 3448
f 3448 3495 3496
f 3448 3496 3493
f 3450 3497 3449
f 3449 3497 3498
f 3449 3498 3495
f 3451 3499 3500
f 3451 3500 3450
f 3450 3500 3501
f 3450 3501 3497
f 3499 3451 3502
f 3502 3451 3452
f 3502 3452 3503
f 3503 3452 3504
f 3504 3452 3453
f 3504 3453 3505
f 3505 3453 3506
f 3506 3453 3454
f 3506 3454 3507
f 3507 3454 3508
f 3508 3454 3455
f 3508 3455 3509
f 3509 3455 3510
f 3510 3455 3456
f 3510 3456 3511
f 3457 3512 3456
f 3456 3512 3513
f 3456 3513 3511
f 3458 3514 3457
f 3457 3514 3515
f 3457 3515 3512
f 3459 3516 3458
f 3458 3516 3517
f 3458 3517 3514
f 3460 3518 3459
f 3459 3518 3519
f 3459 3519 3516
f 3520 3521 3461
f 3461 3521 3522
f 3461 3522 3460
f 3460 3522 3518
f 3520 3461 3523
f 3523 3461 3462
f 3523 3462 3524
f 3464 3525 3463
f 3463 3525 3526
f 3463 3526 3462
f 3462 3526 3527
f 3462 3527 3524
f 3465 3528 3529
f 3465 3529 3464
f 3464 3529 3530
f 3464 3530 3525
f 3528 3465 3531
f 3531 3465 3466
f 3531 3466 3532
f 3532 3466 3533
f 3533 3466 3467
f 3533 3467 3534
f 3534 3467 3535
f 3535 3467 3468
f 3535 3468 3536
f 3536 3468 3537
f 3537 3468 3469
f 3537 3469 3538
f 3538 3469 3470
f 3538 3470 3539
f 3471 3540 3470
f 3470 3540 3541
f 3470 3541 3539
f 3472 3542 3471
f 3471 3542 3543
f 3471 3543 3540
f 3473 3544 3472
f 3472 3544 3545
f 3472 3545 3542
f 3474 3546 3437
f 3437 3546 3547
f 3437 3547 3473
f 3473 3547 3548
f 3473 3548 3544
f 3549 3550 3551
f 3554 3555 3556
f 3557 3558 3559
f 3560 3561 3562
f 3563 3564 3565
f 3568 3569 3570
f 3571 3572 3573
f 3518 3522 3576
f 3477 3480 3479
f 3479 3483 3482
f 3486 3487 3488
f 3489 3490 3488
f 3495 3498 3497
f 3497 3501 3500
f 3506 3507 3508
f 3508 3509 3510
f 3514 3517 3516
f 3516 3519 3518
f 3535 3536 3537
f 3545 3544 3542
f 3548 3547 3544
f 3577 3576 3578
f 3578 3576 3522
f 3578 3522 3521
f 3579 3577 3580
f 3580 3577 3578
f 3580 3578 3581
f 3581 3578 3521
f 3581 3521 3523
f 3523 3521 3520
f 3582 3579 3583
f 3583 3579 3580
f 3583 3580 3581
f 3583 3581 3584
f 3584 3581 3523
f 3584 3523 3585
f 3585 3523 3524
f 3585 3524 3527
f 3586 3582 3587
f 3587 3582 3583
f 3587 3583 3588
f 3588 3583 3589
f 3589 3583 3584
f 3589 3584 3590
f 3590 3584 3585
f 3590 3585 3525
f 3525 3585 3527
f 3525 3527 3526
f 3593 3586 3594
f 3594 3586 3587
f 3594 3587 3588
f 3594 3588 3595
f 3595 3588 3589
f 3595 3589 3590
f 3595 3590 3596
f 3596 3590 3525
f 3596 3525 3529
f 3529 3525 3530
f 3479 3482 3597
f 3597 3482 3598
f 3597 3598 3599
f 3599 3598 3600
f 3599 3600 3601
f 3601 3600 3602
f 3601 3602 3603
f 3603 3602 3604
f 3603 3604 3605
f 3605 3604 3606
f 3605 3606 3607
f 3607 3606 3608
f 3497 3500 3609
f 3609 3500 3610
f 3609 3610 3611
f 3611 3610 3612
f 3612 3613 3614
f 3614 3613 3615
f 3614 3615 3616
f 3616 3615 3617
f 3616 3617 3618
f 3618 3617 3619
f 3508 3510 3620
f 3620 3510 3621
f 3620 3621 3622
f 3622 3621 3623
f 3622 3623 3624
f 3624 3623 3625
f 3624 3625 3626
f 3626 3625 3627
f 3626 3627 3628
f 3628 3627 3629
f 3628 3629 3630
f 3630 3629 3631
f 3632 3593 3594
f 3632 3594 3633
f 3633 3594 3595
f 3633 3595 3634
f 3634 3595 3596
f 3634 3596 3635
f 3635 3596 3529
f 3635 3529 3528
f 3477 3479 3636
f 3636 3479 3597
f 3636 3597 3637
f 3637 3597 3599
f 3599 3601 3638
f 3638 3601 3603
f 3603 3605 3639
f 3639 3605 3607
f 3639 3607 3570
f 3570 3607 3608
f 3570 3608 3640
f 3496 3495 3641
f 3641 3495 3497
f 3641 3497 3642
f 3642 3497 3609
f 3642 3609 3643
f 3643 3609 3611
f 3643 3611 3644
f 3644 3611 3612
f 3644 3612 3645
f 3645 3612 3614
f 3645 3614 3646
f 3646 3614 3616
f 3646 3616 3647
f 3647 3616 3618
f 3647 3618 3648
f 3648 3618 3619
f 3648 3619 3649
f 3506 3508 3650
f 3650 3508 3620
f 3650 3620 3651
f 3651 3620 3622
f 3622 3624 3652
f 3652 3624 3626
f 3652 3626 3653
f 3653 3626 3628
f 3653 3628 3654
f 3654 3628 3630
f 3654 3630 3655
f 3655 3630 3631
f 3655 3631 3560
f 3559 3632 3656
f 3656 3632 3633
f 3656 3633 3657
f 3657 3633 3658
f 3658 3633 3634
f 3658 3634 3659
f 3659 3634 3660
f 3660 3634 3635
f 3660 3635 3661
f 3661 3635 3528
f 3661 3528 3531
f 3665 3666 3667
f 3667 3666 3668
f 3667 3668 3669
f 3669 3668 3591
f 3591 3592 3670
f 3672 3671 3664
f 3672 3664 3673
f 3673 3664 3665
f 3673 3665 3674
f 3674 3665 3667
f 3674 3667 3675
f 3675 3667 3669
f 3669 3591 3676
f 3676 3591 3670
f 3575 3677 3678
f 3678 3677 3672
f 3678 3672 3679
f 3679 3672 3680
f 3679 3680 3681
f 3681 3680 3682
f 3681 3682 3683
f 3683 3682 3684
f 3683 3684 3685
f 3685 3684 3686
f 3686 3676 3687
f 3687 3676 3688
f 3687 3688 3546
f 3689 3690 3691
f 3484 3485 3486
f 3484 3486 3692
f 3692 3486 3693
f 3692 3693 3694
f 3694 3693 3695
f 3694 3695 3696
f 3696 3695 3697
f 3696 3697 3698
f 3698 3697 3699
f 3699 3700 3701
f 3701 3700 3702
f 3702 3703 3704
f 3704 3703 3705
f 3486 3488 3693
f 3693 3488 3706
f 3693 3706 3695
f 3695 3706 3697
f 3697 3707 3699
f 3699 3707 3708
f 3699 3708 3700
f 3700 3708 3709
f 3700 3709 3702
f 3702 3709 3710
f 3702 3710 3703
f 3703 3710 3711
f 3703 3711 3705
f 3705 3711 3712
f 3490 3491 3713
f 3713 3491 3714
f 3713 3714 3707
f 3707 3714 3715
f 3707 3715 3716
f 3716 3715 3717
f 3716 3717 3709
f 3709 3717 3718
f 3718 3719 3711
f 3711 3719 3720
f 3720 3721 3722
f 3722 3721 3723
f 3724 3725 3726
f 3727 3728 3729
f 3512 3515 3514
f 3512 3514 3730
f 3730 3514 3731
f 3730 3731 3732
f 3732 3731 3733
f 3733 3734 3735
f 3735 3734 3736
f 3735 3736 3737
f 3737 3736 3738
f 3737 3738 3739
f 3739 3738 3740
f 3740 3741 3742
f 3742 3741 3743
f 3514 3516 3731
f 3731 3516 3744
f 3731 3744 3733
f 3733 3744 3745
f 3733 3745 3734
f 3734 3745 3746
f 3734 3746 3736
f 3736 3746 3738
f 3738 3582 3740
f 3740 3582 3741
f 3741 3593 3743
f 3743 3593 3747
f 3743 3747 3748
f 3749 3663 3750
f 3750 3663 3751
f 3750 3751 3752
f 3753 3754 3755
f 3755 3754 3662
f 3755 3662 3668
f 3668 3662 3663
f 3668 3663 3756
f 3756 3663 3749
f 3756 3749 3592
f 3754 3757 3662
f 3662 3757 3758
f 3662 3758 3663
f 3663 3758 3759
f 3663 3759 3751
f 3592 3591 3756
f 3756 3591 3668
f 3668 3666 3755
f 3755 3666 3665
f 3755 3665 3753
f 3664 3760 3665
f 3665 3760 3761
f 3665 3761 3753
f 3762 3671 3677
f 3677 3671 3672
f 3672 3673 3680
f 3680 3673 3674
f 3680 3674 3682
f 3682 3674 3675
f 3682 3675 3684
f 3684 3675 3669
f 3684 3669 3686
f 3686 3669 3676
f 3676 3670 3688
f 3677 3575 3763
f 3677 3763 3762
f 3572 3574 3573
f 3573 3574 3575
f 3573 3575 3764
f 3764 3575 3678
f 3678 3679 3765
f 3765 3679 3681
f 3765 3681 3766
f 3766 3681 3683
f 3766 3683 3767
f 3767 3683 3685
f 3767 3685 3768
f 3768 3685 3686
f 3768 3686 3769
f 3769 3686 3687
f 3769 3687 3474
f 3474 3687 3546
f 3569 3571 3570
f 3570 3571 3573
f 3764 3678 3638
f 3638 3678 3765
f 3638 3765 3770
f 3770 3765 3766
f 3770 3766 3637
f 3637 3766 3767
f 3637 3767 3771
f 3771 3767 3768
f 3771 3768 3772
f 3772 3768 3769
f 3772 3769 3475
f 3475 3769 3474
f 3475 3474 3476
f 3640 3568 3570
f 3570 3573 3639
f 3639 3573 3764
f 3639 3764 3603
f 3603 3764 3638
f 3638 3770 3599
f 3599 3770 3637
f 3637 3771 3636
f 3636 3771 3772
f 3636 3772 3477
f 3477 3772 3475
f 3477 3475 3478
f 3608 3691 3690
f 3608 3690 3640
f 3640 3690 3773
f 3640 3773 3568
f 3774 3775 3776
f 3776 3775 3689
f 3776 3689 3701
f 3701 3689 3691
f 3691 3608 3698
f 3698 3608 3606
f 3698 3606 3777
f 3777 3606 3604
f 3777 3604 3778
f 3778 3604 3602
f 3602 3600 3779
f 3779 3600 3598
f 3779 3598 3481
f 3481 3598 3482
f 3775 3780 3689
f 3689 3780 3781
f 3689 3781 3690
f 3690 3781 3773
f 3481 3484 3779
f 3779 3484 3692
f 3779 3692 3602
f 3602 3692 3694
f 3602 3694 3778
f 3778 3694 3696
f 3778 3696 3777
f 3777 3696 3698
f 3698 3699 3691
f 3691 3699 3701
f 3701 3702 3776
f 3776 3702 3704
f 3776 3704 3774
f 3712 3782 3705
f 3705 3782 3783
f 3705 3783 3704
f 3784 3712 3722
f 3722 3712 3720
f 3720 3712 3711
f 3711 3710 3718
f 3718 3710 3709
f 3709 3708 3716
f 3716 3708 3707
f 3707 3697 3713
f 3713 3697 3706
f 3713 3706 3490
f 3490 3706 3488
f 3785 3786 3787
f 3787 3786 3723
f 3723 3721 3788
f 3788 3721 3720
f 3788 3720 3789
f 3789 3720 3719
f 3789 3719 3790
f 3790 3719 3718
f 3790 3718 3791
f 3791 3718 3717
f 3717 3715 3792
f 3792 3715 3714
f 3792 3714 3492
f 3492 3714 3491
f 3786 3793 3723
f 3723 3793 3794
f 3723 3794 3722
f 3722 3794 3795
f 3722 3795 3784
f 3567 3785 3787
f 3567 3787 3796
f 3796 3787 3723
f 3796 3723 3797
f 3797 3723 3788
f 3797 3788 3798
f 3798 3788 3789
f 3789 3790 3799
f 3799 3790 3791
f 3799 3791 3800
f 3800 3791 3717
f 3800 3717 3801
f 3801 3717 3792
f 3801 3792 3493
f 3493 3792 3492
f 3493 3492 3494
f 3649 3566 3567
f 3649 3567 3648
f 3648 3567 3796
f 3648 3796 3647
f 3647 3796 3797
f 3647 3797 3646
f 3646 3797 3798
f 3646 3798 3645
f 3645 3798 3789
f 3645 3789 3644
f 3644 3789 3799
f 3644 3799 3643
f 3643 3799 3800
f 3643 3800 3642
f 3642 3800 3801
f 3642 3801 3641
f 3641 3801 3493
f 3641 3493 3496
f 3619 3726 3725
f 3619 3725 3649
f 3649 3725 3802
f 3649 3802 3566
f 3803 3804 3805
f 3805 3804 3724
f 3805 3724 3806
f 3806 3724 3726
f 3726 3619 3807
f 3807 3619 3617
f 3807 3617 3808
f 3808 3617 3615
f 3808 3615 3809
f 3809 3615 3613
f 3809 3613 3810
f 3810 3613 3612
f 3810 3612 3811
f 3811 3612 3610
f 3811 3610 3499
f 3499 3610 3500
f 3804 3812 3724
f 3725 3724 3802
f 3564 3803 3565
f 3565 3803 3805
f 3565 3805 3813
f 3813 3805 3806
f 3813 3806 3814
f 3814 3806 3726
f 3814 3726 3815
f 3815 3726 3807
f 3807 3808 3816
f 3816 3808 3809
f 3809 3810 3817
f 3817 3810 3811
f 3817 3811 3502
f 3502 3811 3499
f 3561 3563 3562
f 3562 3563 3565
f 3565 3813 3818
f 3818 3813 3814
f 3818 3814 3819
f 3819 3814 3815
f 3815 3807 3651
f 3651 3807 3816
f 3651 3816 3820
f 3820 3816 3809
f 3820 3809 3821
f 3821 3809 3817
f 3821 3817 3504
f 3504 3817 3502
f 3504 3502 3503
f 3560 3562 3655
f 3655 3562 3565
f 3655 3565 3654
f 3654 3565 3818
f 3654 3818 3653
f 3653 3818 3819
f 3653 3819 3652
f 3652 3819 3815
f 3652 3815 3622
f 3622 3815 3651
f 3651 3820 3650
f 3650 3820 3821
f 3650 3821 3506
f 3506 3821 3504
f 3506 3504 3505
f 3631 3729 3728
f 3631 3728 3560
f 3560 3728 3822
f 3823 3824 3825
f 3825 3824 3727
f 3825 3727 3826
f 3826 3727 3729
f 3729 3631 3735
f 3735 3631 3629
f 3735 3629 3827
f 3827 3629 3627
f 3827 3627 3828
f 3828 3627 3625
f 3625 3623 3829
f 3829 3623 3621
f 3829 3621 3511
f 3511 3621 3510
f 3824 3830 3727
f 3728 3727 3831
f 3728 3831 3822
f 3511 3513 3512
f 3511 3512 3829
f 3829 3512 3730
f 3829 3730 3625
f 3625 3730 3732
f 3625 3732 3828
f 3828 3732 3733
f 3828 3733 3827
f 3827 3733 3735
f 3735 3737 3729
f 3729 3737 3739
f 3729 3739 3826
f 3826 3739 3740
f 3826 3740 3825
f 3825 3740 3742
f 3825 3742 3823
f 3748 3832 3743
f 3743 3832 3742
f 3742 3832 3833
f 3742 3833 3823
f 3558 3748 3559
f 3559 3748 3747
f 3559 3747 3632
f 3632 3747 3593
f 3593 3741 3586
f 3586 3741 3582
f 3582 3738 3579
f 3579 3738 3746
f 3579 3746 3577
f 3577 3746 3745
f 3577 3745 3576
f 3576 3745 3744
f 3576 3744 3518
f 3518 3744 3516
f 3532 3533 3531
f 3531 3533 3834
f 3531 3834 3661
f 3661 3834 3835
f 3661 3835 3660
f 3660 3835 3836
f 3660 3836 3659
f 3659 3836 3837
f 3659 3837 3658
f 3658 3837 3838
f 3658 3838 3657
f 3657 3838 3839
f 3657 3839 3656
f 3656 3839 3556
f 3656 3556 3559
f 3559 3556 3555
f 3559 3555 3557
f 3534 3535 3533
f 3533 3535 3840
f 3533 3840 3834
f 3834 3840 3841
f 3834 3841 3835
f 3835 3841 3836
f 3836 3841 3842
f 3836 3842 3837
f 3837 3842 3838
f 3838 3842 3843
f 3838 3843 3839
f 3839 3843 3556
f 3556 3843 3844
f 3556 3844 3554
f 3845 3846 3847
f 3535 3537 3848
f 3535 3848 3840
f 3840 3848 3849
f 3840 3849 3841
f 3841 3849 3850
f 3841 3850 3851
f 3841 3851 3842
f 3842 3851 3852
f 3842 3852 3843
f 3843 3852 3845
f 3843 3845 3844
f 3844 3845 3847
f 3537 3538 3855
f 3537 3855 3848
f 3848 3855 3856
f 3848 3856 3849
f 3849 3856 3850
f 3850 3856 3857
f 3850 3857 3851
f 3851 3857 3858
f 3851 3858 3859
f 3851 3859 3852
f 3852 3859 3853
f 3852 3853 3845
f 3845 3853 3854
f 3845 3854 3846
f 3538 3539 3860
f 3538 3860 3855
f 3855 3860 3861
f 3855 3861 3856
f 3856 3861 3862
f 3856 3862 3857
f 3857 3862 3863
f 3857 3863 3858
f 3858 3863 3864
f 3858 3864 3859
f 3859 3864 3865
f 3859 3865 3853
f 3853 3865 3553
f 3853 3553 3854
f 3541 3540 3539
f 3539 3540 3866
f 3539 3866 3860
f 3860 3866 3867
f 3860 3867 3861
f 3861 3867 3868
f 3861 3868 3869
f 3861 3869 3862
f 3862 3869 3870
f 3862 3870 3863
f 3863 3870 3871
f 3863 3871 3864
f 3864 3871 3551
f 3864 3551 3865
f 3865 3551 3553
f 3553 3551 3550
f 3553 3550 3552
f 3543 3542 3540
f 3540 3542 3872
f 3540 3872 3866
f 3866 3872 3873
f 3866 3873 3867
f 3867 3873 3874
f 3867 3874 3868
f 3868 3874 3875
f 3868 3875 3869
f 3869 3875 3876
f 3869 3876 3870
f 3870 3876 3877
f 3870 3877 3871
f 3871 3877 3878
f 3871 3878 3551
f 3551 3878 3879
f 3551 3879 3880
f 3551 3880 3549
f 3881 3882 3883
f 3542 3544 3884
f 3542 3884 3872
f 3872 3884 3885
f 3872 3885 3873
f 3873 3885 3874
f 3874 3885 3886
f 3874 3886 3875
f 3875 3886 3876
f 3876 3886 3887
f 3876 3887 3877
f 3877 3887 3878
f 3878 3887 3881
f 3878 3881 3879
f 3879 3881 3883
f 3879 3883 3880
f 3888 3889 3890
f 3544 3547 3891
f 3544 3891 3884
f 3884 3891 3892
f 3884 3892 3885
f 3885 3892 3893
f 3885 3893 3886
f 3886 3893 3894
f 3886 3894 3887
f 3887 3894 3888
f 3887 3888 3881
f 3881 3888 3890
f 3881 3890 3882
f 3547 3546 3688
f 3547 3688 3891
f 3891 3688 3670
f 3891 3670 3892
f 3892 3670 3592
f 3892 3592 3893
f 3893 3592 3749
f 3893 3749 3894
f 3894 3749 3888
f 3888 3749 3750
f 3888 3750 3752
f 3888 3752 3889
f 3895 3889 3896
f 3896 3889 3752
f 3896 3752 3897
f 3897 3752 3751
f 3897 3751 3898
f 3898 3751 3759
f 3898 3759 3899
f 3899 3759 3758
f 3899 3758 3900
f 3900 3758 3757
f 3900 3757 3901
f 3901 3757 3754
f 3901 3754 3902
f 3902 3754 3753
f 3902 3753 3903
f 3903 3753 3761
f 3903 3761 3904
f 3904 3761 3760
f 3904 3760 3905
f 3905 3760 3664
f 3905 3664 3906
f 3906 3664 3671
f 3906 3671 3907
f 3907 3671 3762
f 3907 3762 3908
f 3908 3762 3763
f 3908 3763 3909
f 3909 3763 3575
f 3909 3575 3910
f 3910 3575 3574
f 3910 3574 3911
f 3911 3574 3572
f 3911 3572 3912
f 3912 3572 3571
f 3912 3571 3913
f 3913 3571 3569
f 3913 3569 3914
f 3914 3569 3568
f 3914 3568 3915
f 3915 3568 3773
f 3915 3773 3916
f 3916 3773 3781
f 3916 3781 3917
f 3917 3781 3780
f 3917 3780 3918
f 3918 3780 3775
f 3918 3775 3919
f 3919 3775 3774
f 3919 3774 3920
f 3920 3774 3704
f 3920 3704 3921
f 3921 3704 3783
f 3921 3783 3922
f 3922 3783 3782
f 3922 3782 3923
f 3923 3782 3712
f 3923 3712 3924
f 3924 3712 3784
f 3924 3784 3925
f 3925 3784 3795
f 3925 3795 3926
f 3926 3795 3794
f 3926 3794 3927
f 3927 3794 3793
f 3927 3793 3928
f 3928 3793 3786
f 3928 3786 3929
f 3929 3786 3785
f 3929 3785 3930
f 3930 3785 3567
f 3930 3567 3931
f 3931 3567 3566
f 3931 3566 3932
f 3932 3566 3802
f 3932 3802 3933
f 3933 3802 3724
f 3933 3724 3934
f 3934 3724 3812
f 3934 3812 3935
f 3935 3812 3804
f 3935 3804 3936
f 3936 3804 3803
f 3936 3803 3937
f 3937 3803 3564
f 3937 3564 3938
f 3938 3564 3563
f 3938 3563 3939
f 3939 3563 3561
f 3939 3561 3940
f 3940 3561 3560
f 3940 3560 3941
f 3941 3560 3822
f 3941 3822 3942
f 3942 3822 3831
f 3942 3831 3943
f 3943 3831 3727
f 3943 3727 3944
f 3944 3727 3830
f 3944 3830 3945
f 3945 3830 3824
f 3945 3824 3946
f 3946 3824 3823
f 3946 3823 3947
f 3947 3823 3833
f 3947 3833 3948
f 3948 3833 3832
f 3948 3832 3949
f 3949 3832 3748
f 3949 3748 3950
f 3950 3748 3558
f 3950 3558 3951
f 3951 3558 3557
f 3951 3557 3952
f 3952 3557 3555
f 3952 3555 3953
f 3953 3555 3554
f 3953 3554 3954
f 3954 3554 3844
f 3954 3844 3955
f 3955 3844 3847
f 3955 3847 3956
f 3956 3847 3846
f 3956 3846 3957
f 3957 3846 3854
f 3957 3854 3958
f 3958 3854 3553
f 3958 3553 3959
f 3959 3553 3552
f 3959 3552 3960
f 3960 3552 3550
f 3960 3550 3961
f 3961 3550 3549
f 3961 3549 3962
f 3962 3549 3880
f 3962 3880 3963
f 3963 3880 3883
f 3963 3883 3964
f 3964 3883 3882
f 3964 3882 3965
f 3965 3882 3890
f 3965 3890 3895
f 3895 3890 3889
f 891 890 3967
f 885 884 3970
f 883 882 3971
f 881 880 3972
f 879 878 3973
f 877 876 3974
f 875 874 3975
f 873 872 3976
f 871 870 3977
f 869 868 3978
f 865 864 3979
f 861 860 3980
f 859 858 3981
f 857 856 3982
f 853 852 3983
f 851 850 3984
f 847 846 3985
f 845 844 3986
f 843 842 3987
f 839 838 3988
f 835 834 3989
f 833 832 3990
f 831 830 3991
f 829 828 3992
f 827 826 3993
f 825 824 3994
f 823 822 3995
f 821 820 3996
f 819 818 3997
f 815 814 3998
f 814 813 3999
f 3965 3895 4001
f 3963 3964 4002
f 3961 3962 4003
f 3946 3947 4006
f 3944 3945 4007
f 3936 3937 4008
f 3921 3922 4010
f 3906 3907 4011
f 3905 3906 4012
f 3898 3899 4013
f 3896 3897 4014
f 3901 3902 4015
f 3903 3904 3905
f 4000 3909 3910
f 4000 3910 3911
f 3912 3913 4016
f 4016 3913 3914
f 4018 3916 3917
f 4019 3924 3925
f 4020 3926 3927
f 3936 4008 3935
f 3937 3938 4022
f 4022 3938 3939
f 4022 3939 3940
f 3940 3941 4023
f 4023 3941 3942
f 3946 4006 3945
f 3948 4005 3947
f 3948 3949 4024
f 3949 3950 4025
f 4025 3950 3951
f 3951 3952 4026
f 4026 3952 3953
f 3954 3955 4027
f 4027 3955 3956
f 4027 3956 3957
f 3959 3960 4028
f 4028 3960 3961
f 3963 4002 3962
f 3965 4001 3964
f 4029 4000 4016
f 4016 4000 3911
f 4016 3911 3912
f 4030 4029 4031
f 4031 4029 4016
f 4031 4016 4032
f 4032 4016 4033
f 4033 4016 3914
f 4034 4030 4035
f 4035 4030 4031
f 4035 4031 4036
f 4036 4031 4032
f 4036 4032 4037
f 4037 4032 4033
f 4037 4033 4017
f 4017 4033 3914
f 4017 3914 3915
f 4038 4034 4039
f 4039 4034 4035
f 4039 4035 4040
f 4040 4035 4036
f 4040 4036 4037
f 4040 4037 4041
f 4041 4037 4017
f 4041 4017 4018
f 4018 4017 3915
f 4018 3915 3916
f 4042 4038 4043
f 4043 4038 4039
f 4043 4039 4044
f 4044 4039 4040
f 4044 4040 4045
f 4045 4040 4046
f 4046 4040 4041
f 4046 4041 4047
f 4047 4041 4018
f 4047 4018 4048
f 4048 4018 3917
f 4048 3917 3918
f 4049 4042 4050
f 4050 4042 4043
f 4050 4043 4051
f 4051 4043 4044
f 4051 4044 4052
f 4052 4044 4045
f 4052 4045 4053
f 4053 4045 4046
f 4053 4046 4054
f 4054 4046 4047
f 4054 4047 4055
f 4055 4047 4048
f 4055 4048 3920
f 3920 4048 3918
f 3920 3918 3919
f 4056 4049 4050
f 4056 4050 4057
f 4057 4050 4051
f 4057 4051 4058
f 4058 4051 4052
f 4058 4052 4053
f 4058 4053 4059
f 4059 4053 4054
f 4059 4054 4060
f 4060 4054 4055
f 4060 4055 4061
f 4061 4055 3920
f 4061 3920 4010
f 4010 3920 3921
f 4062 4056 4063
f 4063 4056 4057
f 4063 4057 4064
f 4064 4057 4058
f 4064 4058 4065
f 4065 4058 4066
f 4066 4058 4059
f 4066 4059 4067
f 4067 4059 4060
f 4067 4060 4068
f 4068 4060 4061
f 4068 4061 4069
f 4069 4061 4010
f 4069 4010 3923
f 3923 4010 3922
f 4070 4062 4071
f 4071 4062 4063
f 4071 4063 4072
f 4072 4063 4064
f 4072 4064 4073
f 4073 4064 4065
f 4073 4065 4074
f 4074 4065 4066
f 4074 4066 4067
f 4074 4067 4075
f 4075 4067 4068
f 4075 4068 4076
f 4076 4068 4069
f 4076 4069 4077
f 4077 4069 3923
f 4077 3923 4019
f 4019 3923 3924
f 4078 4070 4071
f 4078 4071 4079
f 4079 4071 4072
f 4079 4072 4080
f 4080 4072 4073
f 4080 4073 4081
f 4081 4073 4074
f 4081 4074 4082
f 4082 4074 4083
f 4083 4074 4075
f 4083 4075 4084
f 4084 4075 4076
f 4084 4076 4085
f 4085 4076 4077
f 4085 4077 4020
f 4020 4077 4019
f 4020 4019 3925
f 4020 3925 3926
f 4086 4078 4087
f 4087 4078 4079
f 4087 4079 4088
f 4088 4079 4080
f 4088 4080 4089
f 4089 4080 4081
f 4089 4081 4090
f 4090 4081 4082
f 4090 4082 4091
f 4091 4082 4083
f 4091 4083 4092
f 4092 4083 4084
f 4092 4084 4093
f 4093 4084 4085
f 4093 4085 4020
f 4093 4020 4094
f 4094 4020 4095
f 4095 4020 3927
f 4095 3927 3928
f 4096 4086 4097
f 4097 4086 4087
f 4097 4087 4098
f 4098 4087 4088
f 4098 4088 4099
f 4099 4088 4089
f 4099 4089 4100
f 4100 4089 4090
f 4100 4090 4101
f 4101 4090 4091
f 4101 4091 4102
f 4102 4091 4092
f 4102 4092 4093
f 4102 4093 4103
f 4103 4093 4094
f 4103 4094 4104
f 4104 4094 4095
f 4104 4095 3930
f 3930 4095 3928
f 3930 3928 3929
f 4105 4096 4106
f 4106 4096 4097
f 4106 4097 4107
f 4107 4097 4098
f 4107 4098 4108
f 4108 4098 4109
f 4109 4098 4099
f 4109 4099 4110
f 4110 4099 4100
f 4110 4100 4111
f 4111 4100 4101
f 4111 4101 4112
f 4112 4101 4102
f 4112 4102 4113
f 4113 4102 4103
f 4113 4103 4114
f 4114 4103 4115
f 4115 4103 4104
f 4115 4104 4116
f 4116 4104 3930
f 4116 3930 4009
f 4009 3930 3931
f 4117 4105 4118
f 4118 4105 4106
f 4118 4106 4119
f 4119 4106 4107
f 4119 4107 4120
f 4120 4107 4108
f 4120 4108 4121
f 4121 4108 4109
f 4121 4109 4122
f 4122 4109 4110
f 4122 4110 4123
f 4123 4110 4111
f 4123 4111 4124
f 4124 4111 4112
f 4124 4112 4125
f 4125 4112 4113
f 4125 4113 4126
f 4126 4113 4114
f 4126 4114 4127
f 4127 4114 4115
f 4127 4115 4128
f 4128 4115 4116
f 4128 4116 4129
f 4129 4116 4009
f 4129 4009 4021
f 4021 4009 3931
f 4021 3931 3932
f 4130 4117 4131
f 4131 4117 4118
f 4131 4118 4132
f 4132 4118 4119
f 4132 4119 4133
f 4133 4119 4120
f 4133 4120 4134
f 4134 4120 4121
f 4134 4121 4135
f 4135 4121 4122
f 4135 4122 4123
f 4135 4123 4136
f 4136 4123 4124
f 4136 4124 4137
f 4137 4124 4125
f 4137 4125 4138
f 4138 4125 4126
f 4138 4126 4139
f 4139 4126 4127
f 4139 4127 4140
f 4140 4127 4128
f 4140 4128 4129
f 4140 4129 4141
f 4141 4129 4021
f 4141 4021 3933
f 3933 4021 3932
f 3982 4130 4142
f 4142 4130 4131
f 4142 4131 4143
f 4143 4131 4132
f 4143 4132 4144
f 4144 4132 4133
f 4144 4133 4145
f 4145 4133 4134
f 4145 4134 4146
f 4146 4134 4135
f 4146 4135 4147
f 4147 4135 4136
f 4147 4136 4148
f 4148 4136 4137
f 4148 4137 4149
f 4149 4137 4138
f 4149 4138 4150
f 4150 4138 4139
f 4150 4139 4151
f 4151 4139 4152
f 4152 4139 4140
f 4152 4140 4153
f 4153 4140 4141
f 4153 4141 4154
f 4154 4141 3933
f 4154 3933 4155
f 4155 3933 3934
f 4155 3934 3935
f 4158 4157 4159
f 4159 4157 810
f 4159 810 800
f 813 812 4156
f 4156 812 811
f 4156 811 4157
f 4157 811 810
f 3999 813 4156
f 3999 4156 4160
f 4160 4156 4157
f 4160 4157 4161
f 4161 4157 4158
f 4161 4158 4162
f 3998 814 3999
f 3998 3999 4163
f 4163 3999 4160
f 4160 4161 4164
f 4164 4161 4162
f 4164 4162 4165
f 816 815 3998
f 3998 4163 4166
f 4166 4163 4160
f 4166 4160 4167
f 4167 4160 4164
f 4164 4165 4168
f 818 817 3997
f 3997 817 816
f 3997 816 4169
f 4169 816 3998
f 4169 3998 4170
f 4170 3998 4166
f 4170 4166 4171
f 4171 4166 4167
f 4167 4164 4172
f 4172 4164 4168
f 4172 4168 4173
f 820 819 3996
f 3996 819 3997
f 3997 4169 4174
f 4174 4169 4170
f 4174 4170 4175
f 4175 4170 4171
f 4175 4171 4176
f 4176 4171 4167
f 4176 4167 4177
f 4177 4167 4172
f 4177 4172 4178
f 4178 4172 4173
f 4178 4173 4179
f 822 821 3995
f 3995 821 3996
f 3995 3996 4180
f 4180 3996 3997
f 4180 3997 4181
f 4181 3997 4174
f 4181 4174 4182
f 4182 4174 4175
f 4182 4175 4183
f 4183 4175 4176
f 4183 4176 4184
f 4184 4176 4177
f 4184 4177 4185
f 4185 4177 4178
f 4178 4179 4186
f 824 823 3994
f 3994 823 3995
f 3994 3995 4187
f 4187 3995 4180
f 4180 4181 4188
f 4188 4181 4182
f 4188 4182 4189
f 4189 4182 4183
f 4189 4183 4190
f 4190 4183 4184
f 4190 4184 4191
f 4191 4184 4185
f 4185 4178 4192
f 4192 4178 4186
f 4192 4186 4193
f 826 825 3993
f 3993 825 3994
f 4187 4180 4194
f 4194 4180 4188
f 4194 4188 4195
f 4195 4188 4189
f 4195 4189 4196
f 4196 4189 4190
f 4196 4190 4197
f 4197 4190 4191
f 4191 4185 4198
f 4198 4185 4192
f 4198 4192 4199
f 4199 4192 4193
f 828 827 3992
f 3992 827 3993
f 3993 3994 4200
f 4200 3994 4187
f 4200 4187 4201
f 4201 4187 4194
f 4194 4195 4202
f 4202 4195 4196
f 4202 4196 4203
f 4203 4196 4197
f 4197 4191 4204
f 4204 4191 4198
f 4204 4198 4205
f 4205 4198 4199
f 4199 4193 4206
f 830 829 3991
f 3991 829 3992
f 3991 3992 4207
f 4207 3992 3993
f 4207 3993 4208
f 4208 3993 4200
f 4208 4200 4209
f 4209 4200 4201
f 4209 4201 4210
f 4210 4201 4194
f 4210 4194 4211
f 4211 4194 4202
f 4211 4202 4212
f 4212 4202 4203
f 4203 4197 4213
f 4213 4197 4204
f 4213 4204 4214
f 4214 4204 4205
f 4214 4205 4215
f 4215 4205 4199
f 4215 4199 4216
f 4216 4199 4206
f 4216 4206 4217
f 832 831 3990
f 3990 831 3991
f 3990 3991 4218
f 4218 3991 4207
f 4207 4208 4219
f 4219 4208 4209
f 4209 4210 4220
f 4220 4210 4211
f 4220 4211 4221
f 4221 4211 4212
f 4221 4212 4222
f 4222 4212 4203
f 4222 4203 4223
f 4223 4203 4213
f 4223 4213 4224
f 4224 4213 4214
f 4214 4215 4225
f 4225 4215 4216
f 4225 4216 4226
f 4226 4216 4217
f 834 833 3989
f 3989 833 3990
f 3989 3990 4227
f 4227 3990 4218
f 4218 4207 4228
f 4228 4207 4219
f 4219 4209 4229
f 4229 4209 4220
f 4229 4220 4230
f 4230 4220 4221
f 4221 4222 4231
f 4231 4222 4223
f 4231 4223 4232
f 4232 4223 4224
f 4224 4214 4233
f 4233 4214 4225
f 4233 4225 4234
f 4234 4225 4226
f 4234 4226 4235
f 4235 4226 4217
f 4235 4217 4236
f 836 835 3989
f 836 3989 4237
f 4237 3989 4227
f 4237 4227 4238
f 4238 4227 4218
f 4238 4218 4239
f 4239 4218 4228
f 4239 4228 4240
f 4240 4228 4219
f 4240 4219 4241
f 4241 4219 4229
f 4241 4229 4242
f 4242 4229 4230
f 4230 4221 4243
f 4243 4221 4231
f 4243 4231 4244
f 4244 4231 4232
f 4232 4224 4245
f 4245 4224 4233
f 4245 4233 4246
f 4246 4233 4234
f 4246 4234 4247
f 4247 4234 4235
f 4247 4235 4248
f 4248 4235 4236
f 4248 4236 4249
f 838 837 3988
f 3988 837 836
f 3988 836 4250
f 4250 836 4237
f 4237 4238 4251
f 4251 4238 4239
f 4239 4240 4252
f 4252 4240 4241
f 4252 4241 4253
f 4253 4241 4242
f 4242 4230 4254
f 4254 4230 4243
f 4254 4243 4255
f 4255 4243 4244
f 4244 4232 4256
f 4256 4232 4245
f 4256 4245 4257
f 4257 4245 4246
f 4257 4246 4258
f 4258 4246 4247
f 4258 4247 4259
f 4259 4247 4248
f 4259 4248 4260
f 4260 4248 4249
f 4260 4249 4261
f 840 839 3988
f 840 3988 4262
f 4262 3988 4250
f 4262 4250 4263
f 4263 4250 4237
f 4263 4237 4264
f 4264 4237 4251
f 4264 4251 4265
f 4265 4251 4239
f 4265 4239 4266
f 4266 4239 4252
f 4266 4252 4267
f 4267 4252 4253
f 4253 4242 4268
f 4268 4242 4254
f 4268 4254 4269
f 4269 4254 4255
f 4255 4244 4270
f 4270 4244 4256
f 4270 4256 4271
f 4271 4256 4257
f 4257 4258 4272
f 4272 4258 4259
f 4272 4259 4273
f 4273 4259 4260
f 4273 4260 4014
f 4014 4260 4261
f 4014 4261 4274
f 842 841 3987
f 3987 841 840
f 3987 840 4275
f 4275 840 4262
f 4262 4263 4276
f 4276 4263 4264
f 4264 4265 4277
f 4277 4265 4266
f 4277 4266 4278
f 4278 4266 4267
f 4278 4267 4279
f 4279 4267 4253
f 4279 4253 4280
f 4280 4253 4268
f 4280 4268 4281
f 4281 4268 4269
f 4281 4269 4282
f 4282 4269 4255
f 4282 4255 4283
f 4283 4255 4270
f 4283 4270 4284
f 4284 4270 4271
f 4284 4271 4285
f 4285 4271 4257
f 4285 4257 4286
f 4286 4257 4272
f 4272 4273 4287
f 4287 4273 4014
f 4014 4274 3896
f 3896 4274 3895
f 844 843 3986
f 3986 843 3987
f 3986 3987 4288
f 4288 3987 4275
f 4275 4262 4289
f 4289 4262 4276
f 4289 4276 4290
f 4290 4276 4264
f 4290 4264 4291
f 4291 4264 4277
f 4291 4277 4292
f 4292 4277 4278
f 4292 4278 4293
f 4293 4278 4279
f 4293 4279 4294
f 4294 4279 4280
f 4294 4280 4295
f 4295 4280 4281
f 4281 4282 4296
f 4296 4282 4283
f 4296 4283 4297
f 4297 4283 4284
f 4297 4284 4298
f 4298 4284 4285
f 4298 4285 4299
f 4299 4285 4286
f 4286 4272 4300
f 4300 4272 4287
f 4300 4287 4013
f 4013 4287 4014
f 4013 4014 3898
f 3898 4014 3897
f 846 845 3985
f 3985 845 3986
f 3986 4288 4301
f 4301 4288 4275
f 4301 4275 4302
f 4302 4275 4289
f 4289 4290 4303
f 4303 4290 4291
f 4303 4291 4304
f 4304 4291 4292
f 4292 4293 4305
f 4305 4293 4294
f 4305 4294 4306
f 4306 4294 4295
f 4306 4295 4307
f 4307 4295 4281
f 4307 4281 4308
f 4308 4281 4296
f 4308 4296 4309
f 4309 4296 4297
f 4309 4297 4310
f 4310 4297 4298
f 4310 4298 4311
f 4311 4298 4299
f 4299 4286 4015
f 4015 4286 4300
f 4015 4300 4312
f 4312 4300 4013
f 4312 4013 3900
f 3900 4013 3899
f 848 847 3985
f 848 3985 4313
f 4313 3985 3986
f 4313 3986 4314
f 4314 3986 4301
f 4314 4301 4315
f 4315 4301 4302
f 4302 4289 4316
f 4316 4289 4303
f 4316 4303 4317
f 4317 4303 4304
f 4304 4292 4318
f 4318 4292 4305
f 4318 4305 4319
f 4319 4305 4306
f 4306 4307 4320
f 4320 4307 4308
f 4320 4308 4321
f 4321 4308 4309
f 4321 4309 4322
f 4322 4309 4310
f 4322 4310 4323
f 4323 4310 4311
f 4311 4299 4324
f 4324 4299 4015
f 4015 4312 3901
f 3901 4312 3900
f 850 849 3984
f 3984 849 848
f 3984 848 4325
f 4325 848 4313
f 4325 4313 4326
f 4326 4313 4314
f 4326 4314 4327
f 4327 4314 4315
f 4327 4315 4328
f 4328 4315 4302
f 4328 4302 4329
f 4329 4302 4316
f 4329 4316 4330
f 4330 4316 4317
f 4317 4304 4331
f 4331 4304 4318
f 4331 4318 4332
f 4332 4318 4319
f 4319 4306 4333
f 4333 4306 4320
f 4333 4320 4334
f 4334 4320 4321
f 4334 4321 4335
f 4335 4321 4322
f 4335 4322 4336
f 4336 4322 4323
f 4336 4323 4337
f 4337 4323 4311
f 4337 4311 4012
f 4012 4311 4324
f 4012 4324 3905
f 3905 4324 4015
f 3905 4015 3903
f 3903 4015 3902
f 852 851 3983
f 3983 851 3984
f 3983 3984 4338
f 4338 3984 4325
f 4338 4325 4339
f 4339 4325 4326
f 4339 4326 4340
f 4340 4326 4327
f 4327 4328 4341
f 4341 4328 4329
f 4341 4329 4342
f 4342 4329 4330
f 4342 4330 4343
f 4343 4330 4317
f 4343 4317 4344
f 4344 4317 4331
f 4344 4331 4345
f 4345 4331 4332
f 4332 4319 4346
f 4346 4319 4333
f 4346 4333 4347
f 4347 4333 4334
f 4347 4334 4348
f 4348 4334 4335
f 4348 4335 4349
f 4349 4335 4336
f 4349 4336 4350
f 4350 4336 4337
f 4350 4337 4351
f 4351 4337 4012
f 4012 3906 4011
f 4012 4011 4351
f 4351 4011 4352
f 4351 4352 4350
f 4350 4352 4353
f 4350 4353 4349
f 4349 4353 4354
f 4349 4354 4348
f 4348 4354 4347
f 4347 4355 4346
f 4346 4355 4356
f 4346 4356 4332
f 4332 4356 4345
f 4345 4357 4344
f 4344 4357 4358
f 4344 4358 4343
f 4343 4358 4342
f 4342 4359 4341
f 4341 4359 4360
f 4341 4360 4327
f 4327 4360 4361
f 4327 4361 4340
f 4340 4361 4362
f 4340 4362 4339
f 4339 4362 4338
f 4338 4117 3983
f 3983 4117 854
f 3983 854 853
f 3907 3908 4011
f 4011 3908 3909
f 4011 3909 4352
f 4352 3909 4000
f 4352 4000 4353
f 4353 4000 4029
f 4353 4029 4354
f 4354 4029 4030
f 4354 4030 4347
f 4347 4030 4034
f 4347 4034 4355
f 4355 4034 4038
f 4355 4038 4356
f 4356 4038 4042
f 4356 4042 4345
f 4345 4042 4049
f 4345 4049 4357
f 4357 4049 4056
f 4357 4056 4358
f 4358 4056 4062
f 4358 4062 4342
f 4342 4062 4070
f 4342 4070 4359
f 4359 4070 4078
f 4359 4078 4360
f 4360 4078 4086
f 4360 4086 4361
f 4361 4086 4096
f 4361 4096 4362
f 4362 4096 4105
f 4362 4105 4338
f 4338 4105 4117
f 4117 4130 854
f 854 4130 3982
f 854 3982 855
f 855 3982 856
f 3935 4008 4155
f 4155 4008 4154
f 4154 4008 4363
f 4154 4363 4153
f 4153 4363 4364
f 4153 4364 4365
f 4153 4365 4152
f 4152 4365 4366
f 4152 4366 4151
f 4151 4366 4367
f 4151 4367 4150
f 4150 4367 4368
f 4150 4368 4149
f 4149 4368 4369
f 4149 4369 4148
f 4148 4369 4370
f 4148 4370 4147
f 4147 4370 4371
f 4147 4371 4146
f 4146 4371 4372
f 4146 4372 4145
f 4145 4372 4144
f 4144 4372 4373
f 4144 4373 4143
f 4143 4373 3981
f 4143 3981 4142
f 4142 3981 3982
f 3982 3981 858
f 3982 858 857
f 3937 4022 4008
f 4008 4022 4374
f 4008 4374 4375
f 4008 4375 4363
f 4363 4375 4376
f 4363 4376 4364
f 4364 4376 4377
f 4364 4377 4365
f 4365 4377 4366
f 4366 4377 4378
f 4366 4378 4367
f 4367 4378 4379
f 4367 4379 4368
f 4368 4379 4380
f 4368 4380 4369
f 4369 4380 4381
f 4369 4381 4370
f 4370 4381 4382
f 4370 4382 4383
f 4370 4383 4371
f 4371 4383 4384
f 4371 4384 4372
f 4372 4384 4385
f 4372 4385 4386
f 4372 4386 4373
f 4373 4386 4387
f 4373 4387 3981
f 3981 4387 3980
f 3981 3980 860
f 3981 860 859
f 4022 3940 4388
f 4022 4388 4374
f 4374 4388 4389
f 4374 4389 4375
f 4375 4389 4390
f 4375 4390 4376
f 4376 4390 4391
f 4376 4391 4377
f 4377 4391 4392
f 4377 4392 4393
f 4377 4393 4378
f 4378 4393 4394
f 4378 4394 4379
f 4379 4394 4395
f 4379 4395 4380
f 4380 4395 4396
f 4380 4396 4381
f 4381 4396 4382
f 4382 4396 4397
f 4382 4397 4383
f 4383 4397 4398
f 4383 4398 4384
f 4384 4398 4385
f 4385 4398 4399
f 4385 4399 4386
f 4386 4399 4387
f 4387 4399 862
f 4387 862 3980
f 3980 862 861
f 3940 4023 4400
f 3940 4400 4388
f 4388 4400 4401
f 4388 4401 4389
f 4389 4401 4402
f 4389 4402 4390
f 4390 4402 4403
f 4390 4403 4391
f 4391 4403 4392
f 4392 4403 4404
f 4392 4404 4393
f 4393 4404 4405
f 4393 4405 4394
f 4394 4405 4406
f 4394 4406 4395
f 4395 4406 4407
f 4395 4407 4396
f 4396 4407 4408
f 4396 4408 4409
f 4396 4409 4397
f 4397 4409 4410
f 4397 4410 4398
f 4398 4410 4411
f 4398 4411 4399
f 4399 4411 3979
f 4399 3979 862
f 862 3979 864
f 862 864 863
f 3942 3943 4023
f 4023 3943 4412
f 4023 4412 4400
f 4400 4412 4413
f 4400 4413 4401
f 4401 4413 4414
f 4401 4414 4402
f 4402 4414 4415
f 4402 4415 4403
f 4403 4415 4416
f 4403 4416 4417
f 4403 4417 4404
f 4404 4417 4418
f 4404 4418 4405
f 4405 4418 4419
f 4405 4419 4420
f 4405 4420 4406
f 4406 4420 4421
f 4406 4421 4407
f 4407 4421 4408
f 4408 4421 4422
f 4408 4422 4409
f 4409 4422 4423
f 4409 4423 4410
f 4410 4423 4424
f 4410 4424 4425
f 4410 4425 4411
f 4411 4425 4426
f 4411 4426 866
f 4411 866 3979
f 3979 866 865
f 3944 4007 3943
f 3943 4007 4427
f 3943 4427 4412
f 4412 4427 4428
f 4412 4428 4413
f 4413 4428 4429
f 4413 4429 4414
f 4414 4429 4430
f 4414 4430 4415
f 4415 4430 4431
f 4415 4431 4416
f 4416 4431 4432
f 4416 4432 4417
f 4417 4432 4433
f 4417 4433 4418
f 4418 4433 4419
f 4419 4433 4434
f 4419 4434 4420
f 4420 4434 4435
f 4420 4435 4421
f 4421 4435 4436
f 4421 4436 4422
f 4422 4436 4437
f 4422 4437 4423
f 4423 4437 4424
f 4424 4437 4438
f 4424 4438 4425
f 4425 4438 4426
f 4426 4438 3978
f 4426 3978 866
f 866 3978 868
f 866 868 867
f 3945 4006 4007
f 4007 4006 4439
f 4007 4439 4427
f 4427 4439 4440
f 4427 4440 4428
f 4428 4440 4429
f 4429 4440 4441
f 4429 4441 4430
f 4430 4441 4442
f 4430 4442 4431
f 4431 4442 4443
f 4431 4443 4432
f 4432 4443 4444
f 4432 4444 4433
f 4433 4444 4445
f 4433 4445 4434
f 4434 4445 4446
f 4434 4446 4435
f 4435 4446 4447
f 4435 4447 4436
f 4436 4447 4448
f 4436 4448 4437
f 4437 4448 4449
f 4437 4449 4450
f 4437 4450 4438
f 4438 4450 4451
f 4438 4451 3977
f 4438 3977 3978
f 3978 3977 870
f 3978 870 869
f 3947 4005 4006
f 4006 4005 4452
f 4006 4452 4439
f 4439 4452 4453
f 4439 4453 4440
f 4440 4453 4454
f 4440 4454 4455
f 4440 4455 4441
f 4441 4455 4456
f 4441 4456 4442
f 4442 4456 4457
f 4442 4457 4443
f 4443 4457 4458
f 4443 4458 4444
f 4444 4458 4459
f 4444 4459 4445
f 4445 4459 4460
f 4445 4460 4446
f 4446 4460 4461
f 4446 4461 4462
f 4446 4462 4447
f 4447 4462 4463
f 4447 4463 4448
f 4448 4463 4449
f 4449 4463 4464
f 4449 4464 4450
f 4450 4464 4451
f 4451 4464 3976
f 4451 3976 3977
f 3977 3976 872
f 3977 872 871
f 3948 4024 4005
f 4005 4024 4465
f 4005 4465 4452
f 4452 4465 4466
f 4452 4466 4453
f 4453 4466 4467
f 4453 4467 4454
f 4454 4467 4468
f 4454 4468 4455
f 4455 4468 4456
f 4456 4468 4469
f 4456 4469 4457
f 4457 4469 4470
f 4457 4470 4458
f 4458 4470 4471
f 4458 4471 4459
f 4459 4471 4472
f 4459 4472 4460
f 4460 4472 4473
f 4460 4473 4461
f 4461 4473 4474
f 4461 4474 4462
f 4462 4474 4475
f 4462 4475 4463
f 4463 4475 4476
f 4463 4476 4477
f 4463 4477 4464
f 4464 4477 3975
f 4464 3975 3976
f 3976 3975 874
f 3976 874 873
f 3949 4025 4024
f 4024 4025 4465
f 4465 4025 4478
f 4465 4478 4466
f 4466 4478 4479
f 4466 4479 4467
f 4467 4479 4480
f 4467 4480 4468
f 4468 4480 4481
f 4468 4481 4482
f 4468 4482 4469
f 4469 4482 4483
f 4469 4483 4470
f 4470 4483 4484
f 4470 4484 4485
f 4470 4485 4471
f 4471 4485 4486
f 4471 4486 4472
f 4472 4486 4473
f 4473 4486 4487
f 4473 4487 4474
f 4474 4487 4488
f 4474 4488 4475
f 4475 4488 4476
f 4476 4488 4489
f 4476 4489 4477
f 4477 4489 3974
f 4477 3974 3975
f 3975 3974 876
f 3975 876 875
f 3951 4026 4025
f 4025 4026 4490
f 4025 4490 4478
f 4478 4490 4491
f 4478 4491 4479
f 4479 4491 4492
f 4479 4492 4480
f 4480 4492 4493
f 4480 4493 4481
f 4481 4493 4494
f 4481 4494 4482
f 4482 4494 4495
f 4482 4495 4483
f 4483 4495 4484
f 4484 4495 4496
f 4484 4496 4485
f 4485 4496 4497
f 4485 4497 4486
f 4486 4497 4498
f 4486 4498 4487
f 4487 4498 4499
f 4487 4499 4488
f 4488 4499 4500
f 4488 4500 4489
f 4489 4500 3973
f 4489 3973 3974
f 3974 3973 878
f 3974 878 877
f 3953 3954 4026
f 4026 3954 4501
f 4026 4501 4502
f 4026 4502 4490
f 4490 4502 4503
f 4490 4503 4491
f 4491 4503 4504
f 4491 4504 4492
f 4492 4504 4505
f 4492 4505 4493
f 4493 4505 4506
f 4493 4506 4494
f 4494 4506 4507
f 4494 4507 4495
f 4495 4507 4508
f 4495 4508 4509
f 4495 4509 4496
f 4496 4509 4510
f 4496 4510 4497
f 4497 4510 4511
f 4497 4511 4498
f 4498 4511 4512
f 4498 4512 4499
f 4499 4512 4513
f 4499 4513 4514
f 4499 4514 4500
f 4500 4514 3973
f 3973 4514 3972
f 3973 3972 880
f 3973 880 879
f 3954 4027 4515
f 3954 4515 4501
f 4501 4515 4516
f 4501 4516 4502
f 4502 4516 4517
f 4502 4517 4503
f 4503 4517 4518
f 4503 4518 4504
f 4504 4518 4519
f 4504 4519 4505
f 4505 4519 4520
f 4505 4520 4506
f 4506 4520 4521
f 4506 4521 4507
f 4507 4521 4508
f 4508 4521 4522
f 4508 4522 4509
f 4509 4522 4523
f 4509 4523 4510
f 4510 4523 4524
f 4510 4524 4511
f 4511 4524 4525
f 4511 4525 4512
f 4512 4525 4513
f 4513 4525 4526
f 4513 4526 4514
f 4514 4526 3971
f 4514 3971 3972
f 3972 3971 882
f 3972 882 881
f 3957 4004 4027
f 4027 4004 4515
f 4515 4004 4527
f 4515 4527 4516
f 4516 4527 4517
f 4517 4527 4528
f 4517 4528 4518
f 4518 4528 4529
f 4518 4529 4519
f 4519 4529 4530
f 4519 4530 4520
f 4520 4530 4531
f 4520 4531 4521
f 4521 4531 4532
f 4521 4532 4522
f 4522 4532 4533
f 4522 4533 4523
f 4523 4533 4534
f 4523 4534 4535
f 4523 4535 4524
f 4524 4535 4536
f 4524 4536 4525
f 4525 4536 4537
f 4525 4537 4538
f 4525 4538 4526
f 4526 4538 3970
f 4526 3970 3971
f 3971 3970 884
f 3971 884 883
f 3957 3958 4004
f 4004 3958 4539
f 4004 4539 4540
f 4004 4540 4527
f 4527 4540 4541
f 4527 4541 4528
f 4528 4541 4542
f 4528 4542 4529
f 4529 4542 4543
f 4529 4543 4530
f 4530 4543 4544
f 4530 4544 4531
f 4531 4544 4545
f 4531 4545 4532
f 4532 4545 4546
f 4532 4546 4533
f 4533 4546 4534
f 4534 4546 4547
f 4534 4547 4535
f 4535 4547 4548
f 4535 4548 4536
f 4536 4548 4549
f 4536 4549 4537
f 4537 4549 4550
f 4537 4550 4538
f 4538 4550 4551
f 4538 4551 3970
f 3970 4551 886
f 3970 886 885
f 3959 4028 3958
f 3958 4028 4539
f 4539 4028 4552
f 4539 4552 4540
f 4540 4552 4553
f 4540 4553 4541
f 4541 4553 4542
f 4542 4553 4554
f 4542 4554 4543
f 4543 4554 4555
f 4543 4555 4544
f 4544 4555 4556
f 4544 4556 4545
f 4545 4556 4557
f 4545 4557 4546
f 4546 4557 4558
f 4546 4558 4547
f 4547 4558 4559
f 4547 4559 4548
f 4548 4559 4560
f 4548 4560 4549
f 4549 4560 4561
f 4549 4561 4550
f 4550 4561 3969
f 4550 3969 4551
f 4551 3969 886
f 886 3969 888
f 886 888 887
f 3961 4003 4028
f 4028 4003 4562
f 4028 4562 4563
f 4028 4563 4552
f 4552 4563 4564
f 4552 4564 4553
f 4553 4564 4565
f 4553 4565 4566
f 4553 4566 4554
f 4554 4566 4567
f 4554 4567 4555
f 4555 4567 4568
f 4555 4568 4556
f 4556 4568 4569
f 4556 4569 4557
f 4557 4569 4570
f 4557 4570 4558
f 4558 4570 4571
f 4558 4571 4559
f 4559 4571 4572
f 4559 4572 4560
f 4560 4572 4573
f 4560 4573 4561
f 4561 4573 4574
f 4561 4574 3969
f 3969 4574 3968
f 3969 3968 889
f 3969 889 888
f 3962 4002 4003
f 4003 4002 4575
f 4003 4575 4562
f 4562 4575 4576
f 4562 4576 4563
f 4563 4576 4577
f 4563 4577 4578
f 4563 4578 4564
f 4564 4578 4579
f 4564 4579 4565
f 4565 4579 4580
f 4565 4580 4566
f 4566 4580 4581
f 4566 4581 4567
f 4567 4581 4582
f 4567 4582 4583
f 4567 4583 4568
f 4568 4583 4584
f 4568 4584 4569
f 4569 4584 4585
f 4569 4585 4570
f 4570 4585 4586
f 4570 4586 4571
f 4571 4586 4572
f 4572 4586 4587
f 4572 4587 4573
f 4573 4587 4574
f 4574 4587 3967
f 4574 3967 3968
f 3968 3967 890
f 3968 890 889
f 3964 4001 4002
f 4002 4001 4575
f 4575 4001 4588
f 4575 4588 4576
f 4576 4588 4589
f 4576 4589 4577
f 4577 4589 4590
f 4577 4590 4578
f 4578 4590 4591
f 4578 4591 4579
f 4579 4591 4592
f 4579 4592 4580
f 4580 4592 4593
f 4580 4593 4581
f 4581 4593 4582
f 4582 4593 4594
f 4582 4594 4583
f 4583 4594 4595
f 4583 4595 4584
f 4584 4595 4596
f 4584 4596 4585
f 4585 4596 4597
f 4585 4597 4586
f 4586 4597 4598
f 4586 4598 4587
f 4587 4598 3966
f 4587 3966 3967
f 3967 3966 892
f 3967 892 891
f 3895 4274 4001
f 4001 4274 4261
f 4001 4261 4249
f 4001 4249 4588
f 4588 4249 4236
f 4588 4236 4589
f 4589 4236 4217
f 4589 4217 4590
f 4590 4217 4591
f 4591 4217 4206
f 4591 4206 4592
f 4592 4206 4193
f 4592 4193 4593
f 4593 4193 4186
f 4593 4186 4594
f 4594 4186 4179
f 4594 4179 4595
f 4595 4179 4173
f 4595 4173 4168
f 4595 4168 4596
f 4596 4168 4165
f 4596 4165 4597
f 4597 4165 4162
f 4597 4162 4158
f 4597 4158 4598
f 4598 4158 3966
f 3966 4158 4159
f 3966 4159 800
f 3966 800 892
f 4599 4600 4601
f 4602 4599 4601
f 4603 4602 4601
f 4604 4603 4601
f 4605 4604 4601
f 4606 4605 4601
f 4607 4606 4601
f 4608 4607 4601
f 4609 4608 4601
f 4610 4609 4601
f 4611 4610 4601
f 4612 4611 4601
f 4613 4612 4601
f 4614 4613 4601
f 4615 4614 4601
f 4600 4615 4601
f 4616 328 4617
f 4617 328 327
f 327 242 4617
f 4617 242 247
f 4617 247 4618
f 247 246 4618
f 4618 246 4619
f 4619 246 249
f 4619 249 4620
f 249 15 4620
f 4620 15 14
f 4620 14 4621
f 14 250 4621
f 4621 250 253
f 4621 253 4622
f 253 252 4622
f 4622 252 4623
f 252 255 4623
f 4623 255 4624
f 255 12 4624
f 4624 12 11
f 4624 11 4625
f 4625 11 258
f 4625 258 261
f 4625 261 4626
f 261 260 4626
f 4626 260 264
f 4626 264 4627
f 264 266 4627
f 4627 266 4628
f 266 267 4628
f 4628 267 4629
f 4629 267 268
f 4629 268 271
f 4629 271 4630
f 271 275 4630
f 4630 275 273
f 4630 273 4631
f 273 272 4631
f 4631 272 4632
f 272 9 4632
f 4632 9 4633
f 9 278 4633
f 4633 278 282
f 4633 282 4634
f 4634 282 280
f 280 279 4634
f 4634 279 284
f 4634 284 4635
f 284 286 4635
f 4635 286 4636
f 286 287 4636
f 4636 287 4637
f 287 289 4637
f 4637 289 288
f 4637 288 4638
f 4638 288 292
f 292 294 4638
f 4638 294 4639
f 294 293 4639
f 4639 293 4640
f 293 7 4640
f 4640 7 4641
f 7 298 4641
f 4641 298 302
f 4641 302 4642
f 4642 302 300
f 300 299 4642
f 4642 299 4643
f 299 303 4643
f 4643 303 306
f 4643 306 4644
f 306 307 4644
f 4644 307 4645
f 307 309 4645
f 4645 309 4646
f 4646 309 311
f 311 314 4646
f 4646 314 313
f 4646 313 4647
f 4647 313 316
f 4647 316 4648
f 4648 316 317
f 4648 317 4649
f 317 318 4649
f 4649 318 4650
f 4650 318 323
f 323 322 4650
f 4650 322 326
f 4650 326 4651
f 326 325 4651
f 4651 325 4652
f 4652 325 331
f 4652 331 4616
f 4616 331 328
f 4651 4653 4650
f 4650 4653 4654
f 4650 4654 4649
f 4649 4654 4655
f 4649 4655 4648
f 4648 4655 4656
f 4648 4656 4647
f 4647 4656 4657
f 4647 4657 4646
f 4646 4657 4658
f 4646 4658 4645
f 4645 4658 4659
f 4645 4659 4644
f 4644 4659 4660
f 4644 4660 4643
f 4643 4660 4661
f 4643 4661 4642
f 4642 4661 4662
f 4642 4662 4641
f 4641 4662 4663
f 4641 4663 4640
f 4640 4663 4664
f 4640 4664 4639
f 4639 4664 4665
f 4639 4665 4638
f 4638 4665 4666
f 4638 4666 4637
f 4637 4666 4667
f 4637 4667 4636
f 4636 4667 4668
f 4636 4668 4635
f 4635 4668 4669
f 4635 4669 4634
f 4634 4669 4670
f 4634 4670 4633
f 4633 4670 4671
f 4633 4671 4632
f 4632 4671 4672
f 4632 4672 4631
f 4631 4672 4673
f 4631 4673 4630
f 4630 4673 4674
f 4630 4674 4629
f 4629 4674 4675
f 4629 4675 4628
f 4628 4675 4676
f 4628 4676 4627
f 4627 4676 4677
f 4627 4677 4626
f 4626 4677 4678
f 4626 4678 4625
f 4625 4678 4679
f 4625 4679 4624
f 4624 4679 4680
f 4624 4680 4623
f 4623 4680 4681
f 4623 4681 4622
f 4622 4681 4682
f 4622 4682 4621
f 4621 4682 4683
f 4621 4683 4620
f 4620 4683 4684
f 4620 4684 4619
f 4619 4684 4685
f 4619 4685 4618
f 4618 4685 4686
f 4618 4686 4617
f 4617 4686 4687
f 4617 4687 4616
f 4616 4687 4688
f 4616 4688 4652
f 4652 4688 4689
f 4652 4689 4651
f 4651 4689 4653
f 4653 4690 4654
f 4654 4690 4691
f 4654 4691 4655
f 4655 4691 4692
f 4655 4692 4656
f 4656 4692 4693
f 4656 4693 4657
f 4657 4693 4694
f 4657 4694 4658
f 4658 4694 4695
f 4658 4695 4659
f 4659 4695 4696
f 4659 4696 4660
f 4660 4696 4697
f 4660 4697 4661
f 4661 4697 4698
f 4661 4698 4662
f 4662 4698 4699
f 4662 4699 4663
f 4663 4699 4700
f 4663 4700 4664
f 4664 4700 4701
f 4664 4701 4665
f 4665 4701 4702
f 4665 4702 4666
f 4666 4702 4703
f 4666 4703 4667
f 4667 4703 4704
f 4667 4704 4668
f 4668 4704 4705
f 4668 4705 4669
f 4669 4705 4706
f 4669 4706 4670
f 4670 4706 4707
f 4670 4707 4671
f 4671 4707 4708
f 4671 4708 4672
f 4672 4708 4709
f 4672 4709 4673
f 4673 4709 4710
f 4673 4710 4674
f 4674 4710 4711
f 4674 4711 4675
f 4675 4711 4712
f 4675 4712 4676
f 4676 4712 4713
f 4676 4713 4677
f 4677 4713 4714
f 4677 4714 4678
f 4678 4714 4715
f 4678 4715 4679
f 4679 4715 4716
f 4679 4716 4680
f 4680 4716 4717
f 4680 4717 4681
f 4681 4717 4718
f 4681 4718 4682
f 4682 4718 4719
f 4682 4719 4683
f 4683 4719 4720
f 4683 4720 4684
f 4684 4720 4721
f 4684 4721 4685
f 4685 4721 4722
f 4685 4722 4686
f 4686 4722 4723
f 4686 4723 4687
f 4687 4723 4724
f 4687 4724 4688
f 4688 4724 4725
f 4688 4725 4689
f 4689 4725 4726
f 4689 4726 4653
f 4653 4726 4690
f 4690 4727 4691
f 4691 4727 4728
f 4691 4728 4692
f 4692 4728 4729
f 4692 4729 4693
f 4693 4729 4730
f 4693 4730 4694
f 4694 4730 4731
f 4694 4731 4695
f 4695 4731 4732
f 4695 4732 4696
f 4696 4732 4733
f 4696 4733 4697
f 4697 4733 4734
f 4697 4734 4698
f 4698 4734 4735
f 4698 4735 4699
f 4699 4735 4736
f 4699 4736 4700
f 4700 4736 4737
f 4700 4737 4701
f 4701 4737 4738
f 4701 4738 4702
f 4702 4738 4739
f 4702 4739 4703
f 4703 4739 4740
f 4703 4740 4704
f 4704 4740 4741
f 4704 4741 4705
f 4705 4741 4742
f 4705 4742 4706
f 4706 4742 4743
f 4706 4743 4707
f 4707 4743 4744
f 4707 4744 4708
f 4708 4744 4745
f 4708 4745 4709
f 4709 4745 4746
f 4709 4746 4710
f 4710 4746 4747
f 4710 4747 4711
f 4711 4747 4748
f 4711 4748 4712
f 4712 4748 4749
f 4712 4749 4713
f 4713 4749 4750
f 4713 4750 4714
f 4714 4750 4751
f 4714 4751 4715
f 4715 4751 4752
f 4715 4752 4716
f 4716 4752 4753
f 4716 4753 4717
f 4717 4753 4754
f 4717 4754 4718
f 4718 4754 4755
f 4718 4755 4719
f 4719 4755 4756
f 4719 4756 4720
f 4720 4756 4757
f 4720 4757 4721
f 4721 4757 4758
f 4721 4758 4722
f 4722 4758 4759
f 4722 4759 4723
f 4723 4759 4760
f 4723 4760 4724
f 4724 4760 4761
f 4724 4761 4725
f 4725 4761 4762
f 4725 4762 4726
f 4726 4762 4763
f 4726 4763 4690
f 4690 4763 4727
f 4727 4764 4728
f 4728 4764 4765
f 4728 4765 4729
f 4729 4765 4766
f 4729 4766 4730
f 4730 4766 4767
f 4730 4767 4731
f 4731 4767 4768
f 4731 4768 4732
f 4732 4768 4769
f 4732 4769 4733
f 4733 4769 4770
f 4733 4770 4734
f 4734 4770 4771
f 4734 4771 4735
f 4735 4771 4772
f 4735 4772 4736
f 4736 4772 4773
f 4736 4773 4737
f 4737 4773 4774
f 4737 4774 4738
f 4738 4774 4775
f 4738 4775 4739
f 4739 4775 4776
f 4739 4776 4740
f 4740 4776 4777
f 4740 4777 4741
f 4741 4777 4778
f 4741 4778 4742
f 4742 4778 4779
f 4742 4779 4743
f 4743 4779 4780
f 4743 4780 4744
f 4744 4780 4781
f 4744 4781 4745
f 4745 4781 4782
f 4745 4782 4746
f 4746 4782 4783
f 4746 4783 4747
f 4747 4783 4784
f 4747 4784 4748
f 4748 4784 4785
f 4748 4785 4749
f 4749 4785 4786
f 4749 4786 4750
f 4750 4786 4787
f 4750 4787 4751
f 4751 4787 4788
f 4751 4788 4752
f 4752 4788 4789
f 4752 4789 4753
f 4753 4789 4790
f 4753 4790 4754
f 4754 4790 4791
f 4754 4791 4755
f 4755 4791 4792
f 4755 4792 4756
f 4756 4792 4793
f 4756 4793 4757
f 4757 4793 4794
f 4757 4794 4758
f 4758 4794 4795
f 4758 4795 4759
f 4759 4795 4796
f 4759 4796 4760
f 4760 4796 4797
f 4760 4797 4761
f 4761 4797 4798
f 4761 4798 4762
f 4762 4798 4799
f 4762 4799 4763
f 4763 4799 4800
f 4763 4800 4727
f 4727 4800 4764
f 4764 4801 4765
f 4765 4801 4802
f 4765 4802 4766
f 4766 4802 4803
f 4766 4803 4767
f 4767 4803 4804
f 4767 4804 4768
f 4768 4804 4805
f 4768 4805 4769
f 4769 4805 4806
f 4769 4806 4770
f 4770 4806 4807
f 4770 4807 4771
f 4771 4807 4808
f 4771 4808 4772
f 4772 4808 4809
f 4772 4809 4773
f 4773 4809 4810
f 4773 4810 4774
f 4774 4810 4811
f 4774 4811 4775
f 4775 4811 4812
f 4775 4812 4776
f 4776 4812 4813
f 4776 4813 4777
f 4777 4813 4814
f 4777 4814 4778
f 4778 4814 4815
f 4778 4815 4779
f 4779 4815 4816
f 4779 4816 4780
f 4780 4816 4817
f 4780 4817 4781
f 4781 4817 4818
f 4781 4818 4782
f 4782 4818 4819
f 4782 4819 4783
f 4783 4819 4820
f 4783 4820 4784
f 4784 4820 4821
f 4784 4821 4785
f 4785 4821 4822
f 4785 4822 4786
f 4786 4822 4823
f 4786 4823 4787
f 4787 4823 4824
f 4787 4824 4788
f 4788 4824 4825
f 4788 4825 4789
f 4789 4825 4826
f 4789 4826 4790
f 4790 4826 4827
f 4790 4827 4791
f 4791 4827 4828
f 4791 4828 4792
f 4792 4828 4829
f 4792 4829 4793
f 4793 4829 4830
f 4793 4830 4794
f 4794 4830 4831
f 4794 4831 4795
f 4795 4831 4832
f 4795 4832 4796
f 4796 4832 4833
f 4796 4833 4797
f 4797 4833 4834
f 4797 4834 4798
f 4798 4834 4835
f 4798 4835 4799
f 4799 4835 4836
f 4799 4836 4800
f 4800 4836 4837
f 4800 4837 4764
f 4764 4837 4801
f 4801 4838 4802
f 4802 4838 4839
f 4802 4839 4803
f 4803 4839 4840
f 4803 4840 4804
f 4804 4840 4841
f 4804 4841 4805
f 4805 4841 4842
f 4805 4842 4806
f 4806 4842 4843
f 4806 4843 4807
f 4807 4843 4844
f 4807 4844 4808
f 4808 4844 4845
f 4808 4845 4809
f 4809 4845 4846
f 4809 4846 4810
f 4810 4846 4847
f 4810 4847 4811
f 4811 4847 4848
f 4811 4848 4812
f 4812 4848 4849
f 4812 4849 4813
f 4813 4849 4850
f 4813 4850 4814
f 4814 4850 4851
f 4814 4851 4815
f 4815 4851 4852
f 4815 4852 4816
f 4816 4852 4853
f 4816 4853 4817
f 4817 4853 4854
f 4817 4854 4818
f 4818 4854 4855
f 4818 4855 4819
f 4819 4855 4856
f 4819 4856 4820
f 4820 4856 4857
f 4820 4857 4821
f 4821 4857 4858
f 4821 4858 4822
f 4822 4858 4859
f 4822 4859 4823
f 4823 4859 4860
f 4823 4860 4824
f 4824 4860 4861
f 4824 4861 4825
f 4825 4861 4862
f 4825 4862 4826
f 4826 4862 4863
f 4826 4863 4827
f 4827 4863 4864
f 4827 4864 4828
f 4828 4864 4865
f 4828 4865 4829
f 4829 4865 4866
f 4829 4866 4830
f 4830 4866 4867
f 4830 4867 4831
f 4831 4867 4868
f 4831 4868 4832
f 4832 4868 4869
f 4832 4869 4833
f 4833 4869 4870
f 4833 4870 4834
f 4834 4870 4871
f 4834 4871 4835
f 4835 4871 4872
f 4835 4872 4836
f 4836 4872 4873
f 4836 4873 4837
f 4837 4873 4874
f 4837 4874 4801
f 4801 4874 4838
f 4838 4875 4839
f 4839 4875 4876
f 4839 4876 4840
f 4840 4876 4877
f 4840 4877 4841
f 4841 4877 4878
f 4841 4878 4842
f 4842 4878 4879
f 4842 4879 4843
f 4843 4879 4880
f 4843 4880 4844
f 4844 4880 4881
f 4844 4881 4845
f 4845 4881 4882
f 4845 4882 4846
f 4846 4882 4883
f 4846 4883 4847
f 4847 4883 4884
f 4847 4884 4848
f 4848 4884 4885
f 4848 4885 4849
f 4849 4885 4886
f 4849 4886 4850
f 4850 4886 4887
f 4850 4887 4851
f 4851 4887 4888
f 4851 4888 4852
f 4852 4888 4889
f 4852 4889 4853
f 4853 4889 4890
f 4853 4890 4854
f 4854 4890 4891
f 4854 4891 4855
f 4855 4891 4892
f 4855 4892 4856
f 4856 4892 4893
f 4856 4893 4857
f 4857 4893 4894
f 4857 4894 4858
f 4858 4894 4895
f 4858 4895 4859
f 4859 4895 4896
f 4859 4896 4860
f 4860 4896 4897
f 4860 4897 4861
f 4861 4897 4898
f 4861 4898 4862
f 4862 4898 4899
f 4862 4899 4863
f 4863 4899 4900
f 4863 4900 4864
f 4864 4900 4901
f 4864 4901 4865
f 4865 4901 4902
f 4865 4902 4866
f 4866 4902 4903
f 4866 4903 4867
f 4867 4903 4904
f 4867 4904 4868
f 4868 4904 4905
f 4868 4905 4869
f 4869 4905 4906
f 4869 4906 4870
f 4870 4906 4907
f 4870 4907 4871
f 4871 4907 4908
f 4871 4908 4872
f 4872 4908 4909
f 4872 4909 4873
f 4873 4909 4910
f 4873 4910 4874
f 4874 4910 4911
f 4874 4911 4838
f 4838 4911 4875
f 4875 4912 4876
f 4876 4912 4913
f 4876 4913 4877
f 4877 4913 4914
f 4877 4914 4878
f 4878 4914 4915
f 4878 4915 4879
f 4879 4915 4916
f 4879 4916 4880
f 4880 4916 4917
f 4880 4917 4881
f 4881 4917 4918
f 4881 4918 4882
f 4882 4918 4919
f 4882 4919 4883
f 4883 4919 4920
f 4883 4920 4884
f 4884 4920 4921
f 4884 4921 4885
f 4885 4921 4922
f 4885 4922 4886
f 4886 4922 4923
f 4886 4923 4887
f 4887 4923 4924
f 4887 4924 4888
f 4888 4924 4925
f 4888 4925 4889
f 4889 4925 4926
f 4889 4926 4890
f 4890 4926 4927
f 4890 4927 4891
f 4891 4927 4928
f 4891 4928 4892
f 4892 4928 4929
f 4892 4929 4893
f 4893 4929 4930
f 4893 4930 4894
f 4894 4930 4931
f 4894 4931 4895
f 4895 4931 4932
f 4895 4932 4896
f 4896 4932 4933
f 4896 4933 4897
f 4897 4933 4934
f 4897 4934 4898
f 4898 4934 4935
f 4898 4935 4899
f 4899 4935 4936
f 4899 4936 4900
f 4900 4936 4937
f 4900 4937 4901
f 4901 4937 4938
f 4901 4938 4902
f 4902 4938 4939
f 4902 4939 4903
f 4903 4939 4940
f 4903 4940 4904
f 4904 4940 4941
f 4904 4941 4905
f 4905 4941 4942
f 4905 4942 4906
f 4906 4942 4943
f 4906 4943 4907
f 4907 4943 4944
f 4907 4944 4908
f 4908 4944 4945
f 4908 4945 4909
f 4909 4945 4946
f 4909 4946 4910
f 4910 4946 4947
f 4910 4947 4911
f 4911 4947 4948
f 4911 4948 4875
f 4875 4948 4912
f 4912 4949 4913
f 4913 4949 4950
f 4913 4950 4914
f 4914 4950 4951
f 4914 4951 4915
f 4915 4951 4952
f 4915 4952 4916
f 4916 4952 4953
f 4916 4953 4917
f 4917 4953 4954
f 4917 4954 4918
f 4918 4954 4955
f 4918 4955 4919
f 4919 4955 4956
f 4919 4956 4920
f 4920 4956 4957
f 4920 4957 4921
f 4921 4957 4958
f 4921 4958 4922
f 4922 4958 4959
f 4922 4959 4923
f 4923 4959 4960
f 4923 4960 4924
f 4924 4960 4961
f 4924 4961 4925
f 4925 4961 4962
f 4925 4962 4926
f 4926 4962 4963
f 4926 4963 4927
f 4927 4963 4964
f 4927 4964 4928
f 4928 4964 4965
f 4928 4965 4929
f 4929 4965 4966
f 4929 4966 4930
f 4930 4966 4967
f 4930 4967 4931
f 4931 4967 4968
f 4931 4968 4932
f 4932 4968 4969
f 4932 4969 4933
f 4933 4969 4970
f 4933 4970 4934
f 4934 4970 4971
f 4934 4971 4935
f 4935 4971 4972
f 4935 4972 4936
f 4936 4972 4973
f 4936 4973 4937
f 4937 4973 4974
f 4937 4974 4938
f 4938 4974 4975
f 4938 4975 4939
f 4939 4975 4976
f 4939 4976 4940
f 4940 4976 4977
f 4940 4977 4941
f 4941 4977 4978
f 4941 4978 4942
f 4942 4978 4979
f 4942 4979 4943
f 4943 4979 4980
f 4943 4980 4944
f 4944 4980 4981
f 4944 4981 4945
f 4945 4981 4982
f 4945 4982 4946
f 4946 4982 4983
f 4946 4983 4947
f 4947 4983 4984
f 4947 4984 4948
f 4948 4984 4985
f 4948 4985 4912
f 4912 4985 4949
f 4949 4986 4950
f 4950 4986 4987
f 4950 4987 4951
f 4951 4987 4952
f 4952 4987 4988
f 4952 4988 4953
f 4953 4988 4989
f 4953 4989 4954
f 4954 4989 4990
f 4954 4990 4955
f 4955 4990 4956
f 4956 4990 4991
f 4956 4991 4957
f 4957 4991 4992
f 4957 4992 4958
f 4958 4992 4993
f 4958 4993 4959
f 4959 4993 4960
f 4960 4993 4994
f 4960 4994 4961
f 4961 4994 4995
f 4961 4995 4962
f 4962 4995 4996
f 4962 4996 4963
f 4963 4996 4997
f 4963 4997 4964
f 4964 4997 4998
f 4964 4998 4965
f 4965 4998 4999
f 4965 4999 4966
f 4966 4999 5000
f 4966 5000 4967
f 4967 5000 4968
f 4968 5000 5001
f 4968 5001 4969
f 4969 5001 5002
f 4969 5002 4970
f 4970 5002 5003
f 4970 5003 4971
f 4971 5003 5004
f 4971 5004 4972
f 4972 5004 5005
f 4972 5005 4973
f 4973 5005 5006
f 4973 5006 4974
f 4974 5006 5007
f 4974 5007 4975
f 4975 5007 4976
f 4976 5007 5008
f 4976 5008 4977
f 4977 5008 5009
f 4977 5009 4978
f 4978 5009 5010
f 4978 5010 4979
f 4979 5010 4980
f 4980 5010 5011
f 4980 5011 4981
f 4981 5011 5012
f 4981 5012 4982
f 4982 5012 5013
f 4982 5013 4983
f 4983 5013 4984
f 4984 5013 5014
f 4984 5014 4985
f 4985 5014 5015
f 4985 5015 4949
f 4949 5015 4986
f 4986 4600 4987
f 4987 4600 4599
f 4987 4599 4988
f 4988 4599 4602
f 4988 4602 4989
f 4989 4602 4990
f 4990 4602 4603
f 4990 4603 4991
f 4991 4603 4604
f 4991 4604 4992
f 4992 4604 4993
f 4993 4604 4605
f 4993 4605 4994
f 4994 4605 4995
f 4995 4605 4996
f 4996 4605 4606
f 4996 4606 4997
f 4997 4606 4607
f 4997 4607 4998
f 4998 4607 4999
f 4999 4607 5000
f 5000 4607 4608
f 5000 4608 5001
f 5001 4608 4609
f 5001 4609 5002
f 5002 4609 5003
f 5003 4609 5004
f 5004 4609 4610
f 5004 4610 5005
f 5005 4610 4611
f 5005 4611 5006
f 5006 4611 5007
f 5007 4611 4612
f 5007 4612 5008
f 5008 4612 5009
f 5009 4612 5010
f 5010 4612 4613
f 5010 4613 5011
f 5011 4613 4614
f 5011 4614 5012
f 5012 4614 5013
f 5013 4614 4615
f 5013 4615 5014
f 5014 4615 4600
f 5014 4600 5015
f 5015 4600 4986
f 223 224 160
f 143 152 234
f 234 152 151
f 151 28 234
f 234 28 27
f 234 27 155
f 160 224 236
f 160 236 234
f 155 154 234
f 234 154 25
f 234 25 24
f 24 158 234
f 234 158 157
f 234 157 163
f 163 162 234
f 234 162 160
f 208 187 186
f 213 215 187
f 187 215 188
f 160 219 221
f 160 221 223
f 160 215 218
f 160 218 219
f 160 165 215
f 215 165 164
f 164 170 215
f 215 170 168
f 215 168 22
f 208 211 187
f 187 211 210
f 22 21 215
f 215 21 171
f 215 171 172
f 172 174 215
f 215 174 175
f 215 175 178
f 186 19 208
f 208 19 189
f 204 207 191
f 191 207 206
f 191 206 205
f 191 205 209
f 191 209 2
f 189 191 208
f 208 191 2
f 213 187 214
f 214 187 210
f 214 210 368
f 183 181 215
f 215 181 180
f 215 180 188
f 204 191 203
f 203 191 193
f 203 193 195
f 215 178 184
f 215 184 183
f 197 199 17
f 17 199 200
f 17 200 202
f 195 196 203
f 203 196 17
f 203 17 202
f 144 143 234
f 144 234 233
f 146 144 233
f 146 233 232
f 146 232 147
f 232 230 147
f 147 230 148
f 148 227 149
f 230 229 148
f 148 229 228
f 148 228 227
f 149 227 225
f 149 225 30
f 139 30 241
f 30 225 241
f 238 140 139
f 139 241 238
f 240 142 141
f 240 141 237
f 237 141 140
f 237 140 238
f 142 240 32
f 240 63 32
f 32 63 131
f 63 62 131
f 131 62 59
f 131 59 133
f 133 59 134
f 61 134 59
f 136 134 61
f 136 61 137
f 40 126 50
f 50 126 124
f 50 124 49
f 124 83 81
f 123 38 61
f 51 124 78
f 78 124 79
f 124 81 89
f 124 89 87
f 38 37 61
f 61 37 128
f 128 34 61
f 61 34 36
f 57 124 65
f 65 124 66
f 124 51 85
f 124 85 83
f 113 112 50
f 50 112 116
f 50 116 44
f 118 117 50
f 50 117 120
f 66 124 61
f 61 124 123
f 61 36 130
f 61 130 137
f 57 56 124
f 124 56 68
f 124 68 70
f 87 86 124
f 124 86 91
f 124 91 49
f 106 105 50
f 105 103 50
f 50 103 102
f 50 102 108
f 110 114 50
f 50 114 113
f 120 122 50
f 50 122 41
f 50 41 40
f 70 71 124
f 124 71 72
f 124 72 74
f 108 111 50
f 50 111 110
f 44 43 50
f 50 43 118
f 50 94 98
f 98 94 92
f 98 92 96
f 98 97 50
f 50 97 47
f 50 47 46
f 124 74 54
f 124 54 53
f 46 99 50
f 50 99 101
f 50 101 106
f 53 76 124
f 124 76 77
f 124 77 79
