# Staunton king, MIT license, source: github.com/clarkerubber/Staunton-Pieces
o king
v -0.067970 1.206000 -0.005459
v -0.067558 1.206000 -0.010700
v -0.074716 1.205648 -0.011834
v 0.067970 1.206000 0.005459
v 0.067558 1.206000 0.010700
v 0.074716 1.205648 0.011834
v -0.056030 1.206000 0.040709
v -0.059166 1.206000 0.036000
v -0.067402 1.205648 0.034343
v -0.061200 1.205648 0.044464
v -0.053491 1.205648 0.053491
v -0.048972 1.206000 0.048972
v -0.044464 1.205648 0.061200
v -0.040709 1.206000 0.056030
v -0.034343 1.205648 0.067402
v -0.031442 1.206000 0.061709
v -0.023376 1.205648 0.071945
v -0.021402 1.206000 0.065868
v -0.011834 1.205648 0.074716
v -0.010834 1.206000 0.068405
v 0.000000 1.205648 0.075647
v 0.000000 1.206000 0.069258
v 0.011834 1.205648 0.074716
v 0.010834 1.206000 0.068405
v 0.023376 1.205648 0.071945
v 0.021402 1.206000 0.065868
v 0.034343 1.205648 0.067402
v 0.031442 1.206000 0.061709
v 0.044464 1.205648 0.061200
v 0.040709 1.206000 0.056030
v 0.053491 1.205648 0.053491
v 0.048972 1.206000 0.048972
v 0.061200 1.205648 0.044464
v 0.056030 1.206000 0.040709
v 0.060945 1.206000 0.031053
v 0.058160 1.206000 0.036000
v 0.067402 1.205648 0.034343
v 0.071945 1.205648 0.023376
v 0.066229 1.206000 0.016236
v 0.065052 1.206000 0.021137
v 0.062790 1.206000 0.026597
v 0.068400 1.206000 0.000000
v 0.075647 1.205648 0.000000
v 0.067970 1.206000 -0.005459
v 0.074716 1.205648 -0.011834
v 0.067558 1.206000 -0.010700
v 0.066229 1.206000 -0.016236
v 0.071945 1.205648 -0.023376
v 0.065052 1.206000 -0.021137
v 0.056030 1.206000 -0.040709
v 0.059166 1.206000 -0.036000
v 0.067402 1.205648 -0.034343
v 0.062790 1.206000 -0.026597
v 0.060945 1.206000 -0.031053
v 0.061200 1.205648 -0.044464
v 0.053491 1.205648 -0.053491
v 0.048972 1.206000 -0.048972
v 0.044464 1.205648 -0.061200
v 0.040709 1.206000 -0.056030
v 0.034343 1.205648 -0.067402
v 0.031442 1.206000 -0.061709
v 0.023376 1.205648 -0.071945
v 0.021402 1.206000 -0.065868
v 0.011834 1.205648 -0.074716
v 0.010834 1.206000 -0.068405
v 0.000000 1.205648 -0.075647
v 0.000000 1.206000 -0.069258
v -0.011834 1.205648 -0.074716
v -0.010834 1.206000 -0.068405
v -0.023376 1.205648 -0.071945
v -0.021402 1.206000 -0.065868
v -0.034343 1.205648 -0.067402
v -0.031442 1.206000 -0.061709
v -0.044464 1.205648 -0.061200
v -0.040709 1.206000 -0.056030
v -0.053491 1.205648 -0.053491
v -0.048972 1.206000 -0.048972
v -0.061200 1.205648 -0.044464
v -0.056030 1.206000 -0.040709
v -0.060945 1.206000 -0.031053
v -0.058160 1.206000 -0.036000
v -0.067402 1.205648 -0.034343
v -0.071945 1.205648 -0.023376
v -0.066229 1.206000 -0.016236
v -0.065052 1.206000 -0.021137
v -0.062790 1.206000 -0.026597
v -0.068400 1.206000 0.000000
v -0.075647 1.205648 0.000000
v -0.067970 1.206000 0.005459
v -0.074716 1.205648 0.011834
v -0.067558 1.206000 0.010700
v -0.066229 1.206000 0.016236
v -0.071945 1.205648 0.023376
v -0.065052 1.206000 0.021137
v -0.062790 1.206000 0.026597
v -0.060945 1.206000 0.031053
v 0.000000 1.190099 -0.111763
v -0.018303 1.185077 -0.115560
v -0.017484 1.190099 -0.110387
v -0.036155 1.185077 -0.111274
v -0.034537 1.190099 -0.106293
v -0.053117 1.185077 -0.104248
v -0.050739 1.190099 -0.099582
v -0.068771 1.185077 -0.094655
v -0.065693 1.190099 -0.090418
v -0.082731 1.185077 -0.082731
v -0.079028 1.190099 -0.079029
v -0.094655 1.185077 -0.068771
v -0.090418 1.190099 -0.065693
v -0.104248 1.185077 -0.053117
v -0.099582 1.190099 -0.050739
v -0.111274 1.185077 -0.036155
v -0.106293 1.190099 -0.034537
v -0.115560 1.185077 -0.018303
v -0.110387 1.190099 -0.017484
v -0.117000 1.185077 0.000000
v -0.111763 1.190099 0.000000
v -0.115560 1.185077 0.018303
v -0.110387 1.190099 0.017484
v -0.111274 1.185077 0.036155
v -0.106293 1.190099 0.034537
v -0.104248 1.185077 0.053117
v -0.099582 1.190099 0.050739
v -0.094655 1.185077 0.068771
v -0.090418 1.190099 0.065693
v -0.082731 1.185077 0.082731
v -0.079028 1.190099 0.079028
v -0.068771 1.185077 0.094655
v -0.065693 1.190099 0.090418
v -0.053117 1.185077 0.104248
v -0.050739 1.190099 0.099582
v -0.036155 1.185077 0.111274
v -0.034537 1.190099 0.106293
v -0.018303 1.185077 0.115560
v -0.017484 1.190099 0.110387
v 0.000000 1.185077 0.117000
v 0.000000 1.190099 0.111763
v 0.018303 1.185077 0.115560
v 0.017484 1.190099 0.110387
v 0.036155 1.185077 0.111274
v 0.034537 1.190099 0.106293
v 0.053117 1.185077 0.104248
v 0.050739 1.190099 0.099582
v 0.068771 1.185077 0.094655
v 0.065693 1.190099 0.090418
v 0.082731 1.185077 0.082731
v 0.079028 1.190099 0.079028
v 0.094655 1.185077 0.068771
v 0.090418 1.190099 0.065693
v 0.104248 1.185077 0.053117
v 0.099582 1.190099 0.050739
v 0.111274 1.185077 0.036155
v 0.106293 1.190099 0.034537
v 0.115560 1.185077 0.018303
v 0.110387 1.190099 0.017484
v 0.117000 1.185077 0.000000
v 0.111763 1.190099 0.000000
v 0.115560 1.185077 -0.018303
v 0.110387 1.190099 -0.017484
v 0.111274 1.185077 -0.036155
v 0.106293 1.190099 -0.034537
v 0.104248 1.185077 -0.053117
v 0.099582 1.190099 -0.050739
v 0.094655 1.185077 -0.068771
v 0.090418 1.190099 -0.065693
v 0.082731 1.185077 -0.082731
v 0.079028 1.190099 -0.079029
v 0.068771 1.185077 -0.094655
v 0.065693 1.190099 -0.090418
v 0.053117 1.185077 -0.104248
v 0.050739 1.190099 -0.099582
v 0.036155 1.185077 -0.111274
v 0.034537 1.190099 -0.106293
v 0.018303 1.185077 -0.115560
v 0.017484 1.190099 -0.110387
v 0.000000 1.185077 -0.117000
v 0.016226 1.196004 -0.102450
v 0.032053 1.196004 -0.098650
v 0.047091 1.196004 -0.092421
v 0.060969 1.196004 -0.083917
v 0.073346 1.196004 -0.073346
v 0.083917 1.196004 -0.060969
v 0.092421 1.196004 -0.047091
v 0.098650 1.196004 -0.032053
v 0.102450 1.196004 -0.016226
v 0.103727 1.196004 0.000000
v 0.102450 1.196004 0.016226
v 0.098650 1.196004 0.032053
v 0.092421 1.196004 0.047091
v 0.083917 1.196004 0.060969
v 0.073346 1.196004 0.073346
v 0.060969 1.196004 0.083917
v 0.047091 1.196004 0.092421
v 0.032053 1.196004 0.098650
v 0.016226 1.196004 0.102450
v 0.000000 1.196004 0.103727
v -0.016226 1.196004 0.102450
v -0.032053 1.196004 0.098650
v -0.047091 1.196004 0.092421
v -0.060969 1.196004 0.083917
v -0.073346 1.196004 0.073346
v -0.083917 1.196004 0.060969
v -0.092421 1.196004 0.047091
v -0.098650 1.196004 0.032053
v -0.102450 1.196004 0.016226
v -0.103727 1.196004 0.000000
v -0.102450 1.196004 -0.016226
v -0.098650 1.196004 -0.032053
v -0.092421 1.196004 -0.047091
v -0.083917 1.196004 -0.060969
v -0.073346 1.196004 -0.073346
v -0.060969 1.196004 -0.083917
v -0.047091 1.196004 -0.092421
v -0.032053 1.196004 -0.098650
v -0.016226 1.196004 -0.102450
v 0.000000 1.196004 -0.103727
v 0.014844 1.200629 -0.093724
v 0.029323 1.200629 -0.090247
v 0.043080 1.200629 -0.084549
v 0.055776 1.200629 -0.076769
v 0.067099 1.200629 -0.067099
v 0.076769 1.200629 -0.055776
v 0.084549 1.200629 -0.043080
v 0.090247 1.200629 -0.029323
v 0.093724 1.200629 -0.014844
v 0.094892 1.200629 0.000000
v 0.093724 1.200629 0.014844
v 0.090247 1.200629 0.029323
v 0.084549 1.200629 0.043080
v 0.076769 1.200629 0.055776
v 0.067099 1.200629 0.067099
v 0.055776 1.200629 0.076769
v 0.043080 1.200629 0.084549
v 0.029323 1.200629 0.090247
v 0.014844 1.200629 0.093724
v 0.000000 1.200629 0.094892
v -0.014844 1.200629 0.093724
v -0.029323 1.200629 0.090247
v -0.043080 1.200629 0.084549
v -0.055776 1.200629 0.076769
v -0.067099 1.200629 0.067099
v -0.076769 1.200629 0.055776
v -0.084549 1.200629 0.043080
v -0.090247 1.200629 0.029323
v -0.093723 1.200629 0.014844
v -0.094892 1.200629 0.000000
v -0.093723 1.200629 -0.014844
v -0.090247 1.200629 -0.029323
v -0.084549 1.200629 -0.043080
v -0.076769 1.200629 -0.055776
v -0.067099 1.200629 -0.067099
v -0.055776 1.200629 -0.076769
v -0.043080 1.200629 -0.084549
v -0.029323 1.200629 -0.090247
v -0.014844 1.200629 -0.093724
v 0.000000 1.200629 -0.094892
v 0.013369 1.203869 -0.084408
v 0.026409 1.203869 -0.081277
v 0.038798 1.203869 -0.076145
v 0.050232 1.203869 -0.069139
v 0.060429 1.203869 -0.060429
v 0.069139 1.203869 -0.050232
v 0.076145 1.203869 -0.038798
v 0.081277 1.203869 -0.026409
v 0.084408 1.203869 -0.013369
v 0.085460 1.203869 0.000000
v 0.084408 1.203869 0.013369
v 0.081277 1.203869 0.026409
v 0.076145 1.203869 0.038798
v 0.069139 1.203869 0.050232
v 0.060429 1.203869 0.060429
v 0.050232 1.203869 0.069139
v 0.038798 1.203869 0.076145
v 0.026409 1.203869 0.081277
v 0.013369 1.203869 0.084408
v 0.000000 1.203869 0.085460
v -0.013369 1.203869 0.084408
v -0.026409 1.203869 0.081277
v -0.038798 1.203869 0.076145
v -0.050232 1.203869 0.069139
v -0.060429 1.203869 0.060429
v -0.069139 1.203869 0.050232
v -0.076145 1.203869 0.038798
v -0.081277 1.203869 0.026409
v -0.084408 1.203869 0.013369
v -0.085460 1.203869 0.000000
v -0.084408 1.203869 -0.013369
v -0.081277 1.203869 -0.026409
v -0.076145 1.203869 -0.038798
v -0.069139 1.203869 -0.050232
v -0.060429 1.203869 -0.060429
v -0.050232 1.203869 -0.069139
v -0.038798 1.203869 -0.076145
v -0.026409 1.203869 -0.081277
v -0.013369 1.203869 -0.084408
v 0.000000 1.203869 -0.085460
v -0.085583 1.220145 0.036000
v -0.091770 1.221074 0.022494
v -0.085583 1.220145 -0.036000
v -0.091770 1.221074 -0.022494
v -0.094197 1.221074 0.007564
v -0.094197 1.221074 -0.007564
v 0.085583 1.220145 -0.036000
v 0.091770 1.221074 -0.022494
v 0.085583 1.220145 0.036000
v 0.091770 1.221074 0.022494
v 0.094197 1.221074 -0.007564
v 0.094197 1.221074 0.007564
v 0.076822 1.247256 0.032315
v 0.090729 1.228847 0.032074
v 0.091666 1.228847 0.028919
v 0.076821 1.247257 -0.032315
v 0.066853 1.260098 -0.032536
v 0.070687 1.260098 -0.023050
v 0.066853 1.260098 0.032536
v 0.070691 1.260098 0.023037
v 0.093535 1.228847 0.022621
v 0.073430 1.260098 0.011660
v 0.094815 1.228847 0.014599
v 0.095931 1.228847 0.007604
v 0.074349 1.260098 -0.000000
v 0.095931 1.228847 0.000000
v 0.095931 1.228847 -0.007604
v 0.073456 1.260098 -0.011313
v 0.094815 1.228847 -0.014599
v 0.093535 1.228847 -0.022621
v 0.091666 1.228847 -0.028919
v 0.090729 1.228847 -0.032074
v -0.076822 1.247256 -0.032315
v -0.090729 1.228847 -0.032074
v -0.091666 1.228847 -0.028919
v -0.076821 1.247257 0.032315
v -0.066853 1.260098 0.032536
v -0.070687 1.260098 0.023050
v -0.066853 1.260098 -0.032536
v -0.070691 1.260098 -0.023037
v -0.093535 1.228847 -0.022621
v -0.073430 1.260098 -0.011660
v -0.094815 1.228847 -0.014599
v -0.095931 1.228847 -0.007604
v -0.074349 1.260098 0.000000
v -0.095931 1.228847 0.000000
v -0.095931 1.228847 0.007604
v -0.073456 1.260098 0.011313
v -0.094815 1.228847 0.014599
v -0.093535 1.228847 0.022621
v -0.091666 1.228847 0.028919
v -0.090729 1.228847 0.032074
v -0.106032 1.268595 -0.030600
v -0.072587 1.268595 -0.030600
v -0.074897 1.268595 -0.024408
v -0.109272 1.268595 -0.015452
v -0.077799 1.268595 -0.012353
v -0.110359 1.268595 0.000000
v -0.078773 1.268595 0.000007
v -0.109272 1.268595 0.015452
v -0.077796 1.268595 0.012368
v -0.106032 1.268595 0.030600
v -0.074892 1.268595 0.024422
v -0.072587 1.268595 0.030600
v 0.074892 1.268595 -0.024422
v 0.072587 1.268595 -0.030600
v 0.106032 1.268595 -0.030600
v 0.077796 1.268595 -0.012368
v 0.109272 1.268595 -0.015452
v 0.078773 1.268595 -0.000007
v 0.110359 1.268595 0.000000
v 0.077799 1.268595 0.012353
v 0.109272 1.268595 0.015452
v 0.074897 1.268595 0.024408
v 0.106032 1.268595 0.030600
v 0.072587 1.268595 0.030600
v 0.111220 1.335195 0.032097
v 0.111220 1.273995 0.032097
v 0.114619 1.273995 0.016208
v 0.114619 1.335195 0.016208
v 0.115759 1.273995 0.000000
v 0.115759 1.335195 0.000000
v 0.114619 1.273995 -0.016208
v 0.114619 1.335195 -0.016208
v 0.111220 1.273995 -0.032097
v 0.111220 1.335195 -0.032097
v -0.111220 1.335195 -0.032097
v -0.111220 1.273995 -0.032097
v -0.114619 1.273995 -0.016208
v -0.114619 1.335195 -0.016208
v -0.115759 1.273995 0.000000
v -0.115759 1.335195 0.000000
v -0.114619 1.273995 0.016208
v -0.114619 1.335195 0.016208
v -0.111220 1.273995 0.032097
v -0.111220 1.335195 0.032097
v 0.106032 1.340595 -0.030600
v 0.072587 1.340595 -0.030600
v 0.074897 1.340595 -0.024408
v 0.109272 1.340595 -0.015452
v 0.077799 1.340595 -0.012353
v 0.110359 1.340595 0.000000
v 0.078773 1.340595 0.000007
v 0.109272 1.340595 0.015452
v 0.077796 1.340595 0.012368
v 0.106032 1.340595 0.030600
v 0.074892 1.340595 0.024422
v 0.072587 1.340595 0.030600
v -0.106032 1.340595 0.030600
v -0.072587 1.340595 0.030600
v -0.074897 1.340595 0.024408
v -0.109272 1.340595 0.015452
v -0.077799 1.340595 0.012353
v -0.110359 1.340595 0.000000
v -0.078773 1.340595 -0.000007
v -0.109272 1.340595 -0.015452
v -0.077796 1.340595 -0.012368
v -0.106032 1.340595 -0.030600
v -0.074892 1.340595 -0.024422
v -0.072587 1.340595 -0.030600
v -0.094377 1.379475 0.014542
v -0.095624 1.379475 0.000000
v -0.074349 1.349092 -0.000000
v -0.076822 1.361934 0.032315
v -0.090081 1.379475 0.032084
v -0.090967 1.379475 0.028708
v -0.076821 1.361934 -0.032315
v -0.066853 1.349092 -0.032536
v -0.070687 1.349092 -0.023050
v -0.090081 1.379475 -0.032084
v -0.066853 1.349092 0.032536
v -0.070691 1.349092 0.023037
v -0.073430 1.349092 0.011660
v -0.090967 1.379475 -0.028708
v -0.094228 1.379475 -0.016280
v -0.073428 1.349092 -0.011673
v 0.094377 1.379475 -0.014542
v 0.095624 1.379475 0.000000
v 0.074349 1.349092 0.000000
v 0.076822 1.361934 -0.032315
v 0.090081 1.379475 -0.032084
v 0.090967 1.379475 -0.028708
v 0.076821 1.361934 0.032315
v 0.066853 1.349092 0.032536
v 0.070687 1.349092 0.023050
v 0.090081 1.379475 0.032084
v 0.066853 1.349092 -0.032536
v 0.070691 1.349092 -0.023037
v 0.073430 1.349092 -0.011660
v 0.090967 1.379475 0.028708
v 0.094228 1.379475 0.016280
v 0.073428 1.349092 0.011673
v 0.007898 1.402968 -0.022352
v 0.004006 1.402968 -0.023366
v 0.000000 1.404000 0.000000
v 0.020187 1.402968 -0.012430
v 0.017796 1.402968 -0.015662
v 0.023174 1.402968 -0.004994
v 0.021997 1.402968 -0.008839
v 0.023685 1.402968 -0.001006
v 0.023515 1.402968 0.003011
v 0.022667 1.402968 0.006942
v 0.021168 1.402968 0.010673
v 0.019060 1.402968 0.014097
v 0.013275 1.402968 0.019641
v 0.016403 1.402968 0.017115
v 0.009765 1.402968 0.021602
v 0.002010 1.402968 0.023621
v 0.005974 1.402968 0.022942
v -0.002010 1.402968 0.023621
v -0.005974 1.402968 0.022942
v -0.021168 1.402968 0.010673
v -0.019060 1.402968 0.014097
v -0.023515 1.402968 0.003011
v -0.022667 1.402968 0.006942
v -0.023685 1.402968 -0.001006
v -0.023174 1.402968 -0.004994
v -0.021997 1.402968 -0.008839
v -0.020187 1.402968 -0.012430
v -0.017796 1.402968 -0.015662
v -0.011562 1.402968 -0.020696
v -0.014893 1.402968 -0.018445
v -0.004006 1.402968 -0.023366
v -0.007898 1.402968 -0.022352
v 0.000000 1.402968 -0.023707
v -0.063165 1.394747 0.031218
v -0.067318 1.394762 0.020616
v 0.063165 1.394747 0.031218
v 0.087648 1.387649 0.031218
v 0.088708 1.387649 0.027178
v -0.036155 1.399700 -0.031218
v -0.052631 1.396753 -0.031218
v -0.063098 1.394760 -0.031218
v -0.065327 1.394762 -0.026251
v -0.079183 1.390103 -0.031218
v -0.087648 1.387649 -0.031218
v -0.090713 1.387649 -0.019539
v -0.068824 1.394762 -0.014833
v -0.040221 1.399881 -0.024765
v -0.026924 1.400571 -0.031218
v -0.011233 1.401909 -0.031218
v -0.018308 1.401384 -0.031218
v 0.012746 1.401909 -0.031218
v 0.005699 1.401909 -0.031218
v 0.000000 1.401909 -0.031218
v -0.005699 1.401909 -0.031218
v 0.011562 1.402968 -0.020696
v 0.018308 1.401384 -0.031218
v 0.026924 1.400571 -0.031218
v 0.014893 1.402968 -0.018445
v 0.034506 1.399856 -0.031218
v 0.038124 1.399515 -0.031218
v 0.040221 1.399881 -0.024765
v 0.052631 1.396753 -0.031218
v 0.043828 1.399881 -0.017611
v 0.063098 1.394760 -0.031218
v 0.068824 1.394762 -0.014833
v 0.079183 1.390103 -0.031218
v 0.065327 1.394762 -0.026251
v 0.067318 1.394762 0.020616
v 0.034506 1.399856 0.031218
v 0.038124 1.399515 0.031218
v 0.037976 1.399881 0.028087
v 0.043322 1.398525 0.031218
v 0.022511 1.400988 0.031218
v 0.031491 1.400140 0.031218
v 0.008497 1.401909 0.031218
v 0.012746 1.401909 0.031218
v 0.014366 1.401756 0.031218
v -0.012746 1.401909 0.031218
v -0.008497 1.401909 0.031218
v -0.002860 1.401909 0.031218
v 0.002860 1.401909 0.031218
v -0.014366 1.401756 0.031218
v -0.009765 1.402968 0.021602
v -0.013275 1.402968 0.019641
v -0.022511 1.400988 0.031218
v -0.031491 1.400140 0.031218
v -0.016403 1.402968 0.017115
v -0.034506 1.399856 0.031218
v -0.045163 1.399881 0.013831
v -0.042176 1.399881 0.021265
v -0.043322 1.398525 0.031218
v -0.037976 1.399881 0.028087
v -0.038124 1.399515 0.031218
v -0.087648 1.387649 0.031218
v -0.091684 1.387649 -0.015840
v -0.070341 1.394762 -0.002988
v -0.092705 1.387649 -0.003927
v -0.093042 1.387649 0.000000
v -0.069834 1.394762 0.008943
v -0.092030 1.387649 0.011796
v -0.091684 1.387649 0.015840
v -0.088708 1.387649 0.027178
v 0.091684 1.387649 0.015840
v 0.069834 1.394762 0.008943
v 0.092030 1.387649 0.011796
v 0.093042 1.387649 0.000000
v 0.070341 1.394762 -0.002988
v 0.087648 1.387649 -0.031218
v 0.090713 1.387649 -0.019539
v 0.091684 1.387649 -0.015840
v 0.092705 1.387649 -0.003927
v -0.046851 1.399881 0.006000
v -0.047191 1.399881 -0.002005
v -0.046174 1.399881 -0.009951
v -0.043828 1.399881 -0.017611
v -0.038124 1.399515 -0.031218
v 0.046174 1.399881 -0.009951
v 0.047191 1.399881 -0.002005
v 0.046851 1.399881 0.006000
v 0.045163 1.399881 0.013831
v 0.042176 1.399881 0.021265
v 0.183647 0.000000 0.197924
v 0.152096 0.000000 0.223084
v 0.152096 0.000000 -0.223084
v -0.040241 0.000000 -0.266984
v 0.000000 0.000000 -0.270000
v -0.079584 0.000000 0.258005
v 0.117149 0.000000 -0.243262
v 0.040241 0.000000 -0.266984
v 0.079584 0.000000 -0.258005
v -0.040241 0.000000 0.266984
v -0.079584 0.000000 -0.258005
v -0.117149 0.000000 0.243262
v -0.152096 0.000000 0.223084
v -0.183647 0.000000 -0.197924
v -0.152096 0.000000 -0.223084
v -0.211094 0.000000 0.168342
v 0.117149 0.000000 0.243262
v 0.079584 0.000000 0.258005
v 0.040241 0.000000 0.266984
v 0.000000 0.000000 0.270000
v -0.183647 0.000000 0.197924
v -0.117149 0.000000 -0.243262
v 0.183647 0.000000 -0.197924
v 0.211095 0.000000 -0.168342
v 0.233827 0.000000 0.135000
v 0.233827 0.000000 -0.135000
v 0.211095 0.000000 0.168342
v -0.251336 0.000000 0.098642
v -0.263231 0.000000 0.060081
v -0.211094 0.000000 -0.168342
v -0.269245 0.000000 0.020177
v -0.269245 0.000000 -0.020177
v -0.263231 0.000000 -0.060081
v -0.251336 0.000000 -0.098642
v -0.233827 0.000000 -0.135000
v -0.233827 0.000000 0.135000
v 0.251336 0.000000 -0.098642
v 0.263231 0.000000 -0.060081
v 0.269245 0.000000 -0.020177
v 0.269245 0.000000 0.020177
v 0.263231 0.000000 0.060081
v 0.251336 0.000000 0.098642
v 0.040241 0.054000 -0.266984
v 0.000000 0.054000 -0.270000
v -0.040241 0.054000 -0.266984
v -0.079584 0.054000 -0.258005
v -0.117149 0.054000 -0.243262
v -0.152096 0.054000 -0.223084
v -0.183647 0.054000 -0.197924
v -0.211094 0.054000 -0.168342
v -0.233827 0.054000 -0.135000
v -0.251336 0.054000 -0.098642
v -0.263231 0.054000 -0.060081
v -0.269245 0.054000 -0.020177
v -0.269245 0.054000 0.020177
v -0.263231 0.054000 0.060081
v -0.251336 0.054000 0.098642
v -0.233827 0.054000 0.135000
v -0.211094 0.054000 0.168342
v -0.183647 0.054000 0.197924
v -0.152096 0.054000 0.223084
v -0.117149 0.054000 0.243262
v -0.079584 0.054000 0.258005
v -0.040241 0.054000 0.266984
v 0.000000 0.054000 0.270000
v 0.040241 0.054000 0.266984
v 0.079584 0.054000 0.258005
v 0.117149 0.054000 0.243262
v 0.152096 0.054000 0.223084
v 0.183647 0.054000 0.197924
v 0.211095 0.054000 0.168342
v 0.233827 0.054000 0.135000
v 0.251336 0.054000 0.098642
v 0.263231 0.054000 0.060081
v 0.269245 0.054000 0.020177
v 0.269245 0.054000 -0.020177
v 0.263231 0.054000 -0.060081
v 0.251336 0.054000 -0.098642
v 0.233827 0.054000 -0.135000
v 0.211095 0.054000 -0.168342
v 0.183647 0.054000 -0.197924
v 0.152096 0.054000 -0.223084
v 0.117149 0.054000 -0.243262
v 0.079584 0.054000 -0.258005
v 0.170935 0.072000 -0.185163
v 0.251197 0.072000 -0.020106
v 0.198211 0.072000 0.155616
v 0.196950 0.072000 0.157057
v 0.040084 0.072000 0.248792
v 0.037546 0.072000 0.249063
v -0.139306 0.072000 0.209995
v -0.141867 0.072000 0.208092
v -0.244800 0.072000 0.059806
v -0.245510 0.072000 0.056043
v -0.220440 0.072000 -0.122107
v -0.218070 0.072000 -0.125895
v -0.053268 0.072000 -0.246306
v -0.074220 0.072000 -0.240592
v -0.079147 0.072000 -0.239248
v -0.104129 0.072000 -0.229480
v -0.109228 0.072000 -0.226831
v -0.127932 0.072000 -0.217112
v -0.141770 0.072000 -0.207931
v -0.171380 0.072000 -0.184706
v -0.150285 0.072000 -0.202283
v -0.189648 0.072000 -0.165945
v -0.196746 0.072000 -0.156903
v -0.206212 0.072000 -0.144846
v -0.232171 0.072000 -0.097984
v -0.234336 0.072000 -0.091978
v -0.241270 0.072000 -0.072750
v -0.245363 0.072000 -0.055997
v -0.251231 0.072000 -0.018830
v -0.247636 0.072000 -0.046693
v -0.251911 0.072000 0.006708
v -0.250943 0.072000 0.018804
v -0.249771 0.072000 0.033447
v -0.237056 0.072000 0.085488
v -0.234326 0.072000 0.091959
v -0.226627 0.072000 0.110201
v -0.217961 0.072000 0.125846
v -0.196950 0.072000 0.157057
v -0.198211 0.072000 0.155616
v -0.213629 0.072000 0.133666
v -0.180547 0.072000 0.175803
v -0.171162 0.072000 0.184467
v -0.160838 0.072000 0.193998
v -0.116195 0.072000 0.223613
v -0.109218 0.072000 0.226779
v -0.091768 0.072000 0.234697
v -0.074182 0.072000 0.240514
v -0.037546 0.072000 0.249063
v -0.040084 0.072000 0.248792
v -0.066302 0.072000 0.243122
v -0.013412 0.072000 0.251643
v 0.000000 0.072000 0.251643
v 0.013412 0.072000 0.251643
v 0.066302 0.072000 0.243122
v 0.074182 0.072000 0.240514
v 0.141867 0.072000 0.208092
v 0.139306 0.072000 0.209995
v 0.116195 0.072000 0.223613
v 0.109218 0.072000 0.226779
v 0.091768 0.072000 0.234697
v 0.160838 0.072000 0.193998
v 0.171162 0.072000 0.184467
v 0.180547 0.072000 0.175803
v 0.213629 0.072000 0.133666
v 0.217961 0.072000 0.125846
v 0.245510 0.072000 0.056043
v 0.244800 0.072000 0.059806
v 0.237056 0.072000 0.085488
v 0.234326 0.072000 0.091959
v 0.226627 0.072000 0.110201
v 0.249771 0.072000 0.033447
v 0.250943 0.072000 0.018804
v 0.251911 0.072000 0.006708
v 0.247636 0.072000 -0.046693
v 0.245363 0.072000 -0.055997
v 0.218070 0.072000 -0.125895
v 0.220440 0.072000 -0.122107
v 0.232171 0.072000 -0.097984
v 0.234336 0.072000 -0.091978
v 0.241270 0.072000 -0.072750
v 0.206212 0.072000 -0.144846
v 0.196746 0.072000 -0.156903
v 0.189648 0.072000 -0.165945
v 0.150285 0.072000 -0.202283
v 0.141770 0.072000 -0.207931
v 0.074220 0.072000 -0.240592
v 0.079147 0.072000 -0.239248
v 0.104129 0.072000 -0.229480
v 0.109228 0.072000 -0.226831
v 0.127932 0.072000 -0.217112
v 0.053268 0.072000 -0.246306
v 0.037504 0.072000 -0.248846
v -0.037504 0.072000 -0.248846
v -0.026786 0.072000 -0.250572
v 0.000000 0.072000 -0.252000
v 0.026786 0.072000 -0.250572
v 0.245732 0.152260 0.020362
v 0.244024 0.152260 0.032676
v 0.251166 0.147161 0.033634
v 0.242000 0.152260 0.047271
v 0.239175 0.152260 0.058429
v 0.246168 0.147161 0.060140
v 0.235331 0.152260 0.073606
v 0.231619 0.152260 0.083523
v 0.238381 0.147161 0.085966
v 0.225806 0.152260 0.099048
v 0.221441 0.152260 0.107674
v 0.227893 0.147161 0.110817
v 0.213539 0.152260 0.123287
v 0.208755 0.152260 0.130609
v 0.214822 0.147161 0.134413
v 0.198681 0.152260 0.146030
v 0.193706 0.152260 0.152070
v 0.199318 0.147161 0.156485
v 0.181410 0.152260 0.167000
v 0.176462 0.152260 0.171814
v 0.181556 0.147161 0.176785
v 0.161938 0.152260 0.185943
v 0.157216 0.152260 0.189618
v 0.161736 0.147161 0.195082
v 0.140500 0.152260 0.202629
v 0.136187 0.152260 0.205280
v 0.140084 0.147161 0.211168
v 0.117356 0.152260 0.216855
v 0.113611 0.152260 0.218623
v 0.116844 0.147161 0.224862
v 0.092788 0.152260 0.228449
v 0.092281 0.147161 0.236008
v 0.067094 0.152260 0.237270
v 0.064849 0.152260 0.237773
v 0.066672 0.147161 0.244480
v 0.040585 0.152260 0.243211
v 0.040308 0.147161 0.250181
v 0.013583 0.152260 0.246199
v 0.013487 0.147161 0.253048
v -0.246480 0.152260 -0.006794
v -0.245416 0.152260 -0.019642
v -0.252600 0.147161 -0.020218
v -0.244237 0.152260 -0.033868
v -0.241942 0.152260 -0.045617
v -0.249020 0.147161 -0.046954
v -0.239029 0.152260 -0.060530
v -0.235730 0.152260 -0.071076
v -0.242618 0.147161 -0.073157
v -0.230919 0.152260 -0.086458
v -0.226851 0.152260 -0.095733
v -0.233467 0.147161 -0.098531
v -0.220007 0.152260 -0.111336
v -0.215403 0.152260 -0.119310
v -0.221672 0.147161 -0.122789
v -0.206423 0.152260 -0.134863
v -0.201516 0.152260 -0.141540
v -0.207364 0.147161 -0.145656
v -0.190335 0.152260 -0.156753
v -0.185347 0.152260 -0.162171
v -0.190707 0.147161 -0.166872
v -0.171935 0.152260 -0.176740
v -0.167076 0.152260 -0.180972
v -0.171889 0.147161 -0.186197
v -0.151449 0.152260 -0.194581
v -0.146910 0.152260 -0.197728
v -0.151124 0.147161 -0.203413
v -0.129124 0.152260 -0.210061
v -0.125077 0.152260 -0.212251
v -0.128646 0.147161 -0.218324
v -0.105232 0.152260 -0.222991
v -0.101821 0.152260 -0.224376
v -0.104711 0.147161 -0.230762
v -0.080062 0.152260 -0.233214
v -0.079589 0.147161 -0.240585
v -0.053921 0.152260 -0.240606
v -0.052106 0.152260 -0.240909
v -0.053566 0.147161 -0.247681
v -0.027125 0.152260 -0.245077
v -0.026936 0.147161 -0.251972
v 0.000000 0.077972 -0.258085
v 0.027433 0.077972 -0.256623
v 0.054555 0.077972 -0.252253
v 0.106644 0.077972 -0.235021
v 0.131021 0.077972 -0.222354
v 0.175062 0.077972 -0.189634
v 0.211192 0.077972 -0.148344
v 0.237777 0.077972 -0.100350
v 0.247097 0.077972 -0.074507
v 0.257262 0.077972 -0.020592
v 0.255802 0.077972 0.034255
v 0.242781 0.077972 0.087553
v 0.232099 0.077972 0.112863
v 0.202997 0.077972 0.159374
v 0.164721 0.077972 0.198683
v 0.119001 0.077972 0.229012
v 0.093984 0.077972 0.240364
v 0.041052 0.077972 0.254799
v -0.013736 0.077972 0.257719
v -0.067903 0.077972 0.248992
v -0.093984 0.077972 0.240364
v -0.142670 0.077972 0.215066
v -0.218788 0.077972 0.136894
v -0.232099 0.077972 0.112863
v -0.250712 0.077972 0.061251
v -0.253616 0.077972 -0.047820
v -0.247097 0.077972 -0.074507
v -0.225763 0.077972 -0.125055
v -0.153914 0.077972 -0.207168
v -0.131021 0.077972 -0.222354
v -0.081059 0.077972 -0.245026
v -0.054555 0.077972 -0.252253
v -0.027433 0.077972 -0.256623
v -0.106644 0.077972 -0.235021
v -0.175062 0.077972 -0.189634
v -0.194227 0.077972 -0.169952
v -0.211192 0.077972 -0.148344
v -0.237777 0.077972 -0.100350
v -0.257262 0.077972 -0.020592
v -0.257994 0.077972 0.006870
v -0.255802 0.077972 0.034255
v -0.242781 0.077972 0.087553
v -0.202997 0.077972 0.159374
v -0.184907 0.077972 0.180048
v -0.164721 0.077972 0.198683
v -0.119001 0.077972 0.229012
v -0.041052 0.077972 0.254799
v 0.013736 0.077972 0.257719
v 0.067903 0.077972 0.248992
v 0.142670 0.077972 0.215066
v 0.184907 0.077972 0.180048
v 0.218788 0.077972 0.136894
v 0.250712 0.077972 0.061251
v 0.257994 0.077972 0.006870
v 0.253616 0.077972 -0.047820
v 0.225763 0.077972 -0.125055
v 0.194227 0.077972 -0.169952
v 0.153914 0.077972 -0.207168
v 0.081059 0.077972 -0.245026
v -0.027961 0.084900 -0.261565
v 0.000000 0.084900 -0.263055
v -0.028355 0.092577 -0.265252
v 0.000000 0.092577 -0.266763
v -0.028603 0.100778 -0.267574
v 0.000000 0.100778 -0.269098
v -0.028698 0.109257 -0.268462
v 0.000000 0.109257 -0.269991
v -0.028637 0.117764 -0.267890
v 0.000000 0.117764 -0.269416
v -0.028422 0.126045 -0.265875
v 0.000000 0.126045 -0.267390
v -0.028059 0.133857 -0.262477
v 0.000000 0.133857 -0.263972
v -0.027558 0.140966 -0.257796
v 0.000000 0.140966 -0.259265
v 0.000000 0.147161 -0.253408
v 0.000000 0.152260 -0.246574
v -0.055605 0.084900 -0.257111
v -0.056389 0.092577 -0.260735
v -0.056883 0.100778 -0.263017
v -0.057071 0.109257 -0.263890
v -0.056950 0.117764 -0.263328
v -0.056522 0.126045 -0.261348
v -0.055799 0.133857 -0.258007
v -0.054804 0.140966 -0.253407
v -0.082620 0.084900 -0.249744
v -0.083784 0.092577 -0.253264
v -0.084517 0.100778 -0.255481
v -0.084798 0.109257 -0.256329
v -0.084617 0.117764 -0.255783
v -0.083981 0.126045 -0.253859
v -0.082908 0.133857 -0.250615
v -0.081429 0.140966 -0.246146
v -0.108698 0.084900 -0.239547
v -0.110230 0.092577 -0.242924
v -0.111195 0.100778 -0.245050
v -0.111564 0.109257 -0.245863
v -0.111326 0.117764 -0.245340
v -0.110489 0.126045 -0.243494
v -0.109077 0.133857 -0.240382
v -0.107131 0.140966 -0.236096
v -0.133544 0.084900 -0.226636
v -0.135426 0.092577 -0.229831
v -0.136612 0.100778 -0.231843
v -0.137065 0.109257 -0.232612
v -0.136773 0.117764 -0.232117
v -0.135745 0.126045 -0.230371
v -0.134010 0.133857 -0.227426
v -0.131620 0.140966 -0.223371
v -0.156878 0.084900 -0.211158
v -0.159089 0.092577 -0.214134
v -0.160481 0.100778 -0.216008
v -0.161014 0.109257 -0.216725
v -0.160671 0.117764 -0.216264
v -0.159463 0.126045 -0.214637
v -0.157424 0.133857 -0.211894
v -0.154617 0.140966 -0.208115
v -0.178434 0.084900 -0.193286
v -0.180949 0.092577 -0.196011
v -0.182532 0.100778 -0.197726
v -0.183138 0.109257 -0.198383
v -0.182748 0.117764 -0.197960
v -0.181374 0.126045 -0.196471
v -0.179056 0.133857 -0.193960
v -0.175863 0.140966 -0.190501
v -0.197968 0.084900 -0.173225
v -0.200758 0.092577 -0.175667
v -0.202515 0.100778 -0.177204
v -0.203188 0.109257 -0.177792
v -0.202755 0.117764 -0.177414
v -0.201230 0.126045 -0.176079
v -0.198658 0.133857 -0.173829
v -0.195115 0.140966 -0.170729
v -0.215259 0.084900 -0.151201
v -0.218293 0.092577 -0.153332
v -0.220204 0.100778 -0.154674
v -0.220935 0.109257 -0.155188
v -0.220464 0.117764 -0.154857
v -0.218806 0.126045 -0.153692
v -0.216009 0.133857 -0.151728
v -0.212157 0.140966 -0.149022
v -0.230111 0.084900 -0.127464
v -0.233354 0.092577 -0.129260
v -0.235397 0.100778 -0.130392
v -0.236178 0.109257 -0.130825
v -0.235675 0.117764 -0.130546
v -0.233903 0.126045 -0.129564
v -0.230913 0.133857 -0.127908
v -0.226795 0.140966 -0.125627
v -0.242356 0.084900 -0.102282
v -0.245772 0.092577 -0.103724
v -0.247923 0.100778 -0.104632
v -0.248746 0.109257 -0.104979
v -0.248216 0.117764 -0.104756
v -0.246349 0.126045 -0.103968
v -0.243201 0.133857 -0.102639
v -0.238864 0.140966 -0.100809
v -0.251855 0.084900 -0.075942
v -0.255405 0.092577 -0.077012
v -0.257640 0.100778 -0.077686
v -0.258496 0.109257 -0.077944
v -0.257945 0.117764 -0.077778
v -0.256005 0.126045 -0.077193
v -0.252733 0.133857 -0.076207
v -0.248226 0.140966 -0.074848
v -0.258500 0.084900 -0.048741
v -0.262144 0.092577 -0.049428
v -0.264438 0.100778 -0.049861
v -0.265316 0.109257 -0.050026
v -0.264751 0.117764 -0.049920
v -0.262760 0.126045 -0.049544
v -0.259401 0.133857 -0.048911
v -0.254776 0.140966 -0.048039
v -0.262217 0.084900 -0.020988
v -0.265913 0.092577 -0.021284
v -0.268240 0.100778 -0.021470
v -0.269131 0.109257 -0.021542
v -0.268557 0.117764 -0.021496
v -0.266537 0.126045 -0.021334
v -0.263131 0.133857 -0.021061
v -0.258438 0.140966 -0.020686
v -0.262962 0.084900 0.007003
v -0.266669 0.092577 0.007101
v -0.269003 0.100778 0.007164
v -0.269896 0.109257 0.007187
v -0.269321 0.117764 0.007172
v -0.267295 0.126045 0.007118
v -0.263879 0.133857 0.007027
v -0.259173 0.140966 0.006902
v -0.253318 0.147161 0.006746
v -0.246112 0.152260 0.006554
v -0.251166 0.147161 0.033634
v -0.244024 0.152260 0.032676
v -0.245732 0.152260 0.020362
v -0.260728 0.084900 0.034914
v -0.264403 0.092577 0.035406
v -0.266717 0.100778 0.035716
v -0.267603 0.109257 0.035835
v -0.267033 0.117764 0.035758
v -0.265024 0.126045 0.035489
v -0.261637 0.133857 0.035036
v -0.256971 0.140966 0.034411
v -0.246168 0.147161 0.060140
v -0.239175 0.152260 0.058429
v -0.242000 0.152260 0.047271
v -0.255540 0.084900 0.062430
v -0.259142 0.092577 0.063310
v -0.261410 0.100778 0.063864
v -0.262278 0.109257 0.064076
v -0.261719 0.117764 0.063940
v -0.259750 0.126045 0.063459
v -0.256431 0.133857 0.062648
v -0.251858 0.140966 0.061530
v -0.238381 0.147161 0.085966
v -0.231619 0.152260 0.083523
v -0.235331 0.152260 0.073606
v -0.247456 0.084900 0.089239
v -0.250944 0.092577 0.090496
v -0.253141 0.100778 0.091289
v -0.253981 0.109257 0.091592
v -0.253440 0.117764 0.091396
v -0.251534 0.126045 0.090709
v -0.248319 0.133857 0.089550
v -0.243891 0.140966 0.087953
v -0.227893 0.147161 0.110817
v -0.221441 0.152260 0.107674
v -0.225806 0.152260 0.099048
v -0.236569 0.084900 0.115036
v -0.239903 0.092577 0.116657
v -0.242003 0.100778 0.117679
v -0.242806 0.109257 0.118069
v -0.242289 0.117764 0.117818
v -0.240467 0.126045 0.116932
v -0.237393 0.133857 0.115437
v -0.233160 0.140966 0.113378
v -0.214822 0.147161 0.134413
v -0.208755 0.152260 0.130609
v -0.213539 0.152260 0.123287
v -0.223001 0.084900 0.139530
v -0.226144 0.092577 0.141497
v -0.228124 0.100778 0.142735
v -0.228881 0.109257 0.143209
v -0.228393 0.117764 0.142904
v -0.226676 0.126045 0.141829
v -0.223778 0.133857 0.140016
v -0.219788 0.140966 0.137520
v -0.199318 0.147161 0.156485
v -0.193706 0.152260 0.152070
v -0.198681 0.152260 0.146030
v -0.206907 0.084900 0.162443
v -0.209823 0.092577 0.164733
v -0.211660 0.100778 0.166175
v -0.212362 0.109257 0.166726
v -0.211910 0.117764 0.166371
v -0.210316 0.126045 0.165120
v -0.207628 0.133857 0.163009
v -0.203925 0.140966 0.160103
v -0.181556 0.147161 0.176785
v -0.176462 0.152260 0.171814
v -0.181410 0.152260 0.167000
v -0.188468 0.084900 0.183516
v -0.191124 0.092577 0.186102
v -0.192797 0.100778 0.187731
v -0.193437 0.109257 0.188354
v -0.193025 0.117764 0.187953
v -0.191573 0.126045 0.186540
v -0.189125 0.133857 0.184155
v -0.185752 0.140966 0.180871
v -0.161736 0.147161 0.195082
v -0.157216 0.152260 0.189618
v -0.161938 0.152260 0.185943
v -0.167894 0.084900 0.202509
v -0.170260 0.092577 0.205363
v -0.171750 0.100778 0.207161
v -0.172320 0.109257 0.207848
v -0.171953 0.117764 0.207406
v -0.170660 0.126045 0.205846
v -0.168479 0.133857 0.203215
v -0.165474 0.140966 0.199591
v -0.140084 0.147161 0.211168
v -0.136187 0.152260 0.205280
v -0.140500 0.152260 0.202629
v -0.145417 0.084900 0.219208
v -0.147467 0.092577 0.222297
v -0.148757 0.100778 0.224243
v -0.149251 0.109257 0.224988
v -0.148933 0.117764 0.224508
v -0.147813 0.126045 0.222820
v -0.145924 0.133857 0.219972
v -0.143322 0.140966 0.216049
v -0.116844 0.147161 0.224862
v -0.113611 0.152260 0.218623
v -0.117356 0.152260 0.216855
v -0.121293 0.084900 0.233423
v -0.123002 0.092577 0.236713
v -0.124079 0.100778 0.238785
v -0.124491 0.109257 0.239577
v -0.124226 0.117764 0.239067
v -0.123291 0.126045 0.237269
v -0.121716 0.133857 0.234236
v -0.119545 0.140966 0.230059
v -0.092281 0.147161 0.236008
v -0.089742 0.152260 0.229495
v -0.095794 0.084900 0.244993
v -0.097145 0.092577 0.248446
v -0.097995 0.100778 0.250621
v -0.098320 0.109257 0.251453
v -0.098111 0.117764 0.250917
v -0.097373 0.126045 0.249030
v -0.096128 0.133857 0.245847
v -0.094414 0.140966 0.241463
v -0.066672 0.147161 0.244480
v -0.064849 0.152260 0.237773
v -0.067094 0.152260 0.237270
v -0.069211 0.084900 0.253787
v -0.070186 0.092577 0.257364
v -0.070800 0.100778 0.259617
v -0.071035 0.109257 0.260479
v -0.070884 0.117764 0.259924
v -0.070351 0.126045 0.257969
v -0.069452 0.133857 0.254672
v -0.068213 0.140966 0.250131
v -0.040308 0.147161 0.250181
v -0.039213 0.152260 0.243363
v -0.041843 0.084900 0.259706
v -0.042432 0.092577 0.263367
v -0.042804 0.100778 0.265672
v -0.042946 0.109257 0.266554
v -0.042854 0.117764 0.265986
v -0.042532 0.126045 0.263986
v -0.041988 0.133857 0.260611
v -0.041240 0.140966 0.255964
v -0.013487 0.147161 0.253048
v -0.013123 0.152260 0.246199
v -0.014000 0.084900 0.262683
v -0.014198 0.092577 0.266385
v -0.014322 0.100778 0.268717
v -0.014370 0.109257 0.269609
v -0.014339 0.117764 0.269034
v -0.014231 0.126045 0.267011
v -0.014049 0.133857 0.263598
v -0.013799 0.140966 0.258898
v 0.014000 0.084900 0.262683
v 0.014198 0.092577 0.266385
v 0.014322 0.100778 0.268717
v 0.014370 0.109257 0.269609
v 0.014339 0.117764 0.269034
v 0.014231 0.126045 0.267011
v 0.014049 0.133857 0.263598
v 0.013799 0.140966 0.258898
v 0.041843 0.084900 0.259706
v 0.042432 0.092577 0.263367
v 0.042804 0.100778 0.265672
v 0.042946 0.109257 0.266554
v 0.042854 0.117764 0.265986
v 0.042532 0.126045 0.263986
v 0.041988 0.133857 0.260611
v 0.041240 0.140966 0.255964
v 0.069211 0.084900 0.253787
v 0.070186 0.092577 0.257364
v 0.070800 0.100778 0.259617
v 0.071035 0.109257 0.260479
v 0.070884 0.117764 0.259924
v 0.070351 0.126045 0.257969
v 0.069452 0.133857 0.254672
v 0.068213 0.140966 0.250131
v 0.095794 0.084900 0.244993
v 0.097145 0.092577 0.248446
v 0.097995 0.100778 0.250621
v 0.098320 0.109257 0.251453
v 0.098111 0.117764 0.250917
v 0.097373 0.126045 0.249030
v 0.096128 0.133857 0.245847
v 0.094414 0.140966 0.241463
v 0.121293 0.084900 0.233423
v 0.123002 0.092577 0.236713
v 0.124079 0.100778 0.238785
v 0.124491 0.109257 0.239577
v 0.124226 0.117764 0.239067
v 0.123291 0.126045 0.237269
v 0.121716 0.133857 0.234236
v 0.119545 0.140966 0.230059
v 0.145417 0.084900 0.219208
v 0.147467 0.092577 0.222297
v 0.148757 0.100778 0.224243
v 0.149251 0.109257 0.224988
v 0.148933 0.117764 0.224508
v 0.147813 0.126045 0.222820
v 0.145924 0.133857 0.219972
v 0.143322 0.140966 0.216049
v 0.167894 0.084900 0.202509
v 0.170260 0.092577 0.205363
v 0.171750 0.100778 0.207161
v 0.172320 0.109257 0.207848
v 0.171953 0.117764 0.207406
v 0.170660 0.126045 0.205846
v 0.168479 0.133857 0.203215
v 0.165474 0.140966 0.199591
v 0.188468 0.084900 0.183516
v 0.191124 0.092577 0.186102
v 0.192797 0.100778 0.187731
v 0.193437 0.109257 0.188354
v 0.193025 0.117764 0.187953
v 0.191573 0.126045 0.186540
v 0.189125 0.133857 0.184155
v 0.185752 0.140966 0.180871
v 0.206907 0.084900 0.162443
v 0.209823 0.092577 0.164733
v 0.211660 0.100778 0.166175
v 0.212362 0.109257 0.166726
v 0.211910 0.117764 0.166371
v 0.210316 0.126045 0.165120
v 0.207628 0.133857 0.163009
v 0.203925 0.140966 0.160103
v 0.223001 0.084900 0.139530
v 0.226144 0.092577 0.141497
v 0.228124 0.100778 0.142735
v 0.228881 0.109257 0.143209
v 0.228393 0.117764 0.142904
v 0.226676 0.126045 0.141829
v 0.223778 0.133857 0.140016
v 0.219788 0.140966 0.137520
v 0.236569 0.084900 0.115036
v 0.239903 0.092577 0.116657
v 0.242003 0.100778 0.117679
v 0.242806 0.109257 0.118069
v 0.242289 0.117764 0.117818
v 0.240467 0.126045 0.116932
v 0.237393 0.133857 0.115437
v 0.233160 0.140966 0.113378
v 0.247456 0.084900 0.089239
v 0.250944 0.092577 0.090496
v 0.253141 0.100778 0.091289
v 0.253981 0.109257 0.091592
v 0.253440 0.117764 0.091396
v 0.251534 0.126045 0.090709
v 0.248319 0.133857 0.089550
v 0.243891 0.140966 0.087953
v 0.255540 0.084900 0.062430
v 0.259142 0.092577 0.063310
v 0.261410 0.100778 0.063864
v 0.262278 0.109257 0.064076
v 0.261719 0.117764 0.063940
v 0.259751 0.126045 0.063459
v 0.256431 0.133857 0.062648
v 0.251858 0.140966 0.061530
v 0.260728 0.084900 0.034914
v 0.264403 0.092577 0.035406
v 0.266717 0.100778 0.035716
v 0.267603 0.109257 0.035835
v 0.267033 0.117764 0.035758
v 0.265024 0.126045 0.035489
v 0.261637 0.133857 0.035036
v 0.256971 0.140966 0.034411
v 0.262962 0.084900 0.007003
v 0.266669 0.092577 0.007101
v 0.269003 0.100778 0.007164
v 0.269896 0.109257 0.007187
v 0.269321 0.117764 0.007172
v 0.267295 0.126045 0.007118
v 0.263879 0.133857 0.007027
v 0.259173 0.140966 0.006902
v 0.253318 0.147161 0.006746
v 0.246112 0.152260 0.006554
v 0.252600 0.147161 -0.020218
v 0.245416 0.152260 -0.019642
v 0.246480 0.152260 -0.006794
v 0.262217 0.084900 -0.020988
v 0.265913 0.092577 -0.021284
v 0.268240 0.100778 -0.021470
v 0.269131 0.109257 -0.021542
v 0.268557 0.117764 -0.021496
v 0.266537 0.126045 -0.021334
v 0.263131 0.133857 -0.021061
v 0.258439 0.140966 -0.020686
v 0.249020 0.147161 -0.046954
v 0.241942 0.152260 -0.045617
v 0.244237 0.152260 -0.033868
v 0.258500 0.084900 -0.048741
v 0.262144 0.092577 -0.049428
v 0.264438 0.100778 -0.049861
v 0.265316 0.109257 -0.050026
v 0.264751 0.117764 -0.049920
v 0.262760 0.126045 -0.049544
v 0.259401 0.133857 -0.048911
v 0.254776 0.140966 -0.048039
v 0.242618 0.147161 -0.073157
v 0.235730 0.152260 -0.071076
v 0.239029 0.152260 -0.060530
v 0.251855 0.084900 -0.075942
v 0.255405 0.092577 -0.077012
v 0.257640 0.100778 -0.077686
v 0.258496 0.109257 -0.077944
v 0.257945 0.117764 -0.077778
v 0.256005 0.126045 -0.077193
v 0.252733 0.133857 -0.076207
v 0.248226 0.140966 -0.074848
v 0.233467 0.147161 -0.098531
v 0.226851 0.152260 -0.095733
v 0.230919 0.152260 -0.086458
v 0.242356 0.084900 -0.102282
v 0.245772 0.092577 -0.103724
v 0.247923 0.100778 -0.104632
v 0.248746 0.109257 -0.104979
v 0.248216 0.117764 -0.104756
v 0.246349 0.126045 -0.103968
v 0.243201 0.133857 -0.102639
v 0.238864 0.140966 -0.100809
v 0.221672 0.147161 -0.122789
v 0.215403 0.152260 -0.119310
v 0.220007 0.152260 -0.111336
v 0.230111 0.084900 -0.127464
v 0.233354 0.092577 -0.129260
v 0.235397 0.100778 -0.130392
v 0.236178 0.109257 -0.130825
v 0.235675 0.117764 -0.130546
v 0.233903 0.126045 -0.129564
v 0.230913 0.133857 -0.127908
v 0.226795 0.140966 -0.125627
v 0.207364 0.147161 -0.145656
v 0.201516 0.152260 -0.141540
v 0.206423 0.152260 -0.134863
v 0.215259 0.084900 -0.151201
v 0.218293 0.092577 -0.153332
v 0.220204 0.100778 -0.154674
v 0.220935 0.109257 -0.155188
v 0.220464 0.117764 -0.154857
v 0.218806 0.126045 -0.153692
v 0.216009 0.133857 -0.151728
v 0.212157 0.140966 -0.149022
v 0.190707 0.147161 -0.166872
v 0.185347 0.152260 -0.162171
v 0.190335 0.152260 -0.156753
v 0.197968 0.084900 -0.173225
v 0.200758 0.092577 -0.175667
v 0.202515 0.100778 -0.177204
v 0.203188 0.109257 -0.177792
v 0.202755 0.117764 -0.177414
v 0.201230 0.126045 -0.176079
v 0.198658 0.133857 -0.173829
v 0.195115 0.140966 -0.170729
v 0.171889 0.147161 -0.186197
v 0.167076 0.152260 -0.180972
v 0.171935 0.152260 -0.176740
v 0.178434 0.084900 -0.193286
v 0.180949 0.092577 -0.196011
v 0.182532 0.100778 -0.197726
v 0.183138 0.109257 -0.198383
v 0.182748 0.117764 -0.197960
v 0.181374 0.126045 -0.196471
v 0.179056 0.133857 -0.193960
v 0.175863 0.140966 -0.190501
v 0.151124 0.147161 -0.203413
v 0.146910 0.152260 -0.197728
v 0.151449 0.152260 -0.194581
v 0.156878 0.084900 -0.211158
v 0.159089 0.092577 -0.214134
v 0.160481 0.100778 -0.216008
v 0.161014 0.109257 -0.216725
v 0.160671 0.117764 -0.216264
v 0.159463 0.126045 -0.214637
v 0.157424 0.133857 -0.211894
v 0.154617 0.140966 -0.208115
v 0.128646 0.147161 -0.218324
v 0.125077 0.152260 -0.212251
v 0.129124 0.152260 -0.210061
v 0.133544 0.084900 -0.226636
v 0.135426 0.092577 -0.229831
v 0.136612 0.100778 -0.231843
v 0.137065 0.109257 -0.232612
v 0.136773 0.117764 -0.232117
v 0.135745 0.126045 -0.230371
v 0.134010 0.133857 -0.227426
v 0.131620 0.140966 -0.223371
v 0.104711 0.147161 -0.230762
v 0.101821 0.152260 -0.224376
v 0.105232 0.152260 -0.222991
v 0.108698 0.084900 -0.239547
v 0.110230 0.092577 -0.242924
v 0.111195 0.100778 -0.245050
v 0.111564 0.109257 -0.245863
v 0.111326 0.117764 -0.245340
v 0.110489 0.126045 -0.243494
v 0.109077 0.133857 -0.240382
v 0.107131 0.140966 -0.236096
v 0.079589 0.147161 -0.240585
v 0.077406 0.152260 -0.233965
v 0.082620 0.084900 -0.249744
v 0.083784 0.092577 -0.253264
v 0.084517 0.100778 -0.255481
v 0.084798 0.109257 -0.256329
v 0.084617 0.117764 -0.255783
v 0.083981 0.126045 -0.253859
v 0.082908 0.133857 -0.250615
v 0.081429 0.140966 -0.246146
v 0.053566 0.147161 -0.247681
v 0.052106 0.152260 -0.240909
v 0.053921 0.152260 -0.240606
v 0.055605 0.084900 -0.257111
v 0.056389 0.092577 -0.260735
v 0.056883 0.100778 -0.263017
v 0.057071 0.109257 -0.263890
v 0.056950 0.117764 -0.263328
v 0.056522 0.126045 -0.261348
v 0.055799 0.133857 -0.258007
v 0.054804 0.140966 -0.253407
v 0.026936 0.147161 -0.251972
v 0.026207 0.152260 -0.245128
v 0.027961 0.084900 -0.261565
v 0.028355 0.092577 -0.265252
v 0.028603 0.100778 -0.267574
v 0.028698 0.109257 -0.268462
v 0.028637 0.117764 -0.267890
v 0.028422 0.126045 -0.265875
v 0.028059 0.133857 -0.262477
v 0.027558 0.140966 -0.257796
v -0.025308 0.164008 -0.228662
v 0.000000 0.164008 -0.230058
v -0.050309 0.164008 -0.224490
v -0.074700 0.164008 -0.217593
v -0.098183 0.164008 -0.208055
v -0.120475 0.164008 -0.195991
v -0.141305 0.164008 -0.181548
v -0.160419 0.164008 -0.164902
v -0.177586 0.164008 -0.146253
v -0.192597 0.164008 -0.125830
v -0.205270 0.164008 -0.103879
v -0.215452 0.164008 -0.080667
v -0.223019 0.164008 -0.056476
v -0.227878 0.164008 -0.031599
v -0.229971 0.164008 -0.006339
v -0.229272 0.164008 0.018998
v -0.225791 0.164008 0.044105
v -0.219569 0.164008 0.068676
v -0.210681 0.164008 0.092413
v -0.199236 0.164008 0.115029
v -0.185373 0.164008 0.136249
v -0.169259 0.164008 0.155814
v -0.151091 0.164008 0.173488
v -0.131089 0.164008 0.189057
v -0.109496 0.164008 0.202330
v -0.086573 0.164008 0.213148
v -0.062600 0.164008 0.221378
v -0.037866 0.164008 0.226921
v -0.012673 0.164008 0.229709
v 0.012673 0.164008 0.229709
v 0.037866 0.164008 0.226921
v 0.062600 0.164008 0.221378
v 0.086573 0.164008 0.213148
v 0.109496 0.164008 0.202330
v 0.131089 0.164008 0.189057
v 0.151091 0.164008 0.173488
v 0.169259 0.164008 0.155814
v 0.185373 0.164008 0.136249
v 0.199236 0.164008 0.115029
v 0.210681 0.164008 0.092413
v 0.219569 0.164008 0.068676
v 0.225791 0.164008 0.044105
v 0.229272 0.164008 0.018998
v 0.229971 0.164008 -0.006339
v 0.227878 0.164008 -0.031599
v 0.223019 0.164008 -0.056476
v 0.215452 0.164008 -0.080667
v 0.205270 0.164008 -0.103879
v 0.192597 0.164008 -0.125830
v 0.177586 0.164008 -0.146253
v 0.160419 0.164008 -0.164902
v 0.141305 0.164008 -0.181548
v 0.120475 0.164008 -0.195991
v 0.098183 0.164008 -0.208055
v 0.074700 0.164008 -0.217593
v 0.050309 0.164008 -0.224490
v 0.025308 0.164008 -0.228662
v 0.023670 0.177752 -0.213858
v 0.047052 0.177752 -0.209956
v 0.069863 0.177752 -0.203505
v 0.091827 0.177752 -0.194585
v 0.112675 0.177752 -0.183302
v 0.132156 0.177752 -0.169794
v 0.150033 0.177752 -0.154225
v 0.166088 0.177752 -0.136785
v 0.180128 0.177752 -0.117683
v 0.191981 0.177752 -0.097154
v 0.201503 0.177752 -0.075444
v 0.208580 0.177752 -0.052820
v 0.213124 0.177752 -0.029553
v 0.215082 0.177752 -0.005929
v 0.214429 0.177752 0.017768
v 0.211173 0.177752 0.041249
v 0.205353 0.177752 0.064230
v 0.197041 0.177752 0.086430
v 0.186337 0.177752 0.107582
v 0.173371 0.177752 0.127427
v 0.158301 0.177752 0.145726
v 0.141309 0.177752 0.162256
v 0.122602 0.177752 0.176817
v 0.102407 0.177752 0.189231
v 0.080968 0.177752 0.199348
v 0.058547 0.177752 0.207045
v 0.035415 0.177752 0.212229
v 0.011853 0.177752 0.214837
v -0.011853 0.177752 0.214837
v -0.035415 0.177752 0.212229
v -0.058547 0.177752 0.207045
v -0.080968 0.177752 0.199348
v -0.102407 0.177752 0.189231
v -0.122602 0.177752 0.176817
v -0.141309 0.177752 0.162256
v -0.158301 0.177752 0.145726
v -0.173371 0.177752 0.127427
v -0.186337 0.177752 0.107582
v -0.197041 0.177752 0.086430
v -0.205353 0.177752 0.064230
v -0.211173 0.177752 0.041249
v -0.214429 0.177752 0.017768
v -0.215082 0.177752 -0.005929
v -0.213124 0.177752 -0.029553
v -0.208580 0.177752 -0.052820
v -0.201503 0.177752 -0.075444
v -0.191981 0.177752 -0.097154
v -0.180128 0.177752 -0.117683
v -0.166088 0.177752 -0.136785
v -0.150033 0.177752 -0.154225
v -0.132156 0.177752 -0.169794
v -0.112675 0.177752 -0.183302
v -0.091827 0.177752 -0.194585
v -0.069863 0.177752 -0.203505
v -0.047052 0.177752 -0.209956
v -0.023670 0.177752 -0.213858
v 0.000000 0.177752 -0.215164
v 0.022236 0.193273 -0.200903
v 0.044202 0.193273 -0.197238
v 0.065631 0.193273 -0.191178
v 0.086264 0.193273 -0.182798
v 0.105850 0.193273 -0.172198
v 0.124151 0.193273 -0.159509
v 0.140944 0.193273 -0.144883
v 0.156027 0.193273 -0.128499
v 0.169216 0.193273 -0.110555
v 0.180351 0.193273 -0.091268
v 0.189297 0.193273 -0.070874
v 0.195945 0.193273 -0.049620
v 0.200214 0.193273 -0.027763
v 0.202053 0.193273 -0.005570
v 0.201439 0.193273 0.016692
v 0.198381 0.193273 0.038750
v 0.192914 0.193273 0.060339
v 0.185105 0.193273 0.081195
v 0.175050 0.193273 0.101065
v 0.162869 0.193273 0.119708
v 0.148712 0.193273 0.136899
v 0.132749 0.193273 0.152427
v 0.115175 0.193273 0.166106
v 0.096203 0.193273 0.177768
v 0.076063 0.193273 0.187272
v 0.055000 0.193273 0.194503
v 0.033269 0.193273 0.199373
v 0.011135 0.193273 0.201823
v -0.011135 0.193273 0.201823
v -0.033269 0.193273 0.199373
v -0.055000 0.193273 0.194503
v -0.076063 0.193273 0.187272
v -0.096203 0.193273 0.177768
v -0.115175 0.193273 0.166106
v -0.132749 0.193273 0.152427
v -0.148712 0.193273 0.136899
v -0.162869 0.193273 0.119708
v -0.175050 0.193273 0.101065
v -0.185105 0.193273 0.081195
v -0.192914 0.193273 0.060339
v -0.198381 0.193273 0.038750
v -0.201439 0.193273 0.016692
v -0.202053 0.193273 -0.005570
v -0.200214 0.193273 -0.027763
v -0.195945 0.193273 -0.049620
v -0.189297 0.193273 -0.070874
v -0.180351 0.193273 -0.091268
v -0.169216 0.193273 -0.110555
v -0.156027 0.193273 -0.128499
v -0.140944 0.193273 -0.144883
v -0.124151 0.193273 -0.159509
v -0.105850 0.193273 -0.172198
v -0.086264 0.193273 -0.182798
v -0.065631 0.193273 -0.191178
v -0.044202 0.193273 -0.197238
v -0.022236 0.193273 -0.200903
v 0.000000 0.193273 -0.202130
v 0.021030 0.210320 -0.190007
v 0.041805 0.210320 -0.186540
v 0.062072 0.210320 -0.180809
v 0.081586 0.210320 -0.172883
v 0.100109 0.210320 -0.162859
v 0.117417 0.210320 -0.150858
v 0.133300 0.210320 -0.137025
v 0.147565 0.210320 -0.121529
v 0.160039 0.210320 -0.104558
v 0.170569 0.210320 -0.086318
v 0.179030 0.210320 -0.067030
v 0.185317 0.210320 -0.046929
v 0.189355 0.210320 -0.026257
v 0.191094 0.210320 -0.005267
v 0.190514 0.210320 0.015786
v 0.187621 0.210320 0.036649
v 0.182451 0.210320 0.057066
v 0.175066 0.210320 0.076791
v 0.165555 0.210320 0.095583
v 0.154036 0.210320 0.113216
v 0.140646 0.210320 0.129474
v 0.125549 0.210320 0.144160
v 0.108928 0.210320 0.157097
v 0.090985 0.210320 0.168126
v 0.071938 0.210320 0.177115
v 0.052017 0.210320 0.183954
v 0.031465 0.210320 0.188560
v 0.010531 0.210320 0.190877
v -0.010531 0.210320 0.190877
v -0.031465 0.210320 0.188560
v -0.052017 0.210320 0.183954
v -0.071938 0.210320 0.177115
v -0.090985 0.210320 0.168126
v -0.108928 0.210320 0.157097
v -0.125549 0.210320 0.144160
v -0.140646 0.210320 0.129474
v -0.154036 0.210320 0.113216
v -0.165555 0.210320 0.095583
v -0.175066 0.210320 0.076791
v -0.182451 0.210320 0.057066
v -0.187621 0.210320 0.036649
v -0.190514 0.210320 0.015786
v -0.191094 0.210320 -0.005267
v -0.189355 0.210320 -0.026257
v -0.185317 0.210320 -0.046929
v -0.179030 0.210320 -0.067030
v -0.170569 0.210320 -0.086318
v -0.160039 0.210320 -0.104558
v -0.147565 0.210320 -0.121529
v -0.133300 0.210320 -0.137025
v -0.117417 0.210320 -0.150858
v -0.100109 0.210320 -0.162859
v -0.081586 0.210320 -0.172883
v -0.062072 0.210320 -0.180809
v -0.041805 0.210320 -0.186540
v -0.021030 0.210320 -0.190007
v 0.000000 0.210320 -0.191167
v 0.020071 0.228618 -0.181344
v 0.039899 0.228618 -0.178035
v 0.059242 0.228618 -0.172566
v 0.077866 0.228618 -0.165001
v 0.095545 0.228618 -0.155434
v 0.112064 0.228618 -0.143980
v 0.127223 0.228618 -0.130778
v 0.140837 0.228618 -0.115989
v 0.152742 0.228618 -0.099792
v 0.162793 0.228618 -0.082383
v 0.170868 0.228618 -0.063974
v 0.176868 0.228618 -0.044789
v 0.180722 0.228618 -0.025060
v 0.182382 0.228618 -0.005027
v 0.181828 0.228618 0.015067
v 0.179067 0.228618 0.034978
v 0.174133 0.228618 0.054464
v 0.167084 0.228618 0.073290
v 0.158008 0.228618 0.091226
v 0.147013 0.228618 0.108054
v 0.134234 0.228618 0.123571
v 0.119825 0.228618 0.137588
v 0.103962 0.228618 0.149935
v 0.086837 0.228618 0.160461
v 0.068658 0.228618 0.169040
v 0.049646 0.228618 0.175567
v 0.030031 0.228618 0.179963
v 0.010051 0.228618 0.182174
v -0.010051 0.228618 0.182174
v -0.030031 0.228618 0.179963
v -0.049646 0.228618 0.175567
v -0.068658 0.228618 0.169040
v -0.086837 0.228618 0.160461
v -0.103962 0.228618 0.149935
v -0.119825 0.228618 0.137588
v -0.134234 0.228618 0.123571
v -0.147013 0.228618 0.108054
v -0.158008 0.228618 0.091226
v -0.167084 0.228618 0.073290
v -0.174133 0.228618 0.054464
v -0.179067 0.228618 0.034978
v -0.181828 0.228618 0.015067
v -0.182382 0.228618 -0.005027
v -0.180722 0.228618 -0.025060
v -0.176869 0.228618 -0.044789
v -0.170868 0.228618 -0.063974
v -0.162793 0.228618 -0.082383
v -0.152742 0.228618 -0.099792
v -0.140837 0.228618 -0.115989
v -0.127223 0.228618 -0.130778
v -0.112064 0.228618 -0.143980
v -0.095545 0.228618 -0.155434
v -0.077866 0.228618 -0.165001
v -0.059242 0.228618 -0.172566
v -0.039899 0.228618 -0.178035
v -0.020071 0.228618 -0.181344
v 0.000000 0.228618 -0.182451
v 0.019375 0.247872 -0.175055
v 0.038515 0.247872 -0.171861
v 0.057187 0.247872 -0.166581
v 0.075166 0.247872 -0.159279
v 0.092231 0.247872 -0.150043
v 0.108178 0.247872 -0.138987
v 0.122811 0.247872 -0.126243
v 0.135953 0.247872 -0.111966
v 0.147445 0.247872 -0.096331
v 0.157147 0.247872 -0.079526
v 0.164942 0.247872 -0.061756
v 0.170735 0.247872 -0.043236
v 0.174455 0.247872 -0.024191
v 0.176057 0.247872 -0.004853
v 0.175522 0.247872 0.014544
v 0.172857 0.247872 0.033765
v 0.168094 0.247872 0.052576
v 0.161290 0.247872 0.070748
v 0.152528 0.247872 0.088062
v 0.141915 0.247872 0.104307
v 0.129579 0.247872 0.119285
v 0.115670 0.247872 0.132816
v 0.100357 0.247872 0.144735
v 0.083826 0.247872 0.154896
v 0.066277 0.247872 0.163178
v 0.047924 0.247872 0.169478
v 0.028989 0.247872 0.173722
v 0.009702 0.247872 0.175857
v -0.009702 0.247872 0.175857
v -0.028989 0.247872 0.173722
v -0.047924 0.247872 0.169478
v -0.066277 0.247872 0.163178
v -0.083826 0.247872 0.154896
v -0.100357 0.247872 0.144735
v -0.115670 0.247872 0.132816
v -0.129579 0.247872 0.119285
v -0.141915 0.247872 0.104307
v -0.152528 0.247872 0.088062
v -0.161290 0.247872 0.070748
v -0.168094 0.247872 0.052576
v -0.172857 0.247872 0.033765
v -0.175522 0.247872 0.014544
v -0.176057 0.247872 -0.004853
v -0.174455 0.247872 -0.024191
v -0.170735 0.247872 -0.043236
v -0.164942 0.247872 -0.061756
v -0.157147 0.247872 -0.079526
v -0.147445 0.247872 -0.096331
v -0.135953 0.247872 -0.111966
v -0.122811 0.247872 -0.126243
v -0.108178 0.247872 -0.138987
v -0.092231 0.247872 -0.150043
v -0.075166 0.247872 -0.159279
v -0.057187 0.247872 -0.166581
v -0.038515 0.247872 -0.171861
v -0.019375 0.247872 -0.175055
v 0.000000 0.247872 -0.176124
v 0.018953 0.267773 -0.171241
v 0.037676 0.267773 -0.168116
v 0.055941 0.267773 -0.162951
v 0.073528 0.267773 -0.155808
v 0.090222 0.267773 -0.146774
v 0.105820 0.267773 -0.135958
v 0.120135 0.267773 -0.123492
v 0.132991 0.267773 -0.109526
v 0.144232 0.267773 -0.094232
v 0.153723 0.267773 -0.077793
v 0.161348 0.267773 -0.060410
v 0.167014 0.267773 -0.042294
v 0.170653 0.267773 -0.023664
v 0.172221 0.267773 -0.004747
v 0.171698 0.267773 0.014227
v 0.169091 0.267773 0.033029
v 0.164431 0.267773 0.051430
v 0.157775 0.267773 0.069207
v 0.149204 0.267773 0.086143
v 0.138822 0.267773 0.102034
v 0.126755 0.267773 0.116686
v 0.113149 0.267773 0.129922
v 0.098170 0.267773 0.141581
v 0.081999 0.267773 0.151521
v 0.064833 0.267773 0.159622
v 0.046880 0.267773 0.165785
v 0.028357 0.267773 0.169936
v 0.009491 0.267773 0.172025
v -0.009491 0.267773 0.172025
v -0.028357 0.267773 0.169936
v -0.046880 0.267773 0.165785
v -0.064833 0.267773 0.159622
v -0.081999 0.267773 0.151521
v -0.098170 0.267773 0.141581
v -0.113149 0.267773 0.129922
v -0.126755 0.267773 0.116686
v -0.138822 0.267773 0.102034
v -0.149204 0.267773 0.086143
v -0.157775 0.267773 0.069207
v -0.164431 0.267773 0.051430
v -0.169091 0.267773 0.033029
v -0.171698 0.267773 0.014227
v -0.172221 0.267773 -0.004747
v -0.170653 0.267773 -0.023664
v -0.167014 0.267773 -0.042294
v -0.161348 0.267773 -0.060410
v -0.153723 0.267773 -0.077793
v -0.144232 0.267773 -0.094232
v -0.132991 0.267773 -0.109526
v -0.120135 0.267773 -0.123492
v -0.105820 0.267773 -0.135958
v -0.090222 0.267773 -0.146774
v -0.073528 0.267773 -0.155808
v -0.055941 0.267773 -0.162951
v -0.037676 0.267773 -0.168116
v -0.018953 0.267773 -0.171241
v 0.000000 0.267773 -0.172286
v 0.018811 0.288000 -0.169962
v 0.037394 0.288000 -0.166861
v 0.055524 0.288000 -0.161735
v 0.072979 0.288000 -0.154645
v 0.089548 0.288000 -0.145678
v 0.105030 0.288000 -0.134943
v 0.119238 0.288000 -0.122570
v 0.131998 0.288000 -0.108709
v 0.143155 0.288000 -0.093528
v 0.152575 0.288000 -0.077212
v 0.160143 0.288000 -0.059959
v 0.165767 0.288000 -0.041978
v 0.169379 0.288000 -0.023487
v 0.170935 0.288000 -0.004712
v 0.170416 0.288000 0.014121
v 0.167828 0.288000 0.032783
v 0.163203 0.288000 0.051046
v 0.156597 0.288000 0.068690
v 0.148090 0.288000 0.085500
v 0.137786 0.288000 0.101272
v 0.125809 0.288000 0.115815
v 0.112305 0.288000 0.128952
v 0.097437 0.288000 0.140524
v 0.081387 0.288000 0.150390
v 0.064349 0.288000 0.158430
v 0.046530 0.288000 0.164548
v 0.028146 0.288000 0.168668
v 0.009420 0.288000 0.170740
v -0.009420 0.288000 0.170740
v -0.028146 0.288000 0.168668
v -0.046530 0.288000 0.164548
v -0.064349 0.288000 0.158430
v -0.081387 0.288000 0.150390
v -0.097437 0.288000 0.140524
v -0.112305 0.288000 0.128952
v -0.125809 0.288000 0.115815
v -0.137786 0.288000 0.101272
v -0.148090 0.288000 0.085500
v -0.156597 0.288000 0.068690
v -0.163203 0.288000 0.051046
v -0.167828 0.288000 0.032783
v -0.170416 0.288000 0.014121
v -0.170935 0.288000 -0.004712
v -0.169379 0.288000 -0.023487
v -0.165767 0.288000 -0.041978
v -0.160143 0.288000 -0.059959
v -0.152575 0.288000 -0.077212
v -0.143155 0.288000 -0.093528
v -0.131998 0.288000 -0.108709
v -0.119238 0.288000 -0.122570
v -0.105030 0.288000 -0.134943
v -0.089548 0.288000 -0.145678
v -0.072979 0.288000 -0.154645
v -0.055524 0.288000 -0.161735
v -0.037394 0.288000 -0.166861
v -0.018811 0.288000 -0.169962
v 0.000000 0.288000 -0.171000
v -0.052329 0.288000 0.143773
v -0.031810 0.288000 0.149657
v -0.010673 0.288000 0.152627
v 0.010673 0.288000 0.152627
v 0.031810 0.288000 0.149657
v -0.120566 0.288000 0.094196
v -0.106283 0.288000 0.110059
v -0.089931 0.288000 0.123780
v -0.071829 0.288000 0.135091
v -0.148455 0.288000 0.037014
v -0.141859 0.288000 0.057315
v -0.132502 0.288000 0.076500
v -0.145512 0.288000 -0.047280
v -0.150676 0.288000 -0.026568
v -0.152907 0.288000 -0.005340
v -0.152162 0.288000 0.015993
v -0.098346 0.288000 -0.117205
v -0.113701 0.288000 -0.102377
v -0.126843 0.288000 -0.085557
v -0.137515 0.288000 -0.067071
v -0.021293 0.288000 -0.151511
v -0.042173 0.288000 -0.147073
v -0.062231 0.288000 -0.139772
v -0.081078 0.288000 -0.129751
v 0.042173 0.288000 -0.147073
v 0.021293 0.288000 -0.151511
v 0.000000 0.288000 -0.153000
v 0.052329 0.288000 0.143773
v 0.071829 0.288000 0.135091
v 0.089931 0.288000 0.123780
v 0.106283 0.288000 0.110059
v 0.113701 0.288000 -0.102377
v 0.098346 0.288000 -0.117205
v 0.081078 0.288000 -0.129751
v 0.062231 0.288000 -0.139772
v 0.150676 0.288000 -0.026568
v 0.145512 0.288000 -0.047280
v 0.137515 0.288000 -0.067071
v 0.126843 0.288000 -0.085557
v 0.141859 0.288000 0.057315
v 0.148455 0.288000 0.037014
v 0.152162 0.288000 0.015993
v 0.152907 0.288000 -0.005340
v 0.120566 0.288000 0.094196
v 0.132502 0.288000 0.076500
v 0.006856 0.720000 -0.080521
v 0.011273 0.720000 -0.080212
v 0.011479 0.657172 -0.081680
v 0.045269 0.720000 -0.066987
v 0.052066 0.720000 -0.062050
v 0.053019 0.657172 -0.063185
v 0.055910 0.720000 -0.058337
v 0.060195 0.720000 -0.054200
v 0.061296 0.657172 -0.055192
v 0.064991 0.720000 -0.048061
v 0.067152 0.720000 -0.045295
v 0.068381 0.657172 -0.046124
v 0.080168 0.720000 -0.010270
v 0.080951 0.720000 -0.002827
v 0.082432 0.657172 -0.002879
v 0.080732 0.720000 0.003431
v 0.080556 0.720000 0.008467
v 0.082031 0.657172 0.008622
v 0.079044 0.720000 0.017041
v 0.078594 0.720000 0.019596
v 0.080032 0.657172 0.019954
v 0.060662 0.720000 0.053386
v 0.056267 0.720000 0.058267
v 0.057297 0.657172 0.059333
v 0.050768 0.720000 0.062881
v 0.047611 0.720000 0.065530
v 0.048482 0.657172 0.066730
v 0.013667 0.720000 0.079676
v 0.005650 0.720000 0.080803
v 0.005754 0.657172 0.082282
v 0.000000 0.720000 0.080803
v -0.005650 0.720000 0.080803
v -0.005754 0.657172 0.082282
v -0.013667 0.720000 0.079676
v -0.016841 0.720000 0.079230
v -0.017149 0.657172 0.080680
v -0.050768 0.720000 0.062881
v -0.056267 0.720000 0.058267
v -0.057297 0.657172 0.059333
v -0.060662 0.720000 0.053386
v -0.063829 0.720000 0.049869
v -0.064997 0.657172 0.050781
v -0.079044 0.720000 0.017041
v -0.080556 0.720000 0.008467
v -0.082031 0.657172 0.008622
v -0.080732 0.720000 0.003431
v -0.080951 0.720000 -0.002827
v -0.082432 0.657172 -0.002879
v -0.080168 0.720000 -0.010270
v -0.079769 0.720000 -0.014066
v -0.081229 0.657172 -0.014323
v -0.064991 0.720000 -0.048061
v -0.060195 0.720000 -0.054200
v -0.061296 0.657172 -0.055192
v -0.055910 0.720000 -0.058337
v -0.052066 0.720000 -0.062050
v -0.053019 0.657172 -0.063185
v -0.045269 0.720000 -0.066987
v -0.043709 0.657172 -0.069949
v -0.006856 0.720000 -0.080521
v 0.000000 0.720000 -0.081000
v 0.000000 0.657172 -0.082483
v 0.071023 0.347912 -0.113660
v 0.054513 0.347912 -0.122439
v 0.047954 0.408653 -0.107706
v 0.032497 0.408653 -0.113332
v 0.028847 0.470087 -0.100601
v 0.014565 0.470087 -0.103636
v 0.013127 0.532076 -0.093405
v 0.000000 0.532076 -0.094323
v 0.000000 0.594485 -0.086927
v -0.012098 0.594485 -0.086081
v -0.011479 0.657172 -0.081680
v -0.022735 0.657172 -0.079287
v 0.036943 0.347912 -0.128834
v 0.016408 0.408653 -0.116751
v 0.000000 0.470087 -0.104655
v -0.013127 0.532076 -0.093405
v -0.023960 0.594485 -0.083559
v -0.033549 0.657172 -0.075352
v -0.032946 0.720000 -0.073997
v -0.036943 0.347912 -0.128834
v -0.054513 0.347912 -0.122439
v -0.047954 0.408653 -0.107706
v -0.062477 0.408653 -0.099984
v -0.055459 0.470087 -0.088752
v -0.067271 0.470087 -0.080170
v -0.060630 0.532076 -0.072256
v -0.070096 0.532076 -0.063114
v -0.064599 0.594485 -0.058165
v -0.072066 0.594485 -0.048609
v -0.068381 0.657172 -0.046124
v -0.074135 0.657172 -0.036158
v -0.071023 0.347912 -0.113660
v -0.075784 0.408653 -0.090316
v -0.077774 0.470087 -0.070028
v -0.078197 0.532076 -0.052745
v -0.078129 0.594485 -0.038106
v -0.078446 0.657172 -0.025489
v -0.077036 0.720000 -0.025030
v -0.077368 0.720000 -0.023698
v -0.127466 0.347912 -0.041416
v -0.131990 0.347912 -0.023273
v -0.116108 0.408653 -0.020473
v -0.117827 0.408653 -0.004115
v -0.104591 0.470087 -0.003652
v -0.104081 0.470087 0.010939
v -0.093806 0.532076 0.009859
v -0.091521 0.532076 0.022819
v -0.084345 0.594485 0.021030
v -0.080597 0.594485 0.032563
v -0.076476 0.657172 0.030898
v -0.071432 0.657172 0.041241
v -0.070148 0.720000 0.040500
v -0.068868 0.720000 0.042398
v -0.130045 0.347912 0.032424
v -0.124267 0.347912 0.050207
v -0.109314 0.408653 0.044166
v -0.102103 0.408653 0.058949
v -0.090634 0.470087 0.052327
v -0.082469 0.470087 0.064432
v -0.074328 0.532076 0.058071
v -0.065522 0.532076 0.067850
v -0.060384 0.594485 0.062530
v -0.051094 0.594485 0.070325
v -0.048482 0.657172 0.066730
v -0.038723 0.657172 0.072828
v -0.116070 0.347912 0.067013
v -0.092906 0.408653 0.072586
v -0.072699 0.470087 0.075282
v -0.055442 0.532076 0.076309
v -0.040810 0.594485 0.076752
v -0.028211 0.657172 0.077508
v -0.027704 0.720000 0.076115
v -0.062921 0.347912 0.118338
v -0.045840 0.347912 0.125943
v -0.040324 0.408653 0.110789
v -0.024513 0.408653 0.115322
v -0.021759 0.470087 0.102368
v -0.007300 0.470087 0.104400
v -0.006580 0.532076 0.094093
v 0.006580 0.532076 0.094093
v 0.006064 0.594485 0.086715
v 0.018073 0.594485 0.085027
v 0.017149 0.657172 0.080680
v 0.028211 0.657172 0.077508
v -0.027866 0.347912 0.131097
v -0.008224 0.408653 0.117612
v 0.007300 0.470087 0.104400
v 0.019611 0.532076 0.092262
v 0.029731 0.594485 0.081685
v 0.038723 0.657172 0.072828
v 0.038027 0.720000 0.071519
v 0.027866 0.347912 0.131097
v 0.045840 0.347912 0.125943
v 0.040324 0.408653 0.110789
v 0.055350 0.408653 0.104099
v 0.049132 0.470087 0.092405
v 0.061515 0.470087 0.084667
v 0.055442 0.532076 0.076309
v 0.065522 0.532076 0.067850
v 0.060385 0.594485 0.062530
v 0.068499 0.594485 0.053518
v 0.064997 0.657172 0.050781
v 0.071432 0.657172 0.041241
v 0.062921 0.347912 0.118338
v 0.069299 0.408653 0.095382
v 0.072699 0.470087 0.075282
v 0.074328 0.532076 0.058071
v 0.075281 0.594485 0.043463
v 0.076476 0.657172 0.030898
v 0.075102 0.720000 0.030343
v 0.116070 0.347912 0.067013
v 0.124267 0.347912 0.050207
v 0.109314 0.408653 0.044166
v 0.114397 0.408653 0.028522
v 0.101546 0.470087 0.025318
v 0.104081 0.470087 0.010939
v 0.093806 0.532076 0.009859
v 0.094266 0.532076 -0.003292
v 0.086874 0.594485 -0.003034
v 0.085606 0.594485 -0.015095
v 0.081229 0.657172 -0.014323
v 0.078446 0.657172 -0.025489
v 0.130045 0.347912 0.032424
v 0.117253 0.408653 0.012324
v 0.104591 0.470087 -0.003652
v 0.092890 0.532076 -0.016379
v 0.082672 0.594485 -0.026862
v 0.074135 0.657172 -0.036158
v 0.072802 0.720000 -0.035508
v 0.127466 0.347912 -0.041416
v 0.120462 0.347912 -0.058753
v 0.105967 0.408653 -0.051683
v 0.097743 0.408653 -0.065928
v 0.086763 0.470087 -0.058522
v 0.077774 0.470087 -0.070028
v 0.070096 0.532076 -0.063114
v 0.060630 0.532076 -0.072256
v 0.055876 0.594485 -0.066590
v 0.046064 0.594485 -0.073718
v 0.043709 0.657172 -0.069949
v 0.033549 0.657172 -0.075352
v 0.111113 0.347912 -0.074946
v 0.087616 0.408653 -0.078890
v 0.067271 0.470087 -0.080170
v 0.049984 0.532076 -0.079991
v 0.035356 0.594485 -0.079412
v 0.022735 0.657172 -0.079287
v 0.022327 0.720000 -0.077862
v 0.020386 0.720000 -0.078275
v 0.086150 0.347912 -0.102670
v 0.062477 0.408653 -0.099984
v 0.042567 0.470087 -0.095607
v 0.025999 0.532076 -0.090669
v 0.012098 0.594485 -0.086081
v -0.022327 0.720000 -0.077862
v -0.020386 0.720000 -0.078275
v -0.011273 0.720000 -0.080212
v -0.035356 0.594485 -0.079412
v -0.025999 0.532076 -0.090669
v -0.014565 0.470087 -0.103636
v 0.000000 0.408653 -0.117899
v 0.018653 0.347912 -0.132722
v -0.046064 0.594485 -0.073718
v -0.038365 0.532076 -0.086168
v -0.028847 0.470087 -0.100601
v -0.016408 0.408653 -0.116751
v 0.000000 0.347912 -0.134026
v -0.055876 0.594485 -0.066590
v -0.049984 0.532076 -0.079991
v -0.042567 0.470087 -0.095607
v -0.032497 0.408653 -0.113332
v -0.018653 0.347912 -0.132722
v -0.072802 0.720000 -0.035508
v -0.067152 0.720000 -0.045295
v -0.082672 0.594485 -0.026862
v -0.084777 0.532076 -0.041349
v -0.086763 0.470087 -0.058522
v -0.087616 0.408653 -0.078890
v -0.086150 0.347912 -0.102670
v -0.085606 0.594485 -0.015095
v -0.089707 0.532076 -0.029147
v -0.094063 0.470087 -0.045878
v -0.097743 0.408653 -0.065928
v -0.099601 0.347912 -0.089681
v -0.086874 0.594485 -0.003034
v -0.092890 0.532076 -0.016379
v -0.099533 0.470087 -0.032340
v -0.105967 0.408653 -0.051683
v -0.111113 0.347912 -0.074946
v -0.120462 0.347912 -0.058753
v -0.112128 0.408653 -0.036433
v -0.103065 0.470087 -0.018173
v -0.094266 0.532076 -0.003292
v -0.086451 0.594485 0.009086
v -0.080032 0.657172 0.019954
v -0.075102 0.720000 0.030343
v -0.078594 0.720000 0.019596
v -0.075281 0.594485 0.043463
v -0.087455 0.532076 0.035334
v -0.101546 0.470087 0.025318
v -0.117253 0.408653 0.012324
v -0.133944 0.347912 -0.004677
v -0.068499 0.594485 0.053518
v -0.081686 0.532076 0.047162
v -0.097034 0.470087 0.039204
v -0.114397 0.408653 0.028522
v -0.133292 0.347912 0.014010
v -0.038027 0.720000 0.071519
v -0.047611 0.720000 0.065530
v -0.029731 0.594485 0.081685
v -0.044282 0.532076 0.083282
v -0.061515 0.470087 0.084667
v -0.081899 0.408653 0.084809
v -0.105614 0.347912 0.082515
v -0.018073 0.594485 0.085027
v -0.032260 0.532076 0.088635
v -0.049132 0.470087 0.092405
v -0.069299 0.408653 0.095382
v -0.093102 0.347912 0.096410
v -0.006064 0.594485 0.086715
v -0.019611 0.532076 0.092262
v -0.035794 0.470087 0.098343
v -0.055350 0.408653 0.104099
v -0.078778 0.347912 0.108429
v 0.027704 0.720000 0.076115
v 0.016841 0.720000 0.079230
v 0.040810 0.594485 0.076752
v 0.032260 0.532076 0.088635
v 0.021759 0.470087 0.102368
v 0.008224 0.408653 0.117612
v -0.009349 0.347912 0.133699
v 0.051094 0.594485 0.070325
v 0.044282 0.532076 0.083282
v 0.035794 0.470087 0.098343
v 0.024513 0.408653 0.115322
v 0.009349 0.347912 0.133699
v 0.070148 0.720000 0.040500
v 0.068868 0.720000 0.042398
v 0.063829 0.720000 0.049869
v 0.080597 0.594485 0.032563
v 0.081686 0.532076 0.047162
v 0.082469 0.470087 0.064432
v 0.081899 0.408653 0.084809
v 0.078778 0.347912 0.108429
v 0.084345 0.594485 0.021030
v 0.087455 0.532076 0.035334
v 0.090634 0.470087 0.052327
v 0.092906 0.408653 0.072586
v 0.093102 0.347912 0.096410
v 0.086451 0.594485 0.009086
v 0.091521 0.532076 0.022819
v 0.097034 0.470087 0.039204
v 0.102103 0.408653 0.058949
v 0.105614 0.347912 0.082515
v 0.077036 0.720000 -0.025030
v 0.077368 0.720000 -0.023698
v 0.079769 0.720000 -0.014066
v 0.078129 0.594485 -0.038106
v 0.089707 0.532076 -0.029147
v 0.103065 0.470087 -0.018173
v 0.117827 0.408653 -0.004115
v 0.133292 0.347912 0.014010
v 0.072066 0.594485 -0.048609
v 0.084777 0.532076 -0.041349
v 0.099533 0.470087 -0.032340
v 0.116108 0.408653 -0.020473
v 0.133944 0.347912 -0.004677
v 0.064599 0.594485 -0.058165
v 0.078197 0.532076 -0.052745
v 0.094063 0.470087 -0.045878
v 0.112128 0.408653 -0.036433
v 0.131990 0.347912 -0.023273
v 0.032946 0.720000 -0.073997
v 0.023960 0.594485 -0.083559
v 0.038365 0.532076 -0.086168
v 0.055459 0.470087 -0.088752
v 0.075784 0.408653 -0.090316
v 0.099601 0.347912 -0.089681
v 0.009472 0.729660 0.135456
v 0.000000 0.729660 0.135456
v -0.009472 0.729660 0.135456
v -0.022911 0.729660 0.133568
v -0.028232 0.729660 0.132820
v -0.045213 0.729660 0.127951
v -0.046442 0.729660 0.127598
v -0.063748 0.729660 0.119893
v -0.066134 0.729660 0.118402
v -0.079814 0.729660 0.109854
v -0.085107 0.729660 0.105412
v -0.094326 0.729660 0.097677
v -0.101692 0.729660 0.089496
v -0.107002 0.729660 0.083599
v -0.115449 0.729660 0.071075
v -0.117595 0.729660 0.067894
v -0.125900 0.729660 0.050867
v -0.131754 0.729660 0.032850
v -0.132509 0.729660 0.028567
v -0.135043 0.729660 0.014194
v -0.135338 0.729660 0.005752
v -0.135704 0.729660 -0.004739
v -0.134393 0.729660 -0.017216
v -0.133724 0.729660 -0.023579
v -0.129698 0.729660 -0.039727
v -0.129141 0.729660 -0.041961
v -0.122045 0.729660 -0.059525
v -0.112573 0.729660 -0.075931
v -0.108949 0.729660 -0.080569
v -0.100910 0.729660 -0.090859
v -0.093727 0.729660 -0.097795
v -0.087282 0.729660 -0.104019
v -0.075889 0.729660 -0.112297
v -0.071956 0.729660 -0.115154
v -0.055907 0.729660 -0.123688
v -0.037428 0.729660 -0.130527
v -0.018898 0.729660 -0.134466
v -0.011494 0.729660 -0.134983
v 0.000000 0.729660 -0.135787
v 0.011494 0.729660 -0.134983
v 0.018898 0.729660 -0.134466
v 0.034176 0.729660 -0.131218
v 0.055230 0.729660 -0.124048
v 0.071956 0.729660 -0.115154
v 0.075889 0.729660 -0.112297
v 0.087282 0.729660 -0.104019
v 0.093727 0.729660 -0.097795
v 0.100910 0.729660 -0.090859
v 0.108949 0.729660 -0.080569
v 0.112573 0.729660 -0.075931
v 0.121150 0.729660 -0.061075
v 0.129141 0.729660 -0.041961
v 0.129698 0.729660 -0.039727
v 0.133724 0.729660 -0.023579
v 0.134393 0.729660 -0.017216
v 0.135704 0.729660 -0.004739
v 0.135338 0.729660 0.005752
v 0.135043 0.729660 0.014194
v 0.132509 0.729660 0.028567
v 0.131754 0.729660 0.032850
v 0.125979 0.729660 0.050624
v 0.117595 0.729660 0.067894
v 0.115449 0.729660 0.071075
v 0.107002 0.729660 0.083599
v 0.101692 0.729660 0.089496
v 0.094326 0.729660 0.097677
v 0.085107 0.729660 0.105412
v 0.079814 0.729660 0.109854
v 0.066134 0.729660 0.118402
v 0.063748 0.729660 0.119893
v 0.046442 0.729660 0.127598
v 0.045213 0.729660 0.127951
v 0.028232 0.729660 0.132820
v 0.022911 0.729660 0.133568
v 0.066081 0.770687 -0.118278
v 0.071956 0.770687 -0.115154
v 0.073708 0.769820 -0.117958
v 0.085213 0.770687 -0.105522
v 0.087282 0.770687 -0.104019
v 0.089407 0.769820 -0.106551
v 0.125689 0.770687 -0.050505
v 0.129141 0.770687 -0.041961
v 0.132285 0.769820 -0.042982
v 0.132486 0.770687 -0.028544
v 0.133724 0.770687 -0.023579
v 0.136980 0.769820 -0.024153
v 0.093934 0.770687 0.098006
v 0.079814 0.770687 0.109854
v 0.081757 0.769820 0.112529
v 0.075908 0.770687 0.112294
v 0.063748 0.770687 0.119893
v 0.065300 0.769820 0.122812
v -0.011498 0.770687 0.135172
v -0.028232 0.770687 0.132820
v -0.028919 0.769820 0.136054
v -0.135598 0.770687 -0.005756
v -0.133724 0.770687 -0.023579
v -0.136980 0.769820 -0.024153
v -0.132486 0.770687 -0.028544
v -0.129141 0.770687 -0.041961
v -0.132285 0.769820 -0.042982
v -0.125689 0.770687 -0.050505
v -0.122045 0.770687 -0.059525
v -0.125016 0.769820 -0.060974
v -0.047573 0.730528 0.130705
v -0.029568 0.731925 0.139105
v 0.056574 0.730528 -0.127068
v 0.089407 0.730528 -0.106551
v 0.103366 0.730528 -0.093071
v 0.136980 0.730528 -0.024153
v 0.120458 0.730528 0.069547
v 0.109607 0.730528 0.085634
v -0.109607 0.730528 0.085634
v -0.120458 0.730528 0.069547
v -0.134961 0.730528 0.033650
v -0.136980 0.730528 -0.024153
v -0.089407 0.730528 -0.106551
v -0.073708 0.730528 -0.117958
v -0.056574 0.730528 -0.127068
v -0.019358 0.730528 -0.137739
v -0.038339 0.730528 -0.133705
v -0.115313 0.730528 -0.077780
v -0.125016 0.730528 -0.060974
v -0.138331 0.730528 0.014539
v -0.081757 0.730528 0.112529
v -0.065300 0.730528 0.122812
v -0.009703 0.730528 0.138754
v 0.065300 0.730528 0.122812
v 0.081757 0.730528 0.112529
v 0.128965 0.730528 0.052105
v 0.134961 0.730528 0.033650
v 0.138331 0.730528 0.014539
v 0.125016 0.730528 -0.060974
v 0.115313 0.730528 -0.077780
v 0.073708 0.730528 -0.117958
v 0.038339 0.730528 -0.133705
v 0.019358 0.730528 -0.137739
v -0.019792 0.731925 -0.140828
v 0.000000 0.731925 -0.142212
v 0.000000 0.730528 -0.139093
v -0.010119 0.733812 0.144708
v -0.009920 0.731925 0.141866
v 0.010294 0.736141 0.147204
v 0.010119 0.733812 0.144708
v 0.009920 0.731925 0.141866
v 0.009703 0.730528 0.138754
v -0.020537 0.736141 -0.146128
v 0.000000 0.736141 -0.147564
v 0.000000 0.733812 -0.145062
v 0.031114 0.738847 0.146381
v 0.030680 0.736141 0.144339
v 0.030160 0.733812 0.141892
v 0.029568 0.731925 0.139105
v -0.020827 0.738847 -0.148195
v 0.000000 0.738847 -0.149651
v 0.051737 0.741858 0.142146
v 0.050470 0.736141 0.138664
v 0.049614 0.733812 0.136313
v 0.048640 0.731925 0.133636
v 0.047573 0.730528 0.130705
v 0.071534 0.745093 0.134535
v 0.071016 0.741858 0.133562
v 0.070257 0.738847 0.132134
v 0.069277 0.736141 0.130291
v 0.068102 0.733812 0.128082
v 0.089890 0.748465 0.123723
v 0.089561 0.745093 0.123271
v 0.088913 0.741858 0.122378
v 0.086736 0.736141 0.119381
v 0.085265 0.733812 0.117357
v 0.083590 0.731925 0.115052
v 0.106234 0.751883 0.110008
v 0.106234 0.748465 0.110008
v 0.105846 0.745093 0.109606
v 0.105080 0.741858 0.108813
v 0.103956 0.738847 0.107650
v 0.102506 0.736141 0.106148
v 0.100768 0.733812 0.104349
v 0.120070 0.755255 0.093809
v 0.120510 0.751883 0.094153
v 0.120510 0.748465 0.094153
v 0.120070 0.745093 0.093809
v 0.119201 0.741858 0.093130
v 0.117927 0.738847 0.092134
v 0.116282 0.736141 0.090849
v 0.114310 0.733812 0.089309
v 0.112065 0.731925 0.087555
v 0.131002 0.758490 0.075634
v 0.131957 0.755255 0.076185
v 0.132441 0.751883 0.076465
v 0.132441 0.748465 0.076465
v 0.131957 0.745093 0.076185
v 0.131002 0.741858 0.075634
v 0.127794 0.736141 0.073782
v 0.125627 0.733812 0.072531
v 0.123160 0.731925 0.071106
v 0.138754 0.761501 0.056060
v 0.141276 0.755255 0.057079
v 0.141794 0.751883 0.057289
v 0.141794 0.748465 0.057289
v 0.141276 0.745093 0.057079
v 0.140253 0.741858 0.056666
v 0.136819 0.736141 0.055278
v 0.134499 0.733812 0.054341
v 0.131857 0.731925 0.053274
v 0.143180 0.764207 0.035699
v 0.145206 0.761501 0.036204
v 0.147845 0.755255 0.036862
v 0.148387 0.751883 0.036997
v 0.148387 0.748465 0.036997
v 0.147845 0.745093 0.036862
v 0.146775 0.741858 0.036595
v 0.143180 0.736141 0.035699
v 0.140753 0.733812 0.035094
v 0.137988 0.731925 0.034404
v -0.020537 0.764207 -0.146128
v 0.000000 0.764207 -0.147564
v 0.000000 0.761501 -0.149651
v 0.144267 0.766535 0.015163
v 0.146755 0.764207 0.015425
v 0.148831 0.761501 0.015643
v 0.151536 0.755255 0.015927
v 0.152092 0.751883 0.015986
v 0.152092 0.748465 0.015986
v 0.151536 0.745093 0.015927
v 0.150439 0.741858 0.015812
v 0.146755 0.736141 0.015425
v 0.144267 0.733812 0.015163
v -0.041249 0.738847 -0.143854
v -0.041695 0.741858 -0.145408
v -0.061526 0.741858 -0.138190
v -0.061975 0.745093 -0.139198
v -0.080744 0.745093 -0.129218
v -0.081040 0.748465 -0.129692
v -0.098301 0.748465 -0.117151
v -0.098301 0.751883 -0.117151
v -0.113649 0.751883 -0.102330
v -0.113234 0.755255 -0.101956
v -0.126321 0.755255 -0.085205
v -0.125407 0.758490 -0.084588
v -0.135959 0.758490 -0.066312
v -0.142327 0.761501 -0.046245
v -0.140341 0.764207 -0.045600
v -0.145322 0.764207 -0.025624
v -0.142858 0.766535 -0.025190
v -0.144973 0.766535 -0.005063
v -0.142126 0.768423 -0.004963
v -0.135252 0.731925 -0.043946
v -0.140052 0.731925 -0.024695
v -0.142858 0.733812 -0.025190
v -0.144973 0.733812 -0.005063
v -0.147474 0.736141 -0.005150
v -0.146755 0.736141 0.015425
v -0.148831 0.738847 0.015643
v -0.145206 0.738847 0.036204
v -0.140253 0.741858 0.056666
v -0.141276 0.745093 0.057079
v -0.131957 0.745093 0.076185
v -0.132441 0.748465 0.076465
v -0.120510 0.748465 0.094153
v -0.120510 0.751883 0.094153
v -0.106234 0.751883 0.110008
v -0.105846 0.755255 0.109606
v -0.089561 0.755255 0.123271
v -0.088913 0.758490 0.122378
v -0.071016 0.758490 0.133562
v -0.070257 0.761501 0.132134
v -0.051184 0.761501 0.140626
v -0.050470 0.764207 0.138664
v -0.030680 0.764207 0.144339
v -0.030160 0.766535 0.141892
v -0.010119 0.766535 0.144708
v -0.009920 0.768423 0.141866
v -0.128965 0.730528 0.052105
v -0.123160 0.731925 0.071106
v -0.112065 0.731925 0.087555
v -0.114310 0.733812 0.089309
v -0.100768 0.733812 0.104349
v -0.102506 0.736141 0.106148
v -0.086736 0.736141 0.119381
v -0.087963 0.738847 0.121070
v -0.070257 0.738847 0.132134
v -0.071016 0.741858 0.133562
v -0.051737 0.741858 0.142146
v -0.052114 0.745093 0.143182
v -0.031680 0.745093 0.149041
v -0.031796 0.748465 0.149588
v -0.010668 0.748465 0.152557
v -0.010668 0.751883 0.152557
v 0.010668 0.751883 0.152557
v 0.010629 0.755255 0.152000
v 0.031680 0.755255 0.149041
v 0.031450 0.758490 0.147963
v 0.051737 0.758490 0.142146
v 0.070257 0.761501 0.132134
v 0.069277 0.764207 0.130291
v 0.086736 0.764207 0.119381
v 0.085265 0.766535 0.117357
v 0.100768 0.766535 0.104349
v 0.142126 0.768423 -0.004963
v 0.144973 0.766535 -0.005063
v 0.147474 0.764207 -0.005150
v 0.149560 0.761501 -0.005223
v 0.152278 0.755255 -0.005318
v 0.152837 0.751883 -0.005337
v 0.152837 0.748465 -0.005337
v 0.152278 0.745093 -0.005318
v 0.151176 0.741858 -0.005279
v 0.147474 0.736141 -0.005150
v 0.144973 0.733812 -0.005063
v 0.142126 0.731925 -0.004963
v 0.139008 0.730528 -0.004854
v -0.021052 0.741858 -0.149796
v -0.041999 0.745093 -0.146468
v -0.062202 0.748465 -0.139708
v -0.081040 0.751883 -0.129692
v -0.097942 0.755255 -0.116723
v -0.112414 0.758490 -0.101218
v -0.124066 0.761501 -0.083684
v -0.132629 0.764207 -0.064688
v -0.137962 0.766535 -0.044827
v -0.139008 0.769820 -0.004854
v -0.127820 0.731925 -0.062342
v -0.137962 0.733812 -0.044827
v -0.145322 0.736141 -0.025624
v -0.149560 0.738847 -0.005223
v -0.147845 0.745093 0.036862
v -0.141794 0.748465 0.057289
v -0.132441 0.751883 0.076465
v -0.120070 0.755255 0.093809
v -0.105080 0.758490 0.108813
v -0.069277 0.764207 0.130291
v -0.049614 0.766535 0.136313
v -0.029568 0.768423 0.139105
v -0.009703 0.769820 0.138754
v -0.131857 0.731925 0.053274
v -0.125627 0.733812 0.072531
v -0.116282 0.736141 0.090849
v -0.103956 0.738847 0.107650
v -0.071534 0.745093 0.134535
v -0.052305 0.748465 0.143707
v -0.031796 0.751883 0.149588
v -0.010629 0.755255 0.152000
v 0.010552 0.758490 0.150900
v 0.050470 0.764207 0.138664
v 0.068102 0.766535 0.128082
v 0.083590 0.768423 0.115052
v 0.096622 0.769820 0.100055
v 0.142858 0.766535 -0.025190
v 0.145322 0.764207 -0.025624
v 0.147378 0.761501 -0.025987
v 0.148970 0.758490 -0.026267
v 0.150056 0.755255 -0.026459
v 0.150606 0.751883 -0.026556
v 0.150606 0.748465 -0.026556
v 0.150056 0.745093 -0.026459
v 0.148970 0.741858 -0.026267
v 0.147378 0.738847 -0.025987
v 0.145322 0.736141 -0.025624
v 0.142858 0.733812 -0.025190
v 0.140052 0.731925 -0.024695
v -0.038339 0.769820 -0.133705
v -0.019358 0.769820 -0.137739
v -0.019792 0.768423 -0.140828
v -0.089407 0.769820 -0.106551
v -0.073708 0.769820 -0.117958
v -0.057843 0.768423 -0.129918
v -0.039984 0.766535 -0.139442
v -0.040674 0.764207 -0.141847
v -0.020827 0.761501 -0.148195
v -0.101854 0.770687 -0.089650
v -0.100910 0.770687 -0.090859
v -0.103366 0.769820 -0.093071
v -0.091412 0.768423 -0.108941
v -0.076871 0.766535 -0.123019
v -0.060020 0.764207 -0.134806
v -0.041249 0.761501 -0.143854
v -0.021052 0.758490 -0.149796
v 0.000000 0.755255 -0.152371
v -0.115313 0.769820 -0.077780
v -0.117899 0.768423 -0.079524
v -0.105684 0.768423 -0.095159
v -0.107802 0.766535 -0.097065
v -0.093244 0.766535 -0.111124
v -0.094852 0.764207 -0.113040
v -0.078197 0.764207 -0.125141
v -0.079303 0.761501 -0.126911
v -0.060869 0.761501 -0.136713
v -0.061526 0.758490 -0.138190
v -0.041695 0.758490 -0.145408
v -0.041999 0.755255 -0.146468
v -0.021206 0.755255 -0.150888
v -0.021284 0.751883 -0.151441
v 0.000000 0.751883 -0.152930
v 0.000000 0.748465 -0.152930
v -0.134961 0.769820 0.033650
v -0.138331 0.769820 0.014539
v -0.141433 0.768423 0.014865
v -0.039199 0.731925 -0.136703
v -0.059002 0.733812 -0.132520
v -0.060020 0.736141 -0.134806
v -0.078197 0.736141 -0.125141
v -0.079303 0.738847 -0.126911
v -0.096194 0.738847 -0.114639
v -0.097233 0.741858 -0.115878
v -0.112414 0.741858 -0.101218
v -0.113234 0.745093 -0.101956
v -0.126321 0.745093 -0.085205
v -0.126785 0.748465 -0.085517
v -0.137452 0.748465 -0.067040
v -0.137452 0.751883 -0.067040
v -0.145445 0.751883 -0.047258
v -0.144913 0.755255 -0.047085
v -0.150056 0.755255 -0.026459
v -0.148970 0.758490 -0.026267
v -0.151176 0.758490 -0.005279
v -0.148831 0.761501 0.015643
v -0.146755 0.764207 0.015425
v -0.143180 0.764207 0.035699
v -0.140753 0.766535 0.035094
v -0.134499 0.766535 0.054341
v -0.131857 0.768423 0.053274
v -0.123160 0.768423 0.071106
v -0.120458 0.769820 0.069547
v -0.109607 0.769820 0.085634
v -0.076871 0.733812 -0.123019
v -0.094852 0.736141 -0.113040
v -0.111212 0.738847 -0.100136
v -0.125407 0.741858 -0.084588
v -0.136950 0.745093 -0.066795
v -0.145445 0.748465 -0.047258
v -0.150606 0.751883 -0.026556
v -0.152278 0.755255 -0.005318
v -0.145206 0.761501 0.036204
v -0.136819 0.764207 0.055278
v -0.125627 0.766535 0.072531
v -0.096622 0.769820 0.100055
v -0.094326 0.770687 0.097677
v -0.075361 0.731925 -0.120603
v -0.091412 0.731925 -0.108941
v -0.093244 0.733812 -0.111124
v -0.107802 0.733812 -0.097065
v -0.109661 0.736141 -0.098739
v -0.122336 0.736141 -0.082517
v -0.124066 0.738847 -0.083684
v -0.134506 0.738847 -0.065603
v -0.143865 0.741858 -0.046744
v -0.144913 0.745093 -0.047085
v -0.150056 0.745093 -0.026459
v -0.150606 0.748465 -0.026556
v -0.152837 0.748465 -0.005337
v -0.152837 0.751883 -0.005337
v -0.152092 0.751883 0.015986
v -0.151536 0.755255 0.015927
v -0.147845 0.755255 0.036862
v -0.140253 0.758490 0.056666
v -0.129602 0.761501 0.074826
v -0.127794 0.764207 0.073782
v -0.116282 0.764207 0.090849
v -0.114310 0.766535 0.089309
v -0.100768 0.766535 0.104349
v -0.083590 0.768423 0.115052
v -0.081757 0.769820 0.112529
v -0.065300 0.769820 0.122812
v 0.028919 0.769820 0.136054
v 0.009703 0.769820 0.138754
v 0.009920 0.768423 0.141866
v 0.120458 0.769820 0.069547
v 0.109607 0.769820 0.085634
v -0.083590 0.731925 0.115052
v -0.066765 0.731925 0.125566
v -0.049614 0.733812 0.136313
v -0.050470 0.736141 0.138664
v -0.030680 0.736141 0.144339
v -0.031114 0.738847 0.146381
v -0.010439 0.738847 0.149287
v 0.010552 0.741858 0.150900
v 0.010629 0.745093 0.152000
v 0.031680 0.745093 0.149041
v 0.031796 0.748465 0.149588
v 0.052305 0.748465 0.143707
v 0.052305 0.751883 0.143707
v 0.071796 0.751883 0.135029
v 0.071534 0.755255 0.134535
v 0.089561 0.755255 0.123271
v 0.088913 0.758490 0.122378
v 0.105080 0.758490 0.108813
v 0.103956 0.761501 0.107650
v 0.117927 0.761501 0.092134
v 0.116282 0.764207 0.090849
v 0.127794 0.764207 0.073782
v 0.125627 0.766535 0.072531
v 0.134499 0.766535 0.054341
v 0.131857 0.768423 0.053274
v 0.137988 0.768423 0.034404
v 0.134961 0.769820 0.033650
v 0.138331 0.769820 0.014539
v -0.048640 0.731925 0.133636
v -0.030160 0.733812 0.141892
v -0.010294 0.736141 0.147204
v 0.052114 0.745093 0.143182
v 0.071796 0.748465 0.135029
v 0.089890 0.751883 0.123723
v 0.105846 0.755255 0.109606
v 0.119201 0.758490 0.093130
v 0.136819 0.764207 0.055278
v 0.140753 0.766535 0.035094
v 0.139008 0.769820 -0.004854
v 0.135704 0.770687 -0.004739
v 0.000000 0.766535 -0.145062
v 0.000000 0.768423 -0.142212
v 0.000000 0.769820 -0.139093
v -0.018898 0.770687 -0.134466
v 0.000000 0.770687 -0.135787
v -0.066081 0.770687 -0.118278
v -0.055230 0.770687 -0.124048
v -0.056574 0.769820 -0.127068
v -0.045125 0.770687 -0.127726
v -0.037428 0.770687 -0.130527
v -0.022902 0.770687 -0.133615
v -0.087282 0.770687 -0.104019
v -0.085213 0.770687 -0.105522
v -0.071956 0.770687 -0.115154
v -0.112573 0.770687 -0.075931
v -0.115387 0.770687 -0.071056
v -0.127820 0.768423 -0.062342
v -0.109661 0.764207 -0.098739
v -0.096194 0.761501 -0.114639
v -0.061975 0.755255 -0.139198
v -0.042153 0.751883 -0.147006
v -0.021284 0.748465 -0.151441
v 0.000000 0.745093 -0.152371
v -0.135252 0.768423 -0.043946
v -0.130380 0.766535 -0.063591
v -0.122336 0.764207 -0.082517
v -0.111212 0.761501 -0.100136
v -0.097233 0.758490 -0.115878
v -0.080744 0.755255 -0.129218
v -0.062202 0.751883 -0.139708
v -0.042153 0.748465 -0.147006
v -0.021206 0.745093 -0.150888
v -0.135043 0.770687 0.014194
v -0.120961 0.770687 0.060992
v -0.125900 0.770687 0.050867
v -0.137988 0.768423 0.034404
v -0.147474 0.764207 -0.005150
v -0.147378 0.761501 -0.025987
v -0.136950 0.755255 -0.066795
v -0.126785 0.751883 -0.085517
v -0.113649 0.748465 -0.102330
v -0.097942 0.745093 -0.116723
v -0.060869 0.738847 -0.136713
v -0.040674 0.736141 -0.141847
v -0.129539 0.770687 0.039665
v -0.131754 0.770687 0.032850
v -0.107002 0.770687 0.083599
v -0.109004 0.770687 0.080630
v -0.117595 0.770687 0.067894
v -0.079814 0.770687 0.109854
v -0.034135 0.770687 0.131127
v -0.046442 0.770687 0.127598
v -0.047573 0.769820 0.130705
v -0.066765 0.768423 0.125566
v -0.085265 0.766535 0.117357
v -0.102506 0.764207 0.106148
v -0.117927 0.761501 0.092134
v -0.141276 0.755255 0.057079
v -0.148387 0.751883 0.036997
v -0.152092 0.748465 0.015986
v -0.152278 0.745093 -0.005318
v -0.148970 0.741858 -0.026267
v -0.132629 0.736141 -0.064688
v -0.120261 0.733812 -0.081117
v -0.105684 0.731925 -0.095159
v -0.055797 0.770687 0.123433
v -0.063748 0.770687 0.119893
v -0.075908 0.770687 0.112294
v -0.048640 0.768423 0.133636
v -0.086736 0.764207 0.119381
v -0.103956 0.761501 0.107650
v -0.119201 0.758490 0.093130
v -0.131957 0.755255 0.076185
v -0.141794 0.751883 0.057289
v -0.148387 0.748465 0.036997
v -0.151536 0.745093 0.015927
v -0.147378 0.738847 -0.025987
v -0.140341 0.736141 -0.045600
v -0.130380 0.733812 -0.063591
v -0.103366 0.730528 -0.093071
v -0.009472 0.770687 0.135456
v 0.009472 0.770687 0.135456
v 0.055797 0.770687 0.123433
v 0.046442 0.770687 0.127598
v 0.047573 0.769820 0.130705
v 0.029568 0.768423 0.139105
v 0.010119 0.766535 0.144708
v -0.010294 0.764207 0.147204
v -0.031114 0.761501 0.146381
v -0.071534 0.755255 0.134535
v -0.089890 0.751883 0.123723
v -0.106234 0.748465 0.110008
v -0.120070 0.745093 0.093809
v -0.131002 0.741858 0.075634
v -0.143180 0.736141 0.035699
v -0.144267 0.733812 0.015163
v -0.142126 0.731925 -0.004963
v 0.034135 0.770687 0.131127
v 0.028232 0.770687 0.132820
v 0.011498 0.770687 0.135172
v 0.048640 0.768423 0.133636
v 0.030160 0.766535 0.141892
v 0.010294 0.764207 0.147204
v -0.010439 0.761501 0.149287
v -0.052114 0.755255 0.143182
v -0.071796 0.751883 0.135029
v -0.089890 0.748465 0.123723
v -0.105846 0.745093 0.109606
v -0.119201 0.741858 0.093130
v -0.136819 0.736141 0.055278
v -0.140753 0.733812 0.035094
v -0.139008 0.730528 -0.004854
v 0.049614 0.766535 0.136313
v 0.030680 0.764207 0.144339
v -0.031680 0.755255 0.149041
v -0.052305 0.751883 0.143707
v -0.071796 0.748465 0.135029
v -0.089561 0.745093 0.123271
v -0.105080 0.741858 0.108813
v -0.117927 0.738847 0.092134
v -0.127794 0.736141 0.073782
v -0.134499 0.733812 0.054341
v -0.137988 0.731925 0.034404
v 0.107002 0.770687 0.083599
v 0.129539 0.770687 0.039665
v 0.125900 0.770687 0.050867
v 0.123160 0.768423 0.071106
v 0.114310 0.766535 0.089309
v 0.102506 0.764207 0.106148
v 0.071016 0.758490 0.133562
v 0.052114 0.755255 0.143182
v 0.031796 0.751883 0.149588
v 0.010668 0.748465 0.152557
v -0.010629 0.745093 0.152000
v -0.069277 0.736141 0.130291
v -0.085265 0.733812 0.117357
v 0.120961 0.770687 0.060992
v 0.117595 0.770687 0.067894
v 0.109004 0.770687 0.080630
v 0.135043 0.770687 0.014194
v 0.131754 0.770687 0.032850
v 0.135252 0.731925 -0.043946
v 0.137962 0.733812 -0.044827
v 0.140341 0.736141 -0.045600
v 0.142327 0.738847 -0.046245
v 0.144913 0.745093 -0.047085
v 0.145445 0.748465 -0.047258
v 0.145445 0.751883 -0.047258
v 0.144913 0.755255 -0.047085
v 0.143865 0.758490 -0.046744
v 0.140341 0.764207 -0.045600
v 0.137962 0.766535 -0.044827
v 0.135252 0.768423 -0.043946
v 0.127820 0.731925 -0.062342
v 0.130380 0.733812 -0.063591
v 0.132629 0.736141 -0.064688
v 0.134506 0.738847 -0.065603
v 0.136950 0.745093 -0.066795
v 0.137452 0.748465 -0.067040
v 0.137452 0.751883 -0.067040
v 0.136950 0.755255 -0.066795
v 0.135959 0.758490 -0.066312
v 0.132629 0.764207 -0.064688
v 0.130380 0.766535 -0.063591
v 0.127820 0.768423 -0.062342
v 0.125016 0.769820 -0.060974
v 0.122045 0.770687 -0.059525
v 0.115313 0.769820 -0.077780
v 0.112573 0.770687 -0.075931
v 0.115387 0.770687 -0.071056
v 0.117900 0.731925 -0.079524
v 0.122336 0.736141 -0.082517
v 0.124066 0.738847 -0.083684
v 0.125407 0.741858 -0.084588
v 0.126321 0.745093 -0.085205
v 0.126785 0.748465 -0.085517
v 0.126785 0.751883 -0.085517
v 0.126321 0.755255 -0.085205
v 0.125407 0.758490 -0.084588
v 0.124066 0.761501 -0.083684
v 0.122336 0.764207 -0.082517
v 0.120261 0.766535 -0.081117
v 0.103366 0.769820 -0.093071
v 0.100910 0.770687 -0.090859
v 0.101854 0.770687 -0.089650
v 0.105685 0.731925 -0.095159
v 0.107802 0.733812 -0.097065
v 0.109661 0.736141 -0.098739
v 0.111212 0.738847 -0.100136
v 0.112414 0.741858 -0.101218
v 0.113234 0.745093 -0.101956
v 0.113649 0.748465 -0.102330
v 0.113649 0.751883 -0.102330
v 0.113234 0.755255 -0.101956
v 0.112414 0.758490 -0.101218
v 0.111212 0.761501 -0.100136
v 0.109661 0.764207 -0.098739
v 0.107802 0.766535 -0.097065
v 0.105685 0.768423 -0.095159
v 0.091412 0.731925 -0.108941
v 0.093244 0.733812 -0.111124
v 0.094852 0.736141 -0.113040
v 0.096194 0.738847 -0.114639
v 0.097233 0.741858 -0.115878
v 0.097942 0.745093 -0.116723
v 0.098301 0.748465 -0.117151
v 0.098301 0.751883 -0.117151
v 0.097942 0.755255 -0.116723
v 0.097233 0.758490 -0.115878
v 0.096194 0.761501 -0.114639
v 0.094852 0.764207 -0.113040
v 0.093244 0.766535 -0.111124
v 0.091412 0.768423 -0.108941
v 0.075361 0.731925 -0.120603
v 0.076871 0.733812 -0.123019
v 0.078197 0.736141 -0.125141
v 0.079303 0.738847 -0.126911
v 0.080744 0.745093 -0.129218
v 0.081040 0.748465 -0.129692
v 0.081040 0.751883 -0.129692
v 0.080744 0.755255 -0.129218
v 0.080160 0.758490 -0.128283
v 0.078197 0.764207 -0.125141
v 0.076871 0.766535 -0.123019
v 0.057843 0.731925 -0.129918
v 0.060020 0.736141 -0.134806
v 0.060869 0.738847 -0.136713
v 0.061526 0.741858 -0.138190
v 0.061975 0.745093 -0.139198
v 0.062202 0.748465 -0.139708
v 0.062202 0.751883 -0.139708
v 0.061975 0.755255 -0.139198
v 0.061526 0.758490 -0.138190
v 0.060869 0.761501 -0.136713
v 0.060020 0.764207 -0.134806
v 0.059002 0.766535 -0.132520
v 0.056574 0.769820 -0.127068
v 0.055230 0.770687 -0.124048
v 0.038339 0.769820 -0.133705
v 0.037428 0.770687 -0.130527
v 0.045125 0.770687 -0.127726
v 0.039199 0.731925 -0.136703
v 0.040674 0.736141 -0.141847
v 0.041249 0.738847 -0.143854
v 0.041695 0.741858 -0.145408
v 0.041999 0.745093 -0.146468
v 0.042153 0.748465 -0.147006
v 0.042153 0.751883 -0.147006
v 0.041999 0.755255 -0.146468
v 0.041695 0.758490 -0.145408
v 0.041249 0.761501 -0.143854
v 0.040674 0.764207 -0.141847
v 0.039984 0.766535 -0.139442
v 0.019358 0.769820 -0.137739
v 0.018898 0.770687 -0.134466
v 0.022902 0.770687 -0.133615
v 0.019792 0.731925 -0.140828
v 0.020537 0.736141 -0.146128
v 0.020827 0.738847 -0.148195
v 0.021052 0.741858 -0.149796
v 0.021206 0.745093 -0.150888
v 0.021284 0.748465 -0.151441
v 0.021284 0.751883 -0.151441
v 0.021206 0.755255 -0.150888
v 0.021052 0.758490 -0.149796
v 0.020827 0.761501 -0.148195
v 0.020537 0.764207 -0.146128
v 0.020189 0.766535 -0.143650
v 0.000000 0.774000 -0.117000
v -0.018768 0.774000 -0.115485
v -0.037050 0.774000 -0.110979
v -0.038920 0.774000 -0.110182
v -0.054373 0.774000 -0.103598
v -0.070287 0.774000 -0.093535
v -0.073331 0.774000 -0.090838
v -0.084381 0.774000 -0.081049
v -0.087597 0.774000 -0.077110
v -0.096289 0.774000 -0.066464
v -0.099341 0.774000 -0.061178
v -0.105704 0.774000 -0.050157
v -0.108229 0.774000 -0.043498
v -0.112381 0.774000 -0.032551
v -0.114009 0.774000 -0.024575
v -0.116147 0.774000 -0.014103
v -0.116516 0.774000 -0.004950
v -0.116905 0.774000 0.004711
v -0.115678 0.774000 0.014816
v -0.114636 0.774000 0.023403
v -0.111520 0.774000 0.034158
v -0.109397 0.774000 0.041489
v -0.104160 0.774000 0.052526
v -0.101325 0.774000 0.058500
v -0.093807 0.774000 0.069392
v -0.090629 0.774000 0.073996
v -0.080755 0.774000 0.084275
v -0.077585 0.774000 0.087576
v -0.065377 0.774000 0.096750
v -0.062533 0.774000 0.098887
v -0.048110 0.774000 0.106457
v -0.029446 0.774000 0.113118
v -0.009916 0.774000 0.116539
v -0.009415 0.774000 0.116621
v 0.009415 0.774000 0.116621
v 0.009916 0.774000 0.116539
v 0.028000 0.774000 0.113600
v 0.045860 0.774000 0.107638
v 0.062533 0.774000 0.098887
v 0.065377 0.774000 0.096750
v 0.077585 0.774000 0.087576
v 0.080755 0.774000 0.084275
v 0.090629 0.774000 0.073996
v 0.093807 0.774000 0.069392
v 0.101325 0.774000 0.058500
v 0.104160 0.774000 0.052526
v 0.109397 0.774000 0.041489
v 0.111520 0.774000 0.034158
v 0.114636 0.774000 0.023403
v 0.115678 0.774000 0.014816
v 0.116905 0.774000 0.004711
v 0.116516 0.774000 -0.004950
v 0.116147 0.774000 -0.014103
v 0.114009 0.774000 -0.024575
v 0.112381 0.774000 -0.032551
v 0.108229 0.774000 -0.043498
v 0.105704 0.774000 -0.050157
v 0.099341 0.774000 -0.061178
v 0.096289 0.774000 -0.066464
v 0.087597 0.774000 -0.077110
v 0.084381 0.774000 -0.081049
v 0.073331 0.774000 -0.090838
v 0.070287 0.774000 -0.093535
v 0.056950 0.774000 -0.101968
v 0.038920 0.774000 -0.110182
v 0.037050 0.774000 -0.110979
v 0.019755 0.774000 -0.115242
v 0.097882 0.828000 0.012536
v 0.096999 0.828000 0.019803
v 0.104563 0.815770 0.021347
v 0.094363 0.828000 0.028903
v 0.092567 0.828000 0.035106
v 0.099785 0.815770 0.037843
v 0.088135 0.828000 0.044445
v 0.085737 0.828000 0.049500
v 0.092422 0.815770 0.053360
v 0.079375 0.828000 0.058716
v 0.076686 0.828000 0.062612
v 0.082666 0.815770 0.067495
v 0.068332 0.828000 0.071310
v 0.065649 0.828000 0.074103
v 0.070769 0.815770 0.079881
v 0.055319 0.828000 0.081865
v 0.052912 0.828000 0.083674
v 0.057038 0.815770 0.090199
v 0.040709 0.828000 0.090079
v 0.041831 0.815770 0.098180
v 0.024916 0.828000 0.095715
v 0.025540 0.815770 0.103619
v -0.098590 0.828000 -0.004189
v -0.098278 0.828000 -0.011933
v -0.105942 0.815770 -0.012864
v -0.096469 0.828000 -0.020794
v -0.095091 0.828000 -0.027544
v -0.102507 0.815770 -0.029691
v -0.091579 0.828000 -0.036806
v -0.089442 0.828000 -0.042441
v -0.096416 0.815770 -0.045750
v -0.084058 0.828000 -0.051766
v -0.081475 0.828000 -0.056238
v -0.087829 0.815770 -0.060624
v -0.074120 0.828000 -0.065247
v -0.071399 0.828000 -0.068580
v -0.076967 0.815770 -0.073928
v -0.062050 0.828000 -0.076863
v -0.059473 0.828000 -0.079145
v -0.064111 0.815770 -0.085317
v -0.048189 0.828000 -0.086281
v -0.049595 0.815770 -0.094496
v 0.108310 0.788416 0.041077
v 0.113497 0.788416 0.023171
v 0.110110 0.802460 0.022479
v -0.104654 0.788416 -0.049659
v -0.111264 0.788416 -0.032228
v -0.107944 0.802460 -0.031267
v 0.018582 0.788416 -0.114338
v 0.100319 0.788416 0.057919
v 0.089729 0.788416 0.073261
v 0.076815 0.788416 0.086706
v 0.061911 0.788416 0.097905
v 0.045405 0.788416 0.106568
v 0.027722 0.788416 0.112472
v 0.009321 0.788416 0.115462
v -0.027722 0.788416 0.112472
v -0.115744 0.788416 0.004664
v -0.095333 0.788416 -0.065803
v -0.083543 0.788416 -0.080244
v -0.069589 0.788416 -0.092606
v -0.053833 0.788416 -0.102569
v -0.036682 0.788416 -0.109876
v -0.018582 0.788416 -0.114338
v -0.114993 0.788416 -0.013963
v -0.113497 0.788416 0.023171
v -0.108310 0.788416 0.041077
v -0.100319 0.788416 0.057919
v -0.089729 0.788416 0.073261
v -0.076815 0.788416 0.086706
v -0.061911 0.788416 0.097905
v -0.045405 0.788416 0.106568
v 0.114993 0.788416 -0.013963
v 0.111264 0.788416 -0.032228
v 0.104654 0.788416 -0.049659
v 0.095333 0.788416 -0.065803
v 0.083543 0.788416 -0.080244
v 0.069589 0.788416 -0.092606
v 0.053833 0.788416 -0.102569
v 0.036682 0.788416 -0.109876
v 0.000000 0.788416 -0.115838
v -0.111562 0.802460 -0.013546
v 0.106634 0.815770 0.004297
v 0.112290 0.802460 0.004525
v 0.115744 0.788416 0.004664
v 0.018027 0.802460 -0.110926
v 0.000000 0.802460 -0.112382
v -0.018027 0.802460 -0.110926
v -0.008587 0.815770 0.106374
v -0.025540 0.815770 0.103619
v -0.026895 0.802460 0.109116
v 0.008390 0.828000 0.098610
v 0.008587 0.815770 0.106374
v -0.009043 0.802460 0.112017
v 0.017119 0.815770 -0.105338
v 0.000000 0.815770 -0.106720
v -0.017119 0.815770 -0.105338
v -0.033795 0.815770 -0.101228
v -0.032932 0.828000 -0.093231
v -0.035588 0.802460 -0.106598
v -0.052226 0.802460 -0.099509
v -0.067512 0.802460 -0.089843
v -0.081050 0.802460 -0.077849
v -0.092488 0.802460 -0.063840
v -0.101531 0.802460 -0.048177
v -0.112290 0.802460 0.004525
v -0.106634 0.815770 0.004297
v -0.098920 0.828000 0.003986
v -0.104563 0.815770 0.021347
v -0.096999 0.828000 0.019803
v -0.097882 0.828000 0.012536
v -0.110110 0.802460 0.022479
v -0.099785 0.815770 0.037843
v -0.092567 0.828000 0.035106
v -0.094363 0.828000 0.028903
v -0.105079 0.802460 0.039851
v -0.092422 0.815770 0.053360
v -0.085737 0.828000 0.049500
v -0.088135 0.828000 0.044445
v -0.097325 0.802460 0.056191
v -0.082666 0.815770 0.067495
v -0.076686 0.828000 0.062612
v -0.079375 0.828000 0.058716
v -0.087051 0.802460 0.071075
v -0.070769 0.815770 0.079881
v -0.065649 0.828000 0.074103
v -0.068332 0.828000 0.071310
v -0.074523 0.802460 0.084119
v -0.057038 0.815770 0.090199
v -0.052912 0.828000 0.083674
v -0.055319 0.828000 0.081865
v -0.060064 0.802460 0.094984
v -0.041831 0.815770 0.098180
v -0.038805 0.828000 0.091078
v -0.044050 0.802460 0.103389
v -0.024916 0.828000 0.095715
v -0.007966 0.828000 0.098679
v 0.009043 0.802460 0.112017
v -0.009321 0.788416 0.115462
v 0.026895 0.802460 0.109116
v 0.044050 0.802460 0.103389
v 0.060064 0.802460 0.094984
v 0.074523 0.802460 0.084119
v 0.087051 0.802460 0.071075
v 0.097325 0.802460 0.056191
v 0.105079 0.802460 0.039851
v 0.098920 0.828000 0.003986
v 0.105942 0.815770 -0.012864
v 0.098278 0.828000 -0.011933
v 0.098590 0.828000 -0.004189
v 0.111562 0.802460 -0.013546
v 0.102507 0.815770 -0.029691
v 0.095091 0.828000 -0.027544
v 0.096469 0.828000 -0.020794
v 0.107944 0.802460 -0.031267
v 0.096416 0.815770 -0.045750
v 0.089442 0.828000 -0.042441
v 0.091579 0.828000 -0.036806
v 0.101531 0.802460 -0.048177
v 0.087829 0.815770 -0.060624
v 0.081475 0.828000 -0.056238
v 0.084058 0.828000 -0.051766
v 0.092488 0.802460 -0.063840
v 0.076967 0.815770 -0.073928
v 0.071399 0.828000 -0.068580
v 0.074120 0.828000 -0.065247
v 0.081050 0.802460 -0.077849
v 0.064111 0.815770 -0.085317
v 0.059473 0.828000 -0.079145
v 0.062050 0.828000 -0.076863
v 0.067512 0.802460 -0.089843
v 0.049595 0.815770 -0.094496
v 0.046008 0.828000 -0.087660
v 0.052226 0.802460 -0.099509
v 0.033795 0.815770 -0.101228
v 0.031350 0.828000 -0.093905
v 0.035588 0.802460 -0.106598
v 0.016715 0.828000 -0.097512
v -0.016715 0.828000 -0.097512
v 0.000000 0.828000 -0.099000
v 0.015881 0.864000 -0.097718
v 0.000000 0.864000 -0.099000
v -0.015881 0.864000 -0.097718
v -0.031350 0.864000 -0.093905
v -0.046008 0.864000 -0.087660
v -0.059473 0.864000 -0.079145
v -0.062050 0.864000 -0.076863
v -0.071399 0.864000 -0.068580
v -0.074120 0.864000 -0.065247
v -0.081475 0.864000 -0.056238
v -0.084058 0.864000 -0.051766
v -0.089442 0.864000 -0.042441
v -0.091579 0.864000 -0.036806
v -0.095091 0.864000 -0.027544
v -0.096469 0.864000 -0.020794
v -0.098278 0.864000 -0.011933
v -0.098590 0.864000 -0.004189
v -0.098920 0.864000 0.003986
v -0.097882 0.864000 0.012536
v -0.096999 0.864000 0.019803
v -0.094363 0.864000 0.028903
v -0.092567 0.864000 0.035106
v -0.088135 0.864000 0.044445
v -0.085737 0.864000 0.049500
v -0.079375 0.864000 0.058716
v -0.076686 0.864000 0.062612
v -0.068332 0.864000 0.071310
v -0.065649 0.864000 0.074103
v -0.055319 0.864000 0.081865
v -0.052912 0.864000 0.083674
v -0.040709 0.864000 0.090079
v -0.024916 0.864000 0.095715
v -0.008390 0.864000 0.098610
v 0.007966 0.864000 0.098679
v 0.023692 0.864000 0.096123
v 0.038805 0.864000 0.091078
v 0.052912 0.864000 0.083674
v 0.055319 0.864000 0.081865
v 0.065649 0.864000 0.074103
v 0.068332 0.864000 0.071310
v 0.076686 0.864000 0.062612
v 0.079375 0.864000 0.058716
v 0.085737 0.864000 0.049500
v 0.088135 0.864000 0.044445
v 0.092567 0.864000 0.035106
v 0.094363 0.864000 0.028903
v 0.096999 0.864000 0.019803
v 0.097882 0.864000 0.012536
v 0.098920 0.864000 0.003986
v 0.098590 0.864000 -0.004189
v 0.098278 0.864000 -0.011933
v 0.096469 0.864000 -0.020794
v 0.095091 0.864000 -0.027544
v 0.091579 0.864000 -0.036806
v 0.089442 0.864000 -0.042441
v 0.084058 0.864000 -0.051766
v 0.081475 0.864000 -0.056238
v 0.074120 0.864000 -0.065247
v 0.071399 0.864000 -0.068580
v 0.062050 0.864000 -0.076863
v 0.059473 0.864000 -0.079145
v 0.048189 0.864000 -0.086281
v 0.032932 0.864000 -0.093231
v 0.013481 0.900000 -0.098078
v 0.015853 0.900000 -0.097585
v 0.026710 0.900000 -0.095329
v 0.031279 0.900000 -0.093705
v 0.039442 0.900000 -0.090804
v 0.045902 0.900000 -0.087456
v 0.047384 0.899755 -0.090283
v 0.051439 0.900000 -0.084588
v 0.059366 0.900000 -0.078992
v 0.061253 0.899755 -0.081513
v 0.062478 0.900000 -0.076795
v 0.071341 0.900000 -0.068518
v 0.073536 0.899755 -0.070632
v 0.093284 0.900000 -0.033153
v 0.094873 0.900000 -0.027482
v 0.097937 0.899755 -0.028368
v 0.096929 0.900000 -0.020142
v 0.098062 0.900000 -0.011903
v 0.101219 0.899755 -0.012290
v 0.098769 0.900000 -0.006756
v 0.098769 0.900000 0.003986
v 0.101880 0.899755 0.004106
v 0.080880 0.900000 0.057091
v 0.076507 0.900000 0.062467
v 0.078981 0.899755 0.064486
v 0.072353 0.900000 0.067573
v 0.065515 0.900000 0.073959
v 0.062478 0.900000 0.076795
v 0.052853 0.900000 0.083590
v 0.054496 0.899755 0.086178
v 0.013481 0.900000 0.098078
v 0.007951 0.900000 0.098456
v 0.008205 0.899755 0.101632
v 0.000000 0.900000 0.099000
v -0.007951 0.900000 0.098456
v -0.008205 0.899755 0.101632
v -0.013480 0.900000 0.098078
v -0.023659 0.900000 0.095963
v -0.024401 0.899755 0.099000
v -0.062478 0.900000 0.076795
v -0.065515 0.900000 0.073959
v -0.072353 0.900000 0.067573
v -0.076507 0.900000 0.062467
v -0.078981 0.899755 0.064486
v -0.080880 0.900000 0.057091
v -0.085561 0.900000 0.049393
v -0.088302 0.899755 0.050981
v -0.092456 0.900000 0.035058
v -0.095337 0.899755 0.036156
v -0.096929 0.900000 -0.020142
v -0.094873 0.900000 -0.027482
v -0.097937 0.899755 -0.028368
v -0.093284 0.900000 -0.033153
v -0.089280 0.900000 -0.042370
v -0.062478 0.900000 -0.076795
v -0.059366 0.900000 -0.078992
v -0.061253 0.899755 -0.081513
v 0.008205 0.864245 0.101632
v 0.024401 0.864245 0.099000
v 0.025091 0.864975 0.101798
v 0.047384 0.864245 -0.090283
v 0.061253 0.864245 -0.081513
v 0.073536 0.864245 -0.070632
v 0.083914 0.864245 -0.057921
v 0.097937 0.864245 -0.028368
v 0.101219 0.864245 -0.012290
v -0.024401 0.864245 0.099000
v -0.039966 0.864245 0.093804
v -0.101219 0.864245 -0.012290
v -0.097937 0.864245 -0.028368
v -0.083914 0.864245 -0.057921
v -0.073536 0.864245 -0.070632
v -0.061253 0.864245 -0.081513
v -0.047384 0.864245 -0.090283
v -0.099902 0.864245 0.020395
v -0.095337 0.864245 0.036156
v -0.088302 0.864245 0.050981
v -0.078981 0.864245 0.064486
v -0.054496 0.864245 0.086178
v 0.039966 0.864245 0.093804
v 0.054496 0.864245 0.086178
v 0.078981 0.864245 0.064486
v 0.088302 0.864245 0.050981
v 0.095337 0.864245 0.036156
v 0.099902 0.864245 0.020395
v -0.016818 0.864975 -0.103487
v 0.000000 0.864975 -0.104845
v 0.042163 0.866169 0.098959
v -0.017255 0.866169 -0.106174
v 0.000000 0.866169 -0.107567
v 0.058821 0.867796 0.093018
v 0.000000 0.867796 -0.110056
v 0.074431 0.869809 0.084015
v 0.072981 0.867796 0.082378
v 0.071330 0.866169 0.080515
v 0.069525 0.864975 0.078477
v 0.088358 0.872155 0.072142
v 0.085250 0.867796 0.069604
v 0.083322 0.866169 0.068030
v 0.081213 0.864975 0.066308
v 0.100012 0.874769 0.057742
v 0.098787 0.872155 0.057034
v 0.095311 0.867796 0.055028
v 0.090798 0.864975 0.052422
v 0.108882 0.877581 0.041293
v 0.107979 0.874769 0.040951
v 0.106656 0.872155 0.040449
v 0.102904 0.867796 0.039026
v 0.100577 0.866169 0.038144
v 0.098031 0.864975 0.037178
v 0.114575 0.880514 0.023391
v 0.113150 0.874769 0.023100
v 0.111764 0.872155 0.022817
v 0.107832 0.867796 0.022014
v 0.105393 0.866169 0.021516
v 0.102726 0.864975 0.020972
v 0.116844 0.883486 0.004709
v 0.116844 0.880514 0.004709
v 0.116355 0.877581 0.004689
v 0.115390 0.874769 0.004650
v 0.113976 0.872155 0.004593
v 0.112152 0.869809 0.004520
v 0.109967 0.867796 0.004431
v 0.107480 0.866169 0.004331
v 0.104760 0.864975 0.004222
v 0.115600 0.886419 -0.014036
v 0.116086 0.883486 -0.014095
v 0.116086 0.880514 -0.014095
v 0.114642 0.874769 -0.013920
v 0.113237 0.872155 -0.013749
v 0.111425 0.869809 -0.013529
v 0.109253 0.867796 -0.013266
v 0.106783 0.866169 -0.012966
v 0.110924 0.889231 -0.032130
v 0.111852 0.886419 -0.032398
v 0.112322 0.883486 -0.032534
v 0.112322 0.880514 -0.032534
v 0.110924 0.874769 -0.032130
v 0.109565 0.872155 -0.031736
v 0.107811 0.869809 -0.031228
v 0.105711 0.867796 -0.030619
v 0.103320 0.866169 -0.029927
v 0.103056 0.891845 -0.048901
v 0.104334 0.889231 -0.049507
v 0.105206 0.886419 -0.049921
v 0.105648 0.883486 -0.050131
v 0.105648 0.880514 -0.050131
v 0.104334 0.874769 -0.049507
v 0.103056 0.872155 -0.048901
v 0.099430 0.867796 -0.047180
v 0.094722 0.864975 -0.044946
v 0.092374 0.894191 -0.063761
v 0.093877 0.891845 -0.064799
v 0.095041 0.889231 -0.065602
v 0.095836 0.886419 -0.066151
v 0.096239 0.883486 -0.066429
v 0.096239 0.880514 -0.066429
v 0.095041 0.874769 -0.065602
v 0.093877 0.872155 -0.064799
v 0.092374 0.869809 -0.063761
v 0.090574 0.867796 -0.062519
v 0.088526 0.866169 -0.061105
v 0.086285 0.864975 -0.059559
v 0.079373 0.896205 -0.076238
v 0.080950 0.894191 -0.077753
v 0.082267 0.891845 -0.079018
v 0.083983 0.886419 -0.080667
v 0.084336 0.883486 -0.081006
v 0.084336 0.880514 -0.081006
v 0.083287 0.874769 -0.079999
v 0.082267 0.872155 -0.079018
v 0.080950 0.869809 -0.077753
v 0.079373 0.867796 -0.076238
v -0.034063 0.866169 -0.102031
v -0.051145 0.867796 -0.097450
v -0.052162 0.869809 -0.099386
v -0.067429 0.869809 -0.089732
v -0.082267 0.872155 -0.079018
v -0.083287 0.874769 -0.079999
v -0.095041 0.874769 -0.065602
v -0.095836 0.877581 -0.066151
v -0.105206 0.877581 -0.049921
v -0.112322 0.880514 -0.032534
v -0.112322 0.883486 -0.032534
v -0.116086 0.883486 -0.014095
v -0.115600 0.886419 -0.014036
v -0.116355 0.886419 0.004689
v -0.115390 0.889231 0.004650
v -0.113150 0.889231 0.023100
v -0.111764 0.891845 0.022817
v -0.106656 0.891845 0.040449
v -0.104949 0.894191 0.039802
v -0.097205 0.894191 0.056122
v -0.095311 0.896205 0.055028
v -0.085250 0.896205 0.069604
v -0.083322 0.897830 0.068030
v 0.064620 0.897830 -0.085994
v 0.066115 0.896205 -0.087983
v 0.067429 0.894191 -0.089732
v 0.068526 0.891845 -0.091192
v 0.069376 0.889231 -0.092323
v 0.069956 0.886419 -0.093094
v 0.070250 0.883486 -0.093486
v 0.070250 0.880514 -0.093486
v 0.069376 0.874769 -0.092323
v 0.068526 0.872155 -0.091192
v 0.066115 0.867796 -0.087983
v 0.064620 0.866169 -0.085994
v 0.062985 0.864975 -0.083817
v -0.035544 0.869809 -0.106467
v -0.053011 0.872155 -0.101003
v -0.069376 0.874769 -0.092323
v -0.083983 0.877581 -0.080667
v -0.105648 0.883486 -0.050131
v -0.111852 0.886419 -0.032398
v -0.114642 0.889231 -0.013920
v -0.109975 0.894191 0.022451
v -0.102904 0.896205 0.039026
v -0.093156 0.897830 0.053784
v -0.086285 0.864975 -0.059559
v -0.088526 0.866169 -0.061105
v -0.097182 0.866169 -0.046113
v -0.105711 0.867796 -0.030619
v -0.107811 0.869809 -0.031228
v -0.111425 0.869809 -0.013529
v -0.113237 0.872155 -0.013749
v -0.113976 0.872155 0.004593
v -0.115390 0.874769 0.004650
v -0.113150 0.874769 0.023100
v -0.114096 0.877581 0.023293
v -0.108882 0.877581 0.041293
v -0.109339 0.880514 0.041467
v -0.101272 0.880514 0.058469
v -0.101272 0.883486 0.058469
v -0.090581 0.883486 0.073957
v -0.090202 0.886419 0.073648
v -0.077220 0.886419 0.087164
v -0.076580 0.889231 0.086441
v -0.061722 0.889231 0.097606
v -0.060966 0.891845 0.096410
v -0.044711 0.891845 0.104941
v -0.043996 0.894191 0.103261
v -0.026862 0.894191 0.108981
v -0.026338 0.896205 0.106858
v -0.008856 0.896205 0.109699
v -0.008656 0.897830 0.107218
v 0.008656 0.897830 0.107218
v -0.042163 0.866169 0.098959
v -0.025742 0.866169 0.104441
v -0.026338 0.867796 0.106858
v -0.008856 0.867796 0.109699
v -0.009032 0.869809 0.111879
v 0.009032 0.869809 0.111879
v 0.009179 0.872155 0.113699
v 0.027298 0.872155 0.110754
v 0.027637 0.874769 0.112128
v 0.045266 0.874769 0.106243
v 0.045644 0.877581 0.107131
v 0.062238 0.877581 0.098422
v 0.077545 0.880514 0.087530
v 0.077545 0.883486 0.087530
v 0.090581 0.883486 0.073957
v 0.090202 0.886419 0.073648
v 0.100848 0.886419 0.058225
v 0.100012 0.889231 0.057742
v 0.107979 0.889231 0.040951
v 0.111764 0.891845 0.022817
v 0.109975 0.894191 0.022451
v 0.112152 0.894191 0.004520
v 0.109253 0.896205 -0.013266
v 0.106783 0.897830 -0.012966
v 0.103320 0.897830 -0.029927
v 0.049989 0.897830 -0.095246
v 0.051145 0.896205 -0.097450
v 0.053010 0.891845 -0.101003
v 0.053668 0.889231 -0.102256
v 0.054117 0.886419 -0.103111
v 0.054344 0.883486 -0.103544
v 0.054344 0.880514 -0.103544
v 0.053668 0.874769 -0.102256
v 0.053010 0.872155 -0.101003
v 0.052162 0.869809 -0.099386
v 0.051145 0.867796 -0.097450
v 0.049989 0.866169 -0.095246
v -0.018005 0.869809 -0.110790
v -0.053668 0.874769 -0.102256
v -0.069956 0.877581 -0.093094
v -0.096239 0.883486 -0.066429
v -0.105206 0.886419 -0.049921
v -0.110924 0.889231 -0.032130
v -0.113237 0.891845 -0.013749
v -0.112152 0.894191 0.004520
v -0.107832 0.896205 0.022014
v -0.100577 0.897830 0.038144
v -0.090798 0.899025 0.052422
v -0.062985 0.864975 -0.083817
v -0.077578 0.866169 -0.074514
v -0.090574 0.867796 -0.062519
v -0.101406 0.869809 -0.048118
v -0.109565 0.872155 -0.031736
v -0.114642 0.874769 -0.013920
v -0.116355 0.877581 0.004689
v -0.109339 0.883486 0.041467
v -0.100848 0.886419 0.058225
v -0.089454 0.889231 0.073037
v -0.059990 0.894191 0.094867
v -0.025742 0.897830 0.104441
v -0.069525 0.864975 0.078477
v -0.057491 0.866169 0.090915
v -0.043138 0.867796 0.101249
v -0.026862 0.869809 0.108981
v -0.009179 0.872155 0.113699
v 0.009293 0.874769 0.115109
v 0.027868 0.877581 0.113065
v 0.062500 0.883486 0.098835
v 0.077220 0.886419 0.087164
v 0.089454 0.889231 0.073037
v 0.098787 0.891845 0.057034
v 0.104949 0.894191 0.039802
v 0.107832 0.896205 0.022014
v 0.107480 0.897830 0.004331
v 0.033201 0.899025 -0.099449
v 0.034063 0.897830 -0.102031
v 0.034851 0.896205 -0.104392
v 0.035544 0.894191 -0.106467
v 0.036122 0.891845 -0.108199
v 0.036570 0.889231 -0.109541
v 0.036876 0.886419 -0.110456
v 0.037031 0.883486 -0.110920
v 0.037031 0.880514 -0.110920
v 0.036570 0.874769 -0.109541
v 0.036122 0.872155 -0.108199
v 0.034851 0.867796 -0.104392
v 0.033201 0.864975 -0.099449
v -0.083914 0.899755 -0.057921
v -0.073536 0.899755 -0.070632
v -0.101880 0.899755 0.004106
v -0.101219 0.899755 -0.012290
v -0.103320 0.897830 -0.029927
v -0.097182 0.897830 -0.046113
v -0.099430 0.896205 -0.047180
v -0.090574 0.896205 -0.062519
v -0.080950 0.894191 -0.077753
v -0.082267 0.891845 -0.079018
v -0.068526 0.891845 -0.091192
v -0.069376 0.889231 -0.092323
v -0.053668 0.889231 -0.102256
v -0.054117 0.886419 -0.103111
v -0.036876 0.886419 -0.110456
v -0.037031 0.883486 -0.110920
v -0.018758 0.883486 -0.115424
v -0.018758 0.880514 -0.115424
v 0.000000 0.880514 -0.116939
v 0.000000 0.877581 -0.116449
v -0.039966 0.899755 0.093804
v -0.054496 0.899755 0.086178
v 0.039966 0.899755 0.093804
v 0.024401 0.899755 0.099000
v 0.025091 0.899025 0.101798
v -0.101880 0.864245 0.004106
v -0.102726 0.864975 0.020972
v -0.105393 0.866169 0.021516
v -0.100577 0.866169 0.038144
v -0.102904 0.867796 0.039026
v -0.095311 0.867796 0.055028
v -0.097205 0.869809 0.056122
v -0.086944 0.869809 0.070988
v -0.075642 0.872155 0.085382
v -0.076580 0.874769 0.086441
v -0.061722 0.874769 0.097606
v -0.062238 0.877581 0.098422
v -0.045644 0.877581 0.107131
v -0.027985 0.880514 0.113541
v -0.027985 0.883486 0.113541
v -0.009410 0.883486 0.116559
v -0.009370 0.886419 0.116072
v 0.009370 0.886419 0.116072
v 0.009293 0.889231 0.115109
v 0.027637 0.889231 0.112128
v 0.044711 0.891845 0.104941
v 0.043996 0.894191 0.103261
v 0.059990 0.894191 0.094867
v 0.058821 0.896205 0.093018
v 0.072981 0.896205 0.082378
v 0.071330 0.897830 0.080515
v 0.083322 0.897830 0.068030
v 0.090798 0.899025 0.052422
v 0.088302 0.899755 0.050981
v 0.095337 0.899755 0.036156
v 0.083914 0.899755 -0.057921
v 0.092118 0.899755 -0.043711
v 0.094722 0.899025 -0.044946
v -0.016356 0.899755 -0.100642
v -0.013480 0.900000 -0.098078
v 0.000000 0.889231 -0.115484
v -0.018298 0.891845 -0.112592
v -0.018005 0.894191 -0.110790
v 0.000000 0.894191 -0.112243
v -0.017654 0.896205 -0.108631
v -0.017255 0.897830 -0.106174
v 0.000000 0.897830 -0.107567
v -0.016818 0.899025 -0.103487
v 0.000000 0.899025 -0.104845
v 0.000000 0.900000 -0.099000
v -0.032288 0.899755 -0.096715
v -0.026710 0.900000 -0.095329
v -0.035544 0.894191 -0.106467
v -0.034851 0.896205 -0.104392
v -0.034063 0.897830 -0.102031
v -0.033201 0.899025 -0.099449
v -0.051439 0.900000 -0.084588
v -0.045902 0.900000 -0.087456
v -0.047384 0.899755 -0.090283
v -0.039442 0.900000 -0.090804
v -0.051145 0.896205 -0.097450
v -0.049989 0.897830 -0.095246
v -0.064620 0.897830 -0.085994
v -0.062985 0.899025 -0.083817
v -0.071341 0.900000 -0.068518
v -0.087901 0.900000 -0.045546
v -0.081419 0.900000 -0.056204
v -0.080880 0.900000 -0.057091
v -0.086285 0.899025 -0.059559
v -0.077578 0.897830 -0.074514
v -0.066115 0.896205 -0.087983
v -0.036122 0.891845 -0.108199
v -0.018525 0.889231 -0.113988
v 0.000000 0.886419 -0.116449
v -0.094722 0.899025 -0.044946
v -0.079373 0.896205 -0.076238
v -0.067429 0.894191 -0.089732
v -0.053011 0.891845 -0.101003
v -0.036570 0.889231 -0.109541
v -0.018680 0.886419 -0.114941
v 0.000000 0.883486 -0.116939
v -0.098062 0.900000 -0.011903
v -0.093284 0.900000 0.033153
v -0.096929 0.900000 0.020142
v -0.099902 0.899755 0.020395
v -0.106783 0.897830 -0.012966
v -0.105711 0.896205 -0.030619
v -0.101406 0.894191 -0.048118
v -0.093877 0.891845 -0.064799
v -0.069956 0.886419 -0.093094
v -0.054344 0.883486 -0.103544
v -0.037031 0.880514 -0.110920
v 0.000000 0.874769 -0.115484
v -0.098769 0.900000 0.006756
v -0.098769 0.900000 0.003986
v -0.098769 0.900000 -0.006756
v -0.102726 0.899025 0.020972
v -0.107480 0.897830 0.004331
v -0.109253 0.896205 -0.013266
v -0.103056 0.891845 -0.048901
v -0.095041 0.889231 -0.065602
v -0.083983 0.886419 -0.080667
v -0.070250 0.883486 -0.093486
v -0.054344 0.880514 -0.103544
v -0.018525 0.874769 -0.113988
v 0.000000 0.872155 -0.114069
v -0.098031 0.899025 0.037178
v -0.105393 0.897830 0.021516
v -0.104334 0.889231 -0.049507
v -0.095836 0.886419 -0.066151
v -0.084336 0.883486 -0.081006
v -0.036570 0.874769 -0.109541
v 0.000000 0.869809 -0.112243
v -0.071330 0.897830 0.080515
v -0.052853 0.900000 0.083590
v -0.026710 0.900000 0.095329
v -0.038790 0.900000 0.091036
v -0.057491 0.897830 0.090915
v -0.072981 0.896205 0.082378
v -0.098787 0.891845 0.057034
v -0.114096 0.886419 0.023293
v -0.116844 0.883486 0.004709
v -0.116086 0.880514 -0.014095
v -0.104334 0.874769 -0.049507
v -0.093877 0.872155 -0.064799
v -0.080950 0.869809 -0.077753
v -0.066115 0.867796 -0.087983
v -0.049989 0.866169 -0.095246
v -0.033201 0.864975 -0.099449
v -0.025091 0.899025 0.101798
v -0.042163 0.897830 0.098959
v -0.058821 0.896205 0.093018
v -0.074431 0.894191 0.084015
v -0.088358 0.891845 0.072142
v -0.100012 0.889231 0.057742
v -0.108882 0.886419 0.041293
v -0.114575 0.883486 0.023391
v -0.116844 0.880514 0.004709
v -0.110924 0.874769 -0.032130
v -0.092374 0.869809 -0.063761
v -0.064620 0.866169 -0.085994
v 0.023659 0.900000 0.095963
v 0.039442 0.900000 0.090804
v 0.026710 0.900000 0.095329
v 0.025742 0.897830 0.104441
v 0.008856 0.896205 0.109699
v -0.027298 0.891845 0.110754
v -0.062238 0.886419 0.098422
v -0.077545 0.883486 0.087530
v -0.090581 0.880514 0.073957
v -0.100848 0.877581 0.058225
v -0.107979 0.874769 0.040951
v -0.111764 0.872155 0.022817
v -0.112152 0.869809 0.004520
v -0.109253 0.867796 -0.013266
v -0.103320 0.866169 -0.029927
v -0.094722 0.864975 -0.044946
v 0.042163 0.897830 0.098959
v 0.026338 0.896205 0.106858
v -0.009179 0.891845 0.113699
v -0.045644 0.886419 0.107131
v -0.062500 0.883486 0.098835
v -0.077545 0.880514 0.087530
v -0.100012 0.874769 0.057742
v -0.106656 0.872155 0.040449
v -0.109967 0.867796 0.004431
v -0.106783 0.866169 -0.012966
v 0.057491 0.897830 0.090915
v 0.026862 0.894191 0.108981
v -0.027868 0.886419 0.113065
v -0.045836 0.883486 0.107581
v -0.089454 0.874769 0.073037
v -0.107832 0.867796 0.022014
v -0.107480 0.866169 0.004331
v 0.085561 0.900000 0.049393
v 0.098769 0.900000 0.006756
v 0.096929 0.900000 0.020142
v 0.099902 0.899755 0.020395
v 0.098031 0.899025 0.037178
v 0.093156 0.897830 0.053784
v 0.085250 0.896205 0.069604
v 0.074431 0.894191 0.084015
v 0.060966 0.891845 0.096410
v 0.027868 0.886419 0.113065
v 0.009410 0.883486 0.116559
v -0.009410 0.880514 0.116559
v -0.045266 0.874769 0.106243
v -0.060966 0.872155 0.096410
v -0.074431 0.869809 0.084015
v -0.085250 0.867796 0.069604
v -0.098031 0.864975 0.037178
v 0.093284 0.900000 0.033153
v 0.092456 0.900000 0.035058
v 0.102726 0.899025 0.020972
v 0.100577 0.897830 0.038144
v 0.095311 0.896205 0.055028
v 0.075642 0.891845 0.085382
v 0.061722 0.889231 0.097606
v 0.045644 0.886419 0.107131
v 0.027985 0.883486 0.113541
v 0.009410 0.880514 0.116559
v -0.027637 0.874769 0.112128
v -0.044711 0.872155 0.104941
v -0.072981 0.867796 0.082378
v -0.083322 0.866169 0.068030
v -0.090798 0.864975 0.052422
v 0.105393 0.897830 0.021516
v 0.102904 0.896205 0.039026
v 0.097205 0.894191 0.056122
v 0.088358 0.891845 0.072142
v 0.062238 0.886419 0.098422
v 0.045836 0.883486 0.107581
v -0.009293 0.874769 0.115109
v -0.043996 0.869809 0.103261
v -0.071330 0.866169 0.080515
v -0.081213 0.864975 0.066308
v 0.080880 0.900000 -0.057091
v 0.081419 0.900000 -0.056204
v 0.087901 0.900000 -0.045546
v 0.086285 0.899025 -0.059559
v 0.097182 0.897830 -0.046113
v 0.105711 0.896205 -0.030619
v 0.113976 0.891845 0.004593
v 0.113150 0.889231 0.023100
v 0.108882 0.886419 0.041293
v 0.101272 0.883486 0.058469
v 0.090581 0.880514 0.073957
v 0.061722 0.874769 0.097606
v 0.044711 0.872155 0.104941
v 0.008856 0.867796 0.109699
v -0.008656 0.866169 0.107218
v -0.025091 0.864975 0.101798
v 0.099430 0.896205 -0.047180
v 0.113237 0.891845 -0.013749
v 0.114096 0.886419 0.023293
v 0.109339 0.883486 0.041467
v 0.101272 0.880514 0.058469
v 0.076580 0.874769 0.086441
v 0.060966 0.872155 0.096410
v 0.043996 0.869809 0.103261
v 0.026338 0.867796 0.106858
v 0.008656 0.866169 0.107218
v -0.008436 0.864975 0.104505
v 0.062985 0.899025 -0.083817
v 0.077578 0.897830 -0.074514
v 0.101406 0.894191 -0.048118
v 0.114642 0.889231 -0.013920
v 0.116355 0.886419 0.004689
v 0.114575 0.883486 0.023391
v 0.109339 0.880514 0.041467
v 0.100848 0.877581 0.058225
v 0.089454 0.874769 0.073037
v 0.075642 0.872155 0.085382
v 0.043138 0.867796 0.101249
v 0.025742 0.866169 0.104441
v 0.016818 0.864975 -0.103487
v 0.017255 0.866169 -0.106174
v 0.018005 0.869809 -0.110790
v 0.018525 0.874769 -0.113988
v 0.018680 0.877581 -0.114941
v 0.018758 0.883486 -0.115424
v 0.018680 0.886419 -0.114941
v 0.018525 0.889231 -0.113988
v 0.018298 0.891845 -0.112592
v 0.018005 0.894191 -0.110790
v 0.017654 0.896205 -0.108631
v 0.017255 0.897830 -0.106174
v 0.016818 0.899025 -0.103487
v -0.027069 0.940256 -0.096609
v -0.013662 0.940256 -0.099395
v -0.039971 0.940256 -0.092023
v -0.052130 0.940256 -0.085724
v -0.063317 0.940256 -0.077827
v -0.073324 0.940256 -0.068480
v -0.081966 0.940256 -0.057858
v -0.089081 0.940256 -0.046158
v -0.094537 0.940256 -0.033598
v -0.098231 0.940256 -0.020413
v -0.100096 0.940256 -0.006847
v -0.100096 0.940256 0.006847
v -0.098231 0.940256 0.020413
v -0.094537 0.940256 0.033598
v -0.089081 0.940256 0.046158
v -0.081966 0.940256 0.057858
v -0.073324 0.940256 0.068480
v -0.063317 0.940256 0.077827
v -0.052130 0.940256 0.085724
v -0.039971 0.940256 0.092023
v -0.027069 0.940256 0.096609
v -0.013662 0.940256 0.099395
v 0.000000 0.940256 0.100330
v 0.013662 0.940256 0.099395
v 0.027069 0.940256 0.096609
v 0.039971 0.940256 0.092023
v 0.052130 0.940256 0.085724
v 0.063317 0.940256 0.077827
v 0.073325 0.940256 0.068480
v 0.081966 0.940256 0.057858
v 0.089081 0.940256 0.046158
v 0.094537 0.940256 0.033598
v 0.098231 0.940256 0.020413
v 0.100096 0.940256 0.006847
v 0.100096 0.940256 -0.006847
v 0.098231 0.940256 -0.020413
v 0.094537 0.940256 -0.033598
v 0.089081 0.940256 -0.046158
v 0.081966 0.940256 -0.057858
v 0.073325 0.940256 -0.068480
v 0.063317 0.940256 -0.077827
v 0.052130 0.940256 -0.085724
v 0.039971 0.940256 -0.092023
v 0.027069 0.940256 -0.096609
v 0.013662 0.940256 -0.099395
v 0.000000 0.940256 -0.100330
v 0.014204 0.980337 -0.103341
v 0.028143 0.980337 -0.100445
v 0.041558 0.980337 -0.095677
v 0.054199 0.980337 -0.089127
v 0.065830 0.980337 -0.080917
v 0.076235 0.980337 -0.071199
v 0.085220 0.980337 -0.060155
v 0.092618 0.980337 -0.047991
v 0.098290 0.980337 -0.034932
v 0.102131 0.980337 -0.021223
v 0.104070 0.980337 -0.007119
v 0.104070 0.980337 0.007119
v 0.102131 0.980337 0.021223
v 0.098290 0.980337 0.034932
v 0.092618 0.980337 0.047991
v 0.085220 0.980337 0.060155
v 0.076235 0.980337 0.071199
v 0.065830 0.980337 0.080917
v 0.054199 0.980337 0.089127
v 0.041558 0.980337 0.095677
v 0.028143 0.980337 0.100445
v 0.014204 0.980337 0.103341
v 0.000000 0.980337 0.104313
v -0.014204 0.980337 0.103341
v -0.028143 0.980337 0.100445
v -0.041558 0.980337 0.095677
v -0.054199 0.980337 0.089127
v -0.065830 0.980337 0.080917
v -0.076235 0.980337 0.071199
v -0.085220 0.980337 0.060155
v -0.092618 0.980337 0.047991
v -0.098290 0.980337 0.034932
v -0.102131 0.980337 0.021223
v -0.104070 0.980337 0.007119
v -0.104070 0.980337 -0.007119
v -0.102131 0.980337 -0.021223
v -0.098290 0.980337 -0.034932
v -0.092618 0.980337 -0.047991
v -0.085220 0.980337 -0.060155
v -0.076235 0.980337 -0.071199
v -0.065830 0.980337 -0.080917
v -0.054199 0.980337 -0.089127
v -0.041558 0.980337 -0.095677
v -0.028143 0.980337 -0.100445
v -0.014204 0.980337 -0.103341
v 0.000000 0.980337 -0.104313
v 0.015105 1.020068 -0.109899
v 0.029929 1.020068 -0.106818
v 0.044195 1.020068 -0.101748
v 0.057638 1.020068 -0.094782
v 0.070008 1.020068 -0.086051
v 0.081073 1.020068 -0.075717
v 0.090628 1.020068 -0.063972
v 0.098495 1.020068 -0.051036
v 0.104527 1.020068 -0.037149
v 0.108612 1.020068 -0.022570
v 0.110673 1.020068 -0.007570
v 0.110673 1.020068 0.007570
v 0.108612 1.020068 0.022570
v 0.104527 1.020068 0.037149
v 0.098495 1.020068 0.051036
v 0.090628 1.020068 0.063972
v 0.081073 1.020068 0.075717
v 0.070008 1.020068 0.086051
v 0.057638 1.020068 0.094782
v 0.044195 1.020068 0.101748
v 0.029929 1.020068 0.106818
v 0.015105 1.020068 0.109899
v 0.000000 1.020068 0.110932
v -0.015105 1.020068 0.109899
v -0.029929 1.020068 0.106818
v -0.044195 1.020068 0.101748
v -0.057638 1.020068 0.094782
v -0.070008 1.020068 0.086051
v -0.081073 1.020068 0.075717
v -0.090628 1.020068 0.063972
v -0.098495 1.020068 0.051036
v -0.104527 1.020068 0.037149
v -0.108612 1.020068 0.022570
v -0.110673 1.020068 0.007570
v -0.110673 1.020068 -0.007570
v -0.108612 1.020068 -0.022570
v -0.104527 1.020068 -0.037149
v -0.098495 1.020068 -0.051036
v -0.090628 1.020068 -0.063972
v -0.081073 1.020068 -0.075717
v -0.070008 1.020068 -0.086051
v -0.057638 1.020068 -0.094782
v -0.044195 1.020068 -0.101748
v -0.029929 1.020068 -0.106818
v -0.015105 1.020068 -0.109899
v 0.000000 1.020068 -0.110932
v 0.016362 1.059275 -0.119039
v 0.032418 1.059275 -0.115703
v 0.047871 1.059275 -0.110211
v 0.062432 1.059275 -0.102666
v 0.075830 1.059275 -0.093208
v 0.087816 1.059275 -0.082014
v 0.098166 1.059275 -0.069293
v 0.106687 1.059275 -0.055281
v 0.113220 1.059275 -0.040239
v 0.117645 1.059275 -0.024447
v 0.119878 1.059275 -0.008200
v 0.119878 1.059275 0.008200
v 0.117645 1.059275 0.024447
v 0.113220 1.059275 0.040239
v 0.106687 1.059275 0.055281
v 0.098166 1.059275 0.069293
v 0.087816 1.059275 0.082014
v 0.075830 1.059275 0.093208
v 0.062432 1.059275 0.102666
v 0.047871 1.059275 0.110211
v 0.032418 1.059275 0.115702
v 0.016362 1.059275 0.119039
v 0.000000 1.059275 0.120158
v -0.016362 1.059275 0.119039
v -0.032418 1.059275 0.115702
v -0.047871 1.059275 0.110211
v -0.062432 1.059275 0.102666
v -0.075830 1.059275 0.093208
v -0.087816 1.059275 0.082014
v -0.098166 1.059275 0.069293
v -0.106687 1.059275 0.055281
v -0.113220 1.059275 0.040239
v -0.117645 1.059275 0.024447
v -0.119878 1.059275 0.008200
v -0.119878 1.059275 -0.008200
v -0.117645 1.059275 -0.024447
v -0.113220 1.059275 -0.040239
v -0.106687 1.059275 -0.055281
v -0.098166 1.059275 -0.069293
v -0.087816 1.059275 -0.082014
v -0.075830 1.059275 -0.093208
v -0.062432 1.059275 -0.102666
v -0.047871 1.059275 -0.110211
v -0.032418 1.059275 -0.115703
v -0.016362 1.059275 -0.119039
v 0.000000 1.059275 -0.120158
v 0.017967 1.097788 -0.130723
v 0.035600 1.097788 -0.127059
v 0.052570 1.097788 -0.121028
v 0.068560 1.097788 -0.112742
v 0.083273 1.097788 -0.102356
v 0.096435 1.097788 -0.090064
v 0.107801 1.097788 -0.076094
v 0.117158 1.097788 -0.060706
v 0.124333 1.097788 -0.044188
v 0.129192 1.097788 -0.026846
v 0.131644 1.097788 -0.009005
v 0.131644 1.097788 0.009005
v 0.129192 1.097788 0.026846
v 0.124333 1.097788 0.044188
v 0.117158 1.097788 0.060706
v 0.107801 1.097788 0.076094
v 0.096435 1.097788 0.090064
v 0.083273 1.097788 0.102356
v 0.068560 1.097788 0.112742
v 0.052570 1.097788 0.121028
v 0.035600 1.097788 0.127059
v 0.017967 1.097788 0.130723
v 0.000000 1.097788 0.131952
v -0.017967 1.097788 0.130723
v -0.035600 1.097788 0.127059
v -0.052570 1.097788 0.121028
v -0.068560 1.097788 0.112742
v -0.083273 1.097788 0.102356
v -0.096435 1.097788 0.090064
v -0.107801 1.097788 0.076094
v -0.117158 1.097788 0.060706
v -0.124333 1.097788 0.044188
v -0.129192 1.097788 0.026846
v -0.131644 1.097788 0.009005
v -0.131644 1.097788 -0.009005
v -0.129192 1.097788 -0.026846
v -0.124333 1.097788 -0.044188
v -0.117158 1.097788 -0.060706
v -0.107801 1.097788 -0.076094
v -0.096435 1.097788 -0.090064
v -0.083273 1.097788 -0.102356
v -0.068560 1.097788 -0.112742
v -0.052570 1.097788 -0.121028
v -0.035600 1.097788 -0.127059
v -0.017967 1.097788 -0.130723
v 0.000000 1.097788 -0.131952
v 0.019916 1.135439 -0.144899
v 0.039461 1.135439 -0.140837
v 0.058270 1.135439 -0.134152
v 0.075995 1.135439 -0.124968
v 0.092303 1.135439 -0.113456
v 0.106893 1.135439 -0.099831
v 0.119491 1.135439 -0.084346
v 0.129863 1.135439 -0.067289
v 0.137816 1.135439 -0.048980
v 0.143202 1.135439 -0.029758
v 0.145920 1.135439 -0.009981
v 0.145920 1.135439 0.009981
v 0.143202 1.135439 0.029758
v 0.137816 1.135439 0.048980
v 0.129863 1.135439 0.067289
v 0.119491 1.135439 0.084346
v 0.106893 1.135439 0.099831
v 0.092303 1.135439 0.113456
v 0.075995 1.135439 0.124968
v 0.058270 1.135439 0.134152
v 0.039461 1.135439 0.140837
v 0.019916 1.135439 0.144899
v 0.000000 1.135439 0.146261
v -0.019916 1.135439 0.144899
v -0.039461 1.135439 0.140837
v -0.058270 1.135439 0.134152
v -0.075995 1.135439 0.124968
v -0.092303 1.135439 0.113456
v -0.106893 1.135439 0.099831
v -0.119491 1.135439 0.084346
v -0.129863 1.135439 0.067289
v -0.137816 1.135439 0.048980
v -0.143202 1.135439 0.029758
v -0.145920 1.135439 0.009981
v -0.145920 1.135439 -0.009981
v -0.143202 1.135439 -0.029758
v -0.137816 1.135439 -0.048980
v -0.129863 1.135439 -0.067289
v -0.119491 1.135439 -0.084346
v -0.106893 1.135439 -0.099831
v -0.092303 1.135439 -0.113456
v -0.075995 1.135439 -0.124968
v -0.058270 1.135439 -0.134152
v -0.039461 1.135439 -0.140837
v -0.019916 1.135439 -0.144899
v 0.000000 1.135439 -0.146261
v 0.022198 1.172063 -0.161505
v 0.043983 1.172063 -0.156978
v 0.064949 1.172063 -0.149527
v 0.084704 1.172063 -0.139290
v 0.102882 1.172063 -0.126459
v 0.119143 1.172063 -0.111272
v 0.133185 1.172063 -0.094012
v 0.144746 1.172063 -0.075001
v 0.153610 1.172063 -0.054593
v 0.159613 1.172063 -0.033168
v 0.162643 1.172063 -0.011125
v 0.162643 1.172063 0.011125
v 0.159613 1.172063 0.033168
v 0.153610 1.172063 0.054593
v 0.144746 1.172063 0.075001
v 0.133185 1.172063 0.094012
v 0.119143 1.172063 0.111272
v 0.102882 1.172063 0.126459
v 0.084704 1.172063 0.139290
v 0.064949 1.172063 0.149527
v 0.043983 1.172063 0.156978
v 0.022198 1.172063 0.161505
v 0.000000 1.172063 0.163023
v -0.022198 1.172063 0.161505
v -0.043983 1.172063 0.156978
v -0.064949 1.172063 0.149527
v -0.084704 1.172063 0.139290
v -0.102882 1.172063 0.126459
v -0.119143 1.172063 0.111272
v -0.133185 1.172063 0.094012
v -0.144746 1.172063 0.075001
v -0.153610 1.172063 0.054593
v -0.159613 1.172063 0.033168
v -0.162643 1.172063 0.011125
v -0.162643 1.172063 -0.011125
v -0.159613 1.172063 -0.033168
v -0.153610 1.172063 -0.054593
v -0.144746 1.172063 -0.075001
v -0.133185 1.172063 -0.094012
v -0.119143 1.172063 -0.111272
v -0.102882 1.172063 -0.126459
v -0.084704 1.172063 -0.139290
v -0.064949 1.172063 -0.149527
v -0.043983 1.172063 -0.156978
v -0.022198 1.172063 -0.161505
v 0.000000 1.172063 -0.163023
v 0.022318 1.174969 -0.162373
v 0.044219 1.174969 -0.157821
v 0.065298 1.174969 -0.150330
v 0.085159 1.174969 -0.140039
v 0.103435 1.174969 -0.127138
v 0.119783 1.174969 -0.111870
v 0.133901 1.174969 -0.094517
v 0.145524 1.174969 -0.075404
v 0.154436 1.174969 -0.054886
v 0.160471 1.174969 -0.033346
v 0.163517 1.174969 -0.011185
v 0.163517 1.174969 0.011185
v 0.160471 1.174969 0.033346
v 0.154436 1.174969 0.054886
v 0.145524 1.174969 0.075404
v 0.133901 1.174969 0.094517
v 0.119783 1.174969 0.111870
v 0.103435 1.174969 0.127138
v 0.085159 1.174969 0.140039
v 0.065298 1.174969 0.150330
v 0.044219 1.174969 0.157821
v 0.022318 1.174969 0.162373
v 0.000000 1.174969 0.163899
v -0.022318 1.174969 0.162373
v -0.044219 1.174969 0.157821
v -0.065298 1.174969 0.150330
v -0.085159 1.174969 0.140039
v -0.103435 1.174969 0.127138
v -0.119783 1.174969 0.111870
v -0.133901 1.174969 0.094517
v -0.145524 1.174969 0.075404
v -0.154436 1.174969 0.054886
v -0.160471 1.174969 0.033346
v -0.163517 1.174969 0.011185
v -0.163517 1.174969 -0.011185
v -0.160471 1.174969 -0.033346
v -0.154436 1.174969 -0.054886
v -0.145524 1.174969 -0.075404
v -0.133901 1.174969 -0.094517
v -0.119783 1.174969 -0.111870
v -0.103435 1.174969 -0.127138
v -0.085159 1.174969 -0.140039
v -0.065298 1.174969 -0.150330
v -0.044219 1.174969 -0.157821
v -0.022318 1.174969 -0.162373
v 0.000000 1.174969 -0.163899
v 0.085087 1.178001 -0.139919
v 0.160334 1.178001 -0.033318
v 0.160334 1.178001 0.033318
v 0.085087 1.178001 0.139919
v -0.085087 1.178001 0.139919
v -0.160334 1.178001 0.033318
v -0.160334 1.178001 -0.033318
v -0.085087 1.178001 -0.139919
v 0.022237 1.179456 -0.161788
v 0.044060 1.179456 -0.157253
v 0.065063 1.179456 -0.149789
v 0.084853 1.179456 -0.139535
v 0.103062 1.179456 -0.126681
v 0.119352 1.179456 -0.111467
v 0.133419 1.179456 -0.094177
v 0.145000 1.179456 -0.075133
v 0.153880 1.179456 -0.054689
v 0.159893 1.179456 -0.033226
v 0.162929 1.179456 -0.011145
v 0.162929 1.179456 0.011145
v 0.159893 1.179456 0.033226
v 0.153880 1.179456 0.054689
v 0.145000 1.179456 0.075133
v 0.133419 1.179456 0.094177
v 0.119352 1.179456 0.111467
v 0.103062 1.179456 0.126681
v 0.084853 1.179456 0.139535
v 0.065063 1.179456 0.149789
v 0.044060 1.179456 0.157253
v 0.022237 1.179456 0.161788
v 0.000000 1.179456 0.163309
v -0.022237 1.179456 0.161788
v -0.044060 1.179456 0.157253
v -0.065063 1.179456 0.149789
v -0.084853 1.179456 0.139535
v -0.103062 1.179456 0.126681
v -0.119352 1.179456 0.111467
v -0.133419 1.179456 0.094177
v -0.145000 1.179456 0.075133
v -0.153880 1.179456 0.054689
v -0.159893 1.179456 0.033226
v -0.162929 1.179456 0.011145
v -0.162929 1.179456 -0.011145
v -0.159893 1.179456 -0.033226
v -0.153880 1.179456 -0.054689
v -0.145000 1.179456 -0.075133
v -0.133419 1.179456 -0.094177
v -0.119352 1.179456 -0.111467
v -0.103062 1.179456 -0.126681
v -0.084853 1.179456 -0.139535
v -0.065063 1.179456 -0.149789
v -0.044060 1.179456 -0.157253
v -0.022237 1.179456 -0.161788
v 0.000000 1.179456 -0.163309
v 0.144388 1.180814 -0.074816
v 0.144388 1.180814 0.074816
v -0.144388 1.180814 0.074816
v -0.144388 1.180814 -0.074816
v 0.022020 1.182036 -0.160206
v 0.043629 1.182036 -0.155715
v 0.064426 1.182036 -0.148324
v 0.132114 1.182036 -0.093256
v 0.152375 1.182036 -0.054154
v 0.152375 1.182036 0.054154
v 0.132114 1.182036 0.093256
v 0.064426 1.182036 0.148324
v 0.043629 1.182036 0.155715
v 0.022020 1.182036 0.160206
v -0.022020 1.182036 0.160206
v -0.043629 1.182036 0.155715
v -0.064426 1.182036 0.148324
v -0.132114 1.182036 0.093256
v -0.152375 1.182036 0.054154
v -0.152375 1.182036 -0.054154
v -0.132114 1.182036 -0.093256
v -0.064426 1.182036 -0.148324
v -0.043629 1.182036 -0.155715
v -0.022020 1.182036 -0.160206
v 0.021870 1.183088 -0.159115
v 0.043332 1.183088 -0.154655
v 0.063987 1.183088 -0.147314
v 0.083451 1.183088 -0.137229
v 0.101359 1.183088 -0.124587
v 0.117380 1.183088 -0.109625
v 0.131214 1.183088 -0.092621
v 0.142604 1.183088 -0.073891
v 0.151337 1.183088 -0.053785
v 0.157251 1.183088 -0.032677
v 0.160236 1.183088 -0.010960
v 0.160236 1.183088 0.010960
v 0.157251 1.183088 0.032677
v 0.151337 1.183088 0.053785
v 0.142604 1.183088 0.073891
v 0.131214 1.183088 0.092621
v 0.117380 1.183088 0.109625
v 0.101359 1.183088 0.124587
v 0.083451 1.183088 0.137229
v 0.063987 1.183088 0.147314
v 0.043332 1.183088 0.154655
v 0.021870 1.183088 0.159115
v 0.000000 1.183088 0.160610
v -0.021870 1.183088 0.159115
v -0.043332 1.183088 0.154655
v -0.063987 1.183088 0.147314
v -0.083451 1.183088 0.137229
v -0.101359 1.183088 0.124587
v -0.117380 1.183088 0.109625
v -0.131214 1.183088 0.092621
v -0.142604 1.183088 0.073891
v -0.151337 1.183088 0.053785
v -0.157251 1.183088 0.032677
v -0.160236 1.183088 0.010960
v -0.160236 1.183088 -0.010960
v -0.157251 1.183088 -0.032677
v -0.151337 1.183088 -0.053785
v -0.142604 1.183088 -0.073891
v -0.131214 1.183088 -0.092621
v -0.117380 1.183088 -0.109625
v -0.101359 1.183088 -0.124587
v -0.083451 1.183088 -0.137229
v -0.063987 1.183088 -0.147314
v -0.043332 1.183088 -0.154655
v -0.021870 1.183088 -0.159115
v 0.000000 1.183088 -0.160610
v 0.021698 1.183939 -0.157863
v 0.082794 1.183939 -0.136150
v 0.100562 1.183939 -0.123608
v 0.116457 1.183939 -0.108763
v 0.150147 1.183939 -0.053362
v 0.156015 1.183939 -0.032420
v 0.156015 1.183939 0.032420
v 0.150147 1.183939 0.053362
v 0.116457 1.183939 0.108763
v 0.100562 1.183939 0.123608
v 0.082794 1.183939 0.136150
v 0.021698 1.183939 0.157863
v 0.000000 1.183939 0.159347
v -0.021698 1.183939 0.157863
v -0.082794 1.183939 0.136150
v -0.100562 1.183939 0.123608
v -0.116457 1.183939 0.108763
v -0.150147 1.183939 0.053362
v -0.156015 1.183939 0.032420
v -0.156015 1.183939 -0.032420
v -0.150147 1.183939 -0.053362
v -0.116457 1.183939 -0.108763
v -0.100562 1.183939 -0.123608
v -0.082794 1.183939 -0.136150
v -0.021698 1.183939 -0.157863
v 0.000000 1.183939 -0.159348
v 0.042617 1.184565 -0.152102
v 0.140250 1.184565 -0.072671
v 0.140250 1.184565 0.072671
v 0.042617 1.184565 0.152102
v -0.042617 1.184565 0.152102
v -0.140250 1.184565 0.072671
v -0.140250 1.184565 -0.072671
v -0.042617 1.184565 -0.152102
v 0.021308 1.184948 -0.155028
v 0.062344 1.184948 -0.143530
v 0.127844 1.184948 -0.090242
v 0.147450 1.184948 -0.052404
v 0.156120 1.184948 -0.010679
v 0.156120 1.184948 0.010679
v 0.147450 1.184948 0.052404
v 0.127844 1.184948 0.090242
v 0.062344 1.184948 0.143530
v 0.021308 1.184948 0.155028
v -0.021308 1.184948 0.155028
v -0.062344 1.184948 0.143530
v -0.127844 1.184948 0.090242
v -0.147450 1.184948 0.052404
v -0.156120 1.184948 0.010679
v -0.156120 1.184948 -0.010679
v -0.147450 1.184948 -0.052404
v -0.127844 1.184948 -0.090242
v -0.062344 1.184948 -0.143530
v -0.021308 1.184948 -0.155028
v 0.080519 1.185077 -0.132407
v 0.097798 1.185077 -0.120210
v 0.151726 1.185077 -0.031529
v 0.151726 1.185077 0.031529
v 0.097798 1.185077 0.120210
v 0.080519 1.185077 0.132407
v 0.000000 1.185077 0.154968
v -0.080519 1.185077 0.132407
v -0.097798 1.185077 0.120210
v -0.151726 1.185077 0.031529
v -0.151726 1.185077 -0.031529
v -0.097798 1.185077 -0.120210
v -0.080519 1.185077 -0.132407
v 0.000000 1.185077 -0.154968
v 0.067249 1.272825 0.036000
v 0.070563 1.335357 0.036000
v 0.064192 1.270807 0.036000
v 0.062876 1.257000 0.036000
v 0.061958 1.258387 0.036000
v 0.061318 1.266617 0.036000
v 0.061643 1.267388 0.036000
v -0.067249 1.336366 0.036000
v -0.070563 1.273833 0.036000
v -0.065527 1.337335 0.036000
v -0.064192 1.338383 0.036000
v -0.061318 1.342574 0.036000
v -0.061643 1.341802 0.036000
v 0.106032 1.273995 0.036000
v 0.106032 1.335195 0.036000
v 0.072587 1.273995 0.036000
v 0.069033 1.273491 0.036000
v 0.089042 1.222401 0.036000
v 0.072745 1.244159 0.036000
v -0.061916 1.389530 0.036000
v -0.085914 1.382573 0.036000
v -0.072745 1.365032 0.036000
v -0.106032 1.335195 0.036000
v -0.106032 1.273995 0.036000
v -0.072587 1.335195 0.036000
v 0.060698 1.263398 0.036000
v -0.063360 1.269970 0.036000
v 0.061916 1.389530 0.036000
v 0.037370 1.394203 0.036000
v 0.012493 1.396550 0.036000
v -0.066585 1.272494 0.036000
v 0.072744 1.365031 0.036000
v 0.085914 1.382573 0.036000
v 0.061235 1.260007 0.036000
v 0.068620 1.335827 0.036000
v -0.061958 1.350803 0.036000
v -0.012493 1.396550 0.036000
v -0.037370 1.394203 0.036000
v -0.060698 1.345793 0.036000
v 0.066585 1.336697 0.036000
v 0.064992 1.337719 0.036000
v -0.061235 1.349183 0.036000
v -0.068376 1.273281 0.036000
v -0.089042 1.222401 0.036000
v -0.072744 1.244159 0.036000
v -0.062876 1.257000 0.036000
v 0.062327 1.340572 0.036000
v -0.062327 1.268618 0.036000
v 0.062876 1.352190 0.036000
v -0.061392 1.259582 0.036000
v -0.061126 1.260341 0.036000
v 0.061126 1.348849 0.036000
v 0.060921 1.348067 0.036000
v -0.060710 1.263719 0.036000
v 0.061310 1.342595 0.036000
v -0.061310 1.266595 0.036000
v -0.067249 1.272825 -0.036000
v -0.070563 1.335357 -0.036000
v -0.064192 1.270807 -0.036000
v -0.062876 1.257000 -0.036000
v -0.061958 1.258387 -0.036000
v -0.061318 1.266617 -0.036000
v -0.061643 1.267388 -0.036000
v 0.067249 1.336366 -0.036000
v 0.070563 1.273833 -0.036000
v 0.065527 1.337335 -0.036000
v 0.064192 1.338383 -0.036000
v 0.061318 1.342574 -0.036000
v 0.061643 1.341802 -0.036000
v -0.066585 1.336697 -0.036000
v -0.064992 1.337719 -0.036000
v -0.106032 1.273995 -0.036000
v -0.106032 1.335195 -0.036000
v -0.072587 1.273995 -0.036000
v -0.069033 1.273491 -0.036000
v -0.089042 1.222401 -0.036000
v -0.072745 1.244159 -0.036000
v 0.061916 1.389530 -0.036000
v 0.085914 1.382573 -0.036000
v 0.072745 1.365032 -0.036000
v -0.072744 1.365031 -0.036000
v -0.085914 1.382573 -0.036000
v -0.061916 1.389530 -0.036000
v 0.106032 1.335195 -0.036000
v 0.106032 1.273995 -0.036000
v 0.072587 1.335195 -0.036000
v -0.060698 1.263398 -0.036000
v -0.061235 1.260007 -0.036000
v -0.068376 1.335909 -0.036000
v 0.061958 1.350803 -0.036000
v -0.012493 1.396550 -0.036000
v 0.012493 1.396550 -0.036000
v 0.037370 1.394203 -0.036000
v 0.060698 1.345793 -0.036000
v 0.063360 1.269970 -0.036000
v -0.037370 1.394203 -0.036000
v 0.066585 1.272494 -0.036000
v 0.061235 1.349183 -0.036000
v 0.068376 1.273281 -0.036000
v 0.062327 1.268618 -0.036000
v -0.062876 1.352190 -0.036000
v 0.089042 1.222401 -0.036000
v 0.072744 1.244159 -0.036000
v 0.062876 1.257000 -0.036000
v -0.062327 1.340572 -0.036000
v 0.061392 1.259582 -0.036000
v 0.061126 1.260341 -0.036000
v -0.061126 1.348849 -0.036000
v -0.060921 1.348067 -0.036000
v 0.060710 1.263719 -0.036000
v -0.061310 1.342595 -0.036000
v 0.061310 1.266595 -0.036000
v 0.065688 1.259191 -0.034643
v 0.075767 1.246456 -0.034440
v 0.089532 1.223038 -0.035944
v 0.073412 1.244667 -0.035934
v 0.090942 1.227234 -0.033699
v 0.065369 1.262096 -0.033503
v 0.065278 1.263883 -0.033530
v 0.066675 1.266074 -0.032601
v 0.061490 1.265061 -0.035967
v 0.066320 1.269152 -0.035308
v 0.069891 1.269474 -0.034124
v 0.071306 1.269204 -0.033280
v 0.090942 1.227234 0.033699
v 0.090426 1.224707 0.035394
v 0.094360 1.224581 0.022820
v 0.093711 1.222929 -0.022663
v 0.096897 1.225467 -0.007680
v 0.096897 1.225467 0.007680
v 0.106032 1.272327 -0.035735
v 0.106032 1.269186 -0.033050
v 0.072978 1.260880 -0.011602
v 0.069956 1.261728 0.022798
v 0.065565 1.262617 0.033013
v 0.066101 1.265291 0.032813
v 0.070160 1.265278 0.022864
v 0.073201 1.268294 -0.023870
v 0.069891 1.264417 -0.022791
v 0.072980 1.260880 0.011588
v 0.072666 1.261728 0.011538
v 0.072878 1.265278 0.011572
v 0.073291 1.266081 0.011638
v 0.073577 1.261728 -0.000007
v 0.073791 1.265278 -0.000007
v 0.072664 1.261728 -0.011552
v 0.072876 1.265278 -0.011585
v 0.073289 1.266081 -0.011651
v 0.076206 1.246788 0.033804
v 0.074064 1.245161 0.035739
v 0.065788 1.259268 0.034541
v 0.109223 1.273995 -0.034957
v 0.109058 1.269830 -0.032230
v 0.109134 1.270893 -0.033749
v 0.072587 1.272326 0.035736
v 0.072587 1.269184 0.033052
v 0.065326 1.264124 0.033516
v 0.061445 1.264838 0.035967
v 0.065946 1.268876 0.035328
v 0.110472 1.335195 -0.033661
v 0.114036 1.271544 -0.016126
v 0.108460 1.269230 0.031301
v 0.111700 1.269184 0.015795
v 0.112811 1.269184 0.000000
v 0.111700 1.269184 -0.015795
v 0.109157 1.269693 0.031502
v 0.113053 1.270177 0.015987
v 0.113533 1.269626 0.000000
v 0.106032 1.272327 0.035735
v 0.110928 1.336786 -0.032230
v 0.108802 1.339742 -0.031399
v 0.106718 1.339528 -0.033749
v 0.109134 1.338297 -0.033749
v 0.110472 1.273995 0.033661
v 0.109067 1.273009 0.034957
v 0.072587 1.336864 -0.035736
v 0.072587 1.340007 -0.033052
v 0.114357 1.336864 0.016171
v 0.110967 1.336864 0.032024
v 0.110924 1.340331 0.015686
v 0.107635 1.340331 0.031063
v 0.110924 1.340331 -0.015686
v 0.112028 1.340331 0.000000
v 0.113533 1.339564 0.000000
v 0.113053 1.339013 -0.015987
v 0.109223 1.335195 0.034957
v 0.069272 1.341276 -0.031682
v 0.065438 1.344666 -0.033483
v 0.065326 1.345066 -0.033516
v 0.062027 1.344459 -0.035867
v 0.067672 1.340512 -0.034404
v 0.065392 1.348899 -0.034307
v 0.065472 1.348263 -0.033889
v 0.106032 1.336864 0.035735
v 0.109450 1.336937 0.034400
v 0.073412 1.364524 -0.035934
v 0.074064 1.364030 -0.035739
v 0.072978 1.348310 0.011602
v 0.071703 1.341767 -0.023367
v 0.065656 1.347031 0.032979
v 0.069788 1.346574 0.022757
v 0.073201 1.340896 0.023870
v 0.069270 1.341275 0.031683
v 0.069956 1.347463 -0.022798
v 0.072980 1.348310 -0.011588
v 0.073895 1.348310 0.000007
v 0.072878 1.343912 -0.011572
v 0.073291 1.343109 -0.011638
v 0.073791 1.343912 0.000007
v 0.072876 1.343912 0.011585
v 0.073289 1.343109 0.011651
v 0.072587 1.336864 0.035736
v 0.072587 1.340007 0.033052
v 0.090604 1.381136 -0.032858
v 0.090235 1.385423 -0.032139
v 0.087484 1.385444 -0.034895
v 0.089245 1.384650 -0.034308
v 0.089417 1.380801 -0.034308
v 0.065230 1.345717 0.033545
v 0.065857 1.348860 0.033801
v 0.065354 1.348037 0.033916
v 0.064978 1.348186 0.034378
v 0.065506 1.343667 0.033881
v -0.086469 1.384197 -0.035720
v 0.062503 1.391980 -0.035376
v -0.037611 1.395903 -0.035720
v -0.062503 1.391980 -0.035376
v -0.037724 1.396698 -0.035376
v 0.037611 1.395903 -0.035720
v 0.037724 1.396698 -0.035376
v -0.012677 1.400453 -0.034327
v 0.012677 1.400453 -0.034327
v 0.093859 1.387273 0.000000
v 0.090970 1.381976 0.032401
v 0.095158 1.381976 0.016440
v 0.094674 1.380252 -0.016357
v 0.094792 1.384622 0.016377
v 0.089939 1.385846 0.032033
v 0.094389 1.385423 -0.016308
v 0.096467 1.383765 0.000000
v 0.076205 1.362401 0.033804
v 0.073412 1.364524 0.035934
v -0.090780 1.381955 -0.032858
v -0.089152 1.386649 -0.032033
v -0.089417 1.380801 -0.034308
v -0.089550 1.384053 -0.034308
v 0.086742 1.384088 0.035716
v 0.089111 1.383273 0.034895
v 0.089245 1.384650 0.034308
v -0.065688 1.349999 -0.034643
v -0.075767 1.362734 -0.034440
v -0.073412 1.364524 -0.035934
v -0.095158 1.381976 -0.016440
v -0.096077 1.380252 0.000000
v -0.094674 1.380252 0.016357
v -0.090506 1.380250 0.032236
v -0.094792 1.384622 -0.016377
v -0.090235 1.385423 0.032139
v -0.094389 1.385423 0.016308
v -0.093859 1.387273 0.000000
v -0.062503 1.391980 0.035376
v -0.086469 1.384197 0.035720
v -0.037827 1.397427 0.034908
v -0.037611 1.395903 0.035720
v -0.012677 1.400453 0.034327
v 0.062503 1.391980 0.035376
v 0.012677 1.400453 0.034327
v 0.037919 1.398072 0.034327
v 0.037611 1.395903 0.035720
v -0.065369 1.347094 -0.033503
v -0.065278 1.345307 -0.033530
v -0.066675 1.343116 -0.032601
v -0.061507 1.347939 -0.035967
v -0.065674 1.341291 -0.035018
v -0.065354 1.348037 -0.033916
v -0.070035 1.340155 -0.033503
v -0.069891 1.339716 -0.034124
v -0.089417 1.380801 0.034308
v -0.089550 1.384053 0.034308
v -0.106032 1.336864 -0.035735
v -0.106032 1.340004 -0.033050
v -0.072978 1.348310 -0.011602
v -0.070254 1.348310 -0.022909
v -0.069956 1.347463 0.022798
v -0.066051 1.348004 0.032831
v -0.065901 1.344284 0.032887
v -0.070160 1.343912 0.022864
v -0.073201 1.340896 -0.023870
v -0.072980 1.348310 0.011588
v -0.073895 1.348310 -0.000007
v -0.072878 1.343912 0.011572
v -0.073291 1.343109 0.011638
v -0.073791 1.343912 -0.000007
v -0.072876 1.343912 -0.011585
v -0.073289 1.343109 -0.011651
v -0.074064 1.364030 0.035739
v -0.073412 1.364524 0.035934
v -0.065788 1.349922 0.034541
v -0.109223 1.335195 -0.034957
v -0.109058 1.339360 -0.032230
v -0.109134 1.338297 -0.033749
v -0.072587 1.336864 0.035736
v -0.072587 1.340007 0.033052
v -0.065326 1.345066 0.033516
v -0.061435 1.347581 0.035967
v -0.066418 1.342481 0.033672
v -0.065472 1.348263 0.033889
v -0.076206 1.246788 -0.033804
v -0.090949 1.227069 -0.033851
v -0.090661 1.225386 -0.035037
v -0.074064 1.245161 -0.035739
v -0.065788 1.259268 -0.034542
v -0.072587 1.272326 -0.035736
v -0.106032 1.272327 -0.035735
v -0.072587 1.269184 -0.033052
v -0.106032 1.269186 -0.033050
v -0.109223 1.273995 -0.034957
v -0.114036 1.337647 -0.016126
v -0.110924 1.340331 -0.015686
v -0.110924 1.340331 0.015686
v -0.107635 1.340331 0.031063
v -0.112028 1.340331 0.000000
v -0.109157 1.339497 0.031502
v -0.113053 1.339013 0.015987
v -0.113533 1.339564 0.000000
v -0.106032 1.336864 0.035735
v -0.093197 1.222207 -0.022539
v -0.090880 1.226471 0.034306
v -0.094477 1.225467 0.022849
v -0.090436 1.224757 0.035361
v -0.096897 1.225467 0.007680
v -0.096897 1.225467 -0.007680
v -0.069272 1.267914 -0.031682
v -0.065630 1.265007 -0.033426
v -0.065326 1.264124 -0.033516
v -0.061445 1.264838 -0.035967
v -0.065946 1.268876 -0.035328
v -0.110928 1.272404 -0.032230
v -0.109134 1.270893 -0.033749
v -0.110472 1.335195 0.033661
v -0.109450 1.336937 0.034400
v -0.074683 1.245632 0.035420
v -0.073412 1.244667 0.035934
v -0.066221 1.259606 0.033943
v -0.072978 1.260880 0.011602
v -0.071703 1.267423 -0.023367
v -0.065656 1.262159 0.032979
v -0.069788 1.262616 0.022757
v -0.073201 1.268294 0.023870
v -0.069270 1.267915 0.031683
v -0.069956 1.261728 -0.022798
v -0.072980 1.260880 -0.011588
v -0.072666 1.261728 -0.011538
v -0.072878 1.265278 -0.011572
v -0.073291 1.266081 -0.011638
v -0.073577 1.261728 0.000007
v -0.073791 1.265278 0.000007
v -0.072664 1.261728 0.011552
v -0.072876 1.265278 0.011585
v -0.073289 1.266081 0.011651
v -0.114357 1.272326 0.016171
v -0.110967 1.272326 0.032024
v -0.108388 1.269184 0.031280
v -0.111700 1.269184 -0.015795
v -0.112811 1.269184 0.000000
v -0.111700 1.269184 0.015795
v -0.113533 1.269626 0.000000
v -0.113053 1.270177 -0.015987
v -0.110472 1.273995 0.033661
v -0.065230 1.263473 0.033545
v -0.065168 1.261580 0.033959
v -0.065506 1.265524 0.033881
v -0.069891 1.269474 0.034124
v -0.071306 1.269204 0.033280
v -0.106032 1.272327 0.035735
v -0.109067 1.273009 0.034957
s 1
f 1 2 3
f 4 5 6
f 7 8 9
f 9 10 7
f 7 10 11
f 7 11 12
f 12 11 13
f 12 13 14
f 14 13 15
f 14 15 16
f 16 15 17
f 16 17 18
f 18 17 19
f 18 19 20
f 20 19 21
f 20 21 22
f 22 21 23
f 22 23 24
f 24 23 25
f 24 25 26
f 26 25 27
f 26 27 28
f 28 27 29
f 28 29 30
f 30 29 31
f 30 31 32
f 32 31 33
f 32 33 34
f 34 33 36
f 36 33 37
f 36 37 35
f 6 5 38
f 5 39 38
f 38 39 40
f 38 40 37
f 37 40 41
f 37 41 35
f 4 6 42
f 42 6 43
f 42 43 44
f 44 43 45
f 44 45 46
f 46 45 47
f 47 45 48
f 47 48 49
f 50 51 52
f 49 48 53
f 53 48 52
f 53 52 54
f 54 52 51
f 52 55 50
f 50 55 56
f 50 56 57
f 57 56 58
f 57 58 59
f 59 58 60
f 59 60 61
f 61 60 62
f 61 62 63
f 63 62 64
f 63 64 65
f 65 64 66
f 65 66 67
f 67 66 68
f 67 68 69
f 69 68 70
f 69 70 71
f 71 70 72
f 71 72 73
f 73 72 74
f 73 74 75
f 75 74 76
f 75 76 77
f 77 76 78
f 77 78 79
f 79 78 81
f 81 78 82
f 81 82 80
f 3 2 83
f 2 84 83
f 83 84 85
f 83 85 82
f 82 85 86
f 82 86 80
f 1 3 87
f 87 3 88
f 87 88 89
f 89 88 90
f 89 90 91
f 91 90 92
f 92 90 93
f 92 93 94
f 94 93 95
f 95 93 9
f 95 9 96
f 96 9 8
f 97 98 99
f 99 98 100
f 99 100 101
f 101 100 102
f 101 102 103
f 103 102 104
f 103 104 105
f 105 104 106
f 105 106 107
f 107 106 108
f 107 108 109
f 109 108 110
f 109 110 111
f 111 110 112
f 111 112 113
f 113 112 114
f 113 114 115
f 115 114 116
f 115 116 117
f 117 116 118
f 117 118 119
f 119 118 120
f 119 120 121
f 121 120 122
f 121 122 123
f 123 122 124
f 123 124 125
f 125 124 126
f 125 126 127
f 127 126 128
f 127 128 129
f 129 128 130
f 129 130 131
f 131 130 132
f 131 132 133
f 133 132 134
f 133 134 135
f 135 134 136
f 135 136 137
f 137 136 138
f 137 138 139
f 139 138 140
f 139 140 141
f 141 140 142
f 141 142 143
f 143 142 144
f 143 144 145
f 145 144 146
f 145 146 147
f 147 146 148
f 147 148 149
f 149 148 150
f 149 150 151
f 151 150 152
f 151 152 153
f 153 152 154
f 153 154 155
f 155 154 156
f 155 156 157
f 157 156 158
f 157 158 159
f 159 158 160
f 159 160 161
f 161 160 162
f 161 162 163
f 163 162 164
f 163 164 165
f 165 164 166
f 165 166 167
f 167 166 168
f 167 168 169
f 169 168 170
f 169 170 171
f 171 170 172
f 171 172 173
f 173 172 174
f 173 174 175
f 175 174 176
f 175 176 97
f 97 176 98
f 175 177 173
f 173 177 178
f 173 178 171
f 171 178 179
f 171 179 169
f 169 179 180
f 169 180 167
f 167 180 181
f 167 181 165
f 165 181 182
f 165 182 163
f 163 182 183
f 163 183 161
f 161 183 184
f 161 184 159
f 159 184 185
f 159 185 157
f 157 185 186
f 157 186 155
f 155 186 187
f 155 187 153
f 153 187 188
f 153 188 151
f 151 188 189
f 151 189 149
f 149 189 190
f 149 190 147
f 147 190 191
f 147 191 145
f 145 191 192
f 145 192 143
f 143 192 193
f 143 193 141
f 141 193 194
f 141 194 139
f 139 194 195
f 139 195 137
f 137 195 196
f 137 196 135
f 135 196 197
f 135 197 133
f 133 197 198
f 133 198 131
f 131 198 199
f 131 199 129
f 129 199 200
f 129 200 127
f 127 200 201
f 127 201 125
f 125 201 202
f 125 202 123
f 123 202 203
f 123 203 121
f 121 203 204
f 121 204 119
f 119 204 205
f 119 205 117
f 117 205 206
f 117 206 115
f 115 206 207
f 115 207 113
f 113 207 208
f 113 208 111
f 111 208 209
f 111 209 109
f 109 209 210
f 109 210 107
f 107 210 211
f 107 211 105
f 105 211 212
f 105 212 103
f 103 212 213
f 103 213 101
f 101 213 214
f 101 214 99
f 99 214 215
f 99 215 97
f 97 215 216
f 97 216 175
f 175 216 177
f 177 217 178
f 178 217 218
f 178 218 179
f 179 218 219
f 179 219 180
f 180 219 220
f 180 220 181
f 181 220 221
f 181 221 182
f 182 221 222
f 182 222 183
f 183 222 223
f 183 223 184
f 184 223 224
f 184 224 185
f 185 224 225
f 185 225 186
f 186 225 226
f 186 226 187
f 187 226 227
f 187 227 188
f 188 227 228
f 188 228 189
f 189 228 229
f 189 229 190
f 190 229 230
f 190 230 191
f 191 230 231
f 191 231 192
f 192 231 232
f 192 232 193
f 193 232 233
f 193 233 194
f 194 233 234
f 194 234 195
f 195 234 235
f 195 235 196
f 196 235 236
f 196 236 197
f 197 236 237
f 197 237 198
f 198 237 238
f 198 238 199
f 199 238 239
f 199 239 200
f 200 239 240
f 200 240 201
f 201 240 241
f 201 241 202
f 202 241 242
f 202 242 203
f 203 242 243
f 203 243 204
f 204 243 244
f 204 244 205
f 205 244 245
f 205 245 206
f 206 245 246
f 206 246 207
f 207 246 247
f 207 247 208
f 208 247 248
f 208 248 209
f 209 248 249
f 209 249 210
f 210 249 250
f 210 250 211
f 211 250 251
f 211 251 212
f 212 251 252
f 212 252 213
f 213 252 253
f 213 253 214
f 214 253 254
f 214 254 215
f 215 254 255
f 215 255 216
f 216 255 256
f 216 256 177
f 177 256 217
f 217 257 218
f 218 257 258
f 218 258 219
f 219 258 259
f 219 259 220
f 220 259 260
f 220 260 221
f 221 260 261
f 221 261 222
f 222 261 262
f 222 262 223
f 223 262 263
f 223 263 224
f 224 263 264
f 224 264 225
f 225 264 265
f 225 265 226
f 226 265 266
f 226 266 227
f 227 266 267
f 227 267 228
f 228 267 268
f 228 268 229
f 229 268 269
f 229 269 230
f 230 269 270
f 230 270 231
f 231 270 271
f 231 271 232
f 232 271 272
f 232 272 233
f 233 272 273
f 233 273 234
f 234 273 274
f 234 274 235
f 235 274 275
f 235 275 236
f 236 275 276
f 236 276 237
f 237 276 277
f 237 277 238
f 238 277 278
f 238 278 239
f 239 278 279
f 239 279 240
f 240 279 280
f 240 280 241
f 241 280 281
f 241 281 242
f 242 281 282
f 242 282 243
f 243 282 283
f 243 283 244
f 244 283 284
f 244 284 245
f 245 284 285
f 245 285 246
f 246 285 286
f 246 286 247
f 247 286 287
f 247 287 248
f 248 287 288
f 248 288 249
f 249 288 289
f 249 289 250
f 250 289 290
f 250 290 251
f 251 290 291
f 251 291 252
f 252 291 292
f 252 292 253
f 253 292 293
f 253 293 254
f 254 293 294
f 254 294 255
f 255 294 295
f 255 295 256
f 256 295 296
f 256 296 217
f 217 296 257
f 257 64 258
f 258 64 62
f 258 62 259
f 259 62 60
f 259 60 260
f 260 60 58
f 260 58 261
f 261 58 56
f 261 56 262
f 262 56 55
f 262 55 263
f 263 55 52
f 263 52 264
f 264 52 48
f 264 48 265
f 265 48 45
f 265 45 266
f 266 45 43
f 266 43 267
f 267 43 6
f 267 6 268
f 268 6 38
f 268 38 269
f 269 38 37
f 269 37 270
f 270 37 33
f 270 33 271
f 271 33 31
f 271 31 272
f 272 31 29
f 272 29 273
f 273 29 27
f 273 27 274
f 274 27 25
f 274 25 275
f 275 25 23
f 275 23 276
f 276 23 21
f 276 21 277
f 277 21 19
f 277 19 278
f 278 19 17
f 278 17 279
f 279 17 15
f 279 15 280
f 280 15 13
f 280 13 281
f 281 13 11
f 281 11 282
f 282 11 10
f 282 10 283
f 283 10 9
f 283 9 284
f 284 9 93
f 284 93 285
f 285 93 90
f 285 90 286
f 286 90 88
f 286 88 287
f 287 88 3
f 287 3 288
f 288 3 83
f 288 83 289
f 289 83 82
f 289 82 290
f 290 82 78
f 290 78 291
f 291 78 76
f 291 76 292
f 292 76 74
f 292 74 293
f 293 74 72
f 293 72 294
f 294 72 70
f 294 70 295
f 295 70 68
f 295 68 296
f 296 68 66
f 296 66 257
f 257 66 64
f 96 8 297
f 299 81 80
f 87 89 301
f 301 89 91
f 301 91 298
f 298 91 92
f 298 92 94
f 298 94 297
f 297 94 95
f 297 95 96
f 80 86 299
f 299 86 85
f 299 85 300
f 300 85 84
f 300 84 2
f 300 2 302
f 302 2 1
f 302 1 87
f 302 87 301
f 54 51 303
f 305 36 35
f 42 44 307
f 307 44 46
f 307 46 304
f 304 46 47
f 304 47 49
f 304 49 303
f 303 49 53
f 303 53 54
f 35 41 305
f 305 41 40
f 305 40 306
f 306 40 39
f 306 39 5
f 306 5 308
f 308 5 4
f 308 4 42
f 308 42 307
f 309 310 311
f 312 313 314
f 315 309 316
f 316 309 311
f 316 311 317
f 316 317 318
f 318 317 319
f 318 319 320
f 318 320 321
f 321 320 322
f 321 322 323
f 321 323 324
f 324 323 325
f 324 325 326
f 324 326 314
f 314 326 327
f 314 327 328
f 314 328 312
f 329 330 331
f 332 333 334
f 335 329 336
f 336 329 331
f 336 331 337
f 336 337 338
f 338 337 339
f 338 339 340
f 338 340 341
f 341 340 342
f 341 342 343
f 341 343 344
f 344 343 345
f 344 345 346
f 344 346 334
f 334 346 347
f 334 347 348
f 334 348 332
f 349 350 351
f 349 351 352
f 352 351 353
f 352 353 354
f 354 353 355
f 354 355 356
f 356 355 357
f 356 357 358
f 358 357 359
f 358 359 360
f 361 362 363
f 361 363 364
f 364 363 365
f 364 365 366
f 366 365 367
f 366 367 368
f 368 367 369
f 368 369 370
f 370 369 371
f 370 371 372
f 373 374 375
f 373 375 376
f 376 375 377
f 376 377 378
f 378 377 379
f 378 379 380
f 380 379 381
f 380 381 382
f 383 384 385
f 383 385 386
f 386 385 387
f 386 387 388
f 388 387 389
f 388 389 390
f 390 389 391
f 390 391 392
f 393 394 395
f 393 395 396
f 396 395 397
f 396 397 398
f 398 397 399
f 398 399 400
f 400 399 401
f 400 401 402
f 402 401 403
f 402 403 404
f 405 406 407
f 405 407 408
f 408 407 409
f 408 409 410
f 410 409 411
f 410 411 412
f 412 411 413
f 412 413 414
f 414 413 415
f 414 415 416
f 417 418 419
f 420 421 422
f 423 424 425
f 423 425 426
f 427 420 428
f 428 420 422
f 428 422 417
f 428 417 429
f 429 417 419
f 426 425 430
f 430 425 431
f 431 425 432
f 431 432 418
f 418 432 419
f 433 434 435
f 436 437 438
f 439 440 441
f 439 441 442
f 443 436 444
f 444 436 438
f 444 438 433
f 444 433 445
f 445 433 435
f 442 441 446
f 446 441 447
f 447 441 448
f 447 448 434
f 434 448 435
f 449 450 451
f 452 453 451
f 454 455 451
f 454 451 456
f 457 456 451
f 458 457 451
f 459 458 451
f 460 459 451
f 461 462 451
f 461 451 463
f 464 465 451
f 464 451 466
f 467 466 451
f 468 469 451
f 470 471 451
f 470 451 472
f 473 472 451
f 474 473 451
f 475 474 451
f 476 475 451
f 477 478 451
f 479 480 451
f 479 451 481
f 450 481 451
f 484 485 486
f 488 489 490
f 491 492 493
f 490 489 491
f 490 491 494
f 477 496 478
f 478 496 476
f 478 476 451
f 477 497 498
f 477 498 496
f 449 499 500
f 449 500 450
f 450 500 501
f 450 501 481
f 481 501 502
f 481 502 479
f 479 502 497
f 479 497 480
f 480 497 477
f 480 477 451
f 503 504 499
f 505 504 506
f 506 504 503
f 506 503 451
f 451 453 506
f 506 453 507
f 506 507 505
f 455 452 451
f 499 449 503
f 503 449 451
f 508 507 509
f 508 509 510
f 510 509 511
f 510 511 512
f 513 514 515
f 515 514 512
f 517 518 519
f 519 518 520
f 519 520 484
f 463 521 461
f 461 521 522
f 461 522 462
f 462 522 460
f 462 460 451
f 523 524 463
f 463 524 525
f 463 525 521
f 526 527 467
f 467 527 528
f 467 528 466
f 466 528 529
f 466 529 464
f 464 529 523
f 464 523 465
f 465 523 463
f 465 463 451
f 530 526 531
f 531 526 467
f 531 467 451
f 532 533 530
f 534 533 535
f 535 533 532
f 535 532 451
f 451 469 535
f 535 469 536
f 535 536 534
f 471 468 451
f 530 531 532
f 532 531 451
f 537 482 538
f 538 482 539
f 538 539 540
f 540 539 541
f 482 483 542
f 491 493 494
f 494 493 543
f 494 543 544
f 543 545 544
f 544 545 546
f 544 546 547
f 546 548 547
f 547 548 549
f 547 549 483
f 483 549 550
f 483 550 542
f 484 486 516
f 516 486 551
f 516 551 552
f 551 553 552
f 552 553 554
f 552 554 555
f 556 514 557
f 557 514 513
f 557 513 558
f 558 513 555
f 558 555 559
f 559 555 554
f 483 482 537
f 483 537 547
f 547 537 560
f 547 560 544
f 544 560 561
f 544 561 494
f 494 561 562
f 494 562 490
f 490 562 563
f 490 563 488
f 488 563 495
f 488 495 564
f 564 495 487
f 515 512 511
f 515 511 513
f 513 511 565
f 513 565 555
f 555 565 566
f 555 566 552
f 552 566 567
f 552 567 516
f 516 567 568
f 516 568 484
f 484 568 569
f 484 569 519
f 541 536 540
f 540 536 469
f 540 469 538
f 538 469 468
f 538 468 537
f 537 468 471
f 537 471 560
f 560 471 470
f 560 470 561
f 561 470 472
f 561 472 562
f 562 472 473
f 562 473 563
f 563 473 474
f 563 474 495
f 495 474 475
f 495 475 487
f 487 475 476
f 487 476 496
f 507 453 509
f 509 453 452
f 509 452 511
f 511 452 455
f 511 455 565
f 565 455 454
f 565 454 566
f 566 454 456
f 566 456 567
f 567 456 457
f 567 457 568
f 568 457 458
f 568 458 569
f 569 458 459
f 569 459 519
f 519 459 460
f 519 460 517
f 517 460 522
f 570 571 572
f 573 574 575
f 572 571 576
f 574 577 575
f 575 577 578
f 575 578 579
f 573 575 580
f 580 575 581
f 580 581 582
f 583 584 585
f 576 571 578
f 578 571 586
f 578 586 587
f 587 588 578
f 578 588 589
f 578 589 579
f 582 590 580
f 580 590 585
f 580 585 591
f 591 585 584
f 592 593 594
f 594 593 595
f 592 594 572
f 572 594 596
f 572 596 570
f 597 598 599
f 599 598 600
f 599 600 601
f 601 602 599
f 599 602 603
f 599 603 604
f 583 585 599
f 599 585 605
f 599 605 597
f 595 606 594
f 594 606 607
f 594 607 608
f 608 609 594
f 594 609 610
f 594 610 611
f 612 574 613
f 613 574 573
f 613 573 614
f 614 573 580
f 614 580 615
f 615 580 591
f 615 591 616
f 616 591 584
f 616 584 617
f 617 584 583
f 617 583 618
f 618 583 599
f 618 599 619
f 619 599 604
f 619 604 620
f 620 604 603
f 620 603 621
f 621 603 602
f 621 602 622
f 622 602 601
f 622 601 623
f 623 601 600
f 623 600 624
f 624 600 598
f 624 598 625
f 625 598 597
f 625 597 626
f 626 597 605
f 626 605 627
f 627 605 585
f 627 585 628
f 628 585 590
f 628 590 629
f 629 590 582
f 629 582 630
f 630 582 581
f 630 581 631
f 631 581 575
f 631 575 632
f 632 575 579
f 632 579 633
f 633 579 589
f 633 589 634
f 634 589 588
f 634 588 635
f 635 588 587
f 635 587 636
f 636 587 586
f 636 586 637
f 637 586 571
f 637 571 638
f 638 571 570
f 638 570 639
f 639 570 596
f 639 596 640
f 640 596 594
f 640 594 641
f 641 594 611
f 641 611 642
f 642 611 610
f 642 610 643
f 643 610 609
f 643 609 644
f 644 609 608
f 644 608 645
f 645 608 607
f 645 607 646
f 646 607 606
f 646 606 647
f 647 606 595
f 647 595 648
f 648 595 593
f 648 593 649
f 649 593 592
f 649 592 650
f 650 592 572
f 650 572 651
f 651 572 576
f 651 576 652
f 652 576 578
f 652 578 653
f 653 578 577
f 653 577 612
f 612 577 574
f 656 657 640
f 658 659 635
f 660 661 630
f 662 663 625
f 664 665 620
f 666 614 667
f 667 614 615
f 667 615 668
f 668 615 669
f 669 615 616
f 669 616 670
f 670 616 671
f 671 616 617
f 671 617 672
f 618 673 617
f 617 673 674
f 617 674 672
f 673 618 675
f 675 618 619
f 675 619 676
f 620 665 619
f 619 665 677
f 619 677 676
f 664 620 678
f 678 620 621
f 678 621 679
f 679 621 680
f 680 621 622
f 680 622 681
f 623 682 622
f 622 682 683
f 622 683 681
f 682 623 684
f 684 623 624
f 684 624 685
f 625 663 624
f 624 663 686
f 624 686 685
f 662 625 687
f 687 625 626
f 687 626 688
f 688 626 689
f 689 626 627
f 689 627 690
f 628 691 692
f 628 692 627
f 627 692 693
f 627 693 690
f 691 628 694
f 694 628 629
f 694 629 695
f 630 661 629
f 629 661 696
f 629 696 695
f 660 630 697
f 697 630 631
f 697 631 698
f 698 631 699
f 699 631 632
f 699 632 700
f 633 701 702
f 633 702 632
f 632 702 703
f 632 703 700
f 701 633 704
f 704 633 634
f 704 634 705
f 635 659 634
f 634 659 706
f 634 706 705
f 658 635 707
f 707 635 636
f 707 636 708
f 638 709 710
f 638 710 637
f 710 711 637
f 637 711 712
f 637 712 636
f 636 712 713
f 636 713 708
f 709 638 714
f 714 638 639
f 714 639 715
f 640 657 639
f 639 657 716
f 639 716 715
f 656 640 717
f 717 640 641
f 717 641 718
f 643 719 720
f 643 720 642
f 720 721 642
f 642 721 722
f 642 722 641
f 641 722 723
f 641 723 718
f 719 643 724
f 724 643 644
f 724 644 725
f 645 655 644
f 644 655 726
f 644 726 725
f 655 645 727
f 727 645 646
f 727 646 728
f 648 729 730
f 648 730 647
f 730 731 647
f 647 731 732
f 647 732 646
f 646 732 733
f 646 733 728
f 729 648 734
f 734 648 649
f 734 649 735
f 650 654 649
f 649 654 736
f 649 736 735
f 654 650 737
f 737 650 651
f 737 651 738
f 653 739 740
f 653 740 652
f 740 741 652
f 652 741 742
f 652 742 651
f 651 742 743
f 651 743 738
f 739 653 744
f 744 653 612
f 744 612 745
f 666 746 614
f 614 746 747
f 614 747 613
f 613 747 748
f 613 748 612
f 612 748 749
f 612 749 745
f 750 751 752
f 753 754 755
f 756 757 758
f 759 760 761
f 762 763 764
f 765 766 767
f 768 769 770
f 771 772 773
f 774 775 776
f 777 778 779
f 782 783 784
f 789 790 791
f 792 793 794
f 795 796 797
f 798 799 800
f 801 802 803
f 804 805 806
f 807 808 809
f 810 811 812
f 813 814 815
f 816 817 818
f 819 820 821
f 824 825 826
f 749 748 829
f 745 749 830
f 739 744 831
f 742 741 832
f 738 743 833
f 729 734 835
f 732 731 836
f 728 733 837
f 719 724 839
f 722 721 840
f 718 723 841
f 657 656 842
f 709 714 843
f 712 711 844
f 708 713 845
f 659 658 846
f 701 704 847
f 700 703 848
f 698 699 849
f 661 660 850
f 690 693 851
f 688 689 852
f 663 662 853
f 681 683 854
f 679 680 855
f 665 664 856
f 672 674 857
f 670 671 858
f 667 668 859
f 746 666 860
f 748 747 861
f 861 747 746
f 667 859 666
f 668 669 862
f 862 669 670
f 672 857 671
f 674 673 863
f 673 675 864
f 864 675 676
f 676 677 865
f 865 677 665
f 664 678 866
f 866 678 679
f 681 854 680
f 683 682 867
f 682 684 868
f 868 684 685
f 685 686 869
f 869 686 663
f 662 687 870
f 870 687 688
f 690 851 689
f 693 692 871
f 871 692 691
f 691 694 872
f 872 694 695
f 695 696 873
f 873 696 661
f 660 697 874
f 874 697 698
f 700 848 699
f 703 702 875
f 875 702 701
f 704 705 876
f 876 705 706
f 876 706 659
f 658 707 877
f 877 707 708
f 712 844 713
f 711 710 878
f 878 710 709
f 714 715 879
f 879 715 716
f 879 716 657
f 656 717 880
f 880 717 718
f 722 840 723
f 721 720 881
f 881 720 719
f 724 725 882
f 882 725 726
f 882 726 655
f 655 727 883
f 883 727 728
f 732 836 733
f 731 730 884
f 884 730 729
f 734 735 885
f 885 735 736
f 885 736 654
f 654 737 886
f 886 737 738
f 742 832 743
f 741 740 887
f 887 740 739
f 745 830 744
f 748 861 829
f 829 861 888
f 829 888 889
f 889 888 890
f 889 890 891
f 891 890 892
f 891 892 893
f 893 892 894
f 893 894 895
f 895 894 896
f 895 896 897
f 897 896 898
f 897 898 899
f 899 898 900
f 899 900 901
f 901 900 902
f 901 902 903
f 903 902 828
f 903 828 904
f 904 828 827
f 904 827 905
f 746 860 861
f 861 860 906
f 861 906 888
f 888 906 907
f 888 907 890
f 890 907 908
f 890 908 892
f 892 908 909
f 892 909 894
f 894 909 910
f 894 910 896
f 896 910 911
f 896 911 898
f 898 911 912
f 898 912 900
f 900 912 913
f 900 913 902
f 902 913 826
f 902 826 828
f 828 826 825
f 828 825 827
f 666 859 860
f 860 859 914
f 860 914 906
f 906 914 915
f 906 915 907
f 907 915 916
f 907 916 908
f 908 916 917
f 908 917 909
f 909 917 918
f 909 918 910
f 910 918 919
f 910 919 911
f 911 919 920
f 911 920 912
f 912 920 921
f 912 921 913
f 913 921 823
f 913 823 826
f 826 823 822
f 826 822 824
f 668 862 859
f 859 862 922
f 859 922 914
f 914 922 923
f 914 923 915
f 915 923 924
f 915 924 916
f 916 924 925
f 916 925 917
f 917 925 926
f 917 926 918
f 918 926 927
f 918 927 919
f 919 927 928
f 919 928 920
f 920 928 929
f 920 929 921
f 921 929 821
f 921 821 823
f 823 821 820
f 823 820 822
f 670 858 862
f 862 858 930
f 862 930 922
f 922 930 931
f 922 931 923
f 923 931 932
f 923 932 924
f 924 932 933
f 924 933 925
f 925 933 934
f 925 934 926
f 926 934 935
f 926 935 927
f 927 935 936
f 927 936 928
f 928 936 937
f 928 937 929
f 929 937 818
f 929 818 821
f 821 818 817
f 821 817 819
f 671 857 858
f 858 857 938
f 858 938 930
f 930 938 939
f 930 939 931
f 931 939 940
f 931 940 932
f 932 940 941
f 932 941 933
f 933 941 942
f 933 942 934
f 934 942 943
f 934 943 935
f 935 943 944
f 935 944 936
f 936 944 945
f 936 945 937
f 937 945 815
f 937 815 818
f 818 815 814
f 818 814 816
f 674 863 857
f 857 863 946
f 857 946 938
f 938 946 947
f 938 947 939
f 939 947 948
f 939 948 940
f 940 948 949
f 940 949 941
f 941 949 950
f 941 950 942
f 942 950 951
f 942 951 943
f 943 951 952
f 943 952 944
f 944 952 953
f 944 953 945
f 945 953 812
f 945 812 815
f 815 812 811
f 815 811 813
f 673 864 863
f 863 864 954
f 863 954 946
f 946 954 955
f 946 955 947
f 947 955 956
f 947 956 948
f 948 956 957
f 948 957 949
f 949 957 958
f 949 958 950
f 950 958 959
f 950 959 951
f 951 959 960
f 951 960 952
f 952 960 961
f 952 961 953
f 953 961 809
f 953 809 812
f 812 809 808
f 812 808 810
f 676 865 864
f 864 865 962
f 864 962 954
f 954 962 963
f 954 963 955
f 955 963 964
f 955 964 956
f 956 964 965
f 956 965 957
f 957 965 966
f 957 966 958
f 958 966 967
f 958 967 959
f 959 967 968
f 959 968 960
f 960 968 969
f 960 969 961
f 961 969 806
f 961 806 809
f 809 806 805
f 809 805 807
f 665 856 865
f 865 856 970
f 865 970 962
f 962 970 971
f 962 971 963
f 963 971 972
f 963 972 964
f 964 972 973
f 964 973 965
f 965 973 974
f 965 974 966
f 966 974 975
f 966 975 967
f 967 975 976
f 967 976 968
f 968 976 977
f 968 977 969
f 969 977 803
f 969 803 806
f 806 803 802
f 806 802 804
f 664 866 856
f 856 866 978
f 856 978 970
f 970 978 979
f 970 979 971
f 971 979 980
f 971 980 972
f 972 980 981
f 972 981 973
f 973 981 982
f 973 982 974
f 974 982 983
f 974 983 975
f 975 983 984
f 975 984 976
f 976 984 985
f 976 985 977
f 977 985 800
f 977 800 803
f 803 800 799
f 803 799 801
f 679 855 866
f 866 855 986
f 866 986 978
f 978 986 987
f 978 987 979
f 979 987 988
f 979 988 980
f 980 988 989
f 980 989 981
f 981 989 990
f 981 990 982
f 982 990 991
f 982 991 983
f 983 991 992
f 983 992 984
f 984 992 993
f 984 993 985
f 985 993 797
f 985 797 800
f 800 797 796
f 800 796 798
f 680 854 855
f 855 854 994
f 855 994 986
f 986 994 995
f 986 995 987
f 987 995 996
f 987 996 988
f 988 996 997
f 988 997 989
f 989 997 998
f 989 998 990
f 990 998 999
f 990 999 991
f 991 999 1000
f 991 1000 992
f 992 1000 1001
f 992 1001 993
f 993 1001 794
f 993 794 797
f 797 794 793
f 797 793 795
f 683 867 854
f 854 867 1002
f 854 1002 994
f 994 1002 1003
f 994 1003 995
f 995 1003 1004
f 995 1004 996
f 996 1004 1005
f 996 1005 997
f 997 1005 1006
f 997 1006 998
f 998 1006 1007
f 998 1007 999
f 999 1007 1008
f 999 1008 1000
f 1000 1008 1009
f 1000 1009 1001
f 1001 1009 791
f 1001 791 794
f 794 791 790
f 794 790 792
f 682 868 867
f 867 868 1010
f 867 1010 1002
f 1002 1010 1011
f 1002 1011 1003
f 1003 1011 1012
f 1003 1012 1004
f 1004 1012 1013
f 1004 1013 1005
f 1005 1013 1014
f 1005 1014 1006
f 1006 1014 1015
f 1006 1015 1007
f 1007 1015 1016
f 1007 1016 1008
f 1008 1016 1017
f 1008 1017 1009
f 1009 1017 1018
f 1009 1018 791
f 791 1018 1019
f 791 1019 789
f 1020 1021 1022
f 685 869 868
f 868 869 1023
f 868 1023 1010
f 1010 1023 1024
f 1010 1024 1011
f 1011 1024 1025
f 1011 1025 1012
f 1012 1025 1026
f 1012 1026 1013
f 1013 1026 1027
f 1013 1027 1014
f 1014 1027 1028
f 1014 1028 1015
f 1015 1028 1029
f 1015 1029 1016
f 1016 1029 1030
f 1016 1030 1017
f 1017 1030 1020
f 1017 1020 1018
f 1018 1020 1022
f 1018 1022 1019
f 1031 1032 1033
f 663 853 869
f 869 853 1034
f 869 1034 1023
f 1023 1034 1035
f 1023 1035 1024
f 1024 1035 1036
f 1024 1036 1025
f 1025 1036 1037
f 1025 1037 1026
f 1026 1037 1038
f 1026 1038 1027
f 1027 1038 1039
f 1027 1039 1028
f 1028 1039 1040
f 1028 1040 1029
f 1029 1040 1041
f 1029 1041 1030
f 1030 1041 1031
f 1030 1031 1020
f 1020 1031 1033
f 1020 1033 1021
f 1042 1043 1044
f 662 870 853
f 853 870 1045
f 853 1045 1034
f 1034 1045 1046
f 1034 1046 1035
f 1035 1046 1047
f 1035 1047 1036
f 1036 1047 1048
f 1036 1048 1037
f 1037 1048 1049
f 1037 1049 1038
f 1038 1049 1050
f 1038 1050 1039
f 1039 1050 1051
f 1039 1051 1040
f 1040 1051 1052
f 1040 1052 1041
f 1041 1052 1042
f 1041 1042 1031
f 1031 1042 1044
f 1031 1044 1032
f 1053 1054 1055
f 688 852 870
f 870 852 1056
f 870 1056 1045
f 1045 1056 1057
f 1045 1057 1046
f 1046 1057 1058
f 1046 1058 1047
f 1047 1058 1059
f 1047 1059 1048
f 1048 1059 1060
f 1048 1060 1049
f 1049 1060 1061
f 1049 1061 1050
f 1050 1061 1062
f 1050 1062 1051
f 1051 1062 1063
f 1051 1063 1052
f 1052 1063 1053
f 1052 1053 1042
f 1042 1053 1055
f 1042 1055 1043
f 1064 1065 1066
f 689 851 852
f 852 851 1067
f 852 1067 1056
f 1056 1067 1068
f 1056 1068 1057
f 1057 1068 1069
f 1057 1069 1058
f 1058 1069 1070
f 1058 1070 1059
f 1059 1070 1071
f 1059 1071 1060
f 1060 1071 1072
f 1060 1072 1061
f 1061 1072 1073
f 1061 1073 1062
f 1062 1073 1074
f 1062 1074 1063
f 1063 1074 1064
f 1063 1064 1053
f 1053 1064 1066
f 1053 1066 1054
f 1075 1076 1077
f 693 871 851
f 851 871 1078
f 851 1078 1067
f 1067 1078 1079
f 1067 1079 1068
f 1068 1079 1080
f 1068 1080 1069
f 1069 1080 1081
f 1069 1081 1070
f 1070 1081 1082
f 1070 1082 1071
f 1071 1082 1083
f 1071 1083 1072
f 1072 1083 1084
f 1072 1084 1073
f 1073 1084 1085
f 1073 1085 1074
f 1074 1085 1075
f 1074 1075 1064
f 1064 1075 1077
f 1064 1077 1065
f 1086 1087 1088
f 691 872 871
f 871 872 1089
f 871 1089 1078
f 1078 1089 1090
f 1078 1090 1079
f 1079 1090 1091
f 1079 1091 1080
f 1080 1091 1092
f 1080 1092 1081
f 1081 1092 1093
f 1081 1093 1082
f 1082 1093 1094
f 1082 1094 1083
f 1083 1094 1095
f 1083 1095 1084
f 1084 1095 1096
f 1084 1096 1085
f 1085 1096 1086
f 1085 1086 1075
f 1075 1086 1088
f 1075 1088 1076
f 1097 1098 1099
f 695 873 872
f 872 873 1100
f 872 1100 1089
f 1089 1100 1101
f 1089 1101 1090
f 1090 1101 1102
f 1090 1102 1091
f 1091 1102 1103
f 1091 1103 1092
f 1092 1103 1104
f 1092 1104 1093
f 1093 1104 1105
f 1093 1105 1094
f 1094 1105 1106
f 1094 1106 1095
f 1095 1106 1107
f 1095 1107 1096
f 1096 1107 1097
f 1096 1097 1086
f 1086 1097 1099
f 1086 1099 1087
f 1108 1109 1110
f 661 850 873
f 873 850 1111
f 873 1111 1100
f 1100 1111 1112
f 1100 1112 1101
f 1101 1112 1113
f 1101 1113 1102
f 1102 1113 1114
f 1102 1114 1103
f 1103 1114 1115
f 1103 1115 1104
f 1104 1115 1116
f 1104 1116 1105
f 1105 1116 1117
f 1105 1117 1106
f 1106 1117 1118
f 1106 1118 1107
f 1107 1118 1108
f 1107 1108 1097
f 1097 1108 1110
f 1097 1110 1098
f 1119 1120 1121
f 660 874 850
f 850 874 1122
f 850 1122 1111
f 1111 1122 1123
f 1111 1123 1112
f 1112 1123 1124
f 1112 1124 1113
f 1113 1124 1125
f 1113 1125 1114
f 1114 1125 1126
f 1114 1126 1115
f 1115 1126 1127
f 1115 1127 1116
f 1116 1127 1128
f 1116 1128 1117
f 1117 1128 1129
f 1117 1129 1118
f 1118 1129 1119
f 1118 1119 1108
f 1108 1119 1121
f 1108 1121 1109
f 698 849 874
f 874 849 1132
f 874 1132 1122
f 1122 1132 1133
f 1122 1133 1123
f 1123 1133 1134
f 1123 1134 1124
f 1124 1134 1135
f 1124 1135 1125
f 1125 1135 1136
f 1125 1136 1126
f 1126 1136 1137
f 1126 1137 1127
f 1127 1137 1138
f 1127 1138 1128
f 1128 1138 1139
f 1128 1139 1129
f 1129 1139 1130
f 1129 1130 1119
f 1119 1130 1131
f 1119 1131 1120
f 1140 1141 1142
f 699 848 849
f 849 848 1143
f 849 1143 1132
f 1132 1143 1144
f 1132 1144 1133
f 1133 1144 1145
f 1133 1145 1134
f 1134 1145 1146
f 1134 1146 1135
f 1135 1146 1147
f 1135 1147 1136
f 1136 1147 1148
f 1136 1148 1137
f 1137 1148 1149
f 1137 1149 1138
f 1138 1149 1150
f 1138 1150 1139
f 1139 1150 1140
f 1139 1140 1130
f 1130 1140 1142
f 1130 1142 1131
f 703 875 848
f 848 875 1153
f 848 1153 1143
f 1143 1153 1154
f 1143 1154 1144
f 1144 1154 1155
f 1144 1155 1145
f 1145 1155 1156
f 1145 1156 1146
f 1146 1156 1157
f 1146 1157 1147
f 1147 1157 1158
f 1147 1158 1148
f 1148 1158 1159
f 1148 1159 1149
f 1149 1159 1160
f 1149 1160 1150
f 1150 1160 1151
f 1150 1151 1140
f 1140 1151 1152
f 1140 1152 1141
f 701 847 875
f 875 847 1163
f 875 1163 1153
f 1153 1163 1164
f 1153 1164 1154
f 1154 1164 1165
f 1154 1165 1155
f 1155 1165 1166
f 1155 1166 1156
f 1156 1166 1167
f 1156 1167 1157
f 1157 1167 1168
f 1157 1168 1158
f 1158 1168 1169
f 1158 1169 1159
f 1159 1169 1170
f 1159 1170 1160
f 1160 1170 1161
f 1160 1161 1151
f 1151 1161 1162
f 1151 1162 1152
f 704 876 847
f 847 876 1171
f 847 1171 1163
f 1163 1171 1172
f 1163 1172 1164
f 1164 1172 1173
f 1164 1173 1165
f 1165 1173 1174
f 1165 1174 1166
f 1166 1174 1175
f 1166 1175 1167
f 1167 1175 1176
f 1167 1176 1168
f 1168 1176 1177
f 1168 1177 1169
f 1169 1177 1178
f 1169 1178 1170
f 1170 1178 788
f 1170 788 1161
f 1161 788 787
f 1161 787 1162
f 659 846 876
f 876 846 1179
f 876 1179 1171
f 1171 1179 1180
f 1171 1180 1172
f 1172 1180 1181
f 1172 1181 1173
f 1173 1181 1182
f 1173 1182 1174
f 1174 1182 1183
f 1174 1183 1175
f 1175 1183 1184
f 1175 1184 1176
f 1176 1184 1185
f 1176 1185 1177
f 1177 1185 1186
f 1177 1186 1178
f 1178 1186 786
f 1178 786 788
f 788 786 785
f 788 785 787
f 658 877 846
f 846 877 1187
f 846 1187 1179
f 1179 1187 1188
f 1179 1188 1180
f 1180 1188 1189
f 1180 1189 1181
f 1181 1189 1190
f 1181 1190 1182
f 1182 1190 1191
f 1182 1191 1183
f 1183 1191 1192
f 1183 1192 1184
f 1184 1192 1193
f 1184 1193 1185
f 1185 1193 1194
f 1185 1194 1186
f 1186 1194 784
f 1186 784 786
f 786 784 783
f 786 783 785
f 708 845 877
f 877 845 1195
f 877 1195 1187
f 1187 1195 1196
f 1187 1196 1188
f 1188 1196 1197
f 1188 1197 1189
f 1189 1197 1198
f 1189 1198 1190
f 1190 1198 1199
f 1190 1199 1191
f 1191 1199 1200
f 1191 1200 1192
f 1192 1200 1201
f 1192 1201 1193
f 1193 1201 1202
f 1193 1202 1194
f 1194 1202 781
f 1194 781 784
f 784 781 780
f 784 780 782
f 713 844 845
f 845 844 1203
f 845 1203 1195
f 1195 1203 1204
f 1195 1204 1196
f 1196 1204 1205
f 1196 1205 1197
f 1197 1205 1206
f 1197 1206 1198
f 1198 1206 1207
f 1198 1207 1199
f 1199 1207 1208
f 1199 1208 1200
f 1200 1208 1209
f 1200 1209 1201
f 1201 1209 1210
f 1201 1210 1202
f 1202 1210 779
f 1202 779 781
f 781 779 778
f 781 778 780
f 711 878 844
f 844 878 1211
f 844 1211 1203
f 1203 1211 1212
f 1203 1212 1204
f 1204 1212 1213
f 1204 1213 1205
f 1205 1213 1214
f 1205 1214 1206
f 1206 1214 1215
f 1206 1215 1207
f 1207 1215 1216
f 1207 1216 1208
f 1208 1216 1217
f 1208 1217 1209
f 1209 1217 1218
f 1209 1218 1210
f 1210 1218 776
f 1210 776 779
f 779 776 775
f 779 775 777
f 709 843 878
f 878 843 1219
f 878 1219 1211
f 1211 1219 1220
f 1211 1220 1212
f 1212 1220 1221
f 1212 1221 1213
f 1213 1221 1222
f 1213 1222 1214
f 1214 1222 1223
f 1214 1223 1215
f 1215 1223 1224
f 1215 1224 1216
f 1216 1224 1225
f 1216 1225 1217
f 1217 1225 1226
f 1217 1226 1218
f 1218 1226 773
f 1218 773 776
f 776 773 772
f 776 772 774
f 714 879 843
f 843 879 1227
f 843 1227 1219
f 1219 1227 1228
f 1219 1228 1220
f 1220 1228 1229
f 1220 1229 1221
f 1221 1229 1230
f 1221 1230 1222
f 1222 1230 1231
f 1222 1231 1223
f 1223 1231 1232
f 1223 1232 1224
f 1224 1232 1233
f 1224 1233 1225
f 1225 1233 1234
f 1225 1234 1226
f 1226 1234 770
f 1226 770 773
f 773 770 769
f 773 769 771
f 657 842 879
f 879 842 1235
f 879 1235 1227
f 1227 1235 1236
f 1227 1236 1228
f 1228 1236 1237
f 1228 1237 1229
f 1229 1237 1238
f 1229 1238 1230
f 1230 1238 1239
f 1230 1239 1231
f 1231 1239 1240
f 1231 1240 1232
f 1232 1240 1241
f 1232 1241 1233
f 1233 1241 1242
f 1233 1242 1234
f 1234 1242 767
f 1234 767 770
f 770 767 766
f 770 766 768
f 656 880 842
f 842 880 1243
f 842 1243 1235
f 1235 1243 1244
f 1235 1244 1236
f 1236 1244 1245
f 1236 1245 1237
f 1237 1245 1246
f 1237 1246 1238
f 1238 1246 1247
f 1238 1247 1239
f 1239 1247 1248
f 1239 1248 1240
f 1240 1248 1249
f 1240 1249 1241
f 1241 1249 1250
f 1241 1250 1242
f 1242 1250 764
f 1242 764 767
f 767 764 763
f 767 763 765
f 718 841 880
f 880 841 1251
f 880 1251 1243
f 1243 1251 1252
f 1243 1252 1244
f 1244 1252 1253
f 1244 1253 1245
f 1245 1253 1254
f 1245 1254 1246
f 1246 1254 1255
f 1246 1255 1247
f 1247 1255 1256
f 1247 1256 1248
f 1248 1256 1257
f 1248 1257 1249
f 1249 1257 1258
f 1249 1258 1250
f 1250 1258 761
f 1250 761 764
f 764 761 760
f 764 760 762
f 723 840 841
f 841 840 1259
f 841 1259 1251
f 1251 1259 1260
f 1251 1260 1252
f 1252 1260 1261
f 1252 1261 1253
f 1253 1261 1262
f 1253 1262 1254
f 1254 1262 1263
f 1254 1263 1255
f 1255 1263 1264
f 1255 1264 1256
f 1256 1264 1265
f 1256 1265 1257
f 1257 1265 1266
f 1257 1266 1258
f 1258 1266 758
f 1258 758 761
f 761 758 757
f 761 757 759
f 721 881 840
f 840 881 1267
f 840 1267 1259
f 1259 1267 1268
f 1259 1268 1260
f 1260 1268 1269
f 1260 1269 1261
f 1261 1269 1270
f 1261 1270 1262
f 1262 1270 1271
f 1262 1271 1263
f 1263 1271 1272
f 1263 1272 1264
f 1264 1272 1273
f 1264 1273 1265
f 1265 1273 1274
f 1265 1274 1266
f 1266 1274 755
f 1266 755 758
f 758 755 754
f 758 754 756
f 719 839 881
f 881 839 1275
f 881 1275 1267
f 1267 1275 1276
f 1267 1276 1268
f 1268 1276 1277
f 1268 1277 1269
f 1269 1277 1278
f 1269 1278 1270
f 1270 1278 1279
f 1270 1279 1271
f 1271 1279 1280
f 1271 1280 1272
f 1272 1280 1281
f 1272 1281 1273
f 1273 1281 1282
f 1273 1282 1274
f 1274 1282 752
f 1274 752 755
f 755 752 751
f 755 751 753
f 724 882 839
f 839 882 1283
f 839 1283 1275
f 1275 1283 1284
f 1275 1284 1276
f 1276 1284 1285
f 1276 1285 1277
f 1277 1285 1286
f 1277 1286 1278
f 1278 1286 1287
f 1278 1287 1279
f 1279 1287 1288
f 1279 1288 1280
f 1280 1288 1289
f 1280 1289 1281
f 1281 1289 1290
f 1281 1290 1282
f 1282 1290 1291
f 1282 1291 752
f 752 1291 1292
f 752 1292 750
f 1293 1294 1295
f 655 838 882
f 882 838 1296
f 882 1296 1283
f 1283 1296 1297
f 1283 1297 1284
f 1284 1297 1298
f 1284 1298 1285
f 1285 1298 1299
f 1285 1299 1286
f 1286 1299 1300
f 1286 1300 1287
f 1287 1300 1301
f 1287 1301 1288
f 1288 1301 1302
f 1288 1302 1289
f 1289 1302 1303
f 1289 1303 1290
f 1290 1303 1293
f 1290 1293 1291
f 1291 1293 1295
f 1291 1295 1292
f 1304 1305 1306
f 655 883 838
f 838 883 1307
f 838 1307 1296
f 1296 1307 1308
f 1296 1308 1297
f 1297 1308 1309
f 1297 1309 1298
f 1298 1309 1310
f 1298 1310 1299
f 1299 1310 1311
f 1299 1311 1300
f 1300 1311 1312
f 1300 1312 1301
f 1301 1312 1313
f 1301 1313 1302
f 1302 1313 1314
f 1302 1314 1303
f 1303 1314 1304
f 1303 1304 1293
f 1293 1304 1306
f 1293 1306 1294
f 1315 1316 1317
f 728 837 883
f 883 837 1318
f 883 1318 1307
f 1307 1318 1319
f 1307 1319 1308
f 1308 1319 1320
f 1308 1320 1309
f 1309 1320 1321
f 1309 1321 1310
f 1310 1321 1322
f 1310 1322 1311
f 1311 1322 1323
f 1311 1323 1312
f 1312 1323 1324
f 1312 1324 1313
f 1313 1324 1325
f 1313 1325 1314
f 1314 1325 1315
f 1314 1315 1304
f 1304 1315 1317
f 1304 1317 1305
f 1326 1327 1328
f 733 836 837
f 837 836 1329
f 837 1329 1318
f 1318 1329 1330
f 1318 1330 1319
f 1319 1330 1331
f 1319 1331 1320
f 1320 1331 1332
f 1320 1332 1321
f 1321 1332 1333
f 1321 1333 1322
f 1322 1333 1334
f 1322 1334 1323
f 1323 1334 1335
f 1323 1335 1324
f 1324 1335 1336
f 1324 1336 1325
f 1325 1336 1326
f 1325 1326 1315
f 1315 1326 1328
f 1315 1328 1316
f 1337 1338 1339
f 731 884 836
f 836 884 1340
f 836 1340 1329
f 1329 1340 1341
f 1329 1341 1330
f 1330 1341 1342
f 1330 1342 1331
f 1331 1342 1343
f 1331 1343 1332
f 1332 1343 1344
f 1332 1344 1333
f 1333 1344 1345
f 1333 1345 1334
f 1334 1345 1346
f 1334 1346 1335
f 1335 1346 1347
f 1335 1347 1336
f 1336 1347 1337
f 1336 1337 1326
f 1326 1337 1339
f 1326 1339 1327
f 1348 1349 1350
f 729 835 884
f 884 835 1351
f 884 1351 1340
f 1340 1351 1352
f 1340 1352 1341
f 1341 1352 1353
f 1341 1353 1342
f 1342 1353 1354
f 1342 1354 1343
f 1343 1354 1355
f 1343 1355 1344
f 1344 1355 1356
f 1344 1356 1345
f 1345 1356 1357
f 1345 1357 1346
f 1346 1357 1358
f 1346 1358 1347
f 1347 1358 1348
f 1347 1348 1337
f 1337 1348 1350
f 1337 1350 1338
f 1359 1360 1361
f 734 885 835
f 835 885 1362
f 835 1362 1351
f 1351 1362 1363
f 1351 1363 1352
f 1352 1363 1364
f 1352 1364 1353
f 1353 1364 1365
f 1353 1365 1354
f 1354 1365 1366
f 1354 1366 1355
f 1355 1366 1367
f 1355 1367 1356
f 1356 1367 1368
f 1356 1368 1357
f 1357 1368 1369
f 1357 1369 1358
f 1358 1369 1359
f 1358 1359 1348
f 1348 1359 1361
f 1348 1361 1349
f 1370 1371 1372
f 654 834 885
f 885 834 1373
f 885 1373 1362
f 1362 1373 1374
f 1362 1374 1363
f 1363 1374 1375
f 1363 1375 1364
f 1364 1375 1376
f 1364 1376 1365
f 1365 1376 1377
f 1365 1377 1366
f 1366 1377 1378
f 1366 1378 1367
f 1367 1378 1379
f 1367 1379 1368
f 1368 1379 1380
f 1368 1380 1369
f 1369 1380 1370
f 1369 1370 1359
f 1359 1370 1372
f 1359 1372 1360
f 1381 1382 1383
f 654 886 834
f 834 886 1384
f 834 1384 1373
f 1373 1384 1385
f 1373 1385 1374
f 1374 1385 1386
f 1374 1386 1375
f 1375 1386 1387
f 1375 1387 1376
f 1376 1387 1388
f 1376 1388 1377
f 1377 1388 1389
f 1377 1389 1378
f 1378 1389 1390
f 1378 1390 1379
f 1379 1390 1391
f 1379 1391 1380
f 1380 1391 1381
f 1380 1381 1370
f 1370 1381 1383
f 1370 1383 1371
f 1392 1393 1394
f 738 833 886
f 886 833 1395
f 886 1395 1384
f 1384 1395 1396
f 1384 1396 1385
f 1385 1396 1397
f 1385 1397 1386
f 1386 1397 1398
f 1386 1398 1387
f 1387 1398 1399
f 1387 1399 1388
f 1388 1399 1400
f 1388 1400 1389
f 1389 1400 1401
f 1389 1401 1390
f 1390 1401 1402
f 1390 1402 1391
f 1391 1402 1392
f 1391 1392 1381
f 1381 1392 1394
f 1381 1394 1382
f 1403 1404 1405
f 743 832 833
f 833 832 1406
f 833 1406 1395
f 1395 1406 1407
f 1395 1407 1396
f 1396 1407 1408
f 1396 1408 1397
f 1397 1408 1409
f 1397 1409 1398
f 1398 1409 1410
f 1398 1410 1399
f 1399 1410 1411
f 1399 1411 1400
f 1400 1411 1412
f 1400 1412 1401
f 1401 1412 1413
f 1401 1413 1402
f 1402 1413 1403
f 1402 1403 1392
f 1392 1403 1405
f 1392 1405 1393
f 741 887 832
f 832 887 1416
f 832 1416 1406
f 1406 1416 1417
f 1406 1417 1407
f 1407 1417 1418
f 1407 1418 1408
f 1408 1418 1419
f 1408 1419 1409
f 1409 1419 1420
f 1409 1420 1410
f 1410 1420 1421
f 1410 1421 1411
f 1411 1421 1422
f 1411 1422 1412
f 1412 1422 1423
f 1412 1423 1413
f 1413 1423 1414
f 1413 1414 1403
f 1403 1414 1415
f 1403 1415 1404
f 1424 1425 1426
f 739 831 887
f 887 831 1427
f 887 1427 1416
f 1416 1427 1428
f 1416 1428 1417
f 1417 1428 1429
f 1417 1429 1418
f 1418 1429 1430
f 1418 1430 1419
f 1419 1430 1431
f 1419 1431 1420
f 1420 1431 1432
f 1420 1432 1421
f 1421 1432 1433
f 1421 1433 1422
f 1422 1433 1434
f 1422 1434 1423
f 1423 1434 1424
f 1423 1424 1414
f 1414 1424 1426
f 1414 1426 1415
f 744 830 831
f 831 830 1437
f 831 1437 1427
f 1427 1437 1438
f 1427 1438 1428
f 1428 1438 1439
f 1428 1439 1429
f 1429 1439 1440
f 1429 1440 1430
f 1430 1440 1441
f 1430 1441 1431
f 1431 1441 1442
f 1431 1442 1432
f 1432 1442 1443
f 1432 1443 1433
f 1433 1443 1444
f 1433 1444 1434
f 1434 1444 1435
f 1434 1435 1424
f 1424 1435 1436
f 1424 1436 1425
f 749 829 830
f 830 829 889
f 830 889 1437
f 1437 889 891
f 1437 891 1438
f 1438 891 893
f 1438 893 1439
f 1439 893 895
f 1439 895 1440
f 1440 895 897
f 1440 897 1441
f 1441 897 899
f 1441 899 1442
f 1442 899 901
f 1442 901 1443
f 1443 901 903
f 1443 903 1444
f 1444 903 904
f 1444 904 1435
f 1435 904 905
f 1435 905 1436
f 827 1445 1446
f 1445 827 825
f 1445 825 1447
f 825 824 1447
f 1447 824 822
f 1447 822 1448
f 1448 822 820
f 1448 820 1449
f 820 819 1449
f 1449 819 817
f 1449 817 1450
f 817 816 1450
f 1450 816 814
f 1450 814 1451
f 814 813 1451
f 1451 813 811
f 1451 811 1452
f 811 810 1452
f 1452 810 808
f 1452 808 1453
f 808 807 1453
f 1453 807 805
f 1453 805 1454
f 805 804 1454
f 1454 804 802
f 1454 802 1455
f 802 801 1455
f 1455 801 799
f 1455 799 1456
f 799 798 1456
f 1456 798 796
f 1456 796 1457
f 796 795 1457
f 1457 795 793
f 1457 793 1458
f 1458 793 792
f 1458 792 1459
f 1459 792 790
f 790 789 1459
f 1459 789 1019
f 1459 1019 1460
f 1019 1022 1460
f 1460 1022 1021
f 1460 1021 1461
f 1021 1033 1461
f 1461 1033 1032
f 1461 1032 1462
f 1032 1044 1462
f 1462 1044 1043
f 1462 1043 1463
f 1043 1055 1463
f 1463 1055 1054
f 1463 1054 1464
f 1054 1066 1464
f 1464 1066 1065
f 1464 1065 1465
f 1065 1077 1465
f 1465 1077 1076
f 1465 1076 1466
f 1076 1088 1466
f 1466 1088 1087
f 1466 1087 1467
f 1087 1099 1467
f 1467 1099 1098
f 1467 1098 1468
f 1098 1110 1468
f 1468 1110 1109
f 1468 1109 1469
f 1109 1121 1469
f 1469 1121 1120
f 1469 1120 1470
f 1120 1131 1470
f 1470 1131 1471
f 1131 1142 1471
f 1471 1142 1141
f 1471 1141 1472
f 1141 1152 1472
f 1472 1152 1473
f 787 1474 1162
f 1162 1474 1473
f 1162 1473 1152
f 1474 787 785
f 1474 785 1475
f 1475 785 783
f 1475 783 1476
f 783 782 1476
f 1476 782 780
f 1476 780 1477
f 1477 780 778
f 1477 778 1478
f 778 777 1478
f 1478 777 775
f 1478 775 1479
f 775 774 1479
f 1479 774 772
f 1479 772 1480
f 772 771 1480
f 1480 771 769
f 1480 769 1481
f 769 768 1481
f 1481 768 766
f 1481 766 1482
f 766 765 1482
f 1482 765 763
f 1482 763 1483
f 763 762 1483
f 1483 762 760
f 1483 760 1484
f 760 759 1484
f 1484 759 757
f 1484 757 1485
f 757 756 1485
f 1485 756 754
f 1485 754 1486
f 754 753 1486
f 1486 753 751
f 1486 751 1487
f 1487 751 750
f 1487 750 1488
f 1488 750 1292
f 1292 1295 1488
f 1488 1295 1294
f 1488 1294 1489
f 1294 1306 1489
f 1489 1306 1305
f 1489 1305 1490
f 1305 1317 1490
f 1490 1317 1316
f 1490 1316 1491
f 1316 1328 1491
f 1491 1328 1327
f 1491 1327 1492
f 1327 1339 1492
f 1492 1339 1338
f 1492 1338 1493
f 1338 1350 1493
f 1493 1350 1349
f 1493 1349 1494
f 1349 1361 1494
f 1494 1361 1360
f 1494 1360 1495
f 1360 1372 1495
f 1495 1372 1371
f 1495 1371 1496
f 1371 1383 1496
f 1496 1383 1382
f 1496 1382 1497
f 1382 1394 1497
f 1497 1394 1393
f 1497 1393 1498
f 1393 1405 1498
f 1498 1405 1404
f 1498 1404 1499
f 1404 1415 1499
f 1499 1415 1500
f 1415 1426 1500
f 1500 1426 1425
f 1500 1425 1501
f 1425 1436 1501
f 1501 1436 1446
f 1446 1436 905
f 1446 905 827
f 1501 1502 1500
f 1500 1502 1503
f 1500 1503 1499
f 1499 1503 1504
f 1499 1504 1498
f 1498 1504 1505
f 1498 1505 1497
f 1497 1505 1506
f 1497 1506 1496
f 1496 1506 1507
f 1496 1507 1495
f 1495 1507 1508
f 1495 1508 1494
f 1494 1508 1509
f 1494 1509 1493
f 1493 1509 1510
f 1493 1510 1492
f 1492 1510 1511
f 1492 1511 1491
f 1491 1511 1512
f 1491 1512 1490
f 1490 1512 1513
f 1490 1513 1489
f 1489 1513 1514
f 1489 1514 1488
f 1488 1514 1515
f 1488 1515 1487
f 1487 1515 1516
f 1487 1516 1486
f 1486 1516 1517
f 1486 1517 1485
f 1485 1517 1518
f 1485 1518 1484
f 1484 1518 1519
f 1484 1519 1483
f 1483 1519 1520
f 1483 1520 1482
f 1482 1520 1521
f 1482 1521 1481
f 1481 1521 1522
f 1481 1522 1480
f 1480 1522 1523
f 1480 1523 1479
f 1479 1523 1524
f 1479 1524 1478
f 1478 1524 1525
f 1478 1525 1477
f 1477 1525 1526
f 1477 1526 1476
f 1476 1526 1527
f 1476 1527 1475
f 1475 1527 1528
f 1475 1528 1474
f 1474 1528 1529
f 1474 1529 1473
f 1473 1529 1530
f 1473 1530 1472
f 1472 1530 1531
f 1472 1531 1471
f 1471 1531 1532
f 1471 1532 1470
f 1470 1532 1533
f 1470 1533 1469
f 1469 1533 1534
f 1469 1534 1468
f 1468 1534 1535
f 1468 1535 1467
f 1467 1535 1536
f 1467 1536 1466
f 1466 1536 1537
f 1466 1537 1465
f 1465 1537 1538
f 1465 1538 1464
f 1464 1538 1539
f 1464 1539 1463
f 1463 1539 1540
f 1463 1540 1462
f 1462 1540 1541
f 1462 1541 1461
f 1461 1541 1542
f 1461 1542 1460
f 1460 1542 1543
f 1460 1543 1459
f 1459 1543 1544
f 1459 1544 1458
f 1458 1544 1545
f 1458 1545 1457
f 1457 1545 1546
f 1457 1546 1456
f 1456 1546 1547
f 1456 1547 1455
f 1455 1547 1548
f 1455 1548 1454
f 1454 1548 1549
f 1454 1549 1453
f 1453 1549 1550
f 1453 1550 1452
f 1452 1550 1551
f 1452 1551 1451
f 1451 1551 1552
f 1451 1552 1450
f 1450 1552 1553
f 1450 1553 1449
f 1449 1553 1554
f 1449 1554 1448
f 1448 1554 1555
f 1448 1555 1447
f 1447 1555 1556
f 1447 1556 1445
f 1445 1556 1557
f 1445 1557 1446
f 1446 1557 1558
f 1446 1558 1501
f 1501 1558 1502
f 1502 1559 1503
f 1503 1559 1560
f 1503 1560 1504
f 1504 1560 1561
f 1504 1561 1505
f 1505 1561 1562
f 1505 1562 1506
f 1506 1562 1563
f 1506 1563 1507
f 1507 1563 1564
f 1507 1564 1508
f 1508 1564 1565
f 1508 1565 1509
f 1509 1565 1566
f 1509 1566 1510
f 1510 1566 1567
f 1510 1567 1511
f 1511 1567 1568
f 1511 1568 1512
f 1512 1568 1569
f 1512 1569 1513
f 1513 1569 1570
f 1513 1570 1514
f 1514 1570 1571
f 1514 1571 1515
f 1515 1571 1572
f 1515 1572 1516
f 1516 1572 1573
f 1516 1573 1517
f 1517 1573 1574
f 1517 1574 1518
f 1518 1574 1575
f 1518 1575 1519
f 1519 1575 1576
f 1519 1576 1520
f 1520 1576 1577
f 1520 1577 1521
f 1521 1577 1578
f 1521 1578 1522
f 1522 1578 1579
f 1522 1579 1523
f 1523 1579 1580
f 1523 1580 1524
f 1524 1580 1581
f 1524 1581 1525
f 1525 1581 1582
f 1525 1582 1526
f 1526 1582 1583
f 1526 1583 1527
f 1527 1583 1584
f 1527 1584 1528
f 1528 1584 1585
f 1528 1585 1529
f 1529 1585 1586
f 1529 1586 1530
f 1530 1586 1587
f 1530 1587 1531
f 1531 1587 1588
f 1531 1588 1532
f 1532 1588 1589
f 1532 1589 1533
f 1533 1589 1590
f 1533 1590 1534
f 1534 1590 1591
f 1534 1591 1535
f 1535 1591 1592
f 1535 1592 1536
f 1536 1592 1593
f 1536 1593 1537
f 1537 1593 1594
f 1537 1594 1538
f 1538 1594 1595
f 1538 1595 1539
f 1539 1595 1596
f 1539 1596 1540
f 1540 1596 1597
f 1540 1597 1541
f 1541 1597 1598
f 1541 1598 1542
f 1542 1598 1599
f 1542 1599 1543
f 1543 1599 1600
f 1543 1600 1544
f 1544 1600 1601
f 1544 1601 1545
f 1545 1601 1602
f 1545 1602 1546
f 1546 1602 1603
f 1546 1603 1547
f 1547 1603 1604
f 1547 1604 1548
f 1548 1604 1605
f 1548 1605 1549
f 1549 1605 1606
f 1549 1606 1550
f 1550 1606 1607
f 1550 1607 1551
f 1551 1607 1608
f 1551 1608 1552
f 1552 1608 1609
f 1552 1609 1553
f 1553 1609 1610
f 1553 1610 1554
f 1554 1610 1611
f 1554 1611 1555
f 1555 1611 1612
f 1555 1612 1556
f 1556 1612 1613
f 1556 1613 1557
f 1557 1613 1614
f 1557 1614 1558
f 1558 1614 1615
f 1558 1615 1502
f 1502 1615 1559
f 1559 1616 1560
f 1560 1616 1617
f 1560 1617 1561
f 1561 1617 1618
f 1561 1618 1562
f 1562 1618 1619
f 1562 1619 1563
f 1563 1619 1620
f 1563 1620 1564
f 1564 1620 1621
f 1564 1621 1565
f 1565 1621 1622
f 1565 1622 1566
f 1566 1622 1623
f 1566 1623 1567
f 1567 1623 1624
f 1567 1624 1568
f 1568 1624 1625
f 1568 1625 1569
f 1569 1625 1626
f 1569 1626 1570
f 1570 1626 1627
f 1570 1627 1571
f 1571 1627 1628
f 1571 1628 1572
f 1572 1628 1629
f 1572 1629 1573
f 1573 1629 1630
f 1573 1630 1574
f 1574 1630 1631
f 1574 1631 1575
f 1575 1631 1632
f 1575 1632 1576
f 1576 1632 1633
f 1576 1633 1577
f 1577 1633 1634
f 1577 1634 1578
f 1578 1634 1635
f 1578 1635 1579
f 1579 1635 1636
f 1579 1636 1580
f 1580 1636 1637
f 1580 1637 1581
f 1581 1637 1638
f 1581 1638 1582
f 1582 1638 1639
f 1582 1639 1583
f 1583 1639 1640
f 1583 1640 1584
f 1584 1640 1641
f 1584 1641 1585
f 1585 1641 1642
f 1585 1642 1586
f 1586 1642 1643
f 1586 1643 1587
f 1587 1643 1644
f 1587 1644 1588
f 1588 1644 1645
f 1588 1645 1589
f 1589 1645 1646
f 1589 1646 1590
f 1590 1646 1647
f 1590 1647 1591
f 1591 1647 1648
f 1591 1648 1592
f 1592 1648 1649
f 1592 1649 1593
f 1593 1649 1650
f 1593 1650 1594
f 1594 1650 1651
f 1594 1651 1595
f 1595 1651 1652
f 1595 1652 1596
f 1596 1652 1653
f 1596 1653 1597
f 1597 1653 1654
f 1597 1654 1598
f 1598 1654 1655
f 1598 1655 1599
f 1599 1655 1656
f 1599 1656 1600
f 1600 1656 1657
f 1600 1657 1601
f 1601 1657 1658
f 1601 1658 1602
f 1602 1658 1659
f 1602 1659 1603
f 1603 1659 1660
f 1603 1660 1604
f 1604 1660 1661
f 1604 1661 1605
f 1605 1661 1662
f 1605 1662 1606
f 1606 1662 1663
f 1606 1663 1607
f 1607 1663 1664
f 1607 1664 1608
f 1608 1664 1665
f 1608 1665 1609
f 1609 1665 1666
f 1609 1666 1610
f 1610 1666 1667
f 1610 1667 1611
f 1611 1667 1668
f 1611 1668 1612
f 1612 1668 1669
f 1612 1669 1613
f 1613 1669 1670
f 1613 1670 1614
f 1614 1670 1671
f 1614 1671 1615
f 1615 1671 1672
f 1615 1672 1559
f 1559 1672 1616
f 1616 1673 1617
f 1617 1673 1674
f 1617 1674 1618
f 1618 1674 1675
f 1618 1675 1619
f 1619 1675 1676
f 1619 1676 1620
f 1620 1676 1677
f 1620 1677 1621
f 1621 1677 1678
f 1621 1678 1622
f 1622 1678 1679
f 1622 1679 1623
f 1623 1679 1680
f 1623 1680 1624
f 1624 1680 1681
f 1624 1681 1625
f 1625 1681 1682
f 1625 1682 1626
f 1626 1682 1683
f 1626 1683 1627
f 1627 1683 1684
f 1627 1684 1628
f 1628 1684 1685
f 1628 1685 1629
f 1629 1685 1686
f 1629 1686 1630
f 1630 1686 1687
f 1630 1687 1631
f 1631 1687 1688
f 1631 1688 1632
f 1632 1688 1689
f 1632 1689 1633
f 1633 1689 1690
f 1633 1690 1634
f 1634 1690 1691
f 1634 1691 1635
f 1635 1691 1692
f 1635 1692 1636
f 1636 1692 1693
f 1636 1693 1637
f 1637 1693 1694
f 1637 1694 1638
f 1638 1694 1695
f 1638 1695 1639
f 1639 1695 1696
f 1639 1696 1640
f 1640 1696 1697
f 1640 1697 1641
f 1641 1697 1698
f 1641 1698 1642
f 1642 1698 1699
f 1642 1699 1643
f 1643 1699 1700
f 1643 1700 1644
f 1644 1700 1701
f 1644 1701 1645
f 1645 1701 1702
f 1645 1702 1646
f 1646 1702 1703
f 1646 1703 1647
f 1647 1703 1704
f 1647 1704 1648
f 1648 1704 1705
f 1648 1705 1649
f 1649 1705 1706
f 1649 1706 1650
f 1650 1706 1707
f 1650 1707 1651
f 1651 1707 1708
f 1651 1708 1652
f 1652 1708 1709
f 1652 1709 1653
f 1653 1709 1710
f 1653 1710 1654
f 1654 1710 1711
f 1654 1711 1655
f 1655 1711 1712
f 1655 1712 1656
f 1656 1712 1713
f 1656 1713 1657
f 1657 1713 1714
f 1657 1714 1658
f 1658 1714 1715
f 1658 1715 1659
f 1659 1715 1716
f 1659 1716 1660
f 1660 1716 1717
f 1660 1717 1661
f 1661 1717 1718
f 1661 1718 1662
f 1662 1718 1719
f 1662 1719 1663
f 1663 1719 1720
f 1663 1720 1664
f 1664 1720 1721
f 1664 1721 1665
f 1665 1721 1722
f 1665 1722 1666
f 1666 1722 1723
f 1666 1723 1667
f 1667 1723 1724
f 1667 1724 1668
f 1668 1724 1725
f 1668 1725 1669
f 1669 1725 1726
f 1669 1726 1670
f 1670 1726 1727
f 1670 1727 1671
f 1671 1727 1728
f 1671 1728 1672
f 1672 1728 1729
f 1672 1729 1616
f 1616 1729 1673
f 1673 1730 1674
f 1674 1730 1731
f 1674 1731 1675
f 1675 1731 1732
f 1675 1732 1676
f 1676 1732 1733
f 1676 1733 1677
f 1677 1733 1734
f 1677 1734 1678
f 1678 1734 1735
f 1678 1735 1679
f 1679 1735 1736
f 1679 1736 1680
f 1680 1736 1737
f 1680 1737 1681
f 1681 1737 1738
f 1681 1738 1682
f 1682 1738 1739
f 1682 1739 1683
f 1683 1739 1740
f 1683 1740 1684
f 1684 1740 1741
f 1684 1741 1685
f 1685 1741 1742
f 1685 1742 1686
f 1686 1742 1743
f 1686 1743 1687
f 1687 1743 1744
f 1687 1744 1688
f 1688 1744 1745
f 1688 1745 1689
f 1689 1745 1746
f 1689 1746 1690
f 1690 1746 1747
f 1690 1747 1691
f 1691 1747 1748
f 1691 1748 1692
f 1692 1748 1749
f 1692 1749 1693
f 1693 1749 1750
f 1693 1750 1694
f 1694 1750 1751
f 1694 1751 1695
f 1695 1751 1752
f 1695 1752 1696
f 1696 1752 1753
f 1696 1753 1697
f 1697 1753 1754
f 1697 1754 1698
f 1698 1754 1755
f 1698 1755 1699
f 1699 1755 1756
f 1699 1756 1700
f 1700 1756 1757
f 1700 1757 1701
f 1701 1757 1758
f 1701 1758 1702
f 1702 1758 1759
f 1702 1759 1703
f 1703 1759 1760
f 1703 1760 1704
f 1704 1760 1761
f 1704 1761 1705
f 1705 1761 1762
f 1705 1762 1706
f 1706 1762 1763
f 1706 1763 1707
f 1707 1763 1764
f 1707 1764 1708
f 1708 1764 1765
f 1708 1765 1709
f 1709 1765 1766
f 1709 1766 1710
f 1710 1766 1767
f 1710 1767 1711
f 1711 1767 1768
f 1711 1768 1712
f 1712 1768 1769
f 1712 1769 1713
f 1713 1769 1770
f 1713 1770 1714
f 1714 1770 1771
f 1714 1771 1715
f 1715 1771 1772
f 1715 1772 1716
f 1716 1772 1773
f 1716 1773 1717
f 1717 1773 1774
f 1717 1774 1718
f 1718 1774 1775
f 1718 1775 1719
f 1719 1775 1776
f 1719 1776 1720
f 1720 1776 1777
f 1720 1777 1721
f 1721 1777 1778
f 1721 1778 1722
f 1722 1778 1779
f 1722 1779 1723
f 1723 1779 1780
f 1723 1780 1724
f 1724 1780 1781
f 1724 1781 1725
f 1725 1781 1782
f 1725 1782 1726
f 1726 1782 1783
f 1726 1783 1727
f 1727 1783 1784
f 1727 1784 1728
f 1728 1784 1785
f 1728 1785 1729
f 1729 1785 1786
f 1729 1786 1673
f 1673 1786 1730
f 1730 1787 1731
f 1731 1787 1788
f 1731 1788 1732
f 1732 1788 1789
f 1732 1789 1733
f 1733 1789 1790
f 1733 1790 1734
f 1734 1790 1791
f 1734 1791 1735
f 1735 1791 1792
f 1735 1792 1736
f 1736 1792 1793
f 1736 1793 1737
f 1737 1793 1794
f 1737 1794 1738
f 1738 1794 1795
f 1738 1795 1739
f 1739 1795 1796
f 1739 1796 1740
f 1740 1796 1797
f 1740 1797 1741
f 1741 1797 1798
f 1741 1798 1742
f 1742 1798 1799
f 1742 1799 1743
f 1743 1799 1800
f 1743 1800 1744
f 1744 1800 1801
f 1744 1801 1745
f 1745 1801 1802
f 1745 1802 1746
f 1746 1802 1803
f 1746 1803 1747
f 1747 1803 1804
f 1747 1804 1748
f 1748 1804 1805
f 1748 1805 1749
f 1749 1805 1806
f 1749 1806 1750
f 1750 1806 1807
f 1750 1807 1751
f 1751 1807 1808
f 1751 1808 1752
f 1752 1808 1809
f 1752 1809 1753
f 1753 1809 1810
f 1753 1810 1754
f 1754 1810 1811
f 1754 1811 1755
f 1755 1811 1812
f 1755 1812 1756
f 1756 1812 1813
f 1756 1813 1757
f 1757 1813 1814
f 1757 1814 1758
f 1758 1814 1815
f 1758 1815 1759
f 1759 1815 1816
f 1759 1816 1760
f 1760 1816 1817
f 1760 1817 1761
f 1761 1817 1818
f 1761 1818 1762
f 1762 1818 1819
f 1762 1819 1763
f 1763 1819 1820
f 1763 1820 1764
f 1764 1820 1821
f 1764 1821 1765
f 1765 1821 1822
f 1765 1822 1766
f 1766 1822 1823
f 1766 1823 1767
f 1767 1823 1824
f 1767 1824 1768
f 1768 1824 1825
f 1768 1825 1769
f 1769 1825 1826
f 1769 1826 1770
f 1770 1826 1827
f 1770 1827 1771
f 1771 1827 1828
f 1771 1828 1772
f 1772 1828 1829
f 1772 1829 1773
f 1773 1829 1830
f 1773 1830 1774
f 1774 1830 1831
f 1774 1831 1775
f 1775 1831 1832
f 1775 1832 1776
f 1776 1832 1833
f 1776 1833 1777
f 1777 1833 1834
f 1777 1834 1778
f 1778 1834 1835
f 1778 1835 1779
f 1779 1835 1836
f 1779 1836 1780
f 1780 1836 1837
f 1780 1837 1781
f 1781 1837 1838
f 1781 1838 1782
f 1782 1838 1839
f 1782 1839 1783
f 1783 1839 1840
f 1783 1840 1784
f 1784 1840 1841
f 1784 1841 1785
f 1785 1841 1842
f 1785 1842 1786
f 1786 1842 1843
f 1786 1843 1730
f 1730 1843 1787
f 1787 1844 1788
f 1788 1844 1845
f 1788 1845 1789
f 1789 1845 1846
f 1789 1846 1790
f 1790 1846 1847
f 1790 1847 1791
f 1791 1847 1848
f 1791 1848 1792
f 1792 1848 1849
f 1792 1849 1793
f 1793 1849 1850
f 1793 1850 1794
f 1794 1850 1851
f 1794 1851 1795
f 1795 1851 1852
f 1795 1852 1796
f 1796 1852 1853
f 1796 1853 1797
f 1797 1853 1854
f 1797 1854 1798
f 1798 1854 1855
f 1798 1855 1799
f 1799 1855 1856
f 1799 1856 1800
f 1800 1856 1857
f 1800 1857 1801
f 1801 1857 1858
f 1801 1858 1802
f 1802 1858 1859
f 1802 1859 1803
f 1803 1859 1860
f 1803 1860 1804
f 1804 1860 1861
f 1804 1861 1805
f 1805 1861 1862
f 1805 1862 1806
f 1806 1862 1863
f 1806 1863 1807
f 1807 1863 1864
f 1807 1864 1808
f 1808 1864 1865
f 1808 1865 1809
f 1809 1865 1866
f 1809 1866 1810
f 1810 1866 1867
f 1810 1867 1811
f 1811 1867 1868
f 1811 1868 1812
f 1812 1868 1869
f 1812 1869 1813
f 1813 1869 1870
f 1813 1870 1814
f 1814 1870 1871
f 1814 1871 1815
f 1815 1871 1872
f 1815 1872 1816
f 1816 1872 1873
f 1816 1873 1817
f 1817 1873 1874
f 1817 1874 1818
f 1818 1874 1875
f 1818 1875 1819
f 1819 1875 1876
f 1819 1876 1820
f 1820 1876 1877
f 1820 1877 1821
f 1821 1877 1878
f 1821 1878 1822
f 1822 1878 1879
f 1822 1879 1823
f 1823 1879 1880
f 1823 1880 1824
f 1824 1880 1881
f 1824 1881 1825
f 1825 1881 1882
f 1825 1882 1826
f 1826 1882 1883
f 1826 1883 1827
f 1827 1883 1884
f 1827 1884 1828
f 1828 1884 1885
f 1828 1885 1829
f 1829 1885 1886
f 1829 1886 1830
f 1830 1886 1887
f 1830 1887 1831
f 1831 1887 1888
f 1831 1888 1832
f 1832 1888 1889
f 1832 1889 1833
f 1833 1889 1890
f 1833 1890 1834
f 1834 1890 1891
f 1834 1891 1835
f 1835 1891 1892
f 1835 1892 1836
f 1836 1892 1893
f 1836 1893 1837
f 1837 1893 1894
f 1837 1894 1838
f 1838 1894 1895
f 1838 1895 1839
f 1839 1895 1896
f 1839 1896 1840
f 1840 1896 1897
f 1840 1897 1841
f 1841 1897 1898
f 1841 1898 1842
f 1842 1898 1899
f 1842 1899 1843
f 1843 1899 1900
f 1843 1900 1787
f 1787 1900 1844
f 1901 1874 1902
f 1902 1874 1873
f 1902 1873 1903
f 1903 1873 1872
f 1903 1872 1904
f 1904 1872 1871
f 1904 1871 1905
f 1906 1879 1907
f 1907 1879 1878
f 1907 1878 1908
f 1908 1878 1877
f 1908 1877 1909
f 1909 1877 1876
f 1909 1876 1901
f 1901 1876 1875
f 1901 1875 1874
f 1910 1883 1911
f 1911 1883 1882
f 1911 1882 1912
f 1912 1882 1881
f 1912 1881 1906
f 1906 1881 1880
f 1906 1880 1879
f 1913 1888 1914
f 1914 1888 1887
f 1914 1887 1915
f 1915 1887 1886
f 1915 1886 1916
f 1916 1886 1885
f 1916 1885 1910
f 1910 1885 1884
f 1910 1884 1883
f 1917 1893 1918
f 1918 1893 1892
f 1918 1892 1919
f 1919 1892 1891
f 1919 1891 1920
f 1920 1891 1890
f 1920 1890 1913
f 1913 1890 1889
f 1913 1889 1888
f 1921 1898 1922
f 1922 1898 1897
f 1922 1897 1923
f 1923 1897 1896
f 1923 1896 1924
f 1924 1896 1895
f 1924 1895 1917
f 1917 1895 1894
f 1917 1894 1893
f 1925 1845 1926
f 1926 1845 1844
f 1926 1844 1927
f 1927 1844 1900
f 1927 1900 1921
f 1921 1900 1899
f 1921 1899 1898
f 1871 1870 1905
f 1905 1870 1869
f 1905 1869 1928
f 1928 1869 1868
f 1928 1868 1929
f 1929 1868 1867
f 1929 1867 1930
f 1930 1867 1866
f 1930 1866 1931
f 1932 1850 1933
f 1933 1850 1849
f 1933 1849 1934
f 1934 1849 1848
f 1934 1848 1935
f 1935 1848 1847
f 1935 1847 1925
f 1925 1847 1846
f 1925 1846 1845
f 1936 1855 1937
f 1937 1855 1854
f 1937 1854 1938
f 1938 1854 1853
f 1938 1853 1939
f 1939 1853 1852
f 1939 1852 1932
f 1932 1852 1851
f 1932 1851 1850
f 1940 1860 1941
f 1941 1860 1859
f 1941 1859 1942
f 1942 1859 1858
f 1942 1858 1943
f 1943 1858 1857
f 1943 1857 1936
f 1936 1857 1856
f 1936 1856 1855
f 1866 1865 1931
f 1931 1865 1864
f 1931 1864 1944
f 1944 1864 1863
f 1944 1863 1945
f 1945 1863 1862
f 1945 1862 1940
f 1940 1862 1861
f 1940 1861 1860
f 1946 1947 1948
f 1949 1950 1951
f 1952 1953 1954
f 1955 1956 1957
f 1958 1959 1960
f 1961 1962 1963
f 1964 1965 1966
f 1967 1968 1969
f 1970 1971 1972
f 1973 1974 1975
f 1976 1977 1978
f 1979 1980 1981
f 1982 1983 1984
f 1985 1986 1987
f 1988 1989 1990
f 1991 1992 1993
f 1994 1995 1996
f 1997 1998 1999
f 2000 2001 2002
f 2005 2006 2007
f 1933 1934 2008
f 2008 1934 2009
f 2008 2009 2010
f 2010 2009 2011
f 2010 2011 2012
f 2012 2011 2013
f 2012 2013 2014
f 2014 2013 2015
f 2014 2015 2016
f 2016 2015 2017
f 2016 2017 2018
f 2018 2017 2019
f 1934 1935 2009
f 2009 1935 2020
f 2009 2020 2011
f 2011 2020 2021
f 2011 2021 2013
f 2013 2021 2022
f 2013 2022 2015
f 2015 2022 2023
f 2015 2023 2017
f 2017 2023 2024
f 2017 2024 2019
f 2019 2024 2025
f 2019 2025 2026
f 1921 1922 2027
f 2027 1922 2028
f 2027 2028 2029
f 2029 2028 2030
f 2029 2030 2031
f 2031 2030 2032
f 2031 2032 2033
f 2033 2032 2034
f 2033 2034 2035
f 2035 2034 2036
f 2035 2036 2037
f 2037 2036 2038
f 1922 1923 2028
f 2028 1923 2039
f 2028 2039 2030
f 2030 2039 2040
f 2030 2040 2032
f 2032 2040 2041
f 2032 2041 2034
f 2034 2041 2042
f 2034 2042 2036
f 2036 2042 2043
f 2036 2043 2038
f 2038 2043 2044
f 2038 2044 2045
f 2045 2044 2046
f 1920 1913 2047
f 2047 1913 2048
f 2047 2048 2049
f 2049 2048 2050
f 2049 2050 2051
f 2051 2050 2052
f 2051 2052 2053
f 2053 2052 2054
f 2053 2054 2055
f 2055 2054 2056
f 2055 2056 2057
f 2057 2056 2058
f 2057 2058 2059
f 2059 2058 2060
f 1916 1910 2061
f 2061 1910 2062
f 2061 2062 2063
f 2063 2062 2064
f 2063 2064 2065
f 2065 2064 2066
f 2065 2066 2067
f 2067 2066 2068
f 2067 2068 2069
f 2069 2068 2070
f 2069 2070 2071
f 2071 2070 2072
f 1910 1911 2062
f 2062 1911 2073
f 2062 2073 2064
f 2064 2073 2074
f 2064 2074 2066
f 2066 2074 2075
f 2066 2075 2068
f 2068 2075 2076
f 2068 2076 2070
f 2070 2076 2077
f 2070 2077 2072
f 2072 2077 2078
f 2072 2078 2079
f 1908 1909 2080
f 2080 1909 2081
f 2080 2081 2082
f 2082 2081 2083
f 2082 2083 2084
f 2084 2083 2085
f 2084 2085 2086
f 2086 2085 2087
f 2086 2087 2088
f 2088 2087 2089
f 2088 2089 2090
f 2090 2089 2091
f 1909 1901 2081
f 2081 1901 2092
f 2081 2092 2083
f 2083 2092 2093
f 2083 2093 2085
f 2085 2093 2094
f 2085 2094 2087
f 2087 2094 2095
f 2087 2095 2089
f 2089 2095 2096
f 2089 2096 2091
f 2091 2096 2097
f 2091 2097 2098
f 1904 1905 2099
f 2099 1905 2100
f 2099 2100 2101
f 2101 2100 2102
f 2101 2102 2103
f 2103 2102 2104
f 2103 2104 2105
f 2105 2104 2106
f 2105 2106 2107
f 2107 2106 2108
f 2107 2108 2109
f 2109 2108 2110
f 1905 1928 2100
f 2100 1928 2111
f 2100 2111 2102
f 2102 2111 2112
f 2102 2112 2104
f 2104 2112 2113
f 2104 2113 2106
f 2106 2113 2114
f 2106 2114 2108
f 2108 2114 2115
f 2108 2115 2110
f 2110 2115 2116
f 2110 2116 2117
f 1944 1945 2118
f 2118 1945 2119
f 2118 2119 2120
f 2120 2119 2121
f 2120 2121 2122
f 2122 2121 2123
f 2122 2123 2124
f 2124 2123 2125
f 2124 2125 2126
f 2126 2125 2127
f 2126 2127 2128
f 2128 2127 2129
f 1945 1940 2119
f 2119 1940 2130
f 2119 2130 2121
f 2121 2130 2131
f 2121 2131 2123
f 2123 2131 2132
f 2123 2132 2125
f 2125 2132 2133
f 2125 2133 2127
f 2127 2133 2134
f 2127 2134 2129
f 2129 2134 2135
f 2129 2135 2136
f 1936 1937 2137
f 2137 1937 2138
f 2137 2138 2139
f 2139 2138 2140
f 2139 2140 2141
f 2141 2140 2142
f 2141 2142 2143
f 2143 2142 2144
f 2143 2144 2145
f 2145 2144 2146
f 2145 2146 2147
f 2147 2146 2148
f 1937 1938 2138
f 2138 1938 2149
f 2138 2149 2140
f 2140 2149 2150
f 2140 2150 2142
f 2142 2150 2151
f 2142 2151 2144
f 2144 2151 2152
f 2144 2152 2146
f 2146 2152 2153
f 2146 2153 2148
f 2148 2153 2154
f 2148 2154 2155
f 2155 2154 2156
f 1932 1933 2157
f 2157 1933 2008
f 2157 2008 2158
f 2158 2008 2010
f 2158 2010 2159
f 2159 2010 2012
f 2159 2012 2160
f 2160 2012 2014
f 2160 2014 2161
f 2161 2014 2016
f 2161 2016 2007
f 2007 2016 2018
f 2007 2018 2005
f 2026 2162 2019
f 2019 2162 2163
f 2019 2163 2018
f 2018 2163 2164
f 2018 2164 2005
f 2003 2026 2004
f 2004 2026 2025
f 2004 2025 2165
f 2165 2025 2024
f 2165 2024 2166
f 2166 2024 2023
f 2166 2023 2167
f 2167 2023 2022
f 2167 2022 2168
f 2168 2022 2021
f 2168 2021 2169
f 2169 2021 2020
f 2169 2020 1925
f 1925 2020 1935
f 2001 2003 2002
f 2002 2003 2004
f 2002 2004 2170
f 2170 2004 2165
f 2170 2165 2171
f 2171 2165 2166
f 2171 2166 2172
f 2172 2166 2167
f 2172 2167 2173
f 2173 2167 2168
f 2173 2168 2174
f 2174 2168 2169
f 2174 2169 1926
f 1926 2169 1925
f 1998 2000 1999
f 1999 2000 2002
f 1999 2002 2175
f 2175 2002 2170
f 2175 2170 2176
f 2176 2170 2171
f 2176 2171 2177
f 2177 2171 2172
f 2177 2172 2178
f 2178 2172 2173
f 2178 2173 2179
f 2179 2173 2174
f 2179 2174 1927
f 1927 2174 1926
f 1927 1921 2179
f 2179 1921 2027
f 2179 2027 2178
f 2178 2027 2029
f 2178 2029 2177
f 2177 2029 2031
f 2177 2031 2176
f 2176 2031 2033
f 2176 2033 2175
f 2175 2033 2035
f 2175 2035 1999
f 1999 2035 2037
f 1999 2037 1997
f 2045 2180 2038
f 2038 2180 2037
f 2037 2180 2181
f 2037 2181 1997
f 1995 2046 1996
f 1996 2046 2044
f 1996 2044 2182
f 2182 2044 2043
f 2182 2043 2183
f 2183 2043 2042
f 2183 2042 2184
f 2184 2042 2041
f 2184 2041 2185
f 2185 2041 2040
f 2185 2040 2186
f 2186 2040 2039
f 2186 2039 1924
f 1924 2039 1923
f 1992 1994 1993
f 1993 1994 1996
f 1993 1996 2187
f 2187 1996 2182
f 2187 2182 2188
f 2188 2182 2183
f 2188 2183 2189
f 2189 2183 2184
f 2189 2184 2190
f 2190 2184 2185
f 2190 2185 2191
f 2191 2185 2186
f 2191 2186 1917
f 1917 2186 1924
f 1989 1991 1990
f 1990 1991 1993
f 1990 1993 2192
f 2192 1993 2187
f 2192 2187 2193
f 2193 2187 2188
f 2193 2188 2194
f 2194 2188 2189
f 2194 2189 2195
f 2195 2189 2190
f 2195 2190 2196
f 2196 2190 2191
f 2196 2191 1918
f 1918 2191 1917
f 1918 1919 2196
f 2196 1919 2197
f 2196 2197 2195
f 2195 2197 2198
f 2195 2198 2194
f 2194 2198 2199
f 2194 2199 2193
f 2193 2199 2200
f 2193 2200 2192
f 2192 2200 2201
f 2192 2201 1990
f 1990 2201 2202
f 1990 2202 1988
f 2202 2203 2204
f 2202 2204 1988
f 1919 1920 2197
f 2197 1920 2047
f 2197 2047 2198
f 2198 2047 2049
f 2198 2049 2199
f 2199 2049 2051
f 2199 2051 2200
f 2200 2051 2053
f 2200 2053 2201
f 2201 2053 2055
f 2201 2055 2202
f 2202 2055 2057
f 2202 2057 2203
f 2203 2057 2059
f 1986 2060 1987
f 1987 2060 2058
f 1987 2058 2205
f 2205 2058 2056
f 2205 2056 2206
f 2206 2056 2054
f 2206 2054 2207
f 2207 2054 2052
f 2207 2052 2208
f 2208 2052 2050
f 2208 2050 2209
f 2209 2050 2048
f 2209 2048 1914
f 1914 2048 1913
f 1983 1985 1984
f 1984 1985 1987
f 1984 1987 2210
f 2210 1987 2205
f 2210 2205 2211
f 2211 2205 2206
f 2211 2206 2212
f 2212 2206 2207
f 2212 2207 2213
f 2213 2207 2208
f 2213 2208 2214
f 2214 2208 2209
f 2214 2209 1915
f 1915 2209 1914
f 1915 1916 2214
f 2214 1916 2061
f 2214 2061 2213
f 2213 2061 2063
f 2213 2063 2212
f 2212 2063 2065
f 2212 2065 2211
f 2211 2065 2067
f 2211 2067 2210
f 2210 2067 2069
f 2210 2069 1984
f 1984 2069 2071
f 1984 2071 1982
f 2079 2215 2072
f 2072 2215 2071
f 2071 2215 2216
f 2071 2216 1982
f 1980 2079 1981
f 1981 2079 2078
f 1981 2078 2217
f 2217 2078 2077
f 2217 2077 2218
f 2218 2077 2076
f 2218 2076 2219
f 2219 2076 2075
f 2219 2075 2220
f 2220 2075 2074
f 2220 2074 2221
f 2221 2074 2073
f 2221 2073 1912
f 1912 2073 1911
f 1977 1979 1978
f 1978 1979 1981
f 1978 1981 2222
f 2222 1981 2217
f 2222 2217 2223
f 2223 2217 2218
f 2223 2218 2224
f 2224 2218 2219
f 2224 2219 2225
f 2225 2219 2220
f 2225 2220 2226
f 2226 2220 2221
f 2226 2221 1906
f 1906 2221 1912
f 1974 1976 1975
f 1975 1976 1978
f 1975 1978 2227
f 2227 1978 2222
f 2227 2222 2228
f 2228 2222 2223
f 2228 2223 2229
f 2229 2223 2224
f 2229 2224 2230
f 2230 2224 2225
f 2230 2225 2231
f 2231 2225 2226
f 2231 2226 1907
f 1907 2226 1906
f 1907 1908 2231
f 2231 1908 2080
f 2231 2080 2230
f 2230 2080 2082
f 2230 2082 2229
f 2229 2082 2084
f 2229 2084 2228
f 2228 2084 2086
f 2228 2086 2227
f 2227 2086 2088
f 2227 2088 1975
f 1975 2088 2090
f 1975 2090 1973
f 2098 2232 2091
f 2091 2232 2090
f 2090 2232 2233
f 2090 2233 1973
f 1971 2098 1972
f 1972 2098 2097
f 1972 2097 2234
f 2234 2097 2096
f 2234 2096 2235
f 2235 2096 2095
f 2235 2095 2236
f 2236 2095 2094
f 2236 2094 2237
f 2237 2094 2093
f 2237 2093 2238
f 2238 2093 2092
f 2238 2092 1902
f 1902 2092 1901
f 1968 1970 1969
f 1969 1970 1972
f 1969 1972 2239
f 2239 1972 2234
f 2239 2234 2240
f 2240 2234 2235
f 2240 2235 2241
f 2241 2235 2236
f 2241 2236 2242
f 2242 2236 2237
f 2242 2237 2243
f 2243 2237 2238
f 2243 2238 1903
f 1903 2238 1902
f 1903 1904 2243
f 2243 1904 2099
f 2243 2099 2242
f 2242 2099 2101
f 2242 2101 2241
f 2241 2101 2103
f 2241 2103 2240
f 2240 2103 2105
f 2240 2105 2239
f 2239 2105 2107
f 2239 2107 1969
f 1969 2107 2109
f 1969 2109 1967
f 2117 2244 2110
f 2110 2244 2245
f 2110 2245 2109
f 2109 2245 2246
f 2109 2246 1967
f 1965 2117 1966
f 1966 2117 2116
f 1966 2116 2247
f 2247 2116 2115
f 2247 2115 2248
f 2248 2115 2114
f 2248 2114 2249
f 2249 2114 2113
f 2249 2113 2250
f 2250 2113 2112
f 2250 2112 2251
f 2251 2112 2111
f 2251 2111 1929
f 1929 2111 1928
f 1962 1964 1963
f 1963 1964 1966
f 1963 1966 2252
f 2252 1966 2247
f 2252 2247 2253
f 2253 2247 2248
f 2253 2248 2254
f 2254 2248 2249
f 2254 2249 2255
f 2255 2249 2250
f 2255 2250 2256
f 2256 2250 2251
f 2256 2251 1930
f 1930 2251 1929
f 1959 1961 1960
f 1960 1961 1963
f 1960 1963 2257
f 2257 1963 2252
f 2257 2252 2258
f 2258 2252 2253
f 2258 2253 2259
f 2259 2253 2254
f 2259 2254 2260
f 2260 2254 2255
f 2260 2255 2261
f 2261 2255 2256
f 2261 2256 1931
f 1931 2256 1930
f 1931 1944 2261
f 2261 1944 2118
f 2261 2118 2260
f 2260 2118 2120
f 2260 2120 2259
f 2259 2120 2122
f 2259 2122 2258
f 2258 2122 2124
f 2258 2124 2257
f 2257 2124 2126
f 2257 2126 1960
f 1960 2126 2128
f 1960 2128 1958
f 2136 2262 2129
f 2129 2262 2263
f 2129 2263 2128
f 2128 2263 2264
f 2128 2264 1958
f 1956 2136 1957
f 1957 2136 2135
f 1957 2135 2265
f 2265 2135 2134
f 2265 2134 2266
f 2266 2134 2133
f 2266 2133 2267
f 2267 2133 2132
f 2267 2132 2268
f 2268 2132 2131
f 2268 2131 2269
f 2269 2131 2130
f 2269 2130 1941
f 1941 2130 1940
f 1953 1955 1954
f 1954 1955 1957
f 1954 1957 2270
f 2270 1957 2265
f 2270 2265 2271
f 2271 2265 2266
f 2271 2266 2272
f 2272 2266 2267
f 2272 2267 2273
f 2273 2267 2268
f 2273 2268 2274
f 2274 2268 2269
f 2274 2269 1942
f 1942 2269 1941
f 1950 1952 1951
f 1951 1952 1954
f 1951 1954 2275
f 2275 1954 2270
f 2275 2270 2276
f 2276 2270 2271
f 2276 2271 2277
f 2277 2271 2272
f 2277 2272 2278
f 2278 2272 2273
f 2278 2273 2279
f 2279 2273 2274
f 2279 2274 1943
f 1943 2274 1942
f 1943 1936 2279
f 2279 1936 2137
f 2279 2137 2278
f 2278 2137 2139
f 2278 2139 2277
f 2277 2139 2141
f 2277 2141 2276
f 2276 2141 2143
f 2276 2143 2275
f 2275 2143 2145
f 2275 2145 1951
f 1951 2145 2147
f 1951 2147 1949
f 2155 2280 2148
f 2148 2280 2147
f 2147 2280 1949
f 1947 2156 1948
f 1948 2156 2154
f 1948 2154 2281
f 2281 2154 2153
f 2281 2153 2282
f 2282 2153 2152
f 2282 2152 2283
f 2283 2152 2151
f 2283 2151 2284
f 2284 2151 2150
f 2284 2150 2285
f 2285 2150 2149
f 2285 2149 1939
f 1939 2149 1938
f 2006 1946 2007
f 2007 1946 1948
f 2007 1948 2161
f 2161 1948 2281
f 2161 2281 2160
f 2160 2281 2282
f 2160 2282 2159
f 2159 2282 2283
f 2159 2283 2158
f 2158 2283 2284
f 2158 2284 2157
f 2157 2284 2285
f 2157 2285 1932
f 1932 2285 1939
f 1974 2286 1976
f 1976 2286 2287
f 1976 2287 1977
f 1977 2287 2288
f 1977 2288 1979
f 1979 2288 2289
f 1979 2289 1980
f 1980 2289 2290
f 1980 2290 2079
f 2079 2290 2291
f 2079 2291 2292
f 2079 2292 2215
f 2215 2292 2293
f 2215 2293 2294
f 2215 2294 2216
f 2216 2294 2295
f 2216 2295 1982
f 1982 2295 2296
f 1982 2296 1983
f 1983 2296 2297
f 1983 2297 1985
f 1985 2297 2298
f 1985 2298 1986
f 1986 2298 2299
f 1986 2299 2060
f 2060 2299 2300
f 2060 2300 2059
f 2059 2300 2301
f 2059 2301 2203
f 2203 2301 2302
f 2203 2302 2204
f 2204 2302 2303
f 2204 2303 1988
f 1988 2303 2304
f 1988 2304 1989
f 1989 2304 2305
f 1989 2305 1991
f 1991 2305 2306
f 1991 2306 1992
f 1992 2306 2307
f 1992 2307 1994
f 1994 2307 2308
f 1994 2308 1995
f 1995 2308 2309
f 1995 2309 2046
f 2046 2309 2310
f 2046 2310 2045
f 2045 2310 2311
f 2045 2311 2180
f 2180 2311 2312
f 2180 2312 2181
f 2181 2312 2313
f 2181 2313 1997
f 1997 2313 2314
f 1997 2314 1998
f 1998 2314 2315
f 1998 2315 2000
f 2000 2315 2316
f 2000 2316 2001
f 2001 2316 2317
f 2001 2317 2003
f 2003 2317 2318
f 2003 2318 2319
f 2003 2319 2026
f 2026 2319 2320
f 2026 2320 2162
f 2162 2320 2321
f 2162 2321 2163
f 2163 2321 2164
f 2164 2321 2322
f 2164 2322 2005
f 2005 2322 2323
f 2005 2323 2006
f 2006 2323 2324
f 2006 2324 1946
f 1946 2324 2325
f 1946 2325 1947
f 1947 2325 2326
f 1947 2326 2156
f 2156 2326 2327
f 2156 2327 2155
f 2155 2327 2280
f 2280 2327 2328
f 2280 2328 1949
f 1949 2328 2329
f 1949 2329 2330
f 1949 2330 1950
f 1950 2330 2331
f 1950 2331 1952
f 1952 2331 2332
f 1952 2332 1953
f 1953 2332 2333
f 1953 2333 1955
f 1955 2333 2334
f 1955 2334 1956
f 1956 2334 2335
f 1956 2335 2136
f 2136 2335 2336
f 2136 2336 2262
f 2262 2336 2337
f 2262 2337 2263
f 2263 2337 2338
f 2263 2338 2264
f 2264 2338 2339
f 2264 2339 1958
f 1958 2339 2340
f 1958 2340 1959
f 1959 2340 2341
f 1959 2341 1961
f 1961 2341 2342
f 1961 2342 1962
f 1962 2342 2343
f 1962 2343 1964
f 1964 2343 2344
f 1964 2344 1965
f 1965 2344 2345
f 1965 2345 2117
f 2117 2345 2346
f 2117 2346 2244
f 2244 2346 2347
f 2244 2347 2245
f 2245 2347 2348
f 2245 2348 2246
f 2246 2348 2349
f 2246 2349 1967
f 1967 2349 2350
f 1967 2350 1968
f 1968 2350 2351
f 1968 2351 1970
f 1970 2351 2352
f 1970 2352 1971
f 1971 2352 2353
f 1971 2353 2098
f 2098 2353 2354
f 2098 2354 2355
f 2098 2355 2232
f 2232 2355 2356
f 2232 2356 2357
f 2232 2357 2233
f 2233 2357 2358
f 2233 2358 1973
f 1973 2358 2359
f 1973 2359 1974
f 1974 2359 2286
f 2360 2361 2362
f 2363 2364 2365
f 2366 2367 2368
f 2369 2370 2371
f 2372 2373 2374
f 2375 2376 2377
f 2378 2379 2380
f 2381 2382 2383
f 2384 2385 2386
f 2387 2388 2389
f 2390 2290 2391
f 2332 2331 2393
f 2334 2333 2394
f 2340 2339 2395
f 2348 2347 2396
f 2350 2349 2397
f 2300 2299 2398
f 2302 2301 2399
f 2304 2303 2400
f 2310 2309 2401
f 2318 2317 2402
f 2320 2319 2403
f 2321 2320 2404
f 2324 2323 2405
f 2322 2321 2406
f 2315 2314 2407
f 2313 2312 2408
f 2307 2306 2409
f 2304 2400 2305
f 2297 2296 2410
f 2295 2294 2411
f 2293 2292 2390
f 2390 2292 2291
f 2390 2291 2290
f 2412 2288 2287
f 2413 2355 2354
f 2414 2353 2352
f 2416 2345 2344
f 2417 2343 2342
f 2338 2337 2339
f 2337 2336 2418
f 2336 2335 2419
f 2419 2335 2334
f 2332 2393 2333
f 2331 2330 2420
f 2420 2330 2329
f 2420 2329 2328
f 2328 2327 2421
f 2327 2326 2422
f 2422 2326 2325
f 2423 2424 2425
f 2426 2391 2427
f 2427 2391 2290
f 2427 2290 2412
f 2412 2290 2289
f 2412 2289 2288
f 2428 2426 2429
f 2429 2426 2427
f 2429 2427 2430
f 2430 2427 2412
f 2430 2412 2431
f 2431 2412 2287
f 2431 2287 2286
f 2432 2433 2434
f 2435 2428 2436
f 2436 2428 2429
f 2436 2429 2437
f 2437 2429 2430
f 2437 2430 2438
f 2438 2430 2431
f 2438 2431 2358
f 2358 2431 2286
f 2358 2286 2359
f 2439 2440 2433
f 2441 2435 2436
f 2441 2436 2442
f 2442 2436 2437
f 2442 2437 2443
f 2443 2437 2438
f 2443 2438 2444
f 2444 2438 2358
f 2444 2358 2445
f 2445 2358 2357
f 2445 2357 2356
f 2446 2441 2447
f 2447 2441 2448
f 2448 2441 2442
f 2448 2442 2449
f 2449 2442 2443
f 2449 2443 2450
f 2450 2443 2444
f 2450 2444 2445
f 2450 2445 2413
f 2413 2445 2356
f 2413 2356 2355
f 2451 2446 2452
f 2452 2446 2447
f 2452 2447 2453
f 2453 2447 2448
f 2453 2448 2449
f 2453 2449 2454
f 2454 2449 2450
f 2454 2450 2455
f 2455 2450 2456
f 2456 2450 2413
f 2456 2413 2414
f 2414 2413 2354
f 2414 2354 2353
f 2457 2451 2458
f 2458 2451 2452
f 2458 2452 2459
f 2459 2452 2453
f 2459 2453 2460
f 2460 2453 2461
f 2461 2453 2454
f 2461 2454 2462
f 2462 2454 2455
f 2462 2455 2463
f 2463 2455 2456
f 2463 2456 2414
f 2463 2414 2351
f 2351 2414 2352
f 2464 2457 2465
f 2465 2457 2458
f 2465 2458 2466
f 2466 2458 2459
f 2466 2459 2467
f 2467 2459 2460
f 2467 2460 2468
f 2468 2460 2461
f 2468 2461 2469
f 2469 2461 2462
f 2469 2462 2470
f 2470 2462 2463
f 2470 2463 2471
f 2471 2463 2472
f 2472 2463 2351
f 2472 2351 2397
f 2397 2351 2350
f 2473 2464 2474
f 2474 2464 2465
f 2474 2465 2475
f 2475 2465 2466
f 2475 2466 2476
f 2476 2466 2467
f 2476 2467 2477
f 2477 2467 2468
f 2477 2468 2478
f 2478 2468 2469
f 2478 2469 2470
f 2478 2470 2479
f 2479 2470 2471
f 2479 2471 2480
f 2480 2471 2472
f 2480 2472 2481
f 2481 2472 2397
f 2481 2397 2396
f 2396 2397 2349
f 2396 2349 2348
f 2482 2473 2474
f 2482 2474 2483
f 2483 2474 2475
f 2483 2475 2484
f 2484 2475 2476
f 2484 2476 2485
f 2485 2476 2477
f 2485 2477 2486
f 2486 2477 2478
f 2486 2478 2487
f 2487 2478 2479
f 2487 2479 2488
f 2488 2479 2480
f 2488 2480 2489
f 2489 2480 2481
f 2489 2481 2490
f 2490 2481 2396
f 2490 2396 2415
f 2415 2396 2347
f 2415 2347 2346
f 2491 2482 2492
f 2492 2482 2483
f 2492 2483 2493
f 2493 2483 2484
f 2493 2484 2494
f 2494 2484 2485
f 2494 2485 2495
f 2495 2485 2486
f 2495 2486 2496
f 2496 2486 2487
f 2496 2487 2497
f 2497 2487 2488
f 2497 2488 2498
f 2498 2488 2489
f 2498 2489 2499
f 2499 2489 2490
f 2499 2490 2500
f 2500 2490 2415
f 2500 2415 2416
f 2416 2415 2346
f 2416 2346 2345
f 2501 2502 2503
f 2504 2491 2505
f 2505 2491 2492
f 2505 2492 2506
f 2506 2492 2493
f 2506 2493 2507
f 2507 2493 2494
f 2507 2494 2508
f 2508 2494 2495
f 2508 2495 2509
f 2509 2495 2496
f 2509 2496 2510
f 2510 2496 2497
f 2510 2497 2511
f 2511 2497 2498
f 2511 2498 2512
f 2512 2498 2499
f 2512 2499 2513
f 2513 2499 2500
f 2513 2500 2416
f 2513 2416 2417
f 2417 2416 2344
f 2417 2344 2343
f 2433 2432 2439
f 2439 2432 2514
f 2439 2514 2515
f 2515 2514 2516
f 2515 2516 2517
f 2517 2516 2518
f 2517 2518 2519
f 2519 2518 2520
f 2519 2520 2521
f 2521 2520 2522
f 2521 2522 2523
f 2523 2522 2524
f 2523 2524 2525
f 2525 2524 2526
f 2526 2527 2528
f 2528 2527 2529
f 2528 2529 2530
f 2530 2529 2531
f 2530 2531 2532
f 2408 2312 2311
f 2408 2311 2533
f 2533 2311 2534
f 2533 2534 2535
f 2535 2534 2536
f 2535 2536 2537
f 2537 2536 2538
f 2537 2538 2539
f 2539 2538 2540
f 2540 2541 2542
f 2542 2541 2543
f 2542 2543 2544
f 2544 2543 2545
f 2544 2545 2546
f 2546 2545 2547
f 2546 2547 2548
f 2548 2547 2549
f 2548 2549 2550
f 2550 2549 2551
f 2550 2551 2552
f 2552 2551 2553
f 2552 2553 2554
f 2554 2553 2555
f 2554 2555 2556
f 2556 2555 2557
f 2556 2557 2558
f 2559 2302 2399
f 2559 2399 2560
f 2560 2399 2561
f 2560 2561 2562
f 2562 2561 2563
f 2562 2563 2564
f 2564 2563 2565
f 2564 2565 2566
f 2566 2565 2567
f 2566 2567 2568
f 2568 2567 2569
f 2568 2569 2570
f 2570 2569 2571
f 2570 2571 2572
f 2572 2571 2573
f 2572 2573 2574
f 2574 2573 2575
f 2574 2575 2576
f 2576 2575 2577
f 2576 2577 2578
f 2578 2577 2579
f 2579 2580 2581
f 2581 2580 2582
f 2581 2582 2583
f 2583 2582 2584
f 2585 2504 2586
f 2586 2504 2505
f 2586 2505 2587
f 2587 2505 2506
f 2587 2506 2588
f 2588 2506 2507
f 2588 2507 2589
f 2589 2507 2508
f 2589 2508 2590
f 2590 2508 2509
f 2590 2509 2591
f 2591 2509 2510
f 2591 2510 2592
f 2592 2510 2511
f 2592 2511 2593
f 2593 2511 2512
f 2593 2512 2594
f 2594 2512 2513
f 2594 2513 2595
f 2595 2513 2596
f 2596 2513 2417
f 2596 2417 2597
f 2597 2417 2342
f 2597 2342 2341
f 2440 2439 2598
f 2598 2439 2515
f 2598 2515 2599
f 2599 2515 2517
f 2599 2517 2600
f 2600 2517 2519
f 2600 2519 2601
f 2601 2519 2521
f 2601 2521 2602
f 2602 2521 2523
f 2602 2523 2603
f 2603 2523 2525
f 2603 2525 2604
f 2604 2525 2526
f 2604 2526 2605
f 2605 2526 2528
f 2605 2528 2606
f 2606 2528 2530
f 2606 2530 2383
f 2383 2530 2532
f 2383 2532 2607
f 2314 2313 2407
f 2407 2313 2408
f 2407 2408 2608
f 2608 2408 2533
f 2608 2533 2609
f 2609 2533 2535
f 2609 2535 2610
f 2610 2535 2537
f 2610 2537 2611
f 2611 2537 2539
f 2539 2540 2612
f 2612 2540 2542
f 2612 2542 2613
f 2613 2542 2544
f 2613 2544 2614
f 2614 2544 2546
f 2614 2546 2615
f 2615 2546 2548
f 2615 2548 2616
f 2616 2548 2550
f 2550 2552 2617
f 2617 2552 2554
f 2617 2554 2618
f 2618 2554 2556
f 2618 2556 2619
f 2619 2556 2558
f 2619 2558 2620
f 2303 2302 2400
f 2400 2302 2559
f 2400 2559 2621
f 2621 2559 2560
f 2621 2560 2622
f 2622 2560 2562
f 2622 2562 2623
f 2623 2562 2564
f 2623 2564 2624
f 2624 2564 2566
f 2566 2568 2625
f 2625 2568 2570
f 2625 2570 2626
f 2626 2570 2572
f 2626 2572 2627
f 2627 2572 2574
f 2627 2574 2628
f 2628 2574 2576
f 2628 2576 2629
f 2629 2576 2578
f 2578 2579 2630
f 2630 2579 2581
f 2630 2581 2631
f 2631 2581 2583
f 2631 2583 2632
f 2632 2583 2584
f 2632 2584 2633
f 2371 2585 2586
f 2371 2586 2634
f 2634 2586 2587
f 2634 2587 2635
f 2635 2587 2588
f 2635 2588 2636
f 2636 2588 2637
f 2637 2588 2589
f 2637 2589 2638
f 2638 2589 2590
f 2638 2590 2639
f 2639 2590 2591
f 2639 2591 2640
f 2640 2591 2592
f 2640 2592 2641
f 2641 2592 2593
f 2641 2593 2642
f 2642 2593 2643
f 2643 2593 2594
f 2643 2594 2644
f 2644 2594 2595
f 2644 2595 2645
f 2645 2595 2596
f 2645 2596 2646
f 2646 2596 2597
f 2646 2597 2395
f 2395 2597 2341
f 2395 2341 2340
f 2647 2648 2649
f 2652 2653 2654
f 2654 2653 2501
f 2654 2501 2655
f 2655 2501 2503
f 2656 2657 2658
f 2658 2657 2650
f 2658 2650 2659
f 2659 2650 2651
f 2659 2651 2660
f 2660 2651 2652
f 2660 2652 2661
f 2661 2652 2654
f 2661 2654 2662
f 2662 2654 2655
f 2662 2655 2663
f 2663 2655 2503
f 2663 2503 2664
f 2389 2665 2666
f 2666 2665 2667
f 2666 2667 2668
f 2668 2667 2669
f 2668 2669 2670
f 2670 2669 2671
f 2670 2671 2672
f 2672 2671 2673
f 2672 2673 2674
f 2674 2673 2675
f 2674 2675 2676
f 2676 2675 2677
f 2676 2677 2678
f 2678 2677 2679
f 2678 2679 2680
f 2681 2682 2683
f 2325 2324 2425
f 2425 2324 2405
f 2425 2405 2423
f 2423 2405 2684
f 2684 2685 2686
f 2686 2685 2687
f 2686 2687 2688
f 2688 2687 2689
f 2688 2689 2690
f 2690 2689 2691
f 2690 2691 2692
f 2692 2691 2693
f 2692 2693 2694
f 2694 2693 2695
f 2694 2695 2696
f 2696 2695 2697
f 2696 2697 2698
f 2698 2697 2699
f 2698 2699 2700
f 2700 2699 2701
f 2701 2702 2703
f 2703 2702 2704
f 2703 2704 2705
f 2705 2704 2706
f 2705 2706 2707
f 2707 2706 2708
f 2707 2708 2709
f 2709 2708 2710
f 2323 2322 2405
f 2405 2322 2406
f 2405 2406 2684
f 2684 2406 2685
f 2685 2711 2687
f 2687 2711 2712
f 2687 2712 2689
f 2689 2712 2713
f 2689 2713 2691
f 2691 2713 2714
f 2691 2714 2693
f 2693 2714 2715
f 2693 2715 2695
f 2695 2715 2716
f 2695 2716 2697
f 2697 2716 2717
f 2697 2717 2699
f 2699 2717 2718
f 2699 2718 2701
f 2701 2718 2702
f 2702 2719 2704
f 2704 2719 2720
f 2704 2720 2706
f 2706 2720 2721
f 2706 2721 2708
f 2708 2721 2710
f 2710 2722 2723
f 2404 2320 2403
f 2404 2403 2724
f 2724 2403 2725
f 2724 2725 2726
f 2726 2725 2727
f 2726 2727 2728
f 2728 2727 2729
f 2728 2729 2730
f 2730 2729 2731
f 2731 2732 2733
f 2733 2732 2734
f 2733 2734 2735
f 2735 2734 2736
f 2735 2736 2737
f 2737 2736 2738
f 2737 2738 2739
f 2739 2738 2740
f 2739 2740 2719
f 2719 2740 2741
f 2741 2742 2743
f 2743 2742 2744
f 2743 2744 2745
f 2745 2744 2746
f 2746 2747 2748
f 2748 2747 2749
f 2750 2751 2752
f 2297 2410 2755
f 2755 2410 2756
f 2756 2757 2758
f 2758 2757 2759
f 2758 2759 2760
f 2760 2759 2761
f 2761 2762 2763
f 2763 2762 2764
f 2763 2764 2765
f 2765 2764 2766
f 2765 2766 2767
f 2767 2766 2768
f 2767 2768 2769
f 2769 2768 2770
f 2769 2770 2771
f 2771 2770 2772
f 2771 2772 2773
f 2773 2772 2774
f 2773 2774 2775
f 2775 2774 2776
f 2775 2776 2777
f 2777 2776 2778
f 2777 2778 2779
f 2779 2778 2780
f 2779 2780 2781
f 2781 2780 2782
f 2296 2295 2410
f 2410 2295 2411
f 2410 2411 2756
f 2756 2411 2783
f 2756 2783 2757
f 2757 2783 2784
f 2757 2784 2759
f 2759 2784 2785
f 2759 2785 2761
f 2761 2785 2762
f 2762 2435 2764
f 2764 2435 2786
f 2764 2786 2766
f 2766 2786 2787
f 2766 2787 2768
f 2768 2787 2788
f 2768 2788 2770
f 2770 2788 2789
f 2770 2789 2772
f 2772 2789 2790
f 2772 2790 2774
f 2774 2790 2473
f 2774 2473 2776
f 2776 2473 2791
f 2776 2791 2778
f 2778 2791 2792
f 2778 2792 2780
f 2780 2792 2504
f 2780 2504 2782
f 2782 2504 2793
f 2782 2793 2794
f 2795 2649 2796
f 2796 2649 2648
f 2796 2648 2797
f 2797 2648 2798
f 2797 2798 2799
f 2800 2801 2802
f 2802 2801 2647
f 2802 2647 2653
f 2653 2647 2649
f 2649 2795 2502
f 2801 2803 2647
f 2647 2803 2804
f 2647 2804 2648
f 2648 2804 2805
f 2648 2805 2798
f 2502 2501 2649
f 2649 2501 2653
f 2653 2652 2802
f 2802 2652 2651
f 2802 2651 2800
f 2657 2806 2650
f 2650 2806 2807
f 2650 2807 2651
f 2651 2807 2808
f 2651 2808 2800
f 2809 2656 2665
f 2665 2656 2658
f 2665 2658 2667
f 2667 2658 2659
f 2667 2659 2669
f 2669 2659 2660
f 2669 2660 2671
f 2671 2660 2661
f 2671 2661 2673
f 2673 2661 2662
f 2673 2662 2675
f 2675 2662 2663
f 2675 2663 2677
f 2677 2663 2664
f 2677 2664 2679
f 2389 2388 2665
f 2665 2388 2810
f 2665 2810 2809
f 2385 2387 2386
f 2386 2387 2389
f 2386 2389 2811
f 2811 2389 2666
f 2666 2668 2812
f 2812 2668 2670
f 2812 2670 2813
f 2813 2670 2672
f 2672 2674 2814
f 2814 2674 2676
f 2814 2676 2815
f 2815 2676 2678
f 2815 2678 2816
f 2816 2678 2680
f 2816 2680 2817
f 2382 2384 2383
f 2383 2384 2386
f 2383 2386 2818
f 2818 2386 2811
f 2818 2811 2819
f 2819 2811 2666
f 2819 2666 2820
f 2820 2666 2812
f 2820 2812 2821
f 2821 2812 2813
f 2821 2813 2822
f 2822 2813 2672
f 2822 2672 2823
f 2823 2672 2814
f 2823 2814 2824
f 2824 2814 2815
f 2824 2815 2825
f 2825 2815 2816
f 2825 2816 2826
f 2826 2816 2817
f 2826 2817 2440
f 2607 2381 2383
f 2383 2818 2606
f 2606 2818 2819
f 2606 2819 2605
f 2605 2819 2820
f 2605 2820 2604
f 2604 2820 2821
f 2604 2821 2603
f 2603 2821 2822
f 2603 2822 2602
f 2602 2822 2823
f 2602 2823 2601
f 2601 2823 2824
f 2601 2824 2600
f 2600 2824 2825
f 2600 2825 2599
f 2599 2825 2826
f 2599 2826 2598
f 2598 2826 2440
f 2531 2683 2532
f 2532 2683 2682
f 2532 2682 2607
f 2607 2682 2827
f 2607 2827 2381
f 2828 2829 2707
f 2707 2829 2681
f 2707 2681 2830
f 2830 2681 2683
f 2683 2531 2831
f 2831 2531 2529
f 2831 2529 2832
f 2832 2529 2527
f 2527 2526 2833
f 2833 2526 2524
f 2833 2524 2834
f 2834 2524 2522
f 2834 2522 2835
f 2835 2522 2520
f 2835 2520 2836
f 2836 2520 2518
f 2836 2518 2688
f 2688 2518 2516
f 2688 2516 2837
f 2837 2516 2514
f 2837 2514 2838
f 2838 2514 2432
f 2838 2432 2423
f 2423 2432 2434
f 2423 2434 2424
f 2829 2839 2681
f 2681 2839 2840
f 2681 2840 2682
f 2682 2840 2827
f 2423 2684 2838
f 2838 2684 2686
f 2838 2686 2837
f 2837 2686 2688
f 2688 2690 2836
f 2836 2690 2692
f 2836 2692 2835
f 2835 2692 2694
f 2835 2694 2834
f 2834 2694 2696
f 2834 2696 2833
f 2833 2696 2698
f 2833 2698 2527
f 2527 2698 2700
f 2527 2700 2832
f 2832 2700 2701
f 2832 2701 2831
f 2831 2701 2703
f 2831 2703 2683
f 2683 2703 2705
f 2683 2705 2830
f 2830 2705 2707
f 2707 2709 2828
f 2723 2841 2710
f 2710 2841 2842
f 2710 2842 2709
f 2709 2842 2843
f 2709 2843 2828
f 2844 2723 2748
f 2748 2723 2722
f 2748 2722 2746
f 2746 2722 2710
f 2746 2710 2745
f 2745 2710 2721
f 2745 2721 2743
f 2743 2721 2720
f 2743 2720 2741
f 2741 2720 2719
f 2719 2702 2739
f 2739 2702 2718
f 2739 2718 2737
f 2737 2718 2717
f 2737 2717 2735
f 2735 2717 2716
f 2735 2716 2733
f 2733 2716 2715
f 2733 2715 2731
f 2731 2715 2714
f 2731 2714 2730
f 2730 2714 2713
f 2730 2713 2728
f 2728 2713 2712
f 2728 2712 2726
f 2726 2712 2711
f 2726 2711 2724
f 2724 2711 2685
f 2724 2685 2404
f 2404 2685 2406
f 2404 2406 2321
f 2845 2846 2847
f 2847 2846 2749
f 2847 2749 2848
f 2848 2749 2747
f 2848 2747 2849
f 2849 2747 2746
f 2849 2746 2850
f 2850 2746 2744
f 2850 2744 2851
f 2851 2744 2742
f 2742 2741 2852
f 2852 2741 2740
f 2852 2740 2853
f 2853 2740 2738
f 2853 2738 2854
f 2854 2738 2736
f 2854 2736 2855
f 2855 2736 2734
f 2855 2734 2856
f 2856 2734 2732
f 2732 2731 2857
f 2857 2731 2729
f 2857 2729 2858
f 2858 2729 2727
f 2858 2727 2859
f 2859 2727 2725
f 2859 2725 2402
f 2402 2725 2403
f 2402 2403 2318
f 2318 2403 2319
f 2846 2860 2749
f 2749 2860 2861
f 2749 2861 2748
f 2748 2861 2862
f 2748 2862 2844
f 2379 2845 2380
f 2380 2845 2847
f 2380 2847 2863
f 2863 2847 2848
f 2848 2849 2864
f 2864 2849 2850
f 2864 2850 2865
f 2865 2850 2851
f 2865 2851 2866
f 2866 2851 2742
f 2866 2742 2867
f 2867 2742 2852
f 2867 2852 2868
f 2868 2852 2853
f 2868 2853 2869
f 2869 2853 2854
f 2869 2854 2870
f 2870 2854 2855
f 2870 2855 2611
f 2611 2855 2856
f 2611 2856 2871
f 2871 2856 2732
f 2871 2732 2872
f 2872 2732 2857
f 2872 2857 2873
f 2873 2857 2858
f 2858 2859 2874
f 2874 2859 2402
f 2874 2402 2316
f 2316 2402 2317
f 2875 2378 2620
f 2620 2378 2380
f 2620 2380 2619
f 2619 2380 2863
f 2619 2863 2618
f 2618 2863 2848
f 2618 2848 2617
f 2617 2848 2864
f 2617 2864 2550
f 2550 2864 2865
f 2550 2865 2616
f 2616 2865 2866
f 2616 2866 2615
f 2615 2866 2867
f 2615 2867 2614
f 2614 2867 2868
f 2614 2868 2613
f 2613 2868 2869
f 2613 2869 2612
f 2612 2869 2870
f 2612 2870 2539
f 2539 2870 2611
f 2611 2871 2610
f 2610 2871 2872
f 2610 2872 2609
f 2609 2872 2873
f 2609 2873 2608
f 2608 2873 2858
f 2608 2858 2407
f 2407 2858 2874
f 2407 2874 2315
f 2315 2874 2316
f 2557 2752 2558
f 2558 2752 2751
f 2558 2751 2620
f 2620 2751 2876
f 2620 2876 2875
f 2877 2878 2879
f 2879 2878 2750
f 2879 2750 2880
f 2880 2750 2752
f 2880 2752 2881
f 2881 2752 2557
f 2881 2557 2882
f 2882 2557 2555
f 2882 2555 2883
f 2883 2555 2553
f 2553 2551 2884
f 2884 2551 2549
f 2884 2549 2885
f 2885 2549 2547
f 2885 2547 2886
f 2886 2547 2545
f 2886 2545 2887
f 2887 2545 2543
f 2887 2543 2888
f 2888 2543 2541
f 2541 2540 2889
f 2889 2540 2538
f 2889 2538 2890
f 2890 2538 2536
f 2890 2536 2891
f 2891 2536 2534
f 2891 2534 2401
f 2401 2534 2311
f 2401 2311 2310
f 2878 2892 2750
f 2750 2892 2893
f 2750 2893 2751
f 2751 2893 2894
f 2751 2894 2876
f 2376 2877 2377
f 2377 2877 2879
f 2377 2879 2895
f 2895 2879 2880
f 2895 2880 2896
f 2896 2880 2881
f 2896 2881 2897
f 2897 2881 2882
f 2897 2882 2898
f 2898 2882 2883
f 2883 2553 2899
f 2899 2553 2884
f 2899 2884 2900
f 2900 2884 2885
f 2900 2885 2901
f 2901 2885 2886
f 2901 2886 2902
f 2902 2886 2887
f 2902 2887 2903
f 2903 2887 2888
f 2888 2541 2904
f 2904 2541 2889
f 2904 2889 2905
f 2905 2889 2890
f 2890 2891 2906
f 2906 2891 2401
f 2906 2401 2308
f 2308 2401 2309
f 2373 2375 2374
f 2374 2375 2377
f 2374 2377 2631
f 2631 2377 2895
f 2631 2895 2907
f 2907 2895 2896
f 2907 2896 2908
f 2908 2896 2897
f 2908 2897 2629
f 2629 2897 2898
f 2898 2883 2909
f 2909 2883 2899
f 2909 2899 2910
f 2910 2899 2900
f 2910 2900 2911
f 2911 2900 2901
f 2911 2901 2912
f 2912 2901 2902
f 2912 2902 2913
f 2913 2902 2903
f 2913 2903 2914
f 2914 2903 2888
f 2914 2888 2915
f 2915 2888 2904
f 2915 2904 2916
f 2916 2904 2905
f 2916 2905 2917
f 2917 2905 2890
f 2917 2890 2409
f 2409 2890 2906
f 2409 2906 2307
f 2307 2906 2308
f 2633 2372 2374
f 2633 2374 2632
f 2632 2374 2631
f 2631 2907 2630
f 2630 2907 2908
f 2630 2908 2578
f 2578 2908 2629
f 2629 2898 2628
f 2628 2898 2909
f 2628 2909 2627
f 2627 2909 2910
f 2627 2910 2626
f 2626 2910 2911
f 2626 2911 2625
f 2625 2911 2912
f 2625 2912 2566
f 2566 2912 2913
f 2566 2913 2624
f 2624 2913 2914
f 2624 2914 2623
f 2623 2914 2915
f 2623 2915 2622
f 2622 2915 2916
f 2622 2916 2621
f 2621 2916 2917
f 2621 2917 2400
f 2400 2917 2409
f 2400 2409 2305
f 2305 2409 2306
f 2584 2754 2633
f 2633 2754 2918
f 2633 2918 2372
f 2919 2920 2779
f 2779 2920 2753
f 2779 2753 2921
f 2921 2753 2754
f 2921 2754 2922
f 2922 2754 2584
f 2922 2584 2923
f 2923 2584 2582
f 2923 2582 2771
f 2771 2582 2580
f 2771 2580 2924
f 2924 2580 2579
f 2924 2579 2925
f 2925 2579 2577
f 2925 2577 2926
f 2926 2577 2575
f 2926 2575 2927
f 2927 2575 2573
f 2927 2573 2928
f 2928 2573 2571
f 2928 2571 2760
f 2760 2571 2569
f 2569 2567 2929
f 2929 2567 2565
f 2929 2565 2930
f 2930 2565 2563
f 2563 2561 2398
f 2398 2561 2399
f 2398 2399 2300
f 2300 2399 2301
f 2920 2931 2753
f 2753 2931 2932
f 2753 2932 2754
f 2754 2932 2933
f 2754 2933 2918
f 2299 2298 2398
f 2398 2298 2297
f 2398 2297 2563
f 2563 2297 2755
f 2563 2755 2930
f 2930 2755 2756
f 2930 2756 2929
f 2929 2756 2758
f 2929 2758 2569
f 2569 2758 2760
f 2760 2761 2928
f 2928 2761 2763
f 2928 2763 2927
f 2927 2763 2765
f 2927 2765 2926
f 2926 2765 2767
f 2926 2767 2925
f 2925 2767 2769
f 2925 2769 2924
f 2924 2769 2771
f 2771 2773 2923
f 2923 2773 2775
f 2923 2775 2922
f 2922 2775 2777
f 2922 2777 2921
f 2921 2777 2779
f 2779 2781 2919
f 2794 2934 2782
f 2782 2934 2781
f 2781 2934 2935
f 2781 2935 2919
f 2370 2794 2371
f 2371 2794 2793
f 2371 2793 2585
f 2585 2793 2504
f 2504 2792 2491
f 2491 2792 2791
f 2491 2791 2482
f 2482 2791 2473
f 2473 2790 2464
f 2464 2790 2789
f 2464 2789 2457
f 2457 2789 2788
f 2457 2788 2451
f 2451 2788 2787
f 2451 2787 2446
f 2446 2787 2786
f 2446 2786 2441
f 2441 2786 2435
f 2435 2762 2428
f 2428 2762 2785
f 2428 2785 2426
f 2426 2785 2784
f 2426 2784 2391
f 2391 2784 2783
f 2391 2783 2390
f 2390 2783 2411
f 2390 2411 2293
f 2293 2411 2294
f 2339 2337 2395
f 2395 2337 2936
f 2395 2936 2646
f 2646 2936 2937
f 2646 2937 2645
f 2645 2937 2938
f 2645 2938 2644
f 2644 2938 2939
f 2644 2939 2643
f 2643 2939 2642
f 2642 2939 2940
f 2642 2940 2641
f 2641 2940 2941
f 2641 2941 2640
f 2640 2941 2942
f 2640 2942 2639
f 2639 2942 2943
f 2639 2943 2638
f 2638 2943 2944
f 2638 2944 2637
f 2637 2944 2636
f 2636 2944 2945
f 2636 2945 2635
f 2635 2945 2946
f 2635 2946 2634
f 2634 2946 2947
f 2634 2947 2371
f 2371 2947 2368
f 2371 2368 2367
f 2371 2367 2369
f 2337 2418 2948
f 2337 2948 2936
f 2936 2948 2949
f 2936 2949 2937
f 2937 2949 2950
f 2937 2950 2938
f 2938 2950 2951
f 2938 2951 2939
f 2939 2951 2952
f 2939 2952 2940
f 2940 2952 2953
f 2940 2953 2941
f 2941 2953 2954
f 2941 2954 2942
f 2942 2954 2955
f 2942 2955 2943
f 2943 2955 2956
f 2943 2956 2944
f 2944 2956 2957
f 2944 2957 2945
f 2945 2957 2958
f 2945 2958 2946
f 2946 2958 2959
f 2946 2959 2947
f 2947 2959 2960
f 2947 2960 2368
f 2368 2960 2961
f 2368 2961 2366
f 2962 2963 2964
f 2336 2419 2418
f 2418 2419 2965
f 2418 2965 2948
f 2948 2965 2949
f 2949 2965 2966
f 2949 2966 2950
f 2950 2966 2967
f 2950 2967 2951
f 2951 2967 2968
f 2951 2968 2969
f 2951 2969 2952
f 2952 2969 2970
f 2952 2970 2953
f 2953 2970 2971
f 2953 2971 2954
f 2954 2971 2972
f 2954 2972 2955
f 2955 2972 2973
f 2955 2973 2956
f 2956 2973 2974
f 2956 2974 2975
f 2956 2975 2957
f 2957 2975 2976
f 2957 2976 2958
f 2958 2976 2959
f 2959 2976 2962
f 2959 2962 2960
f 2960 2962 2964
f 2960 2964 2961
f 2977 2978 2979
f 2334 2394 2419
f 2419 2394 2980
f 2419 2980 2965
f 2965 2980 2981
f 2965 2981 2982
f 2965 2982 2966
f 2966 2982 2983
f 2966 2983 2967
f 2967 2983 2984
f 2967 2984 2968
f 2968 2984 2985
f 2968 2985 2969
f 2969 2985 2986
f 2969 2986 2970
f 2970 2986 2987
f 2970 2987 2971
f 2971 2987 2988
f 2971 2988 2972
f 2972 2988 2989
f 2972 2989 2973
f 2973 2989 2990
f 2973 2990 2974
f 2974 2990 2991
f 2974 2991 2975
f 2975 2991 2992
f 2975 2992 2976
f 2976 2992 2993
f 2976 2993 2977
f 2976 2977 2962
f 2962 2977 2979
f 2962 2979 2963
f 2333 2393 2394
f 2394 2393 2994
f 2394 2994 2980
f 2980 2994 2995
f 2980 2995 2981
f 2981 2995 2996
f 2981 2996 2982
f 2982 2996 2997
f 2982 2997 2983
f 2983 2997 2998
f 2983 2998 2984
f 2984 2998 2999
f 2984 2999 2985
f 2985 2999 3000
f 2985 3000 2986
f 2986 3000 3001
f 2986 3001 2987
f 2987 3001 3002
f 2987 3002 2988
f 2988 3002 3003
f 2988 3003 2989
f 2989 3003 3004
f 2989 3004 2990
f 2990 3004 3005
f 2990 3005 2991
f 2991 3005 3006
f 2991 3006 2992
f 2992 3006 3007
f 2992 3007 2993
f 2993 3007 2365
f 2993 2365 2977
f 2977 2365 2364
f 2977 2364 2978
f 2331 2420 2393
f 2393 2420 3008
f 2393 3008 2994
f 2994 3008 3009
f 2994 3009 2995
f 2995 3009 3010
f 2995 3010 2996
f 2996 3010 3011
f 2996 3011 2997
f 2997 3011 2998
f 2998 3011 3012
f 2998 3012 2999
f 2999 3012 3013
f 2999 3013 3000
f 3000 3013 3014
f 3000 3014 3001
f 3001 3014 3015
f 3001 3015 3002
f 3002 3015 3016
f 3002 3016 3003
f 3003 3016 3004
f 3004 3016 3017
f 3004 3017 3005
f 3005 3017 3018
f 3005 3018 3006
f 3006 3018 2362
f 3006 2362 3007
f 3007 2362 2365
f 2365 2362 2361
f 2365 2361 2363
f 2328 2392 2420
f 2420 2392 3019
f 2420 3019 3008
f 3008 3019 3009
f 3009 3019 3020
f 3009 3020 3010
f 3010 3020 3021
f 3010 3021 3011
f 3011 3021 3022
f 3011 3022 3023
f 3011 3023 3012
f 3012 3023 3024
f 3012 3024 3013
f 3013 3024 3025
f 3013 3025 3014
f 3014 3025 3026
f 3014 3026 3015
f 3015 3026 3027
f 3015 3027 3016
f 3016 3027 3028
f 3016 3028 3029
f 3016 3029 3017
f 3017 3029 3030
f 3017 3030 3018
f 3018 3030 2362
f 2362 3030 3031
f 2362 3031 3032
f 2362 3032 2360
f 3033 3034 3035
f 2328 2421 2392
f 2392 2421 3036
f 2392 3036 3019
f 3019 3036 3037
f 3019 3037 3020
f 3020 3037 3038
f 3020 3038 3021
f 3021 3038 3039
f 3021 3039 3022
f 3022 3039 3040
f 3022 3040 3023
f 3023 3040 3041
f 3023 3041 3024
f 3024 3041 3042
f 3024 3042 3025
f 3025 3042 3043
f 3025 3043 3026
f 3026 3043 3044
f 3026 3044 3027
f 3027 3044 3045
f 3027 3045 3028
f 3028 3045 3046
f 3028 3046 3029
f 3029 3046 3047
f 3029 3047 3030
f 3030 3047 3033
f 3030 3033 3031
f 3031 3033 3035
f 3031 3035 3032
f 3048 3049 3050
f 2327 2422 2421
f 2421 2422 3051
f 2421 3051 3036
f 3036 3051 3052
f 3036 3052 3037
f 3037 3052 3053
f 3037 3053 3038
f 3038 3053 3054
f 3038 3054 3039
f 3039 3054 3055
f 3039 3055 3040
f 3040 3055 3056
f 3040 3056 3041
f 3041 3056 3057
f 3041 3057 3042
f 3042 3057 3058
f 3042 3058 3043
f 3043 3058 3059
f 3043 3059 3044
f 3044 3059 3060
f 3044 3060 3045
f 3045 3060 3061
f 3045 3061 3046
f 3046 3061 3062
f 3046 3062 3047
f 3047 3062 3048
f 3047 3048 3033
f 3033 3048 3050
f 3033 3050 3034
f 2325 2425 2422
f 2422 2425 2424
f 2422 2424 3051
f 3051 2424 2434
f 3051 2434 2433
f 3051 2433 3052
f 3052 2433 2440
f 3052 2440 3053
f 3053 2440 3054
f 3054 2440 2817
f 3054 2817 3055
f 3055 2817 2680
f 3055 2680 3056
f 3056 2680 2679
f 3056 2679 3057
f 3057 2679 2664
f 3057 2664 3058
f 3058 2664 2503
f 3058 2503 3059
f 3059 2503 3060
f 3060 2503 2502
f 3060 2502 3061
f 3061 2502 2795
f 3061 2795 3062
f 3062 2795 2796
f 3062 2796 2797
f 3062 2797 3048
f 3048 2797 2799
f 3048 2799 3049
f 3063 2798 3064
f 3064 2798 2805
f 3064 2805 2804
f 3064 2804 3065
f 3065 2804 2803
f 3065 2803 3066
f 3066 2803 2801
f 3066 2801 3067
f 3067 2801 2800
f 3067 2800 2808
f 3067 2808 3068
f 3068 2808 2807
f 3068 2807 3069
f 3069 2807 2806
f 3069 2806 3070
f 3070 2806 2657
f 3070 2657 3071
f 3071 2657 2656
f 3071 2656 3072
f 3072 2656 2809
f 3072 2809 3073
f 3073 2809 2810
f 3073 2810 3074
f 3074 2810 2388
f 3074 2388 3075
f 3075 2388 2387
f 3075 2387 3076
f 3076 2387 2385
f 3076 2385 3077
f 3077 2385 2384
f 3077 2384 3078
f 3078 2384 2382
f 3078 2382 3079
f 2382 2381 3079
f 3079 2381 3080
f 3080 2381 2827
f 3080 2827 3081
f 3081 2827 3082
f 3082 2827 2840
f 3082 2840 3083
f 3083 2840 2839
f 3083 2839 3084
f 3084 2839 2829
f 3084 2829 3085
f 3085 2829 2828
f 3085 2828 3086
f 3086 2828 2843
f 3086 2843 3087
f 3087 2843 2842
f 3087 2842 3088
f 2842 2841 3088
f 3088 2841 2723
f 3088 2723 3089
f 3089 2723 3090
f 3090 2723 2844
f 3090 2844 3091
f 3091 2844 2862
f 3091 2862 3092
f 3092 2862 2861
f 3092 2861 3093
f 3093 2861 2860
f 3093 2860 2846
f 3093 2846 3094
f 3094 2846 2845
f 3094 2845 2379
f 3094 2379 3095
f 3095 2379 2378
f 3095 2378 3096
f 3096 2378 2875
f 3096 2875 3097
f 2875 2876 3097
f 3097 2876 2894
f 3097 2894 3098
f 3098 2894 2893
f 3098 2893 3099
f 3099 2893 2892
f 3099 2892 2878
f 3099 2878 3100
f 3100 2878 2877
f 3100 2877 2376
f 3100 2376 3101
f 3101 2376 2375
f 3101 2375 3102
f 3102 2375 2373
f 3102 2373 3103
f 3103 2373 2372
f 3103 2372 3104
f 3104 2372 3105
f 3105 2372 2918
f 3105 2918 3106
f 3106 2918 2933
f 3106 2933 3107
f 3107 2933 2932
f 3107 2932 3108
f 3108 2932 2931
f 3108 2931 3109
f 3109 2931 2920
f 3109 2920 3110
f 3110 2920 2919
f 3110 2919 3111
f 3111 2919 2935
f 3111 2935 3112
f 3112 2935 2934
f 3112 2934 3113
f 3113 2934 2794
f 3113 2794 3114
f 3114 2794 3115
f 3115 2794 2370
f 3115 2370 3116
f 3116 2370 2369
f 3116 2369 3117
f 3117 2369 2367
f 3117 2367 3118
f 3118 2367 2366
f 3118 2366 3119
f 3119 2366 2961
f 3119 2961 3120
f 3120 2961 2964
f 3120 2964 3121
f 3121 2964 2963
f 3121 2963 3122
f 3122 2963 2979
f 3122 2979 3123
f 2979 2978 3123
f 3123 2978 2364
f 3123 2364 3124
f 3124 2364 2363
f 3124 2363 3125
f 3125 2363 2361
f 3125 2361 3126
f 3126 2361 2360
f 3126 2360 3032
f 3126 3032 3127
f 3127 3032 3035
f 3127 3035 3128
f 3128 3035 3034
f 3128 3034 3129
f 3129 3034 3050
f 3129 3050 3049
f 3129 3049 3063
f 3063 3049 2799
f 3063 2799 2798
f 3130 3131 3132
f 3133 3134 3135
f 3136 3137 3138
f 3139 3140 3141
f 3142 3143 3144
f 3145 3146 3147
f 3152 3153 3154
f 3155 3156 3157
f 3158 3159 3160
f 3161 3162 3163
f 3164 3165 3166
f 3167 3168 3169
f 3172 3173 3174
f 3175 3176 3177
f 3106 3107 3179
f 3104 3105 3180
f 3102 3103 3181
f 3100 3101 3182
f 3099 3100 3183
f 3098 3099 3184
f 3096 3097 3185
f 3079 3080 3187
f 3071 3072 3188
f 3069 3070 3189
f 3067 3068 3190
f 3066 3067 3191
f 3064 3065 3192
f 3063 3064 3193
f 3073 3074 3175
f 3175 3074 3075
f 3175 3075 3176
f 3176 3075 3076
f 3176 3076 3077
f 3194 3078 3079
f 3080 3081 3195
f 3195 3081 3082
f 3195 3082 3083
f 3083 3084 3196
f 3196 3084 3085
f 3085 3086 3197
f 3197 3086 3087
f 3087 3088 3198
f 3198 3088 3089
f 3089 3090 3199
f 3199 3090 3091
f 3091 3092 3200
f 3200 3092 3093
f 3201 3093 3094
f 3108 3109 3172
f 3172 3109 3110
f 3172 3110 3173
f 3173 3110 3111
f 3173 3111 3112
f 3113 3114 3202
f 3202 3114 3115
f 3202 3115 3116
f 3116 3117 3203
f 3203 3117 3118
f 3118 3119 3204
f 3204 3119 3120
f 3120 3121 3205
f 3205 3121 3122
f 3122 3123 3206
f 3206 3123 3124
f 3124 3125 3207
f 3207 3125 3126
f 3208 3126 3127
f 3127 3128 3209
f 3209 3128 3129
f 3178 3129 3210
f 3154 3177 3211
f 3211 3177 3176
f 3211 3176 3194
f 3194 3176 3077
f 3194 3077 3078
f 3212 3174 3213
f 3213 3174 3173
f 3213 3173 3214
f 3214 3173 3112
f 3214 3112 3113
f 3215 3178 3216
f 3216 3178 3210
f 3216 3210 3217
f 3218 3219 3220
f 3222 3221 3218
f 3222 3218 3223
f 3223 3218 3220
f 3223 3220 3186
f 3224 3215 3225
f 3225 3215 3216
f 3225 3216 3226
f 3226 3216 3217
f 3226 3217 3227
f 3170 3228 3171
f 3171 3228 3227
f 3171 3227 3229
f 3229 3227 3217
f 3229 3217 3193
f 3193 3217 3210
f 3193 3210 3063
f 3063 3210 3129
f 3168 3170 3169
f 3169 3170 3171
f 3169 3171 3230
f 3230 3171 3229
f 3230 3229 3192
f 3192 3229 3193
f 3192 3193 3064
f 3165 3167 3166
f 3166 3167 3169
f 3166 3169 3231
f 3231 3169 3230
f 3231 3230 3191
f 3191 3230 3192
f 3191 3192 3066
f 3066 3192 3065
f 3162 3164 3163
f 3163 3164 3166
f 3163 3166 3232
f 3232 3166 3231
f 3232 3231 3190
f 3190 3231 3191
f 3190 3191 3067
f 3159 3161 3160
f 3160 3161 3163
f 3160 3163 3233
f 3233 3163 3232
f 3233 3232 3189
f 3189 3232 3190
f 3189 3190 3069
f 3069 3190 3068
f 3156 3158 3157
f 3157 3158 3160
f 3157 3160 3234
f 3234 3160 3233
f 3234 3233 3188
f 3188 3233 3189
f 3188 3189 3071
f 3071 3189 3070
f 3153 3155 3154
f 3154 3155 3157
f 3154 3157 3177
f 3177 3157 3234
f 3177 3234 3175
f 3175 3234 3188
f 3175 3188 3073
f 3073 3188 3072
f 3079 3187 3194
f 3194 3187 3235
f 3194 3235 3211
f 3211 3235 3236
f 3211 3236 3154
f 3154 3236 3237
f 3154 3237 3152
f 3238 3239 3240
f 3080 3195 3187
f 3187 3195 3241
f 3187 3241 3235
f 3235 3241 3238
f 3235 3238 3236
f 3236 3238 3240
f 3236 3240 3237
f 3242 3243 3244
f 3083 3196 3195
f 3195 3196 3245
f 3195 3245 3241
f 3241 3245 3242
f 3241 3242 3238
f 3238 3242 3244
f 3238 3244 3239
f 3246 3247 3248
f 3085 3197 3196
f 3196 3197 3249
f 3196 3249 3245
f 3245 3249 3246
f 3245 3246 3242
f 3242 3246 3248
f 3242 3248 3243
f 3250 3251 3252
f 3087 3198 3197
f 3197 3198 3253
f 3197 3253 3249
f 3249 3253 3250
f 3249 3250 3246
f 3246 3250 3252
f 3246 3252 3247
f 3254 3255 3256
f 3089 3199 3198
f 3198 3199 3257
f 3198 3257 3253
f 3253 3257 3254
f 3253 3254 3250
f 3250 3254 3256
f 3250 3256 3251
f 3258 3259 3260
f 3091 3200 3199
f 3199 3200 3261
f 3199 3261 3257
f 3257 3261 3258
f 3257 3258 3254
f 3254 3258 3260
f 3254 3260 3255
f 3093 3201 3200
f 3200 3201 3264
f 3200 3264 3261
f 3261 3264 3262
f 3261 3262 3258
f 3258 3262 3263
f 3258 3263 3259
f 3094 3186 3201
f 3201 3186 3220
f 3201 3220 3264
f 3264 3220 3219
f 3264 3219 3262
f 3262 3219 3265
f 3262 3265 3263
f 3221 3266 3218
f 3218 3266 3219
f 3219 3266 3265
f 3150 3221 3151
f 3151 3221 3222
f 3151 3222 3267
f 3267 3222 3223
f 3267 3223 3268
f 3268 3223 3186
f 3268 3186 3095
f 3095 3186 3094
f 3148 3150 3149
f 3149 3150 3151
f 3149 3151 3269
f 3269 3151 3267
f 3269 3267 3185
f 3185 3267 3268
f 3185 3268 3096
f 3096 3268 3095
f 3146 3148 3147
f 3147 3148 3149
f 3147 3149 3270
f 3270 3149 3269
f 3270 3269 3184
f 3184 3269 3185
f 3184 3185 3098
f 3098 3185 3097
f 3143 3145 3144
f 3144 3145 3147
f 3144 3147 3271
f 3271 3147 3270
f 3271 3270 3183
f 3183 3270 3184
f 3183 3184 3099
f 3140 3142 3141
f 3141 3142 3144
f 3141 3144 3272
f 3272 3144 3271
f 3272 3271 3182
f 3182 3271 3183
f 3182 3183 3100
f 3137 3139 3138
f 3138 3139 3141
f 3138 3141 3273
f 3273 3141 3272
f 3273 3272 3181
f 3181 3272 3182
f 3181 3182 3102
f 3102 3182 3101
f 3134 3136 3135
f 3135 3136 3138
f 3135 3138 3274
f 3274 3138 3273
f 3274 3273 3180
f 3180 3273 3181
f 3180 3181 3104
f 3104 3181 3103
f 3131 3133 3132
f 3132 3133 3135
f 3132 3135 3275
f 3275 3135 3274
f 3275 3274 3179
f 3179 3274 3180
f 3179 3180 3106
f 3106 3180 3105
f 3276 3130 3212
f 3212 3130 3132
f 3212 3132 3174
f 3174 3132 3275
f 3174 3275 3172
f 3172 3275 3179
f 3172 3179 3108
f 3108 3179 3107
f 3277 3278 3279
f 3113 3202 3214
f 3214 3202 3280
f 3214 3280 3213
f 3213 3280 3277
f 3213 3277 3212
f 3212 3277 3279
f 3212 3279 3276
f 3281 3282 3283
f 3116 3203 3202
f 3202 3203 3284
f 3202 3284 3280
f 3280 3284 3281
f 3280 3281 3277
f 3277 3281 3283
f 3277 3283 3278
f 3285 3286 3287
f 3118 3204 3203
f 3203 3204 3288
f 3203 3288 3284
f 3284 3288 3285
f 3284 3285 3281
f 3281 3285 3287
f 3281 3287 3282
f 3289 3290 3291
f 3120 3205 3204
f 3204 3205 3292
f 3204 3292 3288
f 3288 3292 3289
f 3288 3289 3285
f 3285 3289 3291
f 3285 3291 3286
f 3293 3294 3295
f 3122 3206 3205
f 3205 3206 3296
f 3205 3296 3292
f 3292 3296 3293
f 3292 3293 3289
f 3289 3293 3295
f 3289 3295 3290
f 3297 3298 3299
f 3124 3207 3206
f 3206 3207 3300
f 3206 3300 3296
f 3296 3300 3297
f 3296 3297 3293
f 3293 3297 3299
f 3293 3299 3294
f 3126 3208 3207
f 3207 3208 3303
f 3207 3303 3300
f 3300 3303 3301
f 3300 3301 3297
f 3297 3301 3302
f 3297 3302 3298
f 3127 3209 3208
f 3208 3209 3306
f 3208 3306 3303
f 3303 3306 3304
f 3303 3304 3301
f 3301 3304 3305
f 3301 3305 3302
f 3129 3178 3209
f 3209 3178 3215
f 3209 3215 3306
f 3306 3215 3224
f 3306 3224 3304
f 3304 3224 3307
f 3304 3307 3305
f 3227 3228 3308
f 3227 3308 3226
f 3226 3308 3225
f 3225 3308 3309
f 3225 3309 3224
f 3224 3309 3307
f 3310 3307 3311
f 3311 3307 3309
f 3311 3309 3312
f 3312 3309 3308
f 3312 3308 3313
f 3313 3308 3228
f 3313 3228 3314
f 3314 3228 3170
f 3314 3170 3315
f 3315 3170 3168
f 3315 3168 3316
f 3316 3168 3167
f 3316 3167 3317
f 3317 3167 3165
f 3317 3165 3318
f 3318 3165 3164
f 3318 3164 3319
f 3319 3164 3162
f 3319 3162 3320
f 3320 3162 3161
f 3320 3161 3321
f 3321 3161 3159
f 3321 3159 3322
f 3322 3159 3158
f 3322 3158 3323
f 3323 3158 3156
f 3323 3156 3324
f 3324 3156 3155
f 3324 3155 3325
f 3325 3155 3153
f 3325 3153 3326
f 3326 3153 3152
f 3326 3152 3327
f 3327 3152 3237
f 3327 3237 3328
f 3328 3237 3240
f 3328 3240 3329
f 3329 3240 3239
f 3329 3239 3330
f 3330 3239 3244
f 3330 3244 3331
f 3331 3244 3243
f 3331 3243 3332
f 3332 3243 3248
f 3332 3248 3333
f 3333 3248 3247
f 3333 3247 3334
f 3334 3247 3252
f 3334 3252 3335
f 3335 3252 3251
f 3335 3251 3336
f 3336 3251 3256
f 3336 3256 3337
f 3337 3256 3255
f 3337 3255 3338
f 3338 3255 3260
f 3338 3260 3339
f 3339 3260 3259
f 3339 3259 3340
f 3340 3259 3263
f 3340 3263 3341
f 3341 3263 3265
f 3341 3265 3342
f 3342 3265 3266
f 3342 3266 3343
f 3343 3266 3221
f 3343 3221 3344
f 3344 3221 3150
f 3344 3150 3345
f 3345 3150 3148
f 3345 3148 3346
f 3346 3148 3146
f 3346 3146 3347
f 3347 3146 3145
f 3347 3145 3348
f 3348 3145 3143
f 3348 3143 3349
f 3349 3143 3142
f 3349 3142 3350
f 3350 3142 3140
f 3350 3140 3351
f 3351 3140 3139
f 3351 3139 3352
f 3352 3139 3137
f 3352 3137 3353
f 3353 3137 3136
f 3353 3136 3354
f 3354 3136 3134
f 3354 3134 3355
f 3355 3134 3133
f 3355 3133 3356
f 3356 3133 3131
f 3356 3131 3357
f 3357 3131 3130
f 3357 3130 3358
f 3358 3130 3276
f 3358 3276 3359
f 3359 3276 3279
f 3359 3279 3360
f 3360 3279 3278
f 3360 3278 3361
f 3361 3278 3283
f 3361 3283 3362
f 3362 3283 3282
f 3362 3282 3363
f 3363 3282 3287
f 3363 3287 3364
f 3364 3287 3286
f 3364 3286 3365
f 3365 3286 3291
f 3365 3291 3366
f 3366 3291 3290
f 3366 3290 3367
f 3367 3290 3295
f 3367 3295 3368
f 3368 3295 3294
f 3368 3294 3369
f 3369 3294 3299
f 3369 3299 3370
f 3370 3299 3298
f 3370 3298 3371
f 3371 3298 3302
f 3371 3302 3372
f 3372 3302 3305
f 3372 3305 3310
f 3310 3305 3307
f 3377 3378 3379
f 3380 3381 3382
f 3383 3384 3385
f 3386 3387 3388
f 3389 3390 3391
f 3392 3393 3394
f 3395 3396 3397
f 3400 3401 3402
f 3403 3404 3405
f 3406 3407 3408
f 3409 3410 3411
f 3414 3415 3416
f 3417 3418 3419
f 3418 3420 3421
f 3422 3423 3424
f 3427 3428 3429
f 3430 3431 3432
f 3369 3370 3434
f 3367 3368 3435
f 3365 3366 3436
f 3361 3362 3437
f 3359 3360 3438
f 3324 3325 3441
f 3322 3323 3442
f 3318 3319 3443
f 3316 3317 3444
f 3314 3315 3445
f 3313 3314 3446
f 3327 3328 3447
f 3329 3330 3448
f 3331 3332 3449
f 3333 3334 3450
f 3335 3336 3337
f 3337 3338 3451
f 3340 3440 3339
f 3342 3343 3430
f 3430 3343 3431
f 3431 3343 3344
f 3453 3346 3347
f 3454 3350 3351
f 3455 3352 3353
f 3456 3354 3355
f 3457 3356 3357
f 3460 3432 3452
f 3452 3432 3431
f 3452 3431 3344
f 3452 3344 3345
f 3461 3462 3459
f 3463 3460 3452
f 3463 3452 3453
f 3453 3452 3345
f 3453 3345 3346
f 3461 3464 3462
f 3465 3463 3466
f 3466 3463 3467
f 3467 3463 3453
f 3467 3453 3468
f 3468 3453 3348
f 3348 3453 3347
f 3469 3465 3466
f 3469 3466 3470
f 3470 3466 3467
f 3470 3467 3471
f 3471 3467 3468
f 3471 3468 3472
f 3472 3468 3348
f 3472 3348 3454
f 3454 3348 3349
f 3454 3349 3350
f 3473 3469 3474
f 3474 3469 3470
f 3474 3470 3475
f 3475 3470 3471
f 3475 3471 3472
f 3475 3472 3476
f 3476 3472 3454
f 3476 3454 3455
f 3455 3454 3351
f 3455 3351 3352
f 3477 3473 3478
f 3478 3473 3474
f 3478 3474 3479
f 3479 3474 3475
f 3479 3475 3480
f 3480 3475 3481
f 3481 3475 3476
f 3481 3476 3482
f 3482 3476 3455
f 3482 3455 3456
f 3456 3455 3353
f 3456 3353 3354
f 3483 3477 3478
f 3483 3478 3484
f 3484 3478 3479
f 3484 3479 3485
f 3485 3479 3480
f 3485 3480 3486
f 3486 3480 3481
f 3486 3481 3487
f 3487 3481 3482
f 3487 3482 3488
f 3488 3482 3456
f 3488 3456 3457
f 3457 3456 3355
f 3457 3355 3356
f 3489 3483 3490
f 3490 3483 3491
f 3491 3483 3484
f 3491 3484 3492
f 3492 3484 3485
f 3492 3485 3493
f 3493 3485 3494
f 3494 3485 3486
f 3494 3486 3495
f 3495 3486 3487
f 3495 3487 3496
f 3496 3487 3488
f 3496 3488 3497
f 3497 3488 3457
f 3497 3457 3357
f 3497 3357 3358
f 3498 3489 3499
f 3499 3489 3490
f 3499 3490 3500
f 3500 3490 3491
f 3500 3491 3492
f 3500 3492 3501
f 3501 3492 3493
f 3501 3493 3502
f 3502 3493 3494
f 3502 3494 3503
f 3503 3494 3495
f 3503 3495 3504
f 3504 3495 3496
f 3504 3496 3505
f 3505 3496 3497
f 3505 3497 3438
f 3438 3497 3358
f 3438 3358 3359
f 3506 3498 3507
f 3507 3498 3499
f 3507 3499 3508
f 3508 3499 3500
f 3508 3500 3509
f 3509 3500 3501
f 3509 3501 3510
f 3510 3501 3502
f 3510 3502 3511
f 3511 3502 3503
f 3511 3503 3512
f 3512 3503 3504
f 3512 3504 3513
f 3513 3504 3505
f 3513 3505 3514
f 3514 3505 3438
f 3514 3438 3437
f 3437 3438 3360
f 3437 3360 3361
f 3515 3506 3516
f 3516 3506 3507
f 3516 3507 3517
f 3517 3507 3508
f 3517 3508 3518
f 3518 3508 3509
f 3518 3509 3519
f 3519 3509 3510
f 3519 3510 3520
f 3520 3510 3511
f 3520 3511 3521
f 3521 3511 3512
f 3521 3512 3513
f 3521 3513 3522
f 3522 3513 3514
f 3522 3514 3437
f 3522 3437 3523
f 3523 3437 3364
f 3364 3437 3362
f 3364 3362 3363
f 3524 3515 3525
f 3525 3515 3516
f 3525 3516 3526
f 3526 3516 3517
f 3526 3517 3527
f 3527 3517 3518
f 3527 3518 3528
f 3528 3518 3519
f 3528 3519 3529
f 3529 3519 3520
f 3529 3520 3530
f 3530 3520 3521
f 3530 3521 3531
f 3531 3521 3532
f 3532 3521 3522
f 3532 3522 3533
f 3533 3522 3534
f 3534 3522 3523
f 3534 3523 3535
f 3535 3523 3364
f 3535 3364 3436
f 3436 3364 3365
f 3536 3524 3537
f 3537 3524 3525
f 3537 3525 3538
f 3538 3525 3526
f 3538 3526 3527
f 3538 3527 3539
f 3539 3527 3528
f 3539 3528 3540
f 3540 3528 3529
f 3540 3529 3541
f 3541 3529 3530
f 3541 3530 3542
f 3542 3530 3531
f 3542 3531 3543
f 3543 3531 3532
f 3543 3532 3544
f 3544 3532 3533
f 3544 3533 3545
f 3545 3533 3534
f 3545 3534 3535
f 3545 3535 3435
f 3435 3535 3436
f 3435 3436 3366
f 3435 3366 3367
f 3459 3458 3461
f 3461 3458 3546
f 3546 3547 3548
f 3548 3547 3549
f 3549 3550 3551
f 3551 3550 3552
f 3551 3552 3553
f 3553 3552 3554
f 3554 3555 3556
f 3556 3555 3557
f 3556 3557 3558
f 3558 3557 3559
f 3558 3559 3560
f 3560 3559 3561
f 3560 3561 3562
f 3562 3561 3563
f 3562 3563 3564
f 3564 3563 3565
f 3564 3565 3566
f 3566 3565 3567
f 3566 3567 3568
f 3569 3536 3570
f 3570 3536 3537
f 3570 3537 3571
f 3571 3537 3538
f 3571 3538 3572
f 3572 3538 3573
f 3573 3538 3539
f 3573 3539 3574
f 3574 3539 3540
f 3574 3540 3575
f 3575 3540 3541
f 3575 3541 3576
f 3576 3541 3542
f 3576 3542 3577
f 3577 3542 3543
f 3577 3543 3578
f 3578 3543 3544
f 3578 3544 3545
f 3578 3545 3579
f 3579 3545 3580
f 3580 3545 3435
f 3580 3435 3581
f 3581 3435 3434
f 3434 3435 3368
f 3434 3368 3369
f 3461 3546 3582
f 3582 3546 3548
f 3582 3548 3583
f 3583 3548 3549
f 3583 3549 3584
f 3584 3549 3551
f 3584 3551 3585
f 3585 3551 3553
f 3553 3554 3586
f 3586 3554 3556
f 3586 3556 3587
f 3587 3556 3558
f 3587 3558 3588
f 3588 3558 3560
f 3560 3562 3589
f 3589 3562 3564
f 3589 3564 3590
f 3590 3564 3566
f 3590 3566 3591
f 3591 3566 3568
f 3315 3316 3445
f 3445 3316 3444
f 3444 3592 3593
f 3593 3592 3594
f 3594 3595 3596
f 3596 3595 3597
f 3596 3597 3598
f 3598 3597 3599
f 3598 3599 3600
f 3600 3599 3601
f 3600 3601 3602
f 3602 3601 3603
f 3602 3603 3604
f 3604 3603 3605
f 3604 3605 3606
f 3606 3605 3607
f 3606 3607 3608
f 3608 3607 3609
f 3608 3609 3610
f 3610 3609 3611
f 3610 3611 3612
f 3612 3611 3613
f 3612 3613 3614
f 3614 3613 3615
f 3614 3615 3616
f 3616 3615 3617
f 3616 3617 3618
f 3618 3617 3619
f 3618 3619 3405
f 3451 3440 3620
f 3620 3440 3621
f 3620 3621 3622
f 3622 3621 3623
f 3622 3623 3624
f 3624 3623 3625
f 3624 3625 3626
f 3626 3625 3627
f 3626 3627 3628
f 3628 3627 3629
f 3628 3629 3630
f 3630 3629 3631
f 3631 3632 3633
f 3633 3632 3634
f 3633 3634 3635
f 3635 3634 3636
f 3635 3636 3637
f 3637 3636 3638
f 3638 3639 3640
f 3640 3639 3641
f 3641 3642 3643
f 3643 3642 3644
f 3643 3644 3388
f 3379 3569 3645
f 3645 3569 3570
f 3645 3570 3646
f 3646 3570 3571
f 3646 3571 3572
f 3646 3572 3647
f 3647 3572 3573
f 3647 3573 3648
f 3648 3573 3574
f 3648 3574 3649
f 3649 3574 3575
f 3649 3575 3650
f 3650 3575 3576
f 3650 3576 3651
f 3651 3576 3577
f 3651 3577 3652
f 3652 3577 3578
f 3652 3578 3653
f 3653 3578 3654
f 3654 3578 3579
f 3654 3579 3655
f 3655 3579 3580
f 3655 3580 3656
f 3656 3580 3581
f 3656 3581 3433
f 3433 3581 3434
f 3433 3434 3370
f 3433 3370 3371
f 3464 3461 3657
f 3657 3461 3582
f 3582 3583 3658
f 3658 3583 3584
f 3658 3584 3659
f 3659 3584 3585
f 3585 3553 3660
f 3660 3553 3586
f 3660 3586 3661
f 3661 3586 3587
f 3661 3587 3662
f 3662 3587 3588
f 3662 3588 3663
f 3663 3588 3560
f 3663 3560 3664
f 3664 3560 3589
f 3664 3589 3665
f 3665 3589 3590
f 3665 3590 3666
f 3666 3590 3591
f 3666 3591 3667
f 3667 3591 3568
f 3667 3568 3416
f 3446 3314 3445
f 3446 3445 3668
f 3668 3445 3444
f 3668 3444 3669
f 3669 3444 3593
f 3669 3593 3670
f 3670 3593 3594
f 3670 3594 3671
f 3671 3594 3596
f 3671 3596 3672
f 3672 3596 3598
f 3672 3598 3673
f 3673 3598 3600
f 3673 3600 3674
f 3674 3600 3602
f 3602 3604 3675
f 3675 3604 3606
f 3675 3606 3676
f 3676 3606 3608
f 3676 3608 3677
f 3677 3608 3610
f 3610 3612 3678
f 3678 3612 3614
f 3614 3616 3679
f 3679 3616 3618
f 3679 3618 3408
f 3408 3618 3405
f 3334 3335 3450
f 3450 3335 3337
f 3450 3337 3680
f 3680 3337 3451
f 3680 3451 3681
f 3681 3451 3620
f 3681 3620 3682
f 3682 3620 3622
f 3682 3622 3683
f 3683 3622 3624
f 3683 3624 3684
f 3684 3624 3626
f 3684 3626 3685
f 3685 3626 3628
f 3685 3628 3686
f 3686 3628 3630
f 3630 3631 3687
f 3687 3631 3633
f 3687 3633 3688
f 3688 3633 3635
f 3688 3635 3689
f 3689 3635 3637
f 3689 3637 3690
f 3690 3637 3638
f 3690 3638 3691
f 3691 3638 3640
f 3691 3640 3692
f 3692 3640 3641
f 3692 3641 3693
f 3693 3641 3643
f 3693 3643 3391
f 3391 3643 3388
f 3376 3379 3694
f 3694 3379 3645
f 3694 3645 3695
f 3695 3645 3646
f 3695 3646 3696
f 3696 3646 3697
f 3697 3646 3647
f 3697 3647 3698
f 3698 3647 3648
f 3698 3648 3699
f 3699 3648 3649
f 3699 3649 3700
f 3700 3649 3650
f 3700 3650 3701
f 3701 3650 3651
f 3701 3651 3702
f 3702 3651 3652
f 3702 3652 3703
f 3703 3652 3653
f 3703 3653 3704
f 3704 3653 3654
f 3704 3654 3655
f 3704 3655 3705
f 3705 3655 3656
f 3705 3656 3433
f 3705 3433 3706
f 3706 3433 3372
f 3372 3433 3371
f 3710 3424 3711
f 3711 3424 3712
f 3711 3712 3713
f 3713 3712 3714
f 3714 3715 3716
f 3716 3715 3717
f 3716 3717 3718
f 3718 3717 3719
f 3718 3719 3720
f 3720 3719 3721
f 3720 3721 3722
f 3722 3721 3723
f 3722 3723 3724
f 3724 3723 3725
f 3724 3725 3726
f 3729 3730 3731
f 3325 3326 3441
f 3441 3326 3732
f 3732 3733 3734
f 3734 3733 3735
f 3734 3735 3736
f 3736 3735 3737
f 3736 3737 3738
f 3738 3737 3739
f 3739 3740 3741
f 3741 3740 3742
f 3741 3742 3743
f 3743 3742 3744
f 3744 3745 3746
f 3746 3745 3747
f 3746 3747 3748
f 3748 3747 3749
f 3748 3749 3750
f 3750 3749 3751
f 3751 3752 3753
f 3753 3752 3754
f 3753 3754 3755
f 3755 3754 3756
f 3755 3756 3757
f 3757 3756 3758
f 3758 3759 3760
f 3760 3759 3761
f 3762 3763 3764
f 3767 3768 3769
f 3767 3769 3770
f 3770 3769 3771
f 3770 3771 3772
f 3770 3772 3773
f 3773 3772 3774
f 3773 3774 3775
f 3775 3774 3765
f 3775 3765 3766
f 3775 3766 3776
f 3768 3779 3769
f 3769 3779 3780
f 3769 3780 3771
f 3771 3780 3781
f 3771 3781 3772
f 3772 3781 3782
f 3772 3782 3774
f 3774 3782 3777
f 3774 3777 3765
f 3765 3777 3778
f 3783 3784 3785
f 3785 3784 3786
f 3779 3787 3780
f 3780 3787 3788
f 3780 3788 3781
f 3781 3788 3785
f 3781 3785 3782
f 3782 3785 3777
f 3777 3785 3786
f 3787 3789 3788
f 3788 3789 3790
f 3788 3790 3785
f 3785 3790 3429
f 3785 3429 3428
f 3785 3428 3783
f 3789 3708 3790
f 3790 3708 3429
f 3429 3708 3791
f 3429 3791 3427
f 3792 3793 3707
f 3707 3793 3794
f 3707 3794 3708
f 3708 3794 3791
f 3426 3792 3707
f 3426 3707 3795
f 3795 3707 3708
f 3795 3708 3796
f 3796 3708 3789
f 3796 3789 3797
f 3797 3789 3787
f 3787 3779 3798
f 3798 3779 3768
f 3798 3768 3799
f 3799 3768 3767
f 3799 3767 3800
f 3423 3425 3424
f 3424 3425 3426
f 3424 3426 3801
f 3801 3426 3795
f 3795 3796 3802
f 3802 3796 3797
f 3802 3797 3803
f 3803 3797 3787
f 3803 3787 3804
f 3804 3787 3798
f 3804 3798 3805
f 3805 3798 3799
f 3805 3799 3806
f 3806 3799 3800
f 3806 3800 3807
f 3808 3422 3710
f 3710 3422 3424
f 3424 3801 3712
f 3712 3801 3795
f 3712 3795 3714
f 3714 3795 3802
f 3714 3802 3715
f 3715 3802 3803
f 3715 3803 3717
f 3717 3803 3804
f 3717 3804 3719
f 3719 3804 3805
f 3719 3805 3721
f 3721 3805 3806
f 3721 3806 3723
f 3723 3806 3807
f 3723 3807 3725
f 3809 3810 3811
f 3811 3810 3709
f 3709 3710 3812
f 3812 3710 3711
f 3812 3711 3813
f 3813 3711 3713
f 3813 3713 3814
f 3814 3713 3714
f 3814 3714 3815
f 3815 3714 3716
f 3716 3718 3816
f 3816 3718 3720
f 3816 3720 3817
f 3817 3720 3722
f 3817 3722 3818
f 3818 3722 3724
f 3724 3726 3819
f 3810 3820 3709
f 3709 3820 3821
f 3709 3821 3710
f 3710 3821 3822
f 3710 3822 3808
f 3420 3809 3421
f 3421 3809 3811
f 3421 3811 3823
f 3823 3811 3709
f 3823 3709 3824
f 3824 3709 3812
f 3824 3812 3825
f 3825 3812 3813
f 3813 3814 3826
f 3826 3814 3815
f 3826 3815 3827
f 3827 3815 3716
f 3827 3716 3828
f 3828 3716 3816
f 3828 3816 3829
f 3829 3816 3817
f 3829 3817 3830
f 3830 3817 3818
f 3818 3724 3831
f 3831 3724 3819
f 3831 3819 3832
f 3419 3418 3421
f 3419 3421 3833
f 3833 3421 3823
f 3833 3823 3834
f 3834 3823 3824
f 3834 3824 3664
f 3664 3824 3825
f 3825 3813 3662
f 3662 3813 3826
f 3662 3826 3835
f 3835 3826 3827
f 3835 3827 3836
f 3836 3827 3828
f 3836 3828 3837
f 3837 3828 3829
f 3837 3829 3659
f 3659 3829 3830
f 3830 3818 3838
f 3838 3818 3831
f 3838 3831 3657
f 3657 3831 3832
f 3657 3832 3839
f 3415 3417 3416
f 3416 3417 3419
f 3416 3419 3667
f 3667 3419 3833
f 3667 3833 3666
f 3666 3833 3834
f 3666 3834 3665
f 3665 3834 3664
f 3664 3825 3663
f 3663 3825 3662
f 3662 3835 3661
f 3661 3835 3836
f 3661 3836 3660
f 3660 3836 3837
f 3660 3837 3585
f 3585 3837 3659
f 3659 3830 3658
f 3658 3830 3838
f 3658 3838 3582
f 3582 3838 3657
f 3657 3839 3464
f 3567 3840 3568
f 3568 3840 3413
f 3568 3413 3416
f 3416 3413 3414
f 3840 3728 3413
f 3413 3728 3841
f 3413 3841 3412
f 3842 3843 3727
f 3727 3843 3728
f 3728 3843 3841
f 3410 3842 3411
f 3411 3842 3727
f 3727 3728 3844
f 3844 3728 3840
f 3844 3840 3845
f 3845 3840 3567
f 3567 3565 3846
f 3846 3565 3563
f 3563 3561 3847
f 3847 3561 3559
f 3847 3559 3848
f 3848 3559 3557
f 3848 3557 3849
f 3849 3557 3555
f 3555 3554 3850
f 3850 3554 3552
f 3850 3552 3851
f 3851 3552 3550
f 3851 3550 3852
f 3852 3550 3549
f 3852 3549 3853
f 3853 3549 3547
f 3853 3547 3854
f 3854 3547 3546
f 3854 3546 3855
f 3855 3546 3458
f 3855 3458 3312
f 3312 3458 3459
f 3312 3459 3311
f 3311 3459 3310
f 3407 3409 3408
f 3408 3409 3411
f 3408 3411 3856
f 3856 3411 3727
f 3856 3727 3857
f 3857 3727 3844
f 3857 3844 3858
f 3858 3844 3845
f 3858 3845 3859
f 3859 3845 3567
f 3859 3567 3860
f 3860 3567 3846
f 3860 3846 3861
f 3861 3846 3563
f 3861 3563 3862
f 3862 3563 3847
f 3862 3847 3863
f 3863 3847 3848
f 3863 3848 3864
f 3864 3848 3849
f 3849 3555 3865
f 3865 3555 3850
f 3865 3850 3671
f 3671 3850 3851
f 3671 3851 3866
f 3866 3851 3852
f 3866 3852 3669
f 3669 3852 3853
f 3669 3853 3867
f 3867 3853 3854
f 3867 3854 3446
f 3446 3854 3855
f 3446 3855 3313
f 3313 3855 3312
f 3404 3406 3405
f 3405 3406 3408
f 3408 3856 3679
f 3679 3856 3857
f 3679 3857 3614
f 3614 3857 3858
f 3614 3858 3678
f 3678 3858 3859
f 3678 3859 3610
f 3610 3859 3860
f 3610 3860 3677
f 3677 3860 3861
f 3677 3861 3676
f 3676 3861 3862
f 3676 3862 3675
f 3675 3862 3863
f 3675 3863 3602
f 3602 3863 3864
f 3602 3864 3674
f 3674 3864 3849
f 3674 3849 3673
f 3673 3849 3865
f 3673 3865 3672
f 3672 3865 3671
f 3671 3866 3670
f 3670 3866 3669
f 3669 3867 3668
f 3668 3867 3446
f 3619 3731 3405
f 3405 3731 3730
f 3405 3730 3868
f 3405 3868 3403
f 3401 3869 3729
f 3729 3869 3730
f 3730 3869 3870
f 3730 3870 3868
f 3402 3401 3729
f 3729 3731 3871
f 3871 3731 3619
f 3871 3619 3872
f 3872 3619 3617
f 3617 3615 3873
f 3873 3615 3613
f 3613 3611 3874
f 3874 3611 3609
f 3874 3609 3875
f 3875 3609 3607
f 3875 3607 3876
f 3876 3607 3605
f 3876 3605 3877
f 3877 3605 3603
f 3877 3603 3878
f 3878 3603 3601
f 3878 3601 3879
f 3879 3601 3599
f 3879 3599 3880
f 3880 3599 3597
f 3880 3597 3881
f 3881 3597 3595
f 3881 3595 3882
f 3882 3595 3594
f 3882 3594 3883
f 3883 3594 3592
f 3883 3592 3443
f 3443 3592 3444
f 3443 3444 3318
f 3318 3444 3317
f 3399 3400 3402
f 3402 3729 3884
f 3884 3729 3871
f 3884 3871 3885
f 3885 3871 3872
f 3872 3617 3886
f 3886 3617 3873
f 3873 3613 3887
f 3887 3613 3874
f 3887 3874 3888
f 3888 3874 3875
f 3888 3875 3889
f 3889 3875 3876
f 3876 3877 3890
f 3890 3877 3878
f 3890 3878 3891
f 3891 3878 3879
f 3879 3880 3892
f 3892 3880 3881
f 3892 3881 3893
f 3893 3881 3882
f 3893 3882 3442
f 3442 3882 3883
f 3442 3883 3321
f 3321 3883 3443
f 3321 3443 3320
f 3320 3443 3319
f 3396 3398 3397
f 3397 3398 3399
f 3397 3399 3757
f 3757 3399 3402
f 3757 3402 3894
f 3894 3402 3884
f 3894 3884 3753
f 3753 3884 3885
f 3753 3885 3895
f 3895 3885 3872
f 3895 3872 3750
f 3750 3872 3886
f 3886 3873 3896
f 3896 3873 3887
f 3896 3887 3897
f 3897 3887 3888
f 3897 3888 3743
f 3743 3888 3889
f 3889 3876 3898
f 3898 3876 3890
f 3898 3890 3738
f 3738 3890 3891
f 3891 3879 3899
f 3899 3879 3892
f 3899 3892 3900
f 3900 3892 3893
f 3900 3893 3441
f 3441 3893 3442
f 3442 3321 3322
f 3323 3324 3442
f 3442 3324 3441
f 3441 3732 3900
f 3900 3732 3734
f 3900 3734 3899
f 3899 3734 3736
f 3899 3736 3891
f 3891 3736 3738
f 3738 3739 3898
f 3898 3739 3741
f 3898 3741 3889
f 3889 3741 3743
f 3743 3744 3897
f 3897 3744 3746
f 3897 3746 3896
f 3896 3746 3748
f 3896 3748 3886
f 3886 3748 3750
f 3750 3751 3895
f 3895 3751 3753
f 3753 3755 3894
f 3894 3755 3757
f 3757 3758 3397
f 3397 3758 3760
f 3397 3760 3395
f 3395 3760 3901
f 3902 3903 3904
f 3904 3903 3761
f 3904 3761 3905
f 3905 3761 3759
f 3905 3759 3906
f 3906 3759 3758
f 3906 3758 3907
f 3907 3758 3756
f 3907 3756 3908
f 3908 3756 3754
f 3908 3754 3909
f 3909 3754 3752
f 3752 3751 3910
f 3910 3751 3749
f 3910 3749 3911
f 3911 3749 3747
f 3911 3747 3912
f 3912 3747 3745
f 3745 3744 3913
f 3913 3744 3742
f 3913 3742 3914
f 3914 3742 3740
f 3914 3740 3915
f 3915 3740 3739
f 3915 3739 3916
f 3916 3739 3737
f 3737 3735 3917
f 3917 3735 3733
f 3917 3733 3447
f 3447 3733 3732
f 3447 3732 3327
f 3327 3732 3326
f 3903 3918 3761
f 3761 3918 3919
f 3761 3919 3760
f 3760 3919 3901
f 3393 3902 3394
f 3394 3902 3904
f 3394 3904 3920
f 3920 3904 3905
f 3920 3905 3921
f 3921 3905 3906
f 3921 3906 3922
f 3922 3906 3907
f 3907 3908 3923
f 3923 3908 3909
f 3923 3909 3924
f 3924 3909 3752
f 3924 3752 3925
f 3925 3752 3910
f 3925 3910 3926
f 3926 3910 3911
f 3926 3911 3927
f 3927 3911 3912
f 3912 3745 3928
f 3928 3745 3913
f 3928 3913 3929
f 3929 3913 3914
f 3914 3915 3930
f 3930 3915 3916
f 3930 3916 3931
f 3931 3916 3737
f 3931 3737 3932
f 3932 3737 3917
f 3932 3917 3448
f 3448 3917 3447
f 3448 3447 3329
f 3329 3447 3328
f 3390 3392 3391
f 3391 3392 3394
f 3394 3920 3933
f 3933 3920 3921
f 3933 3921 3934
f 3934 3921 3922
f 3934 3922 3935
f 3935 3922 3907
f 3935 3907 3936
f 3936 3907 3923
f 3923 3924 3937
f 3937 3924 3925
f 3937 3925 3938
f 3938 3925 3926
f 3938 3926 3686
f 3686 3926 3927
f 3927 3912 3939
f 3939 3912 3928
f 3939 3928 3683
f 3683 3928 3929
f 3683 3929 3940
f 3940 3929 3914
f 3940 3914 3681
f 3681 3914 3930
f 3681 3930 3941
f 3941 3930 3931
f 3941 3931 3942
f 3942 3931 3932
f 3942 3932 3449
f 3449 3932 3448
f 3449 3448 3331
f 3331 3448 3330
f 3387 3389 3388
f 3388 3389 3391
f 3391 3394 3693
f 3693 3394 3933
f 3693 3933 3692
f 3692 3933 3934
f 3692 3934 3691
f 3691 3934 3935
f 3691 3935 3690
f 3690 3935 3936
f 3690 3936 3689
f 3689 3936 3923
f 3689 3923 3688
f 3688 3923 3937
f 3688 3937 3687
f 3687 3937 3938
f 3687 3938 3630
f 3630 3938 3686
f 3686 3927 3685
f 3685 3927 3939
f 3685 3939 3684
f 3684 3939 3683
f 3683 3940 3682
f 3682 3940 3681
f 3681 3941 3680
f 3680 3941 3942
f 3680 3942 3450
f 3450 3942 3449
f 3450 3449 3333
f 3333 3449 3332
f 3644 3764 3388
f 3388 3764 3763
f 3388 3763 3386
f 3384 3943 3762
f 3762 3943 3944
f 3762 3944 3763
f 3763 3944 3945
f 3385 3384 3762
f 3385 3762 3946
f 3946 3762 3764
f 3946 3764 3947
f 3947 3764 3644
f 3947 3644 3948
f 3948 3644 3642
f 3642 3641 3949
f 3949 3641 3639
f 3949 3639 3950
f 3950 3639 3638
f 3950 3638 3951
f 3951 3638 3636
f 3951 3636 3952
f 3952 3636 3634
f 3952 3634 3953
f 3953 3634 3632
f 3632 3631 3954
f 3954 3631 3629
f 3954 3629 3955
f 3955 3629 3627
f 3627 3625 3956
f 3956 3625 3623
f 3956 3623 3957
f 3957 3623 3621
f 3957 3621 3958
f 3958 3621 3440
f 3440 3451 3339
f 3339 3451 3338
f 3381 3383 3382
f 3382 3383 3385
f 3946 3947 3959
f 3959 3947 3948
f 3948 3642 3960
f 3960 3642 3949
f 3949 3950 3961
f 3961 3950 3951
f 3961 3951 3962
f 3962 3951 3952
f 3962 3952 3963
f 3963 3952 3953
f 3953 3632 3964
f 3964 3632 3954
f 3964 3954 3965
f 3965 3954 3955
f 3965 3955 3966
f 3966 3955 3627
f 3966 3627 3967
f 3967 3627 3956
f 3967 3956 3968
f 3968 3956 3957
f 3968 3957 3969
f 3969 3957 3958
f 3969 3958 3439
f 3439 3958 3440
f 3439 3440 3341
f 3341 3440 3340
f 3378 3380 3379
f 3379 3380 3382
f 3379 3382 3970
f 3970 3382 3385
f 3970 3385 3971
f 3971 3385 3946
f 3971 3946 3524
f 3524 3946 3959
f 3524 3959 3972
f 3972 3959 3948
f 3972 3948 3506
f 3506 3948 3960
f 3506 3960 3973
f 3973 3960 3949
f 3973 3949 3974
f 3974 3949 3961
f 3974 3961 3975
f 3975 3961 3962
f 3975 3962 3976
f 3976 3962 3963
f 3976 3963 3977
f 3977 3963 3953
f 3977 3953 3978
f 3978 3953 3964
f 3978 3964 3979
f 3979 3964 3965
f 3965 3966 3980
f 3980 3966 3967
f 3980 3967 3981
f 3981 3967 3968
f 3981 3968 3430
f 3430 3968 3969
f 3969 3439 3342
f 3342 3439 3341
f 3969 3342 3430
f 3430 3432 3981
f 3981 3432 3460
f 3981 3460 3980
f 3980 3460 3463
f 3980 3463 3965
f 3965 3463 3465
f 3965 3465 3979
f 3979 3465 3469
f 3979 3469 3978
f 3978 3469 3473
f 3978 3473 3977
f 3977 3473 3477
f 3977 3477 3976
f 3976 3477 3483
f 3976 3483 3975
f 3975 3483 3489
f 3975 3489 3974
f 3974 3489 3498
f 3974 3498 3973
f 3973 3498 3506
f 3506 3515 3972
f 3972 3515 3524
f 3524 3536 3971
f 3971 3536 3569
f 3971 3569 3970
f 3970 3569 3379
f 3379 3376 3377
f 3372 3310 3982
f 3372 3982 3706
f 3706 3982 3983
f 3706 3983 3705
f 3705 3983 3984
f 3705 3984 3704
f 3704 3984 3985
f 3704 3985 3703
f 3703 3985 3986
f 3703 3986 3702
f 3702 3986 3987
f 3702 3987 3701
f 3701 3987 3988
f 3701 3988 3700
f 3700 3988 3989
f 3700 3989 3699
f 3699 3989 3990
f 3699 3990 3698
f 3698 3990 3991
f 3698 3991 3697
f 3697 3991 3992
f 3697 3992 3696
f 3696 3992 3993
f 3696 3993 3695
f 3695 3993 3994
f 3695 3994 3694
f 3694 3994 3374
f 3694 3374 3376
f 3376 3374 3375
f 3310 3459 3982
f 3982 3459 3462
f 3982 3462 3983
f 3983 3462 3464
f 3983 3464 3839
f 3983 3839 3984
f 3984 3839 3832
f 3984 3832 3819
f 3984 3819 3985
f 3985 3819 3726
f 3985 3726 3986
f 3986 3726 3725
f 3986 3725 3807
f 3986 3807 3987
f 3987 3807 3800
f 3987 3800 3988
f 3988 3800 3767
f 3988 3767 3989
f 3989 3767 3990
f 3990 3767 3770
f 3990 3770 3991
f 3991 3770 3992
f 3992 3770 3773
f 3992 3773 3993
f 3993 3773 3775
f 3993 3775 3994
f 3994 3775 3374
f 3374 3775 3776
f 3374 3776 3373
f 3995 3996 3765
f 3765 3778 3995
f 3995 3778 3777
f 3995 3777 3997
f 3777 3786 3997
f 3997 3786 3784
f 3997 3784 3998
f 3784 3783 3998
f 3998 3783 3428
f 3998 3428 3999
f 3428 3427 3999
f 3999 3427 3791
f 3999 3791 4000
f 4000 3791 4001
f 3791 3794 4001
f 4001 3794 3793
f 4001 3793 4002
f 3793 3792 4002
f 4002 3792 3426
f 4002 3426 4003
f 3426 3425 4003
f 4003 3425 3423
f 4003 3423 4004
f 3423 3422 4004
f 4004 3422 3808
f 4004 3808 4005
f 3808 3822 4005
f 4005 3822 3821
f 4005 3821 4006
f 4006 3821 3820
f 4006 3820 4007
f 4007 3820 3810
f 4007 3810 4008
f 3810 3809 4008
f 4008 3809 3420
f 4008 3420 4009
f 3420 3418 4009
f 4009 3418 4010
f 3418 3417 4010
f 4010 3417 3415
f 4010 3415 4011
f 3415 3414 4011
f 4011 3414 3413
f 4011 3413 4012
f 3413 3412 4012
f 4012 3412 3841
f 4012 3841 4013
f 4013 3841 4014
f 3841 3843 4014
f 4014 3843 4015
f 3843 3842 4015
f 4015 3842 3410
f 4015 3410 4016
f 3410 3409 4016
f 4016 3409 3407
f 4016 3407 4017
f 3407 3406 4017
f 4017 3406 3404
f 4017 3404 4018
f 3404 3403 4018
f 4018 3403 3868
f 4018 3868 4019
f 3868 3870 4019
f 4019 3870 3869
f 4019 3869 4020
f 4020 3869 4021
f 3869 3401 4021
f 4021 3401 4022
f 3401 3400 4022
f 4022 3400 3399
f 4022 3399 4023
f 3399 3398 4023
f 4023 3398 3396
f 4023 3396 4024
f 3396 3395 4024
f 4024 3395 3901
f 4024 3901 4025
f 4025 3901 3919
f 4025 3919 4026
f 4026 3919 3918
f 4026 3918 4027
f 4027 3918 3903
f 4027 3903 4028
f 3903 3902 4028
f 4028 3902 3393
f 4028 3393 4029
f 3393 3392 4029
f 4029 3392 3390
f 4029 3390 4030
f 3390 3389 4030
f 4030 3389 3387
f 4030 3387 4031
f 3387 3386 4031
f 4031 3386 3763
f 4031 3763 4032
f 3763 3945 4032
f 4032 3945 3944
f 4032 3944 4033
f 4033 3944 3943
f 4033 3943 4034
f 3943 3384 4034
f 4034 3384 4035
f 3384 3383 4035
f 4035 3383 3381
f 4035 3381 4036
f 3381 3380 4036
f 4036 3380 3378
f 4036 3378 4037
f 3378 3377 4037
f 4037 3377 3376
f 4037 3376 4038
f 3376 3375 4038
f 4038 3375 3374
f 4038 3374 4039
f 4039 3374 3373
f 4039 3373 4040
f 4040 3373 3776
f 4040 3776 3996
f 3996 3776 3766
f 3996 3766 3765
f 4039 4041 4038
f 4038 4041 4042
f 4038 4042 4037
f 4037 4042 4043
f 4037 4043 4036
f 4036 4043 4044
f 4036 4044 4035
f 4035 4044 4045
f 4035 4045 4034
f 4034 4045 4046
f 4034 4046 4033
f 4033 4046 4047
f 4033 4047 4032
f 4032 4047 4048
f 4032 4048 4031
f 4031 4048 4049
f 4031 4049 4030
f 4030 4049 4050
f 4030 4050 4029
f 4029 4050 4051
f 4029 4051 4028
f 4028 4051 4052
f 4028 4052 4027
f 4027 4052 4053
f 4027 4053 4026
f 4026 4053 4054
f 4026 4054 4025
f 4025 4054 4055
f 4025 4055 4024
f 4024 4055 4056
f 4024 4056 4023
f 4023 4056 4057
f 4023 4057 4022
f 4022 4057 4058
f 4022 4058 4021
f 4021 4058 4059
f 4021 4059 4020
f 4020 4059 4060
f 4020 4060 4019
f 4019 4060 4061
f 4019 4061 4018
f 4018 4061 4062
f 4018 4062 4017
f 4017 4062 4063
f 4017 4063 4016
f 4016 4063 4064
f 4016 4064 4015
f 4015 4064 4065
f 4015 4065 4014
f 4014 4065 4066
f 4014 4066 4013
f 4013 4066 4067
f 4013 4067 4012
f 4012 4067 4068
f 4012 4068 4011
f 4011 4068 4069
f 4011 4069 4010
f 4010 4069 4070
f 4010 4070 4009
f 4009 4070 4071
f 4009 4071 4008
f 4008 4071 4072
f 4008 4072 4007
f 4007 4072 4073
f 4007 4073 4006
f 4006 4073 4074
f 4006 4074 4005
f 4005 4074 4075
f 4005 4075 4004
f 4004 4075 4076
f 4004 4076 4003
f 4003 4076 4077
f 4003 4077 4002
f 4002 4077 4078
f 4002 4078 4001
f 4001 4078 4079
f 4001 4079 4000
f 4000 4079 4080
f 4000 4080 3999
f 3999 4080 4081
f 3999 4081 3998
f 3998 4081 4082
f 3998 4082 3997
f 3997 4082 4083
f 3997 4083 3995
f 3995 4083 4084
f 3995 4084 3996
f 3996 4084 4085
f 3996 4085 4040
f 4040 4085 4086
f 4040 4086 4039
f 4039 4086 4041
f 4041 4087 4042
f 4042 4087 4088
f 4042 4088 4043
f 4043 4088 4089
f 4043 4089 4044
f 4044 4089 4090
f 4044 4090 4045
f 4045 4090 4091
f 4045 4091 4046
f 4046 4091 4092
f 4046 4092 4047
f 4047 4092 4093
f 4047 4093 4048
f 4048 4093 4094
f 4048 4094 4049
f 4049 4094 4095
f 4049 4095 4050
f 4050 4095 4096
f 4050 4096 4051
f 4051 4096 4097
f 4051 4097 4052
f 4052 4097 4098
f 4052 4098 4053
f 4053 4098 4099
f 4053 4099 4054
f 4054 4099 4100
f 4054 4100 4055
f 4055 4100 4101
f 4055 4101 4056
f 4056 4101 4102
f 4056 4102 4057
f 4057 4102 4103
f 4057 4103 4058
f 4058 4103 4104
f 4058 4104 4059
f 4059 4104 4105
f 4059 4105 4060
f 4060 4105 4106
f 4060 4106 4061
f 4061 4106 4107
f 4061 4107 4062
f 4062 4107 4108
f 4062 4108 4063
f 4063 4108 4109
f 4063 4109 4064
f 4064 4109 4110
f 4064 4110 4065
f 4065 4110 4111
f 4065 4111 4066
f 4066 4111 4112
f 4066 4112 4067
f 4067 4112 4113
f 4067 4113 4068
f 4068 4113 4114
f 4068 4114 4069
f 4069 4114 4115
f 4069 4115 4070
f 4070 4115 4116
f 4070 4116 4071
f 4071 4116 4117
f 4071 4117 4072
f 4072 4117 4118
f 4072 4118 4073
f 4073 4118 4119
f 4073 4119 4074
f 4074 4119 4120
f 4074 4120 4075
f 4075 4120 4121
f 4075 4121 4076
f 4076 4121 4122
f 4076 4122 4077
f 4077 4122 4123
f 4077 4123 4078
f 4078 4123 4124
f 4078 4124 4079
f 4079 4124 4125
f 4079 4125 4080
f 4080 4125 4126
f 4080 4126 4081
f 4081 4126 4127
f 4081 4127 4082
f 4082 4127 4128
f 4082 4128 4083
f 4083 4128 4129
f 4083 4129 4084
f 4084 4129 4130
f 4084 4130 4085
f 4085 4130 4131
f 4085 4131 4086
f 4086 4131 4132
f 4086 4132 4041
f 4041 4132 4087
f 4087 4133 4088
f 4088 4133 4134
f 4088 4134 4089
f 4089 4134 4135
f 4089 4135 4090
f 4090 4135 4136
f 4090 4136 4091
f 4091 4136 4137
f 4091 4137 4092
f 4092 4137 4138
f 4092 4138 4093
f 4093 4138 4139
f 4093 4139 4094
f 4094 4139 4140
f 4094 4140 4095
f 4095 4140 4141
f 4095 4141 4096
f 4096 4141 4142
f 4096 4142 4097
f 4097 4142 4143
f 4097 4143 4098
f 4098 4143 4144
f 4098 4144 4099
f 4099 4144 4145
f 4099 4145 4100
f 4100 4145 4146
f 4100 4146 4101
f 4101 4146 4147
f 4101 4147 4102
f 4102 4147 4148
f 4102 4148 4103
f 4103 4148 4149
f 4103 4149 4104
f 4104 4149 4150
f 4104 4150 4105
f 4105 4150 4151
f 4105 4151 4106
f 4106 4151 4152
f 4106 4152 4107
f 4107 4152 4153
f 4107 4153 4108
f 4108 4153 4154
f 4108 4154 4109
f 4109 4154 4155
f 4109 4155 4110
f 4110 4155 4156
f 4110 4156 4111
f 4111 4156 4157
f 4111 4157 4112
f 4112 4157 4158
f 4112 4158 4113
f 4113 4158 4159
f 4113 4159 4114
f 4114 4159 4160
f 4114 4160 4115
f 4115 4160 4161
f 4115 4161 4116
f 4116 4161 4162
f 4116 4162 4117
f 4117 4162 4163
f 4117 4163 4118
f 4118 4163 4164
f 4118 4164 4119
f 4119 4164 4165
f 4119 4165 4120
f 4120 4165 4166
f 4120 4166 4121
f 4121 4166 4167
f 4121 4167 4122
f 4122 4167 4168
f 4122 4168 4123
f 4123 4168 4169
f 4123 4169 4124
f 4124 4169 4170
f 4124 4170 4125
f 4125 4170 4171
f 4125 4171 4126
f 4126 4171 4172
f 4126 4172 4127
f 4127 4172 4173
f 4127 4173 4128
f 4128 4173 4174
f 4128 4174 4129
f 4129 4174 4175
f 4129 4175 4130
f 4130 4175 4176
f 4130 4176 4131
f 4131 4176 4177
f 4131 4177 4132
f 4132 4177 4178
f 4132 4178 4087
f 4087 4178 4133
f 4133 4179 4134
f 4134 4179 4180
f 4134 4180 4135
f 4135 4180 4181
f 4135 4181 4136
f 4136 4181 4182
f 4136 4182 4137
f 4137 4182 4183
f 4137 4183 4138
f 4138 4183 4184
f 4138 4184 4139
f 4139 4184 4185
f 4139 4185 4140
f 4140 4185 4186
f 4140 4186 4141
f 4141 4186 4187
f 4141 4187 4142
f 4142 4187 4188
f 4142 4188 4143
f 4143 4188 4189
f 4143 4189 4144
f 4144 4189 4190
f 4144 4190 4145
f 4145 4190 4191
f 4145 4191 4146
f 4146 4191 4192
f 4146 4192 4147
f 4147 4192 4193
f 4147 4193 4148
f 4148 4193 4194
f 4148 4194 4149
f 4149 4194 4195
f 4149 4195 4150
f 4150 4195 4196
f 4150 4196 4151
f 4151 4196 4197
f 4151 4197 4152
f 4152 4197 4198
f 4152 4198 4153
f 4153 4198 4199
f 4153 4199 4154
f 4154 4199 4200
f 4154 4200 4155
f 4155 4200 4201
f 4155 4201 4156
f 4156 4201 4202
f 4156 4202 4157
f 4157 4202 4203
f 4157 4203 4158
f 4158 4203 4204
f 4158 4204 4159
f 4159 4204 4205
f 4159 4205 4160
f 4160 4205 4206
f 4160 4206 4161
f 4161 4206 4207
f 4161 4207 4162
f 4162 4207 4208
f 4162 4208 4163
f 4163 4208 4209
f 4163 4209 4164
f 4164 4209 4210
f 4164 4210 4165
f 4165 4210 4211
f 4165 4211 4166
f 4166 4211 4212
f 4166 4212 4167
f 4167 4212 4213
f 4167 4213 4168
f 4168 4213 4214
f 4168 4214 4169
f 4169 4214 4215
f 4169 4215 4170
f 4170 4215 4216
f 4170 4216 4171
f 4171 4216 4217
f 4171 4217 4172
f 4172 4217 4218
f 4172 4218 4173
f 4173 4218 4219
f 4173 4219 4174
f 4174 4219 4220
f 4174 4220 4175
f 4175 4220 4221
f 4175 4221 4176
f 4176 4221 4222
f 4176 4222 4177
f 4177 4222 4223
f 4177 4223 4178
f 4178 4223 4224
f 4178 4224 4133
f 4133 4224 4179
f 4179 4225 4180
f 4180 4225 4226
f 4180 4226 4181
f 4181 4226 4227
f 4181 4227 4182
f 4182 4227 4228
f 4182 4228 4183
f 4183 4228 4229
f 4183 4229 4184
f 4184 4229 4230
f 4184 4230 4185
f 4185 4230 4231
f 4185 4231 4186
f 4186 4231 4232
f 4186 4232 4187
f 4187 4232 4233
f 4187 4233 4188
f 4188 4233 4234
f 4188 4234 4189
f 4189 4234 4235
f 4189 4235 4190
f 4190 4235 4236
f 4190 4236 4191
f 4191 4236 4237
f 4191 4237 4192
f 4192 4237 4238
f 4192 4238 4193
f 4193 4238 4239
f 4193 4239 4194
f 4194 4239 4240
f 4194 4240 4195
f 4195 4240 4241
f 4195 4241 4196
f 4196 4241 4242
f 4196 4242 4197
f 4197 4242 4243
f 4197 4243 4198
f 4198 4243 4244
f 4198 4244 4199
f 4199 4244 4245
f 4199 4245 4200
f 4200 4245 4246
f 4200 4246 4201
f 4201 4246 4247
f 4201 4247 4202
f 4202 4247 4248
f 4202 4248 4203
f 4203 4248 4249
f 4203 4249 4204
f 4204 4249 4250
f 4204 4250 4205
f 4205 4250 4251
f 4205 4251 4206
f 4206 4251 4252
f 4206 4252 4207
f 4207 4252 4253
f 4207 4253 4208
f 4208 4253 4254
f 4208 4254 4209
f 4209 4254 4255
f 4209 4255 4210
f 4210 4255 4256
f 4210 4256 4211
f 4211 4256 4257
f 4211 4257 4212
f 4212 4257 4258
f 4212 4258 4213
f 4213 4258 4259
f 4213 4259 4214
f 4214 4259 4260
f 4214 4260 4215
f 4215 4260 4261
f 4215 4261 4216
f 4216 4261 4262
f 4216 4262 4217
f 4217 4262 4263
f 4217 4263 4218
f 4218 4263 4264
f 4218 4264 4219
f 4219 4264 4265
f 4219 4265 4220
f 4220 4265 4266
f 4220 4266 4221
f 4221 4266 4267
f 4221 4267 4222
f 4222 4267 4268
f 4222 4268 4223
f 4223 4268 4269
f 4223 4269 4224
f 4224 4269 4270
f 4224 4270 4179
f 4179 4270 4225
f 4225 4271 4226
f 4226 4271 4272
f 4226 4272 4227
f 4227 4272 4273
f 4227 4273 4228
f 4228 4273 4274
f 4228 4274 4229
f 4229 4274 4275
f 4229 4275 4230
f 4230 4275 4276
f 4230 4276 4231
f 4231 4276 4277
f 4231 4277 4232
f 4232 4277 4278
f 4232 4278 4233
f 4233 4278 4279
f 4233 4279 4234
f 4234 4279 4280
f 4234 4280 4235
f 4235 4280 4281
f 4235 4281 4236
f 4236 4281 4282
f 4236 4282 4237
f 4237 4282 4283
f 4237 4283 4238
f 4238 4283 4284
f 4238 4284 4239
f 4239 4284 4285
f 4239 4285 4240
f 4240 4285 4286
f 4240 4286 4241
f 4241 4286 4287
f 4241 4287 4242
f 4242 4287 4288
f 4242 4288 4243
f 4243 4288 4289
f 4243 4289 4244
f 4244 4289 4290
f 4244 4290 4245
f 4245 4290 4291
f 4245 4291 4246
f 4246 4291 4292
f 4246 4292 4247
f 4247 4292 4293
f 4247 4293 4248
f 4248 4293 4294
f 4248 4294 4249
f 4249 4294 4295
f 4249 4295 4250
f 4250 4295 4296
f 4250 4296 4251
f 4251 4296 4297
f 4251 4297 4252
f 4252 4297 4298
f 4252 4298 4253
f 4253 4298 4299
f 4253 4299 4254
f 4254 4299 4300
f 4254 4300 4255
f 4255 4300 4301
f 4255 4301 4256
f 4256 4301 4302
f 4256 4302 4257
f 4257 4302 4303
f 4257 4303 4258
f 4258 4303 4304
f 4258 4304 4259
f 4259 4304 4305
f 4259 4305 4260
f 4260 4305 4306
f 4260 4306 4261
f 4261 4306 4307
f 4261 4307 4262
f 4262 4307 4308
f 4262 4308 4263
f 4263 4308 4309
f 4263 4309 4264
f 4264 4309 4310
f 4264 4310 4265
f 4265 4310 4311
f 4265 4311 4266
f 4266 4311 4312
f 4266 4312 4267
f 4267 4312 4313
f 4267 4313 4268
f 4268 4313 4314
f 4268 4314 4269
f 4269 4314 4315
f 4269 4315 4270
f 4270 4315 4316
f 4270 4316 4225
f 4225 4316 4271
f 4271 4317 4272
f 4272 4317 4318
f 4272 4318 4273
f 4273 4318 4319
f 4273 4319 4274
f 4274 4319 4320
f 4274 4320 4275
f 4275 4320 4321
f 4275 4321 4276
f 4276 4321 4322
f 4276 4322 4277
f 4277 4322 4323
f 4277 4323 4278
f 4278 4323 4324
f 4278 4324 4279
f 4279 4324 4325
f 4279 4325 4280
f 4280 4325 4326
f 4280 4326 4281
f 4281 4326 4327
f 4281 4327 4282
f 4282 4327 4328
f 4282 4328 4283
f 4283 4328 4329
f 4283 4329 4284
f 4284 4329 4330
f 4284 4330 4285
f 4285 4330 4331
f 4285 4331 4286
f 4286 4331 4332
f 4286 4332 4287
f 4287 4332 4333
f 4287 4333 4288
f 4288 4333 4334
f 4288 4334 4289
f 4289 4334 4335
f 4289 4335 4290
f 4290 4335 4336
f 4290 4336 4291
f 4291 4336 4337
f 4291 4337 4292
f 4292 4337 4338
f 4292 4338 4293
f 4293 4338 4339
f 4293 4339 4294
f 4294 4339 4340
f 4294 4340 4295
f 4295 4340 4341
f 4295 4341 4296
f 4296 4341 4342
f 4296 4342 4297
f 4297 4342 4343
f 4297 4343 4298
f 4298 4343 4344
f 4298 4344 4299
f 4299 4344 4345
f 4299 4345 4300
f 4300 4345 4346
f 4300 4346 4301
f 4301 4346 4347
f 4301 4347 4302
f 4302 4347 4348
f 4302 4348 4303
f 4303 4348 4349
f 4303 4349 4304
f 4304 4349 4350
f 4304 4350 4305
f 4305 4350 4351
f 4305 4351 4306
f 4306 4351 4352
f 4306 4352 4307
f 4307 4352 4353
f 4307 4353 4308
f 4308 4353 4354
f 4308 4354 4309
f 4309 4354 4355
f 4309 4355 4310
f 4310 4355 4356
f 4310 4356 4311
f 4311 4356 4357
f 4311 4357 4312
f 4312 4357 4358
f 4312 4358 4313
f 4313 4358 4359
f 4313 4359 4314
f 4314 4359 4360
f 4314 4360 4315
f 4315 4360 4361
f 4315 4361 4316
f 4316 4361 4362
f 4316 4362 4271
f 4271 4362 4317
f 4320 4319 4363
f 4320 4363 4321
f 4326 4325 4364
f 4326 4364 4327
f 4329 4328 4365
f 4329 4365 4330
f 4335 4334 4366
f 4335 4366 4336
f 4343 4342 4367
f 4343 4367 4344
f 4349 4348 4368
f 4349 4368 4350
f 4352 4351 4369
f 4352 4369 4353
f 4358 4357 4370
f 4358 4370 4359
f 4317 4371 4318
f 4318 4371 4372
f 4318 4372 4319
f 4319 4372 4373
f 4319 4373 4363
f 4363 4373 4374
f 4363 4374 4321
f 4321 4374 4375
f 4321 4375 4322
f 4322 4375 4376
f 4322 4376 4323
f 4323 4376 4377
f 4323 4377 4324
f 4324 4377 4378
f 4324 4378 4325
f 4325 4378 4379
f 4325 4379 4364
f 4364 4379 4380
f 4364 4380 4327
f 4327 4380 4381
f 4327 4381 4328
f 4328 4381 4382
f 4328 4382 4365
f 4365 4382 4383
f 4365 4383 4330
f 4330 4383 4384
f 4330 4384 4331
f 4331 4384 4385
f 4331 4385 4332
f 4332 4385 4386
f 4332 4386 4333
f 4333 4386 4387
f 4333 4387 4334
f 4334 4387 4388
f 4334 4388 4366
f 4366 4388 4389
f 4366 4389 4336
f 4336 4389 4390
f 4336 4390 4337
f 4337 4390 4391
f 4337 4391 4338
f 4338 4391 4392
f 4338 4392 4339
f 4339 4392 4393
f 4339 4393 4340
f 4340 4393 4394
f 4340 4394 4341
f 4341 4394 4395
f 4341 4395 4342
f 4342 4395 4396
f 4342 4396 4367
f 4367 4396 4397
f 4367 4397 4344
f 4344 4397 4398
f 4344 4398 4345
f 4345 4398 4399
f 4345 4399 4346
f 4346 4399 4400
f 4346 4400 4347
f 4347 4400 4401
f 4347 4401 4348
f 4348 4401 4402
f 4348 4402 4368
f 4368 4402 4403
f 4368 4403 4350
f 4350 4403 4404
f 4350 4404 4351
f 4351 4404 4405
f 4351 4405 4369
f 4369 4405 4406
f 4369 4406 4353
f 4353 4406 4407
f 4353 4407 4354
f 4354 4407 4408
f 4354 4408 4355
f 4355 4408 4409
f 4355 4409 4356
f 4356 4409 4410
f 4356 4410 4357
f 4357 4410 4411
f 4357 4411 4370
f 4370 4411 4412
f 4370 4412 4359
f 4359 4412 4413
f 4359 4413 4360
f 4360 4413 4414
f 4360 4414 4361
f 4361 4414 4415
f 4361 4415 4362
f 4362 4415 4416
f 4362 4416 4317
f 4317 4416 4371
f 4378 4377 4417
f 4378 4417 4379
f 4385 4384 4418
f 4385 4418 4386
f 4401 4400 4419
f 4401 4419 4402
f 4408 4407 4420
f 4408 4420 4409
f 4371 4421 4372
f 4372 4421 4422
f 4372 4422 4373
f 4373 4422 4423
f 4373 4423 4374
f 4377 4376 4424
f 4377 4424 4417
f 4379 4417 4425
f 4379 4425 4380
f 4384 4383 4426
f 4384 4426 4418
f 4386 4418 4427
f 4386 4427 4387
f 4390 4389 4428
f 4390 4428 4391
f 4391 4428 4429
f 4391 4429 4392
f 4392 4429 4430
f 4392 4430 4393
f 4394 4393 4431
f 4394 4431 4395
f 4395 4431 4432
f 4395 4432 4396
f 4396 4432 4433
f 4396 4433 4397
f 4400 4399 4434
f 4400 4434 4419
f 4402 4419 4435
f 4402 4435 4403
f 4407 4406 4436
f 4407 4436 4420
f 4409 4420 4437
f 4409 4437 4410
f 4413 4412 4438
f 4413 4438 4414
f 4414 4438 4439
f 4414 4439 4415
f 4415 4439 4440
f 4415 4440 4416
f 4371 4416 4421
f 4421 4441 4422
f 4422 4441 4442
f 4422 4442 4423
f 4423 4442 4443
f 4423 4443 4374
f 4374 4443 4444
f 4374 4444 4375
f 4375 4444 4445
f 4375 4445 4376
f 4376 4445 4446
f 4376 4446 4424
f 4424 4446 4447
f 4424 4447 4417
f 4417 4447 4448
f 4417 4448 4425
f 4425 4448 4449
f 4425 4449 4380
f 4380 4449 4450
f 4380 4450 4381
f 4381 4450 4451
f 4381 4451 4382
f 4382 4451 4452
f 4382 4452 4383
f 4383 4452 4453
f 4383 4453 4426
f 4426 4453 4454
f 4426 4454 4418
f 4418 4454 4455
f 4418 4455 4427
f 4427 4455 4456
f 4427 4456 4387
f 4387 4456 4457
f 4387 4457 4388
f 4388 4457 4458
f 4388 4458 4389
f 4389 4458 4459
f 4389 4459 4428
f 4428 4459 4460
f 4428 4460 4429
f 4429 4460 4461
f 4429 4461 4430
f 4430 4461 4462
f 4430 4462 4393
f 4393 4462 4463
f 4393 4463 4431
f 4431 4463 4464
f 4431 4464 4432
f 4432 4464 4465
f 4432 4465 4433
f 4433 4465 4466
f 4433 4466 4397
f 4397 4466 4467
f 4397 4467 4398
f 4398 4467 4468
f 4398 4468 4399
f 4399 4468 4469
f 4399 4469 4434
f 4434 4469 4470
f 4434 4470 4419
f 4419 4470 4471
f 4419 4471 4435
f 4435 4471 4472
f 4435 4472 4403
f 4403 4472 4473
f 4403 4473 4404
f 4404 4473 4474
f 4404 4474 4405
f 4405 4474 4475
f 4405 4475 4406
f 4406 4475 4476
f 4406 4476 4436
f 4436 4476 4477
f 4436 4477 4420
f 4420 4477 4478
f 4420 4478 4437
f 4437 4478 4479
f 4437 4479 4410
f 4410 4479 4480
f 4410 4480 4411
f 4411 4480 4481
f 4411 4481 4412
f 4412 4481 4482
f 4412 4482 4438
f 4438 4482 4483
f 4438 4483 4439
f 4439 4483 4484
f 4439 4484 4440
f 4440 4484 4485
f 4440 4485 4416
f 4416 4485 4486
f 4416 4486 4421
f 4421 4486 4441
f 4441 4487 4442
f 4444 4443 4488
f 4444 4488 4445
f 4445 4488 4489
f 4445 4489 4446
f 4446 4489 4490
f 4446 4490 4447
f 4449 4448 4491
f 4449 4491 4450
f 4450 4491 4492
f 4450 4492 4451
f 4453 4452 4493
f 4453 4493 4454
f 4454 4493 4494
f 4454 4494 4455
f 4457 4456 4495
f 4457 4495 4458
f 4458 4495 4496
f 4458 4496 4459
f 4459 4496 4497
f 4459 4497 4460
f 4462 4461 4498
f 4462 4498 4463
f 4463 4498 4499
f 4463 4499 4464
f 4464 4499 4500
f 4464 4500 4465
f 4467 4466 4501
f 4467 4501 4468
f 4468 4501 4502
f 4468 4502 4469
f 4469 4502 4503
f 4469 4503 4470
f 4472 4471 4504
f 4472 4504 4473
f 4473 4504 4505
f 4473 4505 4474
f 4476 4475 4506
f 4476 4506 4477
f 4477 4506 4507
f 4477 4507 4478
f 4480 4479 4508
f 4480 4508 4481
f 4481 4508 4509
f 4481 4509 4482
f 4482 4509 4510
f 4482 4510 4483
f 4485 4484 4511
f 4485 4511 4486
f 4486 4511 4512
f 4486 4512 4441
f 4441 4512 4487
f 4442 4487 4513
f 4442 4513 4443
f 4448 4447 4514
f 4448 4514 4491
f 4455 4494 4515
f 4455 4515 4456
f 4461 4460 4516
f 4461 4516 4498
f 4465 4500 4517
f 4465 4517 4466
f 4471 4470 4518
f 4471 4518 4504
f 4478 4507 4519
f 4478 4519 4479
f 4484 4483 4520
f 4484 4520 4511
f 4487 4521 4513
f 4443 4513 4522
f 4443 4522 4488
f 4447 4490 4523
f 4447 4523 4514
f 4491 4514 4524
f 4491 4524 4492
f 4451 4492 4525
f 4451 4525 4452
f 4452 4525 4526
f 4452 4526 4493
f 4494 4493 4527
f 4494 4527 4515
f 4456 4515 4528
f 4456 4528 4495
f 4460 4497 4529
f 4460 4529 4516
f 4498 4516 4530
f 4498 4530 4499
f 4500 4499 4531
f 4500 4531 4517
f 4466 4517 4532
f 4466 4532 4501
f 4470 4503 4533
f 4470 4533 4518
f 4504 4518 4534
f 4504 4534 4505
f 4474 4505 4535
f 4474 4535 4475
f 4475 4535 4536
f 4475 4536 4506
f 4507 4506 4537
f 4507 4537 4519
f 4479 4519 4538
f 4479 4538 4508
f 4483 4510 4539
f 4483 4539 4520
f 4511 4520 4540
f 4511 4540 4512
f 4487 4512 4521
f 4488 4522 4541
f 4488 4541 4489
f 4489 4541 4542
f 4489 4542 4490
f 4492 4524 4543
f 4492 4543 4525
f 4493 4526 4544
f 4493 4544 4527
f 4496 4495 4545
f 4496 4545 4497
f 4497 4545 4546
f 4497 4546 4529
f 4499 4530 4547
f 4499 4547 4531
f 4501 4532 4548
f 4501 4548 4502
f 4502 4548 4549
f 4502 4549 4503
f 4505 4534 4550
f 4505 4550 4535
f 4506 4536 4551
f 4506 4551 4537
f 4509 4508 4552
f 4509 4552 4510
f 4510 4552 4553
f 4510 4553 4539
f 4512 4540 4554
f 4512 4554 4521
f 128 4548 130
f 130 4548 4532
f 130 4532 132
f 132 4532 4517
f 132 4517 134
f 134 4517 4531
f 134 4531 136
f 136 4531 4547
f 136 4547 138
f 138 4547 4530
f 138 4530 140
f 140 4530 4516
f 140 4516 142
f 114 4536 116
f 116 4536 4535
f 116 4535 118
f 118 4535 4550
f 118 4550 120
f 120 4550 4534
f 120 4534 122
f 122 4534 4518
f 122 4518 124
f 124 4518 4533
f 124 4533 126
f 126 4533 4503
f 126 4503 128
f 128 4503 4549
f 128 4549 4548
f 4516 4529 142
f 142 4529 4546
f 142 4546 144
f 144 4546 4545
f 144 4545 146
f 146 4545 4495
f 146 4495 148
f 148 4495 4528
f 148 4528 150
f 150 4528 4515
f 150 4515 152
f 152 4515 4527
f 152 4527 154
f 154 4527 4544
f 154 4544 156
f 168 4541 170
f 170 4541 4522
f 170 4522 172
f 172 4522 4513
f 172 4513 174
f 174 4513 4521
f 174 4521 176
f 176 4521 4554
f 176 4554 98
f 98 4554 4540
f 98 4540 100
f 100 4540 4520
f 100 4520 102
f 4544 4526 156
f 156 4526 4525
f 156 4525 158
f 158 4525 4543
f 158 4543 160
f 160 4543 4524
f 160 4524 162
f 162 4524 4514
f 162 4514 164
f 164 4514 4523
f 164 4523 166
f 166 4523 4490
f 166 4490 168
f 168 4490 4542
f 168 4542 4541
f 4520 4539 102
f 102 4539 4553
f 102 4553 104
f 104 4553 4552
f 104 4552 106
f 106 4552 4508
f 106 4508 108
f 108 4508 4538
f 108 4538 110
f 110 4538 4519
f 110 4519 112
f 112 4519 4537
f 112 4537 114
f 114 4537 4551
f 114 4551 4536
f 22 30 32
f 12 36 7
f 7 36 8
f 12 14 36
f 36 14 16
f 36 16 18
f 30 22 28
f 28 22 24
f 28 24 26
f 18 20 36
f 36 20 22
f 36 22 34
f 34 22 32
f 4555 4556 4557
f 4558 4559 8
f 4560 4561 4556
f 4562 4563 4564
f 4564 4563 4565
f 4556 4561 4557
f 4566 4567 4563
f 4568 4569 4570
f 4570 4569 4556
f 4570 4556 4571
f 4571 4556 4555
f 4567 4565 4563
f 4572 4573 4558
f 4574 4575 4576
f 4577 4578 4579
f 4579 4578 4563
f 4579 4563 4562
f 4581 4582 4583
f 4581 4583 4584
f 4581 4584 4585
f 4586 4587 4582
f 8 36 4558
f 4558 36 305
f 8 4559 4588
f 4560 4556 4580
f 4580 4556 4589
f 4580 4589 8
f 4590 4584 4591
f 4590 4591 4576
f 4576 4591 4592
f 4576 4592 4574
f 4589 4594 8
f 8 4594 4595
f 8 4595 297
f 4558 305 4572
f 4588 4580 8
f 4584 4590 4596
f 4585 4584 4597
f 4597 4584 4593
f 4597 4593 4566
f 4597 4566 4563
f 4599 4598 4600
f 4600 4598 297
f 4596 4593 4584
f 4595 4601 297
f 297 4601 4600
f 4581 4602 4582
f 4582 4602 4603
f 4582 4603 4586
f 4604 4601 4605
f 4601 4604 4600
f 4603 4602 4606
f 4606 4602 4607
f 4601 4608 4605
f 4601 4609 4602
f 4601 4602 4610
f 4602 4609 4607
f 4610 4608 4601
f 51 50 81
f 50 57 81
f 81 57 59
f 81 59 61
f 61 63 81
f 81 63 65
f 81 65 67
f 67 69 81
f 81 69 71
f 81 71 73
f 73 75 81
f 81 75 77
f 81 77 79
f 4611 4612 4613
f 4614 4615 51
f 4616 4617 4612
f 4618 4619 4620
f 4620 4619 4621
f 4612 4617 4613
f 4622 4623 4619
f 51 4624 4625
f 4626 4627 4628
f 4628 4627 4612
f 4628 4612 4629
f 4629 4612 4611
f 4623 4621 4619
f 4630 4631 4614
f 4632 4633 4634
f 4635 4636 4637
f 4638 4639 4640
f 4640 4639 4619
f 4640 4619 4618
f 51 4625 303
f 51 81 4614
f 4614 81 299
f 51 4615 4642
f 4624 51 4643
f 4643 51 4641
f 4643 4641 4612
f 4612 4641 4616
f 4644 4645 4646
f 4644 4646 4634
f 4634 4646 4647
f 4634 4647 4632
f 4649 4637 4650
f 4649 4650 4645
f 4649 4645 4651
f 4614 299 4630
f 4642 4641 51
f 4645 4644 4652
f 4651 4645 4653
f 4653 4645 4648
f 4653 4648 4622
f 4653 4622 4619
f 4649 4654 4637
f 4637 4654 4655
f 4637 4655 4635
f 4652 4648 4645
f 4657 4656 4658
f 4658 4656 303
f 4625 4659 303
f 303 4659 4658
f 4660 4659 4661
f 4659 4660 4658
f 4655 4654 4662
f 4662 4654 4663
f 4659 4664 4661
f 4659 4665 4654
f 4659 4654 4666
f 4654 4665 4663
f 4666 4664 4659
f 4656 4657 4669
f 4669 4657 4670
f 4668 4669 4670
f 4671 4668 328
f 4668 4671 4669
f 312 328 4668
f 4668 4667 312
f 312 4667 313
f 4667 4668 4660
f 4660 4668 4670
f 4660 4670 4657
f 4660 4657 4658
f 4660 4661 4664
f 4675 4664 4666
f 4675 4666 4654
f 4675 4660 4664
f 4654 4649 4651
f 4654 4651 4676
f 4667 4660 4675
f 4675 4654 4676
f 313 4667 4672
f 4672 4667 4675
f 4672 4675 4673
f 4673 4675 4672
f 4672 4675 4676
f 4672 4676 4674
f 4678 362 4677
f 4677 4651 4619
f 4619 4651 4653
f 4651 4677 4676
f 4676 4677 362
f 4676 362 4674
f 310 4679 317
f 4572 305 306
f 4669 4682 4656
f 304 303 4656
f 304 4656 4682
f 4572 306 4681
f 4572 4681 4680
f 317 4679 4681
f 4679 4680 4681
f 311 310 317
f 4671 328 326
f 4682 4669 326
f 326 4669 4671
f 328 327 326
f 325 323 326
f 326 323 4683
f 326 4683 4682
f 4682 4683 307
f 4682 307 304
f 322 320 323
f 323 320 4684
f 323 4684 4683
f 4683 4684 308
f 4683 308 307
f 319 317 320
f 320 317 4681
f 320 4681 4684
f 4684 4681 306
f 4684 306 308
f 4677 4619 4639
f 4677 4639 4685
f 4677 4685 4678
f 4678 4685 4686
f 4678 4686 362
f 4686 363 362
f 4688 315 316
f 4688 4689 315
f 4689 4688 4690
f 4690 4688 4691
f 4691 372 4690
f 370 372 4691
f 362 361 4692
f 362 4692 4674
f 4674 4692 4672
f 4672 4692 4693
f 314 313 4693
f 4693 313 4672
f 316 318 4694
f 316 4694 4695
f 316 4695 4688
f 4688 4695 4696
f 4688 4696 4691
f 4691 4696 4697
f 4691 4697 370
f 370 4697 368
f 318 321 4694
f 4694 321 4698
f 4694 4698 4695
f 4695 4698 4699
f 4695 4699 4696
f 4696 4699 4697
f 4697 4699 366
f 4697 366 368
f 324 4687 321
f 321 4687 4700
f 321 4700 4698
f 4698 4700 4701
f 4698 4701 4699
f 4699 4701 4702
f 4699 4702 366
f 366 4702 364
f 324 314 4687
f 4687 314 4693
f 4687 4693 4700
f 4700 4693 4692
f 4700 4692 4701
f 4701 4692 4702
f 4702 4692 361
f 4702 361 364
f 310 309 4703
f 4703 4679 310
f 4679 4703 4680
f 4704 4680 4703
f 4573 4572 4680
f 4680 4704 4573
f 4573 4704 4559
f 4573 4559 4558
f 4559 4704 4703
f 4559 4703 4705
f 4705 4703 315
f 315 4703 309
f 4686 4685 4707
f 4707 4685 4708
f 4707 4708 381
f 381 4708 4706
f 4708 4685 4639
f 4708 4639 4706
f 4709 4570 4571
f 4709 4571 4555
f 4561 4560 4580
f 4561 4580 4712
f 4712 4580 4588
f 4712 4588 4559
f 4713 4555 4561
f 4690 4713 4712
f 4690 4712 4689
f 4689 4712 4711
f 4711 4712 4689
f 4689 4712 4705
f 4689 4705 315
f 4555 4557 4561
f 4710 4709 372
f 372 4709 4555
f 372 4555 4713
f 372 4713 4690
f 4713 4561 4712
f 4712 4559 4705
f 382 381 4714
f 4714 381 4706
f 4714 4706 4638
f 4638 4706 4639
f 365 363 4686
f 4717 4716 371
f 369 367 4718
f 4718 367 4719
f 4717 4720 4716
f 367 365 4719
f 4719 365 4686
f 4719 4686 4707
f 371 369 4717
f 4717 369 4718
f 4717 4718 4722
f 4722 4718 4719
f 4722 4719 4715
f 4715 4719 4707
f 4720 4717 4721
f 4721 4717 4722
f 4722 4715 379
f 374 4720 375
f 375 4720 4721
f 375 4721 377
f 4715 4707 379
f 379 4707 381
f 4721 4722 377
f 377 4722 379
f 4568 4570 4709
f 4568 4709 4723
f 4723 4709 4710
f 4723 4710 4716
f 4716 4710 371
f 371 4710 372
f 4726 4725 4727
f 4727 4724 4714
f 4724 382 4714
f 4725 4724 4727
f 4726 4727 4714
f 4726 4714 4638
f 4728 4568 4729
f 4729 4568 4723
f 374 4728 4720
f 4720 4728 4729
f 4720 4729 4716
f 4723 4716 4729
f 4638 4640 4730
f 4638 4730 4726
f 4726 4730 4731
f 4726 4731 4725
f 4725 4731 394
f 4725 394 393
f 4732 4733 373
f 398 400 4734
f 4736 4725 393
f 4735 4734 402
f 402 4734 400
f 393 396 4736
f 4736 396 4737
f 4736 4724 4725
f 4736 4737 4738
f 4738 4737 4734
f 4738 4734 4732
f 396 398 4737
f 4737 398 4734
f 4735 4733 4734
f 4734 4733 4732
f 4724 4736 4739
f 4739 4736 4738
f 382 4724 380
f 380 4724 4739
f 380 4739 378
f 378 4739 4738
f 378 4738 376
f 4738 4732 376
f 376 4732 373
f 4569 4568 4740
f 4740 4568 4728
f 4740 4728 373
f 373 4728 374
f 4730 4640 4618
f 4730 4618 4620
f 4744 4623 4648
f 4731 4730 4620
f 394 4731 4741
f 4741 4745 4623
f 4741 4623 4744
f 4741 4744 4742
f 4742 4744 4743
f 4743 4744 4742
f 4742 4744 4747
f 4742 4747 4746
f 4742 4746 443
f 4652 4644 4744
f 4652 4744 4648
f 4648 4623 4622
f 4620 4621 4623
f 4745 4620 4623
f 4746 4747 4644
f 4644 4747 4744
f 4745 4741 4620
f 4620 4741 4731
f 4749 4748 4740
f 4749 4740 373
f 4740 4748 4569
f 4733 4735 4748
f 4749 4733 4748
f 4733 4749 373
f 4644 4750 4751
f 4644 4751 4746
f 4746 4751 436
f 4746 436 443
f 4633 4750 4634
f 4634 4750 4644
f 4750 4633 4751
f 4751 4633 437
f 4751 437 436
f 404 403 4756
f 404 4756 4757
f 4757 4756 4755
f 4755 4754 4757
f 4754 4755 440
f 4758 4742 443
f 4742 4758 4741
f 4741 4758 4753
f 4753 394 4741
f 394 4753 395
f 444 4758 443
f 444 445 4759
f 445 435 4760
f 4760 435 448
f 441 440 4755
f 441 4755 448
f 444 4759 4758
f 4758 4759 4761
f 4758 4761 4753
f 4753 4761 4762
f 4753 4762 395
f 395 4762 397
f 445 4760 4759
f 4759 4760 4763
f 4759 4763 4761
f 4761 4763 4762
f 4762 4763 399
f 4762 399 397
f 448 4752 4760
f 4760 4752 4764
f 4760 4764 4763
f 4763 4764 4765
f 4763 4765 399
f 399 4765 401
f 448 4755 4752
f 4752 4755 4756
f 4752 4756 4764
f 4764 4756 4765
f 4765 4756 403
f 4765 403 401
f 4766 4556 4569
f 4766 4569 4748
f 4766 4748 4767
f 4767 4748 4735
f 4767 4735 404
f 404 4735 402
f 4768 437 4633
f 4771 4770 4769
f 4772 4768 4633
f 4770 4771 4633
f 4771 4769 4772
f 556 4769 4770
f 4769 4768 4772
f 4633 4771 4772
f 4754 440 4774
f 4775 4754 4774
f 4775 4774 4776
f 4776 4774 4603
f 4776 4754 4775
f 4776 4603 4607
f 4607 4603 4606
f 4773 4754 4776
f 4754 4773 4776
f 4601 4776 4607
f 4601 4607 4609
f 4757 4754 4601
f 4601 4754 4776
f 4777 4757 4601
f 4594 4777 4601
f 4594 4601 4595
f 4766 4594 4556
f 4556 4594 4589
f 4594 4766 4777
f 4777 4766 4767
f 4777 4767 4757
f 4757 4767 404
f 4632 4770 4633
f 4778 4637 4636
f 4645 4650 4780
f 4780 4650 4637
f 4780 4637 4781
f 4781 4637 4778
f 4645 4780 4782
f 4782 4780 4781
f 512 4770 4779
f 4781 4778 492
f 4632 4647 4783
f 4783 4647 4646
f 4782 4781 489
f 489 4781 492
f 4632 4783 4784
f 4784 4783 4646
f 4646 4645 4785
f 4785 4645 4782
f 4785 4782 564
f 564 4782 489
f 512 556 4770
f 512 514 556
f 4779 508 512
f 512 508 510
f 499 504 505
f 499 505 508
f 508 505 507
f 497 502 501
f 497 501 499
f 499 501 500
f 496 498 497
f 487 496 564
f 564 496 497
f 499 508 4784
f 4784 508 4779
f 4784 4786 499
f 499 4786 497
f 564 489 488
f 4770 4632 4779
f 4779 4632 4784
f 4784 4646 4786
f 4786 4646 4785
f 4786 4785 497
f 497 4785 564
f 489 492 491
f 559 554 4787
f 446 447 4789
f 4790 433 438
f 4790 438 4768
f 4768 438 437
f 442 446 4788
f 4788 446 4789
f 4791 4788 4789
f 4791 4792 4788
f 4769 4793 4790
f 4769 4790 4768
f 4787 4791 4789
f 4787 4789 4794
f 4794 4789 447
f 4794 447 434
f 558 4787 4793
f 4793 4787 4794
f 4793 4794 4790
f 4790 4794 434
f 4790 434 433
f 551 486 485
f 554 553 4787
f 4787 553 551
f 4787 551 4791
f 4791 551 485
f 4791 485 4792
f 558 559 4787
f 4793 4769 556
f 4793 556 558
f 558 556 557
f 440 439 4774
f 4774 439 4795
f 4774 4795 4603
f 4603 4795 4796
f 4603 4796 4586
f 439 442 4795
f 4795 442 4587
f 4795 4587 4796
f 4587 4586 4796
f 426 4797 4799
f 4636 4799 4800
f 4800 4799 4797
f 4800 4797 4798
f 4799 4636 426
f 4778 4636 4800
f 4778 4800 4798
f 4778 4798 492
f 4803 4801 4587
f 4803 4587 4802
f 442 4802 4587
f 4792 4801 4803
f 4792 4803 4788
f 4788 4803 4802
f 442 4788 4802
f 4792 485 4801
f 4805 4804 423
f 423 4804 424
f 4804 4805 4655
f 4655 4805 4806
f 4655 4806 4635
f 423 426 4805
f 4805 426 4636
f 4636 4635 4806
f 4636 4806 4805
f 431 418 4808
f 430 431 4807
f 418 417 4809
f 4809 417 422
f 426 430 4797
f 4797 430 4807
f 421 4810 422
f 422 4810 4809
f 4811 4797 4807
f 4811 4798 4797
f 4812 4813 4809
f 4812 4809 4810
f 4798 4811 492
f 492 4811 543
f 492 543 493
f 4814 546 545
f 431 4808 4807
f 4807 4808 4814
f 4807 4814 4811
f 4811 4814 543
f 543 4814 545
f 418 4809 4808
f 4808 4809 4813
f 4808 4813 4814
f 4814 4813 549
f 4814 549 548
f 4814 548 546
f 542 550 549
f 542 549 4813
f 542 4813 4812
f 4815 4816 4574
f 4574 4816 4575
f 4817 4815 4574
f 4817 4574 4818
f 4818 4574 4592
f 4819 4817 4591
f 4591 4817 4818
f 4591 4818 4592
f 4587 4801 4582
f 4582 4801 4820
f 524 4819 4821
f 4821 4819 4591
f 4821 4591 4584
f 482 542 4816
f 518 524 4821
f 518 4821 4822
f 4822 4821 4584
f 4822 4584 4823
f 4823 4584 4583
f 4820 4801 484
f 484 518 4822
f 484 4822 4820
f 4820 4822 4823
f 4820 4823 4582
f 4582 4823 4583
f 541 539 482
f 526 530 533
f 526 533 541
f 541 533 534
f 541 534 536
f 529 528 526
f 526 528 527
f 523 529 524
f 524 529 526
f 541 482 4815
f 4815 482 4816
f 521 525 524
f 518 517 522
f 522 521 518
f 518 521 524
f 526 541 4817
f 4817 541 4815
f 484 520 518
f 524 526 4819
f 4819 526 4817
f 4801 485 484
f 4655 4662 4663
f 4655 4663 4827
f 4663 4665 4659
f 4827 4663 4659
f 4659 4625 4624
f 4828 4659 4624
f 4804 4655 4827
f 4804 4827 4829
f 424 4804 4824
f 4824 4804 4829
f 4824 4829 4827
f 4824 4827 4825
f 4825 4827 4824
f 4824 4827 4659
f 4824 4659 4826
f 4826 4659 4828
f 4831 4624 4612
f 4612 4624 4643
f 4624 4831 4828
f 4828 4831 4830
f 4828 4830 4826
f 4826 4830 416
f 4810 4575 4832
f 4810 421 4575
f 4832 4575 4833
f 4832 4833 4812
f 4832 4812 4810
f 4575 4816 4833
f 4833 4816 4812
f 4816 542 4812
f 4831 4612 4627
f 4831 4627 4834
f 4831 4834 4830
f 4830 4834 4835
f 4830 4835 416
f 416 4835 414
f 424 4824 4837
f 4838 4839 427
f 4840 4839 4838
f 4840 4838 4841
f 4841 406 4840
f 407 406 4841
f 416 415 4842
f 416 4842 4826
f 4826 4842 4837
f 4826 4837 4824
f 428 4838 427
f 428 429 4843
f 429 419 4844
f 4844 419 432
f 425 424 4837
f 425 4837 432
f 428 4843 4838
f 4838 4843 4845
f 4838 4845 4841
f 4841 4845 4846
f 4841 4846 407
f 407 4846 409
f 429 4844 4843
f 4843 4844 4847
f 4843 4847 4845
f 4845 4847 4846
f 4846 4847 411
f 4846 411 409
f 432 4836 4844
f 4844 4836 4848
f 4844 4848 4847
f 4847 4848 4849
f 4847 4849 411
f 411 4849 413
f 432 4837 4836
f 4836 4837 4842
f 4836 4842 4848
f 4848 4842 4849
f 4849 4842 415
f 4849 415 413
f 4590 4850 4852
f 4852 4850 427
f 427 4850 420
f 4575 4851 4576
f 4576 4851 4590
f 4851 4575 4850
f 4851 4850 4590
f 4850 4575 421
f 4850 421 420
f 4835 4834 4854
f 4854 4834 4855
f 4854 4855 383
f 383 4855 4853
f 4855 4834 4853
f 4834 4627 4853
f 4567 4566 4593
f 4859 4593 4596
f 4859 4596 4590
f 406 4857 4840
f 4840 4860 4567
f 4840 4567 4859
f 4840 4859 4839
f 4839 4859 4858
f 4858 4859 4839
f 4839 4859 4861
f 4839 4861 4852
f 4839 4852 427
f 4856 4579 4562
f 4856 4562 4564
f 4859 4567 4593
f 4564 4565 4567
f 4860 4564 4567
f 4857 4856 4564
f 4857 4564 4840
f 4840 4564 4860
f 4859 4590 4861
f 4861 4590 4852
f 330 329 4862
f 330 4862 4863
f 4863 4862 4864
f 4864 4862 4865
f 4864 4631 4630
f 4864 4865 4631
f 4631 4865 4615
f 4631 4615 4614
f 4615 4865 4862
f 4615 4862 4866
f 4866 4862 335
f 335 4862 329
f 4626 4628 4867
f 4626 4867 4868
f 4868 4867 4869
f 4868 4869 4870
f 4870 4869 349
f 349 4869 350
f 4627 4626 4853
f 4853 4626 4871
f 4853 4871 383
f 383 4871 384
f 410 412 4873
f 4874 4875 405
f 4835 4873 414
f 414 4873 412
f 405 408 4874
f 4874 408 4876
f 4874 4877 4875
f 408 410 4876
f 4876 410 4873
f 4873 4835 4854
f 4874 4876 4879
f 4879 4876 4873
f 4879 4873 4872
f 4872 4873 4854
f 4877 4874 4878
f 4878 4874 4879
f 4879 4872 386
f 392 4877 390
f 390 4877 4878
f 390 4878 388
f 4872 4854 386
f 386 4854 383
f 4878 4879 388
f 388 4879 386
f 4577 4579 4856
f 4577 4856 4880
f 4880 4856 4857
f 4880 4857 4875
f 4875 4857 406
f 4875 406 405
f 4881 4630 300
f 300 4630 299
f 4881 4864 4630
f 337 4863 4881
f 4881 4863 4864
f 331 330 337
f 337 330 4863
f 346 4882 348
f 4883 4882 346
f 4883 4884 4882
f 4884 4883 4598
f 298 297 4598
f 298 4598 4883
f 348 347 346
f 345 343 346
f 346 343 4885
f 346 4885 4883
f 4883 4885 301
f 4883 301 298
f 342 340 343
f 343 340 4886
f 343 4886 4885
f 4885 4886 302
f 4885 302 301
f 339 337 340
f 340 337 4881
f 340 4881 4886
f 4886 4881 300
f 4886 300 302
f 4867 4628 4629
f 4867 4629 4611
f 4617 4616 4641
f 4617 4641 4890
f 4890 4641 4642
f 4890 4642 4615
f 4891 4611 4617
f 4887 4891 4890
f 4887 4890 4888
f 4888 4890 4889
f 4889 4890 4888
f 4888 4890 4866
f 4888 4866 335
f 4611 4613 4617
f 4869 4867 350
f 350 4867 4611
f 350 4611 4891
f 350 4891 4887
f 4891 4617 4890
f 4890 4615 4866
f 4868 4870 4893
f 4893 4892 4871
f 4892 384 4871
f 4893 4871 4626
f 4870 4892 4893
f 4868 4893 4626
f 4894 4577 4880
f 4895 4894 4880
f 392 4894 4877
f 4877 4894 4895
f 4877 4895 4875
f 4880 4875 4895
f 4598 4599 4884
f 4896 4884 4897
f 4896 4882 4884
f 4896 348 4882
f 348 4896 332
f 332 4896 4898
f 332 4898 333
f 4600 4897 4599
f 4599 4897 4884
f 4600 4604 4897
f 4897 4604 4896
f 4896 4604 4898
f 360 359 4903
f 360 4903 4904
f 4904 4903 4902
f 4904 4902 4901
f 333 4902 334
f 333 4901 4902
f 4905 4888 335
f 4905 335 336
f 4888 4905 4900
f 4888 4900 4887
f 4900 350 4887
f 350 4900 351
f 336 338 4906
f 336 4906 4907
f 336 4907 4905
f 4905 4907 4908
f 4905 4908 4900
f 4900 4908 4909
f 4900 4909 351
f 351 4909 353
f 338 341 4906
f 4906 341 4910
f 4906 4910 4907
f 4907 4910 4911
f 4907 4911 4908
f 4908 4911 4909
f 4909 4911 355
f 4909 355 353
f 344 4899 341
f 341 4899 4912
f 341 4912 4910
f 4910 4912 4913
f 4910 4913 4911
f 4911 4913 4914
f 4911 4914 355
f 355 4914 357
f 344 334 4899
f 4899 334 4902
f 4899 4902 4912
f 4912 4902 4903
f 4912 4903 4913
f 4913 4903 4914
f 4914 4903 359
f 4914 359 357
f 4915 4916 391
f 356 358 4917
f 4918 4870 349
f 352 354 4919
f 4919 354 4920
f 4918 4892 4870
f 349 352 4918
f 4918 352 4919
f 4918 4919 4921
f 4921 4919 4920
f 4921 4920 4915
f 354 356 4920
f 4920 356 4917
f 4917 4916 4920
f 4920 4916 4915
f 4892 4918 4922
f 4922 4918 4921
f 384 4892 385
f 385 4892 4922
f 385 4922 387
f 387 4922 4921
f 387 4921 389
f 4921 4915 389
f 389 4915 391
f 392 391 4894
f 4894 391 4923
f 4894 4923 4577
f 4577 4923 4578
f 4901 333 4898
f 4925 4901 4898
f 4925 4898 4604
f 4924 4901 4925
f 4608 4925 4604
f 4608 4604 4605
f 4901 4924 4925
f 4602 4925 4610
f 4610 4925 4608
f 4904 4901 4926
f 4926 4901 4925
f 4926 4925 4602
f 4926 4602 4585
f 4585 4602 4581
f 4928 360 4927
f 4927 4585 4563
f 4563 4585 4597
f 4585 4927 4926
f 4926 4927 360
f 4926 360 4904
f 4929 4578 4930
f 4930 4578 4923
f 4930 4923 391
f 4916 4917 4929
f 4930 4916 4929
f 4916 4930 391
f 4927 4563 4578
f 4927 4578 4929
f 4927 4929 4928
f 4928 4929 4917
f 4928 4917 360
f 4917 358 360
