# Staunton knight, MIT license, source: github.com/clarkerubber/Staunton-Pieces
o knight
v -0.084188 0.964967 0.082367
v -0.090788 0.930029 0.100720
v -0.091814 0.930689 0.100376
v 0.084918 0.965392 0.082142
v 0.091971 0.929951 0.100761
v 0.090788 0.930029 0.100720
v 0.101762 0.541231 0.051322
v 0.107837 0.534763 0.038448
v 0.109915 0.545007 0.058831
v -0.028644 0.570811 0.109963
v -0.015857 0.572262 0.112833
v -0.112644 0.578123 0.124410
v -0.063696 0.562852 0.094220
v -0.051809 0.566562 0.101562
v -0.009643 0.572442 0.113189
v 0.002781 0.572803 0.113901
v 0.112644 0.578123 0.124410
v 0.009625 0.572435 0.113173
v 0.021364 0.571804 0.111927
v 0.028615 0.570789 0.109922
v 0.039524 0.569264 0.106906
v -0.046835 0.567584 0.103581
v -0.034184 0.570182 0.108720
v 0.046791 0.567555 0.103526
v 0.056858 0.565189 0.098844
v 0.063639 0.562826 0.094167
v -0.112502 0.571930 0.112175
v -0.078743 0.556754 0.082141
v -0.068290 0.561420 0.091383
v -0.111596 0.557840 0.084295
v -0.091545 0.549469 0.067692
v -0.083117 0.554804 0.078276
v 0.072903 0.559600 0.087780
v 0.078686 0.556738 0.082110
v 0.112305 0.567422 0.103263
v 0.087131 0.552563 0.073832
v 0.111412 0.556017 0.080680
v 0.091511 0.549469 0.067693
v 0.098968 0.544210 0.057248
v -0.107837 0.534763 0.038448
v -0.105538 0.537674 0.044246
v -0.109891 0.544860 0.058540
v -0.101741 0.541212 0.051287
v -0.095728 0.546824 0.062441
v 0.018962 0.458990 -0.114511
v 0.000000 0.458220 -0.116089
v 0.044521 0.458220 -0.116089
v 0.051082 0.461765 -0.108825
v 0.057927 0.465889 -0.100390
v 0.055252 0.465147 -0.101907
v 0.038610 0.461535 -0.109295
v 0.037522 0.461300 -0.109779
v 0.031515 0.921154 -0.231308
v 0.031402 0.920783 -0.231147
v 0.026299 0.917608 -0.230211
v 0.028784 0.916486 -0.230045
v 0.026309 0.919230 -0.230600
v 0.030357 0.918520 -0.230391
v 0.026633 0.920783 -0.231146
v 0.030782 0.922982 -0.232344
v 0.031522 0.923519 -0.232734
v -0.031700 0.923519 -0.232734
v -0.030201 0.922593 -0.232088
v -0.031515 0.921154 -0.231308
v -0.026622 0.920782 -0.231147
v -0.026318 0.920652 -0.231088
v -0.030763 0.919236 -0.230585
v -0.028245 0.915942 -0.230000
v -0.026299 0.917608 -0.230211
v -0.009733 0.905527 -0.232142
v 0.010729 0.905982 -0.232026
v 0.018187 0.910841 -0.230593
v 0.012981 0.907071 -0.231740
v -0.014447 0.907918 -0.231495
v -0.018973 0.910872 -0.230583
v -0.016078 0.910786 -0.230611
v 0.016078 0.910786 -0.230611
v 0.002129 0.902425 -0.232901
v 0.000000 0.901879 -0.233012
v -0.004930 0.903493 -0.232656
v 0.006729 0.904046 -0.232537
v -0.007116 0.904207 -0.232498
v 0.025515 0.969408 -0.222501
v 0.015021 0.966893 -0.220414
v 0.022626 0.957342 -0.212519
v 0.021409 0.957246 -0.212440
v 0.027558 0.960411 -0.215052
v 0.027901 0.966893 -0.220414
v 0.028350 0.965846 -0.219547
v 0.028600 0.964742 -0.218634
v 0.026825 0.959503 -0.214302
v 0.017903 0.958091 -0.213136
v 0.016017 0.959503 -0.214302
v 0.015294 0.960411 -0.215052
v 0.014395 0.962496 -0.216775
v 0.024450 0.969959 -0.222958
v 0.015666 0.967853 -0.221211
v 0.028115 0.961419 -0.215884
v 0.019660 0.970334 -0.223269
v 0.023298 0.970334 -0.223269
v 0.017432 0.969408 -0.222501
v 0.017010 0.912403 -0.230202
v 0.016986 0.914089 -0.229994
v 0.020527 0.911439 -0.230412
v 0.021660 0.913879 -0.229977
v 0.023904 0.918802 -0.230418
v 0.018011 0.918914 -0.230461
v 0.016112 0.919543 -0.230680
v 0.016084 0.912374 -0.230215
v 0.016091 0.914039 -0.230011
v -0.027212 0.959943 -0.214665
v -0.027859 0.960904 -0.215459
v -0.015321 0.967386 -0.220823
v -0.014405 0.965299 -0.219095
v -0.014245 0.964180 -0.218168
v -0.015635 0.959943 -0.214665
v -0.028322 0.961951 -0.216324
v -0.028587 0.963053 -0.217236
v -0.028500 0.965299 -0.219095
v -0.027606 0.967386 -0.220823
v -0.024995 0.969705 -0.222746
v -0.017384 0.958387 -0.213381
v -0.020799 0.957271 -0.212460
v -0.023883 0.970169 -0.223132
v -0.016939 0.969073 -0.222222
v -0.017956 0.969705 -0.222746
v -0.014546 0.961951 -0.216324
v -0.023224 0.957461 -0.212618
v -0.016084 0.912374 -0.230215
v -0.022285 0.912218 -0.230249
v -0.023238 0.913921 -0.229984
v -0.019525 0.912364 -0.230196
v -0.017235 0.920367 -0.230952
v -0.020698 0.918544 -0.230316
v -0.016091 0.914039 -0.230011
v -0.017319 0.914052 -0.229994
v -0.016110 0.919114 -0.230570
v 0.030004 0.909384 -0.228411
v 0.027450 0.906332 -0.228746
v 0.026130 0.908918 -0.229846
v 0.020304 0.907669 -0.231081
v 0.021963 0.902594 -0.230073
v 0.021239 0.909950 -0.230699
v 0.028686 0.904350 -0.226968
v 0.024477 0.900793 -0.227918
v 0.023180 0.905161 -0.230229
v 0.031363 0.907332 -0.226473
v 0.033782 0.910855 -0.226232
v 0.033084 0.911487 -0.227269
v 0.031955 0.913920 -0.228899
v 0.035851 0.914946 -0.226431
v 0.031931 0.918768 -0.230350
v 0.035238 0.922179 -0.230884
v 0.035309 0.922988 -0.231339
v 0.036384 0.923431 -0.230861
v 0.035204 0.917954 -0.228703
v 0.037367 0.919380 -0.227311
v 0.074696 1.036304 0.013406
v 0.051066 1.004073 -0.017642
v 0.052902 1.004887 -0.016864
v 0.058672 1.008131 -0.013760
v 0.058285 1.007872 -0.014008
v 0.059596 1.008750 -0.013167
v 0.055653 1.006296 -0.015516
v 0.062713 1.011625 -0.010412
v 0.065182 1.014265 -0.007877
v 0.066499 1.014922 -0.007247
v 0.070864 1.020658 -0.001728
v 0.068261 1.016831 -0.005411
v 0.074167 1.029574 0.006882
v 0.073467 1.026539 0.003947
v 0.070776 1.024050 0.001544
v 0.069833 1.021499 -0.000917
v 0.073138 1.025493 0.002938
v 0.074644 1.036053 0.013162
v 0.074571 1.031835 0.009071
v 0.049047 1.003266 -0.018404
v 0.067517 1.018148 -0.005841
v 0.046852 1.002792 -0.019549
v 0.048152 1.004459 -0.021302
v 0.044059 1.002373 -0.021015
v 0.043259 1.003335 -0.023872
v 0.038120 1.001764 -0.023272
v 0.055420 1.008096 -0.018006
v 0.058673 1.011379 -0.017337
v 0.054046 1.007821 -0.019582
v 0.052294 1.007289 -0.021237
v 0.056134 1.010767 -0.020957
v 0.065415 1.016420 -0.009604
v 0.062554 1.014485 -0.013810
v 0.062289 1.014758 -0.014664
v 0.064719 1.018601 -0.013474
v 0.060720 1.015100 -0.018416
v 0.063491 1.019410 -0.017547
v 0.057024 1.013687 -0.024303
v 0.060702 1.018743 -0.023976
v 0.069144 1.021861 -0.003777
v 0.069007 1.023664 -0.005702
v 0.067171 1.021397 -0.009682
v 0.068582 1.026434 -0.009571
v 0.066350 1.023513 -0.014253
v 0.067675 1.029026 -0.015306
v 0.065183 1.024408 -0.018898
v 0.067189 1.029747 -0.017843
v 0.063768 1.024416 -0.023420
v 0.066149 1.030569 -0.022648
v 0.033582 1.001823 -0.024572
v 0.038157 1.002448 -0.025322
v 0.042658 1.003867 -0.025934
v 0.044831 1.004961 -0.026167
v 0.050089 1.008244 -0.026628
v 0.051118 1.008972 -0.026704
v 0.054924 1.012564 -0.026848
v 0.058355 1.016765 -0.026824
v 0.059101 1.017947 -0.026776
v 0.061345 1.021497 -0.026634
v 0.063841 1.026673 -0.026280
v 0.065793 1.032198 -0.025769
v 0.070325 1.026363 -0.002281
v 0.070242 1.027335 -0.003366
v 0.069979 1.029626 -0.006234
v 0.069667 1.031525 -0.009051
v 0.069366 1.032912 -0.011448
v 0.069018 1.034175 -0.013967
v 0.067783 1.037059 -0.021677
v 0.067165 1.037970 -0.025108
v 0.037404 0.884140 -0.198709
v 0.036420 0.882624 -0.198721
v 0.040449 0.889522 -0.198613
v 0.043323 0.896878 -0.198338
v 0.045576 0.907382 -0.197799
v 0.031829 0.877968 -0.199798
v 0.032220 0.878143 -0.199422
v 0.031074 0.876954 -0.199340
v 0.033690 0.879177 -0.198695
v 0.025696 0.873594 -0.202286
v 0.026004 0.873681 -0.202045
v 0.037270 0.888549 -0.206617
v 0.039041 0.891834 -0.206405
v 0.039571 0.894214 -0.207180
v 0.041672 0.898767 -0.205892
v 0.042387 0.899998 -0.204734
v 0.043220 0.901431 -0.203386
v 0.037680 0.890824 -0.207701
v 0.036324 0.888400 -0.207597
v 0.035305 0.885571 -0.206641
v 0.034666 0.885275 -0.207005
v 0.019977 0.869989 -0.199216
v 0.018361 0.869204 -0.197787
v 0.024065 0.871523 -0.198240
v 0.022349 0.870539 -0.198128
v 0.022400 0.871106 -0.199831
v 0.027669 0.873588 -0.198476
v 0.039359 0.887192 -0.198680
v 0.039376 0.895942 -0.208560
v 0.038473 0.888517 -0.203184
v 0.035154 0.882917 -0.202655
v 0.034497 0.882247 -0.203590
v 0.033297 0.880396 -0.202304
v 0.042335 0.897987 -0.203475
v 0.041201 0.894701 -0.203450
v 0.029680 0.877080 -0.203674
v 0.030800 0.879633 -0.205540
v 0.030729 0.877646 -0.202658
v 0.026122 0.874710 -0.203592
v 0.012466 0.868273 -0.197196
v 0.015296 0.868668 -0.197619
v 0.044178 0.899646 -0.198210
v 0.042144 0.894857 -0.199633
v 0.038686 0.887704 -0.200247
v 0.040294 0.890940 -0.200277
v 0.036914 0.884649 -0.200171
v 0.038259 0.894613 -0.209535
v 0.015725 0.895876 -0.229678
v 0.015482 0.897282 -0.230556
v 0.012158 0.894514 -0.230107
v 0.008562 0.893138 -0.230541
v 0.008388 0.894499 -0.231350
v 0.002963 0.891776 -0.230952
v 0.000461 0.896719 -0.233051
v 0.002711 0.897676 -0.233061
v 0.000770 0.892680 -0.231771
v 0.007654 0.899196 -0.232783
v 0.015175 0.898821 -0.231262
v -0.074717 1.036291 0.013392
v -0.048224 1.002975 -0.018690
v -0.051192 1.004120 -0.017597
v -0.052626 1.004757 -0.016988
v -0.069117 1.020169 -0.002200
v -0.071279 1.021393 -0.001019
v -0.065509 1.014495 -0.007657
v -0.058789 1.008224 -0.013671
v -0.057376 1.007426 -0.014435
v -0.073391 1.026220 0.003640
v -0.073491 1.026537 0.003945
v -0.074605 1.031837 0.009073
v -0.074644 1.036053 0.013162
v -0.066709 1.016194 -0.006024
v -0.063752 1.012159 -0.009899
v -0.061379 1.010348 -0.011637
v -0.055637 1.006317 -0.015497
v -0.046957 1.006192 -0.026368
v -0.048199 1.005890 -0.024250
v -0.051075 1.009054 -0.026684
v -0.050115 1.008178 -0.026643
v -0.052823 1.009369 -0.024395
v -0.058301 1.016835 -0.026803
v -0.054924 1.012564 -0.026848
v -0.057024 1.013687 -0.024303
v -0.061252 1.021582 -0.026603
v -0.059146 1.017901 -0.026792
v -0.060702 1.018743 -0.023976
v -0.067517 1.018148 -0.005841
v -0.046927 1.002802 -0.019502
v -0.069144 1.021861 -0.003777
v -0.070325 1.026363 -0.002281
v -0.070242 1.027335 -0.003366
v -0.069007 1.023664 -0.005702
v -0.069979 1.029626 -0.006234
v -0.068582 1.026434 -0.009571
v -0.069667 1.031525 -0.009051
v -0.069366 1.032912 -0.011448
v -0.069018 1.034175 -0.013967
v -0.067675 1.029026 -0.015306
v -0.067190 1.029747 -0.017843
v -0.067783 1.037059 -0.021677
v -0.066149 1.030569 -0.022648
v -0.043259 1.003335 -0.023872
v -0.038120 1.001764 -0.023272
v -0.043783 1.002331 -0.021152
v -0.067165 1.037970 -0.025108
v -0.065718 1.032224 -0.025751
v -0.065359 1.030789 -0.025910
v -0.067171 1.021397 -0.009682
v -0.066350 1.023513 -0.014253
v -0.065183 1.024408 -0.018898
v -0.063768 1.024416 -0.023420
v -0.062657 1.024035 -0.026477
v -0.065415 1.016420 -0.009604
v -0.064719 1.018601 -0.013474
v -0.063491 1.019410 -0.017547
v -0.062554 1.014485 -0.013810
v -0.062289 1.014758 -0.014664
v -0.060720 1.015100 -0.018416
v -0.058673 1.011379 -0.017337
v -0.057555 1.011217 -0.019098
v -0.056134 1.010767 -0.020957
v -0.054046 1.007821 -0.019582
v -0.042630 1.004013 -0.025907
v -0.039292 1.002729 -0.025489
v -0.034702 1.001809 -0.024251
v -0.033582 1.001823 -0.024572
v -0.023215 0.870941 -0.198200
v -0.024076 0.871467 -0.198254
v -0.022397 0.871104 -0.199835
v -0.032913 0.879188 -0.199908
v -0.031469 0.877779 -0.200190
v -0.032212 0.878138 -0.199435
v -0.033321 0.879392 -0.199508
v -0.015004 0.868571 -0.197897
v -0.012466 0.868273 -0.197196
v -0.037404 0.884000 -0.198802
v -0.036323 0.882492 -0.198859
v -0.031144 0.880224 -0.205682
v -0.030736 0.879693 -0.205518
v -0.017156 0.869474 -0.199477
v -0.017088 0.869143 -0.198923
v -0.037267 0.888548 -0.206620
v -0.037434 0.890272 -0.207637
v -0.036338 0.888402 -0.207591
v -0.038840 0.894387 -0.208416
v -0.039568 0.894212 -0.207183
v -0.015772 0.868915 -0.198821
v -0.027035 0.874108 -0.200958
v -0.029222 0.875975 -0.201456
v -0.029246 0.876925 -0.203972
v -0.025354 0.873521 -0.202511
v -0.042328 0.897978 -0.203487
v -0.041193 0.894693 -0.203463
v -0.039905 0.891534 -0.203363
v -0.037750 0.887577 -0.204286
v -0.038751 0.889958 -0.205082
v -0.034546 0.885348 -0.206983
v -0.041757 0.899036 -0.205642
v -0.042494 0.899994 -0.204738
v -0.043207 0.901417 -0.203402
v -0.038466 0.888510 -0.203195
v -0.038817 0.886455 -0.198701
v -0.034985 0.881807 -0.200069
v -0.040146 0.888790 -0.198731
v -0.037809 0.886141 -0.200231
v -0.043084 0.895881 -0.198438
v -0.042135 0.894843 -0.199654
v -0.043346 0.898409 -0.199554
v -0.044795 0.903969 -0.199318
v -0.038676 0.887695 -0.200265
v -0.029407 0.875013 -0.198617
v -0.025202 0.873936 -0.203189
v -0.038168 0.894848 -0.209835
v -0.005191 0.902029 -0.232927
v -0.006410 0.893686 -0.231388
v -0.011659 0.896797 -0.231522
v -0.002963 0.891776 -0.230952
v -0.006525 0.892627 -0.230681
v -0.010792 0.901170 -0.232560
v -0.005653 0.899182 -0.232978
v -0.020673 0.906646 -0.231018
v -0.022662 0.899594 -0.228348
v -0.019823 0.899249 -0.229705
v -0.019522 0.900584 -0.230389
v -0.017204 0.897860 -0.230172
v -0.013858 0.895154 -0.229909
v -0.015573 0.895809 -0.229702
v -0.017376 0.896772 -0.229358
v -0.016218 0.902126 -0.231731
v -0.024602 0.911597 -0.230213
v -0.020588 0.909683 -0.230801
v -0.023753 0.903633 -0.229631
v -0.027454 0.906335 -0.228745
v -0.029078 0.904787 -0.226896
v -0.024191 0.902168 -0.228854
v -0.030743 0.908298 -0.227522
v -0.031363 0.907332 -0.226473
v -0.033782 0.910855 -0.226232
v -0.033084 0.911487 -0.227269
v -0.034937 0.913045 -0.226303
v -0.035080 0.915196 -0.227426
v -0.031931 0.918768 -0.230350
v -0.035851 0.914946 -0.226431
v -0.035643 0.916534 -0.227612
v -0.037367 0.919380 -0.227311
v -0.036542 0.919210 -0.228214
v -0.038137 0.923546 -0.228955
v -0.037324 0.925878 -0.231584
v -0.010941 0.923519 -0.232734
v 0.010941 0.923519 -0.232734
v 0.012253 0.922593 -0.232088
v -0.012942 0.922183 -0.231854
v 0.012970 0.922180 -0.231858
v -0.013312 0.921949 -0.231710
v 0.028682 0.953665 -0.214326
v 0.029334 0.954239 -0.214799
v 0.029188 0.928840 -0.232300
v 0.031225 0.933157 -0.234204
v 0.031979 0.961120 -0.220483
v 0.031833 0.937973 -0.236377
v 0.031840 0.937579 -0.236115
v 0.031775 0.936275 -0.235410
v 0.031332 0.940515 -0.238645
v 0.031253 0.964342 -0.223151
v 0.031765 0.962761 -0.221840
v 0.030205 0.942665 -0.240538
v 0.030310 0.942490 -0.240413
v 0.028114 0.968293 -0.226429
v 0.028810 0.967773 -0.225996
v 0.025002 0.969900 -0.227765
v 0.024875 0.948529 -0.242454
v 0.026500 0.947371 -0.242222
v 0.023267 0.970318 -0.228111
v 0.023152 0.949314 -0.242577
v 0.019690 0.970318 -0.228111
v 0.019057 0.949143 -0.242553
v 0.014823 0.968293 -0.226429
v 0.015482 0.946718 -0.242067
v 0.011979 0.965113 -0.223789
v 0.012156 0.941907 -0.240359
v 0.013523 0.967149 -0.225479
v 0.014121 0.967773 -0.225996
v 0.010920 0.961949 -0.221169
v 0.010937 0.937966 -0.238371
v 0.011112 0.962761 -0.221840
v 0.010910 0.934019 -0.235962
v 0.012389 0.955574 -0.215900
v 0.012094 0.930579 -0.233586
v 0.011325 0.957850 -0.217779
v 0.017041 0.951819 -0.212804
v 0.015887 0.926472 -0.230921
v 0.016225 0.952161 -0.213086
v 0.015484 0.952626 -0.213469
v 0.014449 0.927695 -0.231529
v 0.013999 0.928151 -0.231831
v 0.013452 0.954239 -0.214799
v 0.018512 0.924994 -0.230374
v 0.022269 0.950989 -0.212121
v 0.022045 0.924569 -0.230204
v 0.027285 0.952626 -0.213469
v 0.027250 0.926979 -0.231150
v 0.026538 0.952161 -0.213086
v -0.031294 0.940611 -0.238741
v -0.031288 0.964356 -0.223162
v -0.016925 0.925789 -0.230661
v -0.017025 0.951787 -0.212778
v -0.014071 0.953640 -0.214305
v -0.013984 0.928151 -0.231810
v -0.015250 0.926979 -0.231150
v -0.011666 0.931440 -0.234202
v -0.011952 0.956300 -0.216498
v -0.011288 0.957840 -0.217771
v -0.011060 0.933259 -0.235458
v -0.010913 0.959462 -0.219112
v -0.010871 0.934488 -0.236261
v -0.011102 0.938821 -0.238841
v -0.011075 0.962768 -0.221846
v -0.011606 0.964356 -0.223162
v -0.011736 0.940906 -0.239900
v -0.012626 0.942853 -0.240764
v -0.013495 0.967172 -0.225498
v -0.013439 0.944168 -0.241262
v -0.014799 0.968321 -0.226452
v -0.018380 0.948849 -0.242510
v -0.017939 0.969934 -0.227792
v -0.016503 0.947636 -0.242284
v -0.021480 0.970493 -0.228257
v -0.021368 0.949582 -0.242610
v -0.025016 0.969934 -0.227792
v -0.024427 0.948809 -0.242503
v -0.028138 0.968321 -0.226452
v -0.027141 0.946800 -0.242088
v -0.028488 0.945273 -0.241650
v -0.030657 0.941898 -0.239961
v -0.032017 0.961122 -0.220484
v -0.031828 0.938107 -0.236468
v -0.031802 0.962768 -0.221846
v -0.031737 0.935941 -0.235264
v -0.031827 0.937035 -0.235796
v -0.030647 0.931443 -0.233580
v -0.030855 0.956300 -0.216498
v -0.031303 0.933465 -0.234311
v -0.028709 0.953640 -0.214305
v -0.028058 0.927695 -0.231529
v -0.027305 0.952598 -0.213445
v -0.027114 0.926900 -0.231133
v -0.025735 0.951787 -0.212778
v -0.024041 0.951234 -0.212323
v -0.023967 0.924994 -0.230374
v 0.035871 1.320000 -0.021976
v 0.040977 1.320000 -0.021181
v 0.041197 1.320000 -0.033117
v 0.035871 1.320000 -0.033117
v 0.041197 1.320000 -0.021994
v 0.036419 1.320000 -0.020785
v 0.000000 1.269511 -0.047839
v 0.000000 1.269511 0.020817
v 0.000225 1.270050 0.017431
v 0.000789 1.271396 0.013765
v 0.001244 1.272465 0.011989
v 0.007487 1.286034 -0.046119
v 0.004024 1.278809 0.007309
v 0.010546 1.292145 -0.000982
v 0.013147 1.296599 -0.004020
v 0.013127 1.296705 -0.044277
v 0.009198 1.289570 -0.045650
v 0.004548 1.279961 -0.046921
v 0.019212 1.306272 -0.041729
v 0.016244 1.301725 -0.043006
v 0.018752 1.305632 -0.010357
v 0.016347 1.302081 -0.007760
v 0.021849 1.309541 -0.040399
v 0.021849 1.309480 -0.013358
v 0.023997 1.312150 -0.015440
v 0.026462 1.314532 -0.037938
v 0.023645 1.311767 -0.039494
v 0.030171 1.317441 -0.035845
v 0.029501 1.316946 -0.036225
v 0.028592 1.316383 -0.018984
v 0.026486 1.314443 -0.017360
v 0.027158 1.315216 -0.037555
v 0.030163 1.317461 -0.019902
v 0.033699 1.319339 -0.033981
v -0.033490 1.319255 -0.021401
v -0.033702 1.319340 -0.033980
v -0.034724 1.319697 -0.021748
v -0.035871 1.320000 -0.033117
v -0.035871 1.320000 -0.021976
v -0.032789 1.318865 -0.034461
v -0.026157 1.314230 -0.038113
v -0.029496 1.316946 -0.036223
v -0.021461 1.309214 -0.040630
v -0.022723 1.310726 -0.014291
v -0.020701 1.308043 -0.012246
v -0.018884 1.305630 -0.010407
v -0.027503 1.315509 -0.018240
v -0.026171 1.314178 -0.017141
v -0.025535 1.313726 -0.038464
v -0.021975 1.309783 -0.040357
v -0.017291 1.303516 -0.008796
v -0.016184 1.301823 -0.043083
v -0.018915 1.305648 -0.041814
v -0.010793 1.292606 -0.045134
v -0.009286 1.289508 0.000643
v -0.013874 1.298076 -0.004950
v -0.007483 1.286040 -0.046124
v -0.007387 1.285961 0.002957
v -0.008369 1.287940 -0.045902
v -0.002385 1.275118 -0.047398
v -0.041197 1.320000 -0.033117
v -0.041197 1.320000 -0.021994
v -0.040448 1.320000 -0.020623
v 0.108647 0.857786 0.137840
v 0.107042 0.864913 0.134217
v 0.102643 0.862309 0.135541
v 0.103824 0.857441 0.138016
v 0.104706 0.863261 0.135057
v 0.106038 0.857827 0.137819
v 0.101017 0.859622 0.136906
v 0.092130 0.873176 0.142531
v 0.092820 0.904005 0.175210
v 0.105006 0.859024 0.156826
v 0.106152 0.854710 0.151876
v 0.096722 0.898502 0.160616
v 0.096211 0.878722 0.139716
v 0.098290 0.889481 0.149273
v 0.097860 0.879877 0.139129
v 0.099045 0.885133 0.143825
v 0.103134 0.863854 0.162122
v 0.102135 0.854392 0.152037
v 0.102375 0.865526 0.163816
v 0.100364 0.869684 0.167562
v 0.100046 0.854789 0.151835
v 0.098454 0.873668 0.170512
v 0.096226 0.856724 0.150859
v 0.096682 0.877619 0.172943
v 0.095195 0.881274 0.174767
v 0.093786 0.885536 0.176332
v 0.093250 0.859966 0.149221
v 0.092759 0.889449 0.177389
v 0.092193 0.861966 0.148209
v 0.091088 0.868704 0.144799
v 0.091683 0.897733 0.178151
v 0.092104 0.902343 0.176909
v 0.091096 0.868759 0.144771
v 0.093847 0.904542 0.172549
v 0.093152 0.875217 0.141495
v 0.094463 0.904237 0.170735
v 0.094476 0.877048 0.140566
v 0.096006 0.901474 0.164877
v 0.090708 0.892148 0.120303
v 0.090589 0.893948 0.119379
v 0.093271 0.893364 0.119679
v 0.095421 0.894926 0.118876
v 0.097960 0.896186 0.118229
v 0.089803 0.892730 0.120004
v 0.089957 0.893613 0.119551
v 0.089048 0.926081 0.133997
v 0.088818 0.915579 0.122738
v 0.090731 0.915814 0.122618
v 0.093166 0.909547 0.158451
v 0.092716 0.888877 0.136403
v 0.095026 0.899215 0.146325
v 0.094603 0.889389 0.136142
v 0.091135 0.916412 0.166108
v 0.092106 0.913853 0.163342
v 0.088379 0.888857 0.136412
v 0.089060 0.921325 0.171108
v 0.087138 0.925310 0.174568
v 0.085120 0.929558 0.177474
v 0.086149 0.889500 0.136085
v 0.083419 0.933530 0.179600
v 0.082561 0.891795 0.134915
v 0.082540 0.935687 0.180635
v 0.081044 0.893460 0.134067
v 0.081751 0.937927 0.181485
v 0.080116 0.943881 0.183086
v 0.079873 0.945265 0.183286
v 0.078926 0.897529 0.131990
v 0.079351 0.948937 0.183666
v 0.078394 0.899798 0.130830
v 0.078233 0.902126 0.129639
v 0.078446 0.904457 0.128446
v 0.079264 0.953811 0.183373
v 0.080405 0.958126 0.181031
v 0.080218 0.957809 0.181414
v 0.082263 0.958749 0.176687
v 0.081959 0.958927 0.177504
v 0.080020 0.908959 0.126139
v 0.083779 0.956719 0.171799
v 0.083411 0.957564 0.173267
v 0.085448 0.949608 0.161944
v 0.085081 0.952063 0.164949
v 0.084326 0.955466 0.169623
v 0.084516 0.913854 0.123626
v 0.087188 0.937890 0.147659
v 0.087487 0.935875 0.145211
v 0.088529 0.929234 0.137504
v 0.095799 0.894813 0.141171
v 0.080398 0.928200 0.101673
v 0.080331 0.926389 0.102616
v 0.079600 0.927616 0.101977
v 0.081263 0.967545 0.167120
v 0.081986 0.923018 0.118906
v 0.073683 0.924937 0.117915
v 0.074298 0.983829 0.181154
v 0.076468 0.979155 0.178120
v 0.077666 0.923196 0.118814
v 0.078577 0.974639 0.174360
v 0.078820 0.974075 0.173819
v 0.070502 0.928037 0.116314
v 0.071490 0.990963 0.184265
v 0.071966 0.926337 0.117193
v 0.073157 0.986574 0.182479
v 0.069195 1.001704 0.186094
v 0.069330 1.000178 0.186057
v 0.068500 0.932133 0.114194
v 0.069920 0.996688 0.185654
v 0.068021 0.934405 0.113017
v 0.068180 0.939066 0.110597
v 0.069223 1.006918 0.185638
v 0.068816 0.941315 0.109427
v 0.070516 1.011096 0.183424
v 0.071981 1.012157 0.180699
v 0.069870 0.943525 0.108278
v 0.070757 1.011415 0.183004
v 0.074003 1.010940 0.175859
v 0.073227 1.011764 0.177934
v 0.075784 1.006422 0.168748
v 0.075052 1.008997 0.172372
v 0.072836 0.947066 0.106433
v 0.076172 1.003981 0.165669
v 0.074697 0.948379 0.105748
v 0.077571 0.991391 0.150842
v 0.076520 0.949269 0.105283
v 0.079411 0.975854 0.132982
v 0.078816 0.980385 0.138027
v 0.078484 0.983108 0.141138
v 0.081002 0.963691 0.119494
v 0.080827 0.950071 0.104864
v 0.081331 0.961426 0.117106
v 0.088003 0.925679 0.117532
v 0.086376 0.924584 0.118098
v 0.086566 0.934754 0.128899
v 0.084830 0.945853 0.142439
v 0.085854 0.939243 0.134539
v 0.082317 0.962704 0.161745
v 0.082920 0.958673 0.157113
v 0.073038 0.961851 0.084017
v 0.073164 0.961775 0.084056
v 0.073719 0.963489 0.083149
v 0.072704 0.962345 0.083756
v 0.072756 0.962199 0.083833
v 0.075244 0.958378 0.100517
v 0.076015 0.999071 0.144520
v 0.074297 1.014700 0.161992
v 0.072552 0.958239 0.100590
v 0.073475 1.019382 0.167077
v 0.072170 1.023516 0.171300
v 0.065366 0.961402 0.098930
v 0.067203 1.034953 0.180143
v 0.066416 0.960493 0.099408
v 0.069474 1.029974 0.176949
v 0.070182 1.028357 0.175599
v 0.071400 1.025575 0.173279
v 0.062670 0.964838 0.097124
v 0.064122 1.042902 0.183215
v 0.064829 1.040804 0.182623
v 0.064724 0.961958 0.098638
v 0.066596 1.036396 0.180808
v 0.061401 0.967898 0.095513
v 0.062825 1.047922 0.184067
v 0.062971 1.047252 0.183988
v 0.060974 0.971296 0.093721
v 0.062180 1.053597 0.184083
v 0.062664 1.058592 0.182932
v 0.061302 0.974862 0.091838
v 0.061595 0.975776 0.091355
v 0.062019 0.977093 0.090658
v 0.063549 1.060887 0.181538
v 0.063282 1.060375 0.181950
v 0.066271 1.062509 0.176974
v 0.066674 0.982960 0.087547
v 0.067949 1.061345 0.173332
v 0.067536 1.061846 0.174374
v 0.071531 1.039321 0.145863
v 0.070586 1.053054 0.161624
v 0.070349 1.055313 0.164313
v 0.069782 1.057615 0.167329
v 0.068554 1.060613 0.171810
v 0.070076 0.984751 0.086597
v 0.072246 1.028814 0.133868
v 0.073268 1.017371 0.121105
v 0.074009 1.009018 0.111833
v 0.075080 0.999088 0.101197
v 0.074454 0.985370 0.086267
v 0.076048 0.990061 0.091572
v 0.076664 0.993119 0.137900
v 0.077001 0.990312 0.134695
v 0.076916 0.958719 0.100338
v 0.077805 0.984021 0.127310
v 0.079114 0.973741 0.115289
v 0.079521 0.970784 0.111635
v 0.080901 0.960746 0.099275
v 0.079333 0.999208 0.064069
v 0.075370 0.999271 0.064035
v 0.072630 0.998684 0.064351
v 0.069624 0.999389 0.063972
v 0.067989 1.097917 0.151906
v 0.067578 1.101764 0.156436
v 0.063561 1.019336 0.068051
v 0.065028 1.107294 0.164666
v 0.068384 1.070181 0.164341
v 0.068997 1.068003 0.162157
v 0.069590 1.063596 0.157415
v 0.069103 0.994171 0.081578
v 0.067762 1.072384 0.166552
v 0.063006 0.996263 0.080461
v 0.064119 1.081008 0.173277
v 0.064411 1.080363 0.172839
v 0.064911 0.995202 0.081027
v 0.065863 1.077151 0.170660
v 0.067482 1.073167 0.167284
v 0.061300 0.997652 0.079719
v 0.062333 1.085019 0.175263
v 0.062676 1.084245 0.174891
v 0.059880 1.091687 0.177009
v 0.060865 1.088710 0.176454
v 0.057834 1.003343 0.076669
v 0.059064 1.094933 0.177231
v 0.057207 1.007856 0.074244
v 0.058469 1.099792 0.176824
v 0.058072 1.012430 0.071780
v 0.059339 1.105803 0.174549
v 0.058997 1.104818 0.175158
v 0.057457 1.010193 0.072987
v 0.058523 1.102089 0.176271
v 0.060700 1.107915 0.172375
v 0.059040 1.014531 0.070648
v 0.063203 1.108575 0.168305
v 0.060331 1.016431 0.069622
v 0.060239 1.016333 0.069675
v 0.063273 1.108565 0.168185
v 0.068685 1.073259 0.124114
v 0.071976 1.021211 0.067035
v 0.071652 1.024975 0.071026
v 0.070059 1.021301 0.066987
v 0.070413 1.041997 0.089464
v 0.069927 1.048600 0.096654
v 0.065537 1.106765 0.163546
v 0.075446 0.995495 0.080872
v 0.073650 0.994775 0.081256
v 0.075258 0.997144 0.082825
v 0.073915 1.009866 0.097490
v 0.073406 0.994677 0.081308
v 0.073150 1.017067 0.105832
v 0.072113 1.028916 0.119054
v 0.070313 1.052823 0.145530
v 0.071253 1.038662 0.129984
v 0.068513 1.033922 0.045184
v 0.073772 1.036538 0.043747
v 0.074343 1.034086 0.045094
v 0.074671 1.036894 0.043552
v 0.071389 1.035892 0.044102
v 0.071557 1.030639 0.061916
v 0.069643 1.030381 0.062056
v 0.070002 1.051850 0.085345
v 0.064794 1.056686 0.047640
v 0.066205 1.144956 0.144815
v 0.062809 1.055734 0.048165
v 0.062976 1.055814 0.048122
v 0.064202 1.148057 0.149860
v 0.060731 1.149469 0.156176
v 0.068315 1.084199 0.120845
v 0.066577 1.115045 0.154406
v 0.067686 1.108100 0.147145
v 0.067310 1.112035 0.151388
v 0.063296 1.031665 0.061358
v 0.064571 1.120669 0.159345
v 0.065151 1.030900 0.061774
v 0.063313 1.123504 0.161345
v 0.062704 1.124815 0.162064
v 0.061428 1.032817 0.060730
v 0.060439 1.129802 0.164157
v 0.059635 1.131808 0.164562
v 0.058380 1.036027 0.058979
v 0.058331 1.036089 0.058945
v 0.058515 1.134986 0.164869
v 0.056091 1.044640 0.054267
v 0.057311 1.140980 0.164041
v 0.056127 1.042377 0.055507
v 0.057524 1.145191 0.162184
v 0.056415 1.046883 0.053036
v 0.058639 1.147996 0.159741
v 0.058101 1.051062 0.050739
v 0.059844 1.149169 0.157649
v 0.060310 1.149398 0.156875
v 0.063678 1.148624 0.150981
v 0.062346 1.149386 0.153441
v 0.064956 1.147243 0.148250
v 0.067466 1.112652 0.108070
v 0.067557 1.137543 0.135828
v 0.066875 1.141272 0.140307
v 0.067735 1.097299 0.090975
v 0.067132 1.057308 0.047297
v 0.067955 1.084264 0.076536
v 0.069659 1.056467 0.090474
v 0.011862 1.280170 0.014422
v 0.008031 1.271088 0.019897
v 0.036665 1.271088 0.019897
v 0.016023 1.289005 0.008627
v 0.056282 1.289094 0.008662
v 0.042047 1.270587 0.020190
v 0.057382 1.285728 0.010896
v 0.049067 1.268352 0.021491
v 0.060942 1.273300 0.018591
v 0.053550 1.265865 0.022935
v 0.061208 1.271409 0.019709
v 0.058526 1.261930 0.025219
v 0.062637 1.257475 0.027803
v 0.025493 1.306372 -0.004194
v 0.023365 1.302963 -0.001377
v 0.035842 1.289930 0.008119
v 0.018044 1.293294 0.005813
v 0.052308 1.299922 0.000993
v 0.049076 1.307021 -0.004753
v 0.026483 1.307751 -0.005476
v 0.035620 1.311266 -0.008657
v 0.045876 1.312653 -0.010051
v 0.029887 1.312491 -0.009885
v 0.032182 1.315016 -0.012717
v 0.044798 1.314230 -0.011736
v 0.037848 1.315472 -0.013157
v 0.033304 1.316250 -0.014102
v 0.036539 1.318656 -0.017423
v 0.042162 1.317339 -0.015516
v 0.041010 1.318297 -0.016876
v 0.068632 1.272962 0.009757
v 0.069574 1.269751 0.011644
v 0.069638 1.269511 -0.044291
v 0.069199 1.271141 -0.045317
v 0.068672 1.273036 -0.045658
v 0.065705 1.282919 0.003897
v 0.066826 1.279258 -0.046084
v 0.065846 1.282384 -0.046087
v 0.065133 1.284655 -0.046089
v 0.063798 1.288406 -0.045678
v 0.063954 1.288074 0.000699
v 0.062745 1.291363 -0.045353
v 0.060596 1.296543 -0.044305
v 0.058183 1.301782 -0.043036
v 0.056475 1.305179 -0.010867
v 0.057476 1.303317 -0.042664
v 0.055120 1.307297 -0.012458
v 0.055096 1.307317 -0.041247
v 0.052456 1.311460 -0.015583
v 0.061960 1.293384 -0.044991
v 0.060618 1.296541 -0.004841
v 0.060194 1.297616 -0.005545
v 0.053455 1.310073 -0.040270
v 0.051106 1.313151 -0.016894
v 0.051062 1.313081 -0.038741
v 0.049104 1.315324 -0.018583
v 0.048232 1.316004 -0.036928
v 0.046782 1.317319 -0.020108
v 0.047157 1.316977 -0.036237
v 0.044527 1.318751 -0.021151
v 0.044123 1.318874 -0.034464
v 0.041764 1.319858 -0.021902
v 0.032296 0.945973 -0.246607
v 0.032616 0.948501 -0.247561
v 0.035696 0.966308 -0.247435
v 0.036431 0.968960 -0.246512
v 0.034477 0.941442 -0.244044
v 0.071367 1.184843 -0.108615
v 0.069808 1.180076 -0.112596
v 0.071350 1.183353 -0.108230
v 0.069920 1.178765 -0.111677
v 0.071313 1.192355 -0.107217
v 0.071348 1.189683 -0.108088
v 0.068286 1.183967 -0.114874
v 0.071182 1.199112 -0.103978
v 0.071227 1.196824 -0.105076
v 0.066414 1.186214 -0.115818
v 0.071011 1.205075 -0.100013
v 0.070876 1.209458 -0.096941
v 0.064056 1.187927 -0.116186
v 0.070699 1.213958 -0.093229
v 0.070845 1.210455 -0.096241
v 0.068719 1.207128 -0.099636
v 0.035411 0.941680 -0.243732
v 0.035287 0.940624 -0.243141
v 0.035870 0.940020 -0.242449
v 0.037696 0.935457 -0.237619
v 0.037408 0.937654 -0.239477
v 0.036266 0.929688 -0.235317
v 0.036312 0.929785 -0.235346
v 0.070509 1.218486 -0.089329
v 0.064925 1.199849 -0.106273
v 0.061439 1.188943 -0.115945
v 0.056023 1.169184 -0.132285
v 0.063116 1.159526 -0.127738
v 0.060146 1.151040 -0.134253
v 0.055865 1.140388 -0.144290
v 0.044017 1.132160 -0.159474
v 0.047609 1.148880 -0.148007
v 0.048902 1.148441 -0.148183
v 0.051393 1.159933 -0.139543
v 0.056002 1.139175 -0.143314
v 0.051176 1.123434 -0.154168
v 0.049143 1.117385 -0.159770
v 0.042097 1.124684 -0.164286
v 0.040936 1.125611 -0.163827
v 0.046263 1.102270 -0.166994
v 0.044581 1.091349 -0.172848
v 0.043905 1.088858 -0.175832
v 0.036745 1.094997 -0.181269
v 0.037692 1.110366 -0.172995
v 0.039273 1.117859 -0.168512
v 0.044042 1.087843 -0.174719
v 0.042601 1.072642 -0.182287
v 0.042480 1.073634 -0.183432
v 0.041862 1.058052 -0.190974
v 0.042143 1.061464 -0.187693
v 0.042082 1.041159 -0.197579
v 0.034847 1.047328 -0.205106
v 0.033320 1.063471 -0.197208
v 0.033948 1.079452 -0.189316
v 0.034491 1.085312 -0.186338
v 0.035414 1.095240 -0.181269
v 0.042715 1.028558 -0.203971
v 0.042823 1.026090 -0.206905
v 0.034349 1.031116 -0.213566
v 0.033696 1.043361 -0.207284
v 0.036474 1.022294 -0.218105
v 0.035111 1.022229 -0.218278
v 0.038633 1.003587 -0.228379
v 0.039839 0.990723 -0.235529
v 0.038490 0.990712 -0.235671
v 0.042891 1.025035 -0.205750
v 0.043612 1.016200 -0.210379
v 0.043551 1.017275 -0.211528
v 0.045711 0.997404 -0.220668
v 0.046513 0.988879 -0.225509
v 0.046872 0.985370 -0.229239
v 0.046964 0.976316 -0.234297
v 0.039945 0.982099 -0.240125
v 0.038619 0.982222 -0.240192
v 0.039357 0.975827 -0.243268
v 0.038586 0.981858 -0.240374
v 0.046403 0.968502 -0.236922
v 0.046261 0.969513 -0.238017
v 0.044697 0.963251 -0.241350
v 0.044890 0.962284 -0.240302
v 0.044732 0.961841 -0.240533
v 0.044006 0.961339 -0.242311
v 0.042104 0.956882 -0.244182
v 0.035050 0.963974 -0.248248
v 0.034720 0.962466 -0.248580
v 0.035485 0.960938 -0.248814
v 0.034525 0.961573 -0.248777
v 0.034649 0.956395 -0.249052
v 0.033866 0.951376 -0.248336
v 0.041382 0.955267 -0.244632
v 0.040200 0.950959 -0.244091
v 0.039381 0.948236 -0.243648
v 0.038824 0.947848 -0.244229
v 0.059616 1.166830 -0.131964
v 0.047601 1.130032 -0.158895
v 0.045695 1.122653 -0.163621
v 0.042642 1.108237 -0.172201
v 0.039008 1.077937 -0.188087
v 0.038419 1.062222 -0.195806
v 0.038597 1.046318 -0.203685
v 0.037437 1.046806 -0.204324
v 0.039461 1.030253 -0.211905
v 0.040213 1.021455 -0.216551
v 0.039059 1.021902 -0.217230
v 0.042348 1.002779 -0.226795
v 0.043538 0.989727 -0.234085
v 0.042395 0.990224 -0.234725
v 0.043596 0.980791 -0.238907
v 0.042465 0.981374 -0.239474
v 0.042888 0.974140 -0.242310
v 0.041398 0.968073 -0.245208
v 0.040746 0.966143 -0.246046
v 0.038920 0.961038 -0.247731
v 0.037507 0.956278 -0.248263
v 0.036562 0.952186 -0.247852
v 0.040290 1.109582 -0.172929
v 0.061468 1.164604 -0.131007
v 0.055014 1.142840 -0.146017
v 0.050162 1.126910 -0.156996
v 0.049460 1.128025 -0.157757
v 0.048269 1.119638 -0.161635
v 0.045239 1.105452 -0.170033
v 0.043034 1.090856 -0.177899
v 0.041629 1.075551 -0.185582
v 0.040917 1.076434 -0.186535
v 0.040331 1.060804 -0.194170
v 0.041201 1.044096 -0.200974
v 0.042047 1.028050 -0.209144
v 0.042101 1.020116 -0.214796
v 0.044221 1.001425 -0.225039
v 0.046154 0.978335 -0.236411
v 0.044719 0.972466 -0.240918
v 0.041149 0.958505 -0.245921
v 0.039000 0.955131 -0.247180
v 0.037168 0.945135 -0.244436
v 0.053465 1.145137 -0.147314
v 0.043655 1.107392 -0.171608
v 0.041443 1.092651 -0.179591
v 0.039629 1.045692 -0.202899
v 0.040488 1.029645 -0.211097
v 0.043873 0.973346 -0.241681
v 0.042326 0.967182 -0.244680
v 0.038794 0.945702 -0.242881
v 0.045773 1.104402 -0.169089
v 0.073961 1.042546 0.004809
v 0.034740 0.895544 -0.214983
v 0.037410 0.895547 -0.211447
v 0.032339 0.895028 -0.217395
v 0.028573 0.894105 -0.220238
v 0.021947 0.892751 -0.224241
v 0.027063 0.893734 -0.221378
v 0.020071 0.892423 -0.225228
v 0.012784 0.891705 -0.228189
v 0.046090 0.914340 -0.181455
v 0.046284 0.913160 -0.184875
v 0.046352 0.911374 -0.190104
v 0.044531 0.920863 -0.167516
v 0.043695 0.924727 -0.161710
v 0.042904 0.929204 -0.156083
v 0.045057 0.918678 -0.171412
v 0.045639 0.916331 -0.176365
v 0.042475 0.932254 -0.152706
v 0.041728 0.939390 -0.145727
v 0.041115 0.965330 -0.124958
v 0.040955 0.957290 -0.130935
v 0.041171 0.948067 -0.138211
v 0.043499 0.990091 -0.106886
v 0.043103 0.987887 -0.108563
v 0.041841 0.977361 -0.116220
v 0.045766 1.077510 -0.152424
v 0.049326 1.098947 -0.146248
v 0.047633 1.090299 -0.149517
v 0.046574 1.083765 -0.151426
v 0.045518 1.074808 -0.152258
v 0.045438 1.072709 -0.151309
v 0.046253 1.072337 -0.145263
v 0.046934 1.073819 -0.141919
v 0.045008 0.998484 -0.100482
v 0.048564 1.077908 -0.135297
v 0.047397 1.008202 -0.092357
v 0.059631 1.107164 -0.105589
v 0.058650 1.034326 -0.058887
v 0.058423 1.034036 -0.059631
v 0.052710 1.023369 -0.076666
v 0.057437 1.101037 -0.110445
v 0.055125 1.028476 -0.069664
v 0.056245 1.030546 -0.066337
v 0.050001 1.016444 -0.084488
v 0.051177 1.084653 -0.126690
v 0.053709 1.091201 -0.119606
v 0.071629 1.074756 -0.030029
v 0.064224 1.119845 -0.095257
v 0.064695 1.121052 -0.094105
v 0.060464 1.036630 -0.052936
v 0.061404 1.112109 -0.101659
v 0.066978 1.126502 -0.088083
v 0.068569 1.129696 -0.083273
v 0.067446 1.125312 -0.085190
v 0.069712 1.131143 -0.079101
v 0.070205 1.127215 -0.074043
v 0.065945 1.039025 -0.031268
v 0.071296 1.080538 -0.035777
v 0.064561 1.039287 -0.037468
v 0.070694 1.095334 -0.049161
v 0.063012 1.038774 -0.043726
v 0.070324 1.110871 -0.061917
v 0.062359 1.038359 -0.046200
v 0.073097 1.052985 -0.007178
v 0.072106 1.066432 -0.021777
v 0.059982 1.136991 -0.125040
v 0.057453 1.129453 -0.130314
v 0.053779 1.117175 -0.137588
v 0.052560 1.112668 -0.139962
v 0.050618 1.104838 -0.143735
v 0.071274 1.180857 -0.106871
v 0.069511 1.168895 -0.106616
v 0.068361 1.164143 -0.108451
v 0.070256 1.172343 -0.105635
v 0.071208 1.178758 -0.105710
v 0.066604 1.157630 -0.111589
v 0.064350 1.150093 -0.115945
v 0.061355 1.141077 -0.122172
v 0.080018 0.517901 -0.171219
v 0.076739 0.523753 -0.171976
v 0.082100 0.533249 -0.172303
v 0.073226 0.895324 -0.048448
v 0.068284 0.894157 -0.049556
v 0.062815 0.916585 -0.036630
v 0.044808 0.989224 -0.009885
v 0.038588 0.987673 -0.009934
v 0.074227 1.041018 0.007777
v 0.074535 1.038247 0.013323
v 0.040674 1.000160 -0.019022
v 0.040381 1.001302 -0.021144
v 0.033897 1.000500 -0.021064
v 0.046901 0.458004 -0.116804
v 0.050896 0.458432 -0.117392
v 0.053035 0.458730 -0.117875
v 0.053523 0.458328 -0.119491
v 0.057219 0.459372 -0.120355
v 0.059474 0.460531 -0.119335
v 0.061515 0.461275 -0.119800
v 0.073459 1.049785 -0.002519
v 0.073260 1.052216 -0.004205
v 0.073399 1.050551 -0.001137
v 0.073709 1.046984 0.004085
v 0.074718 1.030965 0.009806
v 0.068380 1.014477 -0.003608
v 0.063967 1.011425 -0.009145
v 0.059189 1.006519 -0.011567
v 0.047392 1.000753 -0.016369
v 0.034037 0.999945 -0.020071
v 0.041543 0.997184 -0.015184
v 0.034636 0.997700 -0.016730
v 0.042234 0.995177 -0.013347
v 0.035656 0.994508 -0.013612
v 0.043541 0.991944 -0.011168
v 0.036483 0.992319 -0.012083
v 0.042848 0.993585 -0.012171
v 0.035830 0.994022 -0.013236
v 0.077745 1.010612 0.027447
v 0.076821 1.013572 0.019715
v 0.076941 1.016852 0.025568
v 0.076422 1.016651 0.018492
v 0.076506 1.020389 0.024219
v 0.075786 1.021755 0.016019
v 0.075817 1.026256 0.021468
v 0.075210 1.031737 0.018229
v 0.078473 1.005281 0.028547
v 0.078352 1.002460 0.022697
v 0.077553 1.008127 0.021440
v 0.040620 0.983828 -0.009005
v 0.045704 0.987431 -0.009259
v 0.039560 0.985789 -0.009396
v 0.046679 0.985540 -0.008767
v 0.047740 0.983514 -0.008411
v 0.041773 0.981761 -0.008764
v 0.049334 0.980439 -0.008174
v 0.046328 0.973340 -0.009307
v 0.051895 0.975087 -0.008531
v 0.044253 0.977333 -0.008793
v 0.046669 0.972619 -0.009449
v 0.053807 0.970304 -0.009518
v 0.079590 0.997455 0.029564
v 0.079222 0.996575 0.023477
v 0.079978 0.994861 0.029712
v 0.081047 0.987960 0.029701
v 0.080537 0.988148 0.023730
v 0.082186 0.980964 0.029102
v 0.081569 0.981876 0.023292
v 0.083396 0.973882 0.027909
v 0.082672 0.975450 0.022309
v 0.083731 0.971980 0.027492
v 0.085160 0.964080 0.025342
v 0.084299 0.966402 0.020071
v 0.086696 0.955935 0.022463
v 0.087837 0.950118 0.019975
v 0.087305 0.950697 0.014122
v 0.085739 0.958740 0.017465
v 0.057244 0.959677 -0.013203
v 0.050086 0.964103 -0.011929
v 0.055467 0.965492 -0.010979
v 0.048325 0.968797 -0.010397
v 0.060120 0.927562 -0.030335
v 0.059220 0.931218 -0.028232
v 0.064292 0.932316 -0.027157
v 0.056028 0.943814 -0.021306
v 0.061179 0.944946 -0.020253
v 0.053185 0.954247 -0.016073
v 0.058429 0.955467 -0.015050
v 0.051950 0.958400 -0.014204
v 0.089446 0.942064 0.016245
v 0.088364 0.945412 0.011639
v 0.092009 0.929770 0.009710
v 0.090855 0.933368 0.005339
v 0.094923 0.916382 0.001952
v 0.093720 0.920093 -0.002269
v 0.098240 0.901758 -0.006854
v 0.101742 0.886968 -0.015713
v 0.102125 0.883704 -0.023967
v 0.097004 0.905484 -0.010999
v 0.067821 0.917695 -0.035536
v 0.103376 0.880041 -0.019841
v 0.111635 0.846021 -0.038845
v 0.110413 0.849539 -0.043056
v 0.115826 0.826969 -0.054568
v 0.072327 0.877461 -0.058786
v 0.081735 0.860079 -0.067921
v 0.076820 0.858820 -0.069021
v 0.087155 0.837004 -0.079796
v 0.082216 0.835713 -0.080869
v 0.116864 0.824129 -0.049965
v 0.123419 0.795189 -0.063383
v 0.128439 0.770672 -0.073622
v 0.128091 0.770689 -0.079556
v 0.122312 0.798543 -0.067816
v 0.103774 0.753547 -0.116687
v 0.093973 0.779336 -0.106683
v 0.099075 0.780543 -0.105738
v 0.093801 0.780205 -0.106302
v 0.093518 0.808294 -0.093528
v 0.088511 0.807013 -0.094545
v 0.082746 0.833299 -0.082022
v 0.129113 0.767401 -0.074987
v 0.133990 0.740044 -0.085357
v 0.133062 0.743273 -0.090066
v 0.137184 0.716130 -0.099593
v 0.136260 0.724689 -0.090677
v 0.138014 0.712967 -0.094747
v 0.140732 0.690321 -0.102031
v 0.141979 0.676780 -0.106086
v 0.142276 0.669605 -0.114226
v 0.139985 0.693418 -0.106988
v 0.106887 0.678680 -0.143382
v 0.112249 0.682016 -0.141890
v 0.104760 0.704311 -0.135028
v 0.110183 0.705008 -0.134335
v 0.102282 0.726165 -0.127393
v 0.107610 0.727054 -0.126622
v 0.101686 0.730345 -0.125825
v 0.098561 0.752472 -0.117548
v 0.142937 0.666595 -0.109152
v 0.144314 0.644134 -0.115290
v 0.143752 0.647049 -0.120489
v 0.144415 0.639721 -0.116367
v 0.144296 0.628685 -0.125086
v 0.107896 0.660522 -0.148981
v 0.113515 0.660658 -0.148468
v 0.113926 0.643770 -0.153340
v 0.144756 0.625869 -0.119766
v 0.144445 0.609405 -0.123350
v 0.144097 0.612097 -0.128797
v 0.143509 0.601000 -0.131064
v 0.143780 0.598424 -0.125525
v 0.142920 0.589406 -0.127177
v 0.141849 0.581793 -0.128430
v 0.140870 0.577924 -0.135169
v 0.142709 0.591858 -0.132792
v 0.111070 0.599378 -0.164297
v 0.106701 0.612842 -0.161821
v 0.112524 0.611390 -0.161660
v 0.107373 0.620421 -0.159994
v 0.113186 0.619321 -0.159769
v 0.107920 0.629751 -0.157617
v 0.113701 0.629030 -0.157315
v 0.107977 0.632617 -0.156837
v 0.108217 0.644015 -0.153752
v 0.103396 0.590653 -0.166516
v 0.104779 0.598599 -0.164930
v 0.140998 0.575713 -0.129438
v 0.138343 0.562560 -0.131323
v 0.138273 0.564491 -0.137156
v 0.134838 0.551463 -0.138795
v 0.136443 0.555586 -0.132177
v 0.134880 0.549837 -0.132887
v 0.132717 0.543333 -0.133589
v 0.109101 0.587936 -0.166517
v 0.106581 0.576910 -0.168358
v 0.101044 0.580323 -0.168316
v 0.105023 0.571248 -0.169178
v 0.128969 0.533878 -0.134478
v 0.128271 0.533464 -0.140585
v 0.132674 0.544792 -0.139525
v 0.123210 0.521760 -0.135431
v 0.123073 0.522647 -0.141368
v 0.118798 0.514283 -0.135851
v 0.117096 0.512417 -0.141862
v 0.084869 0.538571 -0.172232
v 0.086948 0.542571 -0.172183
v 0.091107 0.536955 -0.171918
v 0.089488 0.547892 -0.171943
v 0.093895 0.542476 -0.171777
v 0.093384 0.556916 -0.171284
v 0.098185 0.551955 -0.171244
v 0.096740 0.565921 -0.170340
v 0.101882 0.561518 -0.170370
v 0.097152 0.567228 -0.170166
v 0.099608 0.575029 -0.169129
v 0.117325 0.511787 -0.135992
v 0.113557 0.506250 -0.136203
v 0.113262 0.506748 -0.142009
v 0.106540 0.497255 -0.136348
v 0.106120 0.497552 -0.141997
v 0.098493 0.489220 -0.141627
v 0.085816 0.527418 -0.171817
v 0.099044 0.489087 -0.136197
v 0.091182 0.481727 -0.135728
v 0.090501 0.481722 -0.140862
v 0.082348 0.475073 -0.139645
v 0.072622 0.516775 -0.171330
v 0.073777 0.508237 -0.169987
v 0.070919 0.513891 -0.171065
v 0.067252 0.498224 -0.167877
v 0.064786 0.503411 -0.169307
v 0.061133 0.488233 -0.164643
v 0.059005 0.492655 -0.166399
v 0.083161 0.475204 -0.134910
v 0.075797 0.469921 -0.133792
v 0.074859 0.469668 -0.138011
v 0.072202 0.467551 -0.133069
v 0.071194 0.467228 -0.136939
v 0.069597 0.465915 -0.132429
v 0.068061 0.465233 -0.135795
v 0.053584 0.473250 -0.156445
v 0.053670 0.480711 -0.161286
v 0.055502 0.477478 -0.159317
v 0.058106 0.482727 -0.162211
v 0.056137 0.486587 -0.164106
v 0.050366 0.471787 -0.155401
v 0.051852 0.475915 -0.158416
v 0.052017 0.469643 -0.153489
v 0.048485 0.466768 -0.150571
v 0.047498 0.464236 -0.147853
v 0.049011 0.463080 -0.146251
v 0.046319 0.461531 -0.143983
v 0.047368 0.459889 -0.141169
v 0.046868 0.458576 -0.138399
v 0.045444 0.459016 -0.139494
v 0.046618 0.457647 -0.135916
v 0.045209 0.457913 -0.136804
v 0.046452 0.456562 -0.131492
v 0.045059 0.456608 -0.131962
v 0.046431 0.456224 -0.128339
v 0.045043 0.456198 -0.128488
v 0.045044 0.456234 -0.125047
v 0.046434 0.456289 -0.124559
v 0.046468 0.456663 -0.121752
v 0.045073 0.456729 -0.121224
v 0.048317 0.997744 -0.013086
v 0.049050 0.995686 -0.011419
v 0.050418 0.992306 -0.009371
v 0.050870 0.991270 -0.008884
v 0.053562 0.985348 -0.007101
v 0.055025 0.982100 -0.006732
v 0.056167 0.979462 -0.006702
v 0.057385 0.976417 -0.006944
v 0.059168 0.971389 -0.007878
v 0.060732 0.966390 -0.009320
v 0.062424 0.960418 -0.011544
v 0.063561 0.956127 -0.013396
v 0.066222 0.945490 -0.018610
v 0.069261 0.932814 -0.025521
v 0.072726 0.918202 -0.033900
v 0.078067 0.895895 -0.046802
v 0.086551 0.860757 -0.066271
v 0.091993 0.837723 -0.078154
v 0.098420 0.809012 -0.091911
v 0.104068 0.781200 -0.104160
v 0.108871 0.754084 -0.115158
v 0.112817 0.727421 -0.125148
v 0.115480 0.705199 -0.132909
v 0.117638 0.681989 -0.140517
v 0.119001 0.660331 -0.147159
v 0.119494 0.643086 -0.152099
v 0.119337 0.627902 -0.156150
v 0.118852 0.617841 -0.158659
v 0.118199 0.609586 -0.160595
v 0.116716 0.597019 -0.163293
v 0.114659 0.584978 -0.165561
v 0.111976 0.573322 -0.167430
v 0.110299 0.567332 -0.168253
v 0.106895 0.557050 -0.169426
v 0.102871 0.547001 -0.170244
v 0.098199 0.537142 -0.170683
v 0.095172 0.531462 -0.170746
v 0.089455 0.521782 -0.170482
v 0.083232 0.512305 -0.169682
v 0.076585 0.502895 -0.168224
v 0.069680 0.493388 -0.165876
v 0.063236 0.484173 -0.162452
v 0.060052 0.479216 -0.159965
v 0.057316 0.474572 -0.157074
v 0.055300 0.470880 -0.154265
v 0.053656 0.467759 -0.151419
v 0.052613 0.465793 -0.149337
v 0.050516 0.462108 -0.144574
v 0.054229 1.000780 -0.011708
v 0.054920 0.998569 -0.009847
v 0.055525 0.996776 -0.008608
v 0.056196 0.994891 -0.007520
v 0.057375 0.991729 -0.006113
v 0.058200 0.989562 -0.005413
v 0.059093 0.987216 -0.004863
v 0.059451 0.986267 -0.004699
v 0.061493 0.980718 -0.004332
v 0.062621 0.977404 -0.004559
v 0.062934 0.976436 -0.004681
v 0.064288 0.972027 -0.005510
v 0.065767 0.966781 -0.006989
v 0.067383 0.960606 -0.009261
v 0.068477 0.956216 -0.011142
v 0.071059 0.945434 -0.016412
v 0.074029 0.932699 -0.023359
v 0.077435 0.918095 -0.031752
v 0.082718 0.895859 -0.044651
v 0.091175 0.860840 -0.064099
v 0.096636 0.837854 -0.075973
v 0.103119 0.809154 -0.089727
v 0.108848 0.781292 -0.101982
v 0.113745 0.754072 -0.112994
v 0.117789 0.727258 -0.123003
v 0.120532 0.704881 -0.130784
v 0.122770 0.681475 -0.138414
v 0.124219 0.659549 -0.145085
v 0.124785 0.641984 -0.150060
v 0.124687 0.626397 -0.154153
v 0.124225 0.616020 -0.156691
v 0.123576 0.607476 -0.158651
v 0.122064 0.594423 -0.161381
v 0.119919 0.581858 -0.163674
v 0.117083 0.569660 -0.165555
v 0.115294 0.563385 -0.166378
v 0.111644 0.552636 -0.167533
v 0.107314 0.542184 -0.168312
v 0.102290 0.532025 -0.168684
v 0.099041 0.526228 -0.168696
v 0.092927 0.516471 -0.168324
v 0.086311 0.507090 -0.167397
v 0.079286 0.497968 -0.165805
v 0.072028 0.488983 -0.163338
v 0.065280 0.480528 -0.159855
v 0.061953 0.476096 -0.157391
v 0.059093 0.472019 -0.154579
v 0.056987 0.468825 -0.151892
v 0.055272 0.466149 -0.149205
v 0.054185 0.464471 -0.147255
v 0.052008 0.461321 -0.142829
v 0.050431 0.459246 -0.139048
v 0.049700 0.458045 -0.136123
v 0.049273 0.456926 -0.131926
v 0.049325 0.457066 -0.121170
v 0.059782 1.004104 -0.009117
v 0.065031 1.006327 -0.004425
v 0.060866 1.000098 -0.006066
v 0.066174 1.001327 -0.001303
v 0.061496 0.997926 -0.004807
v 0.061886 0.996615 -0.004157
v 0.062596 0.994271 -0.003182
v 0.067945 0.994031 0.001464
v 0.063364 0.991770 -0.002378
v 0.068731 0.990864 0.002146
v 0.064193 0.989070 -0.001755
v 0.069916 0.986113 0.002670
v 0.065444 0.984971 -0.001244
v 0.066425 0.981696 -0.001175
v 0.071853 0.978265 0.002362
v 0.067775 0.976965 -0.001568
v 0.073362 0.971919 0.001182
v 0.069054 0.972206 -0.002468
v 0.074724 0.966015 -0.000523
v 0.070465 0.966654 -0.004036
v 0.076232 0.959321 -0.003021
v 0.072018 0.960238 -0.006400
v 0.077265 0.954678 -0.005034
v 0.073077 0.955730 -0.008336
v 0.079729 0.943541 -0.010533
v 0.075591 0.944781 -0.013702
v 0.082596 0.930657 -0.017627
v 0.078503 0.931976 -0.020710
v 0.085909 0.916064 -0.026092
v 0.081857 0.917378 -0.029132
v 0.091096 0.893979 -0.039001
v 0.087088 0.895216 -0.042033
v 0.099498 0.859228 -0.058371
v 0.095518 0.860328 -0.061449
v 0.104978 0.836362 -0.070174
v 0.100992 0.837398 -0.073296
v 0.111537 0.807712 -0.083840
v 0.107520 0.808719 -0.087018
v 0.117379 0.779789 -0.096015
v 0.113316 0.780820 -0.099248
v 0.122409 0.752412 -0.106957
v 0.118290 0.753510 -0.110241
v 0.126593 0.725366 -0.116905
v 0.122415 0.726568 -0.120235
v 0.129449 0.702752 -0.124641
v 0.125223 0.704058 -0.128006
v 0.131803 0.679052 -0.132228
v 0.127529 0.680489 -0.135630
v 0.133367 0.656707 -0.138863
v 0.129047 0.658332 -0.142298
v 0.134029 0.638635 -0.143811
v 0.129671 0.640487 -0.147274
v 0.133996 0.622414 -0.147884
v 0.129615 0.624551 -0.151374
v 0.133551 0.611547 -0.150408
v 0.129167 0.613903 -0.153917
v 0.132891 0.602566 -0.152354
v 0.128517 0.605116 -0.155880
v 0.131301 0.588796 -0.155062
v 0.126968 0.591657 -0.158613
v 0.128992 0.575474 -0.157333
v 0.124741 0.578661 -0.160907
v 0.125883 0.562503 -0.159189
v 0.121761 0.566020 -0.162783
v 0.123905 0.555832 -0.159997
v 0.119870 0.559517 -0.163600
v 0.119847 0.544443 -0.161123
v 0.116001 0.548395 -0.164741
v 0.115016 0.533466 -0.161862
v 0.111399 0.537633 -0.165494
v 0.109415 0.522955 -0.162189
v 0.106062 0.527255 -0.165829
v 0.105806 0.517052 -0.162171
v 0.102615 0.521385 -0.165815
v 0.099049 0.507314 -0.161749
v 0.096151 0.511609 -0.165391
v 0.091795 0.498237 -0.160786
v 0.089187 0.502366 -0.164411
v 0.084156 0.489736 -0.159195
v 0.081827 0.493554 -0.162776
v 0.076324 0.481752 -0.156815
v 0.074255 0.485083 -0.160300
v 0.069085 0.474675 -0.153586
v 0.067239 0.477348 -0.156887
v 0.065526 0.471167 -0.151379
v 0.062470 0.468068 -0.148930
v 0.060816 0.469844 -0.151855
v 0.060220 0.465720 -0.146646
v 0.058631 0.467100 -0.149345
v 0.058391 0.463791 -0.144403
v 0.057234 0.462589 -0.142792
v 0.054925 0.460321 -0.139162
v 0.053480 0.460725 -0.141022
v 0.053262 0.458806 -0.136069
v 0.051974 0.457155 -0.129528
v 0.051945 0.457058 -0.125550
v 0.074162 1.021229 0.008176
v 0.072064 1.016002 0.003518
v 0.074700 1.017142 0.010731
v 0.072591 1.012546 0.005750
v 0.075301 1.012769 0.012931
v 0.073173 1.008852 0.007686
v 0.075674 1.010129 0.014029
v 0.076358 1.005450 0.015597
v 0.074193 1.002652 0.010075
v 0.077100 1.000559 0.016774
v 0.074905 0.998483 0.011165
v 0.077905 0.995444 0.017546
v 0.075677 0.994092 0.011920
v 0.079124 0.988051 0.017903
v 0.076842 0.987672 0.012361
v 0.080081 0.982484 0.017615
v 0.077758 0.982772 0.012206
v 0.081110 0.976697 0.016831
v 0.078748 0.977594 0.011601
v 0.079026 0.976160 0.011359
v 0.082644 0.968385 0.014908
v 0.080233 0.969989 0.009968
v 0.084019 0.961197 0.012566
v 0.081574 0.963257 0.007868
v 0.085532 0.953517 0.009465
v 0.083060 0.955926 0.004995
v 0.086562 0.948404 0.007117
v 0.084076 0.950979 0.002772
v 0.089008 0.936603 0.001045
v 0.086504 0.939411 -0.003085
v 0.091843 0.923436 -0.006417
v 0.089331 0.926345 -0.010410
v 0.095112 0.908837 -0.015071
v 0.092600 0.911752 -0.018993
v 0.100232 0.886985 -0.028022
v 0.097730 0.889825 -0.031928
v 0.108548 0.852674 -0.047192
v 0.106075 0.855365 -0.051173
v 0.113994 0.830024 -0.058790
v 0.111542 0.832639 -0.062850
v 0.120529 0.801526 -0.072162
v 0.118106 0.804080 -0.076336
v 0.126366 0.773628 -0.084034
v 0.123972 0.776158 -0.088328
v 0.131399 0.746182 -0.094676
v 0.129034 0.748708 -0.099091
v 0.135585 0.719011 -0.104334
v 0.133251 0.721545 -0.108865
v 0.138441 0.696270 -0.111835
v 0.136132 0.698813 -0.116462
v 0.140789 0.672419 -0.119183
v 0.138510 0.674970 -0.123908
v 0.142333 0.649828 -0.125564
v 0.140091 0.652404 -0.130394
v 0.142950 0.631435 -0.130275
v 0.140751 0.634052 -0.135205
v 0.142835 0.614812 -0.134105
v 0.140691 0.617482 -0.139138
v 0.142306 0.603669 -0.136456
v 0.140207 0.606364 -0.141563
v 0.141559 0.594471 -0.138256
v 0.139498 0.597173 -0.143426
v 0.139795 0.580407 -0.140742
v 0.137801 0.583096 -0.146006
v 0.137262 0.566816 -0.142821
v 0.135339 0.569469 -0.148166
v 0.133878 0.553607 -0.144531
v 0.132026 0.556210 -0.149938
v 0.131733 0.546833 -0.145286
v 0.129919 0.549402 -0.150714
v 0.127347 0.535320 -0.146365
v 0.125600 0.537815 -0.151810
v 0.122150 0.524313 -0.147128
v 0.120465 0.526717 -0.152558
v 0.116155 0.513898 -0.147559
v 0.114530 0.516191 -0.152936
v 0.112306 0.508122 -0.147646
v 0.110713 0.510338 -0.152973
v 0.105130 0.498745 -0.147489
v 0.103593 0.500805 -0.152692
v 0.097464 0.490233 -0.146914
v 0.095981 0.492103 -0.151942
v 0.089432 0.482543 -0.145872
v 0.087998 0.484178 -0.150660
v 0.081237 0.475679 -0.144280
v 0.079846 0.477010 -0.148737
v 0.073701 0.470026 -0.142156
v 0.072339 0.470989 -0.146171
v 0.070007 0.467433 -0.140748
v 0.068656 0.468165 -0.144454
v 0.066845 0.465284 -0.139230
v 0.065499 0.465777 -0.142586
v 0.064521 0.463740 -0.137849
v 0.063177 0.464033 -0.140874
v 0.062631 0.462511 -0.136509
v 0.061289 0.462630 -0.139209
v 0.060096 0.461761 -0.138017
v 0.059046 0.460275 -0.133336
v 0.057715 0.460096 -0.135310
v 0.057322 0.459253 -0.131403
v 0.055999 0.458956 -0.132978
v 0.056215 0.458567 -0.129242
v 0.054663 0.457897 -0.125487
v 0.056971 0.458970 -0.123387
v 0.068991 1.010988 -0.000721
v 0.070102 1.005002 0.002899
v 0.071119 0.999806 0.005019
v 0.071827 0.996288 0.006018
v 0.072900 0.991069 0.006942
v 0.073748 0.987021 0.007242
v 0.074656 0.982736 0.007195
v 0.075639 0.978121 0.006741
v 0.075914 0.976826 0.006545
v 0.077116 0.971174 0.005358
v 0.078453 0.964874 0.003474
v 0.079939 0.957874 0.000804
v 0.080957 0.953085 -0.001306
v 0.083390 0.941739 -0.006971
v 0.086229 0.928768 -0.014171
v 0.089513 0.914177 -0.022690
v 0.094666 0.892171 -0.035610
v 0.103039 0.857564 -0.054923
v 0.108518 0.834766 -0.066669
v 0.115088 0.806156 -0.080255
v 0.120956 0.778225 -0.092350
v 0.126017 0.750800 -0.103214
v 0.130231 0.723681 -0.113086
v 0.133112 0.700991 -0.120762
v 0.135491 0.677199 -0.128291
v 0.137079 0.654716 -0.134863
v 0.137752 0.636472 -0.139754
v 0.137719 0.620037 -0.143770
v 0.137263 0.609012 -0.146254
v 0.136584 0.599896 -0.148167
v 0.134944 0.585917 -0.150822
v 0.132557 0.572382 -0.153047
v 0.129337 0.559203 -0.154868
v 0.127286 0.552429 -0.155663
v 0.123076 0.540883 -0.156773
v 0.118064 0.529796 -0.157512
v 0.112263 0.519235 -0.157854
v 0.108528 0.513340 -0.157855
v 0.101550 0.503683 -0.157483
v 0.094077 0.494790 -0.156600
v 0.086227 0.486590 -0.155129
v 0.078198 0.479046 -0.152939
v 0.070793 0.472546 -0.149997
v 0.067156 0.469414 -0.148012
v 0.064036 0.466708 -0.145829
v 0.056340 0.460111 -0.137255
v 0.066885 0.464266 -0.131644
v 0.065760 0.463818 -0.134764
v 0.062705 0.462004 -0.133041
v 0.061556 0.461213 -0.129332
v 0.059853 0.460285 -0.128216
v 0.059653 0.460177 -0.128062
v 0.060216 0.460481 -0.124673
v 0.059904 0.460367 -0.122435
v 0.029937 1.002362 -0.031640
v 0.029612 1.002325 -0.032221
v 0.034297 1.002617 -0.033439
v 0.027323 1.001438 -0.036181
v 0.031920 1.001409 -0.037846
v 0.059436 1.030548 -0.051442
v 0.024221 0.999126 -0.041598
v 0.023003 0.997968 -0.043774
v 0.027914 0.997639 -0.045246
v 0.020131 0.994081 -0.049285
v 0.024449 0.992483 -0.052126
v 0.015318 0.984122 -0.060060
v 0.013790 0.980054 -0.063930
v 0.019010 0.979485 -0.065099
v 0.049476 1.010937 -0.081114
v 0.010628 0.967395 -0.074468
v 0.009133 0.959291 -0.080810
v 0.014439 0.959073 -0.081586
v 0.044593 0.993341 -0.096652
v 0.040694 0.962085 -0.119762
v 0.007032 0.922455 -0.108666
v 0.007303 0.913078 -0.116175
v 0.012541 0.913710 -0.116277
v 0.007560 0.908921 -0.119781
v 0.007960 0.902466 -0.125368
v 0.013183 0.903233 -0.125332
v 0.009222 0.889494 -0.138297
v 0.009356 0.888313 -0.139574
v 0.014582 0.889225 -0.139316
v 0.045374 0.909313 -0.174793
v 0.012498 0.867791 -0.177388
v 0.012632 0.867160 -0.182313
v 0.017915 0.867745 -0.182155
v 0.012676 0.867142 -0.188070
v 0.012687 0.867138 -0.189511
v 0.017848 0.867685 -0.189574
v 0.045814 0.904437 -0.190057
v 0.044090 0.896928 -0.193348
v 0.041924 0.890738 -0.193454
v 0.039093 0.885041 -0.193515
v 0.035661 0.879973 -0.193529
v 0.031709 0.875647 -0.193495
v 0.027328 0.872166 -0.193414
v 0.022617 0.869612 -0.193287
v 0.017684 0.868040 -0.193115
v 0.012641 0.867491 -0.192902
v 0.022891 0.869305 -0.189639
v 0.027695 0.871956 -0.189704
v 0.032147 0.875576 -0.189767
v 0.036142 0.880077 -0.189830
v 0.039582 0.885350 -0.189891
v 0.042385 0.891265 -0.189950
v 0.044480 0.897680 -0.190006
v 0.023071 0.869454 -0.182094
v 0.027971 0.872243 -0.182131
v 0.032494 0.876041 -0.182268
v 0.036525 0.880752 -0.182501
v 0.039963 0.886256 -0.182826
v 0.042722 0.892411 -0.183236
v 0.044727 0.899062 -0.183722
v 0.045926 0.906037 -0.184273
v 0.017810 0.868453 -0.176915
v 0.022997 0.870222 -0.176809
v 0.027922 0.873077 -0.176871
v 0.032461 0.876945 -0.177099
v 0.036500 0.881724 -0.177490
v 0.039933 0.887292 -0.178035
v 0.042672 0.893505 -0.178723
v 0.044644 0.900199 -0.179535
v 0.045794 0.907205 -0.180454
v 0.044250 0.902400 -0.173341
v 0.042298 0.895769 -0.172046
v 0.039574 0.889595 -0.170940
v 0.036149 0.884040 -0.170052
v 0.032114 0.879246 -0.169401
v 0.027574 0.875340 -0.169002
v 0.022646 0.872423 -0.168865
v 0.017453 0.870571 -0.168991
v 0.011608 0.872926 -0.161843
v 0.011943 0.870940 -0.166681
v 0.016380 0.876955 -0.155612
v 0.016911 0.873763 -0.161409
v 0.021530 0.878885 -0.155568
v 0.022084 0.875672 -0.161312
v 0.026422 0.881800 -0.155914
v 0.026994 0.878605 -0.161558
v 0.030932 0.885623 -0.156644
v 0.031519 0.882486 -0.162138
v 0.034947 0.890258 -0.157740
v 0.035542 0.887214 -0.163043
v 0.038363 0.895583 -0.159175
v 0.038961 0.892664 -0.164250
v 0.041092 0.901462 -0.160917
v 0.041685 0.898699 -0.165729
v 0.043062 0.907744 -0.162922
v 0.043640 0.905158 -0.167446
v 0.044220 0.914267 -0.165141
v 0.044775 0.911876 -0.169356
v 0.011101 0.876057 -0.156044
v 0.010949 0.877063 -0.154551
v 0.010236 0.881740 -0.147599
v 0.015482 0.882681 -0.147227
v 0.020602 0.884593 -0.147302
v 0.025468 0.887429 -0.147823
v 0.029960 0.891117 -0.148778
v 0.033966 0.895564 -0.150145
v 0.037386 0.900656 -0.151891
v 0.040131 0.906266 -0.153974
v 0.042129 0.912249 -0.156346
v 0.043328 0.918455 -0.158947
v 0.019684 0.891056 -0.139545
v 0.024537 0.893759 -0.140258
v 0.029022 0.897267 -0.141436
v 0.033028 0.901492 -0.143055
v 0.036456 0.906328 -0.145076
v 0.039220 0.911654 -0.147450
v 0.041247 0.917338 -0.150120
v 0.042487 0.923237 -0.153021
v 0.008862 0.892636 -0.134899
v 0.014083 0.893508 -0.134715
v 0.019181 0.895272 -0.135040
v 0.024031 0.897882 -0.135864
v 0.028515 0.901273 -0.137171
v 0.032524 0.905361 -0.138928
v 0.035959 0.910046 -0.141095
v 0.038733 0.915210 -0.143621
v 0.040776 0.920725 -0.146445
v 0.042034 0.926454 -0.149498
v 0.018283 0.904843 -0.125835
v 0.023137 0.907258 -0.126867
v 0.027629 0.910416 -0.128404
v 0.031647 0.914240 -0.130409
v 0.035095 0.918638 -0.132837
v 0.037886 0.923499 -0.135630
v 0.039950 0.928705 -0.138720
v 0.041234 0.934126 -0.142034
v 0.017656 0.915152 -0.116943
v 0.022524 0.917370 -0.118158
v 0.027028 0.920310 -0.119892
v 0.031059 0.923898 -0.122106
v 0.034519 0.928048 -0.124748
v 0.037321 0.932657 -0.127755
v 0.039397 0.937611 -0.131054
v 0.040691 0.942791 -0.134568
v 0.006979 0.924277 -0.107203
v 0.012240 0.924735 -0.107453
v 0.017377 0.925985 -0.108282
v 0.022265 0.927997 -0.109673
v 0.026787 0.930723 -0.111593
v 0.030832 0.934093 -0.113995
v 0.034301 0.938025 -0.116825
v 0.037111 0.942423 -0.120013
v 0.039188 0.947178 -0.123484
v 0.040481 0.952175 -0.127154
v 0.007106 0.935871 -0.098359
v 0.012392 0.936120 -0.098770
v 0.017553 0.937156 -0.099772
v 0.022461 0.938953 -0.101341
v 0.026999 0.941466 -0.103440
v 0.031057 0.944634 -0.106019
v 0.034533 0.948378 -0.109016
v 0.037342 0.952606 -0.112362
v 0.039413 0.957213 -0.115972
v 0.007792 0.947634 -0.089576
v 0.013097 0.947653 -0.090163
v 0.018273 0.948464 -0.091343
v 0.023196 0.950047 -0.093089
v 0.027743 0.952363 -0.095359
v 0.031806 0.955353 -0.098099
v 0.035282 0.958946 -0.101242
v 0.038086 0.963049 -0.104713
v 0.040146 0.967562 -0.108427
v 0.041408 0.972373 -0.112295
v 0.019615 0.959664 -0.082950
v 0.024536 0.961048 -0.084869
v 0.029080 0.963194 -0.087295
v 0.033137 0.966045 -0.090170
v 0.036605 0.969530 -0.093427
v 0.039397 0.973563 -0.096983
v 0.041444 0.978043 -0.100754
v 0.042691 0.982858 -0.104646
v 0.011199 0.970477 -0.072048
v 0.016477 0.970046 -0.073026
v 0.021627 0.970450 -0.074570
v 0.026523 0.971678 -0.076645
v 0.031044 0.973700 -0.079196
v 0.035080 0.976466 -0.082165
v 0.038532 0.979906 -0.085479
v 0.041312 0.983934 -0.089057
v 0.043350 0.988451 -0.092813
v 0.024102 0.979781 -0.066793
v 0.028948 0.980933 -0.068975
v 0.033426 0.982913 -0.071592
v 0.037430 0.985673 -0.074580
v 0.040862 0.989145 -0.077867
v 0.043635 0.993240 -0.081376
v 0.045680 0.997860 -0.085020
v 0.046946 1.002889 -0.088710
v 0.016576 0.987464 -0.056875
v 0.021712 0.986860 -0.058194
v 0.026728 0.987147 -0.059987
v 0.031505 0.988318 -0.062209
v 0.035929 0.990346 -0.064810
v 0.039897 0.993178 -0.067728
v 0.043309 0.996748 -0.070895
v 0.046087 1.000968 -0.074234
v 0.048160 1.005737 -0.077668
v 0.029376 0.992856 -0.053953
v 0.034077 0.994130 -0.056142
v 0.038441 0.996277 -0.058644
v 0.042371 0.999244 -0.061401
v 0.045773 1.002961 -0.064349
v 0.048567 1.007344 -0.067421
v 0.050686 1.012285 -0.070547
v 0.052079 1.017669 -0.073653
v 0.021876 0.996637 -0.045863
v 0.026828 0.996228 -0.047331
v 0.031673 0.996740 -0.049133
v 0.036303 0.998161 -0.051228
v 0.040617 1.000458 -0.053570
v 0.044516 1.003578 -0.056106
v 0.047914 1.007450 -0.058783
v 0.050731 1.011985 -0.061538
v 0.052904 1.017081 -0.064312
v 0.054381 1.022621 -0.067041
v 0.032721 0.998232 -0.047015
v 0.037320 0.999733 -0.049043
v 0.041610 1.002109 -0.051288
v 0.045497 1.005306 -0.053698
v 0.048893 1.009251 -0.056223
v 0.051724 1.013857 -0.058806
v 0.053925 1.019021 -0.061391
v 0.055445 1.024626 -0.063920
v 0.025164 1.000019 -0.039917
v 0.029997 0.999870 -0.041361
v 0.034733 1.000641 -0.043032
v 0.039272 1.002313 -0.044890
v 0.043519 1.004851 -0.046899
v 0.047384 1.008198 -0.049016
v 0.050782 1.012283 -0.051197
v 0.053643 1.017019 -0.053396
v 0.055901 1.022300 -0.055565
v 0.057507 1.028014 -0.057659
v 0.036592 1.002360 -0.039371
v 0.041079 1.004198 -0.041015
v 0.045289 1.006885 -0.042747
v 0.049136 1.010366 -0.044529
v 0.052539 1.014567 -0.046326
v 0.055430 1.019399 -0.048102
v 0.057745 1.024764 -0.049819
v 0.042749 1.005487 -0.037320
v 0.046927 1.008300 -0.038736
v 0.050759 1.011881 -0.040150
v 0.054170 1.016161 -0.041530
v 0.057090 1.021052 -0.042852
v 0.059459 1.026457 -0.044087
v 0.061228 1.032265 -0.045211
v 0.038897 1.003790 -0.034706
v 0.047493 1.008669 -0.037295
v 0.051321 1.012278 -0.038565
v 0.054734 1.016576 -0.039787
v 0.057664 1.021477 -0.040936
v 0.060051 1.026883 -0.041990
v 0.061847 1.032687 -0.042927
v 0.063315 1.033255 -0.037155
v 0.061457 1.027494 -0.036701
v 0.059028 1.022116 -0.036115
v 0.056074 1.017223 -0.035411
v 0.052654 1.012910 -0.034600
v 0.048835 1.009261 -0.033700
v 0.044689 1.006346 -0.032728
v 0.040294 1.004222 -0.031700
v 0.035734 1.002930 -0.030639
v 0.064629 1.033098 -0.031443
v 0.062719 1.027429 -0.031473
v 0.060253 1.022126 -0.031358
v 0.057280 1.017287 -0.031102
v 0.053854 1.013007 -0.030708
v 0.050041 1.009362 -0.030185
v 0.045913 1.006423 -0.029543
v 0.006815 0.873492 -0.211231
v 0.018739 0.875332 -0.210577
v 0.020329 0.874981 -0.209100
v 0.031506 0.882727 -0.208431
v 0.033059 0.884173 -0.208104
v 0.024831 0.877901 -0.209729
v 0.027503 0.879679 -0.209221
v 0.012101 0.873841 -0.211104
v 0.013757 0.874213 -0.210972
v 0.017234 0.872578 -0.206951
v 0.011306 0.872416 -0.208756
v 0.008786 0.871195 -0.206402
v 0.018123 0.872240 -0.205838
v 0.014045 0.870794 -0.204642
v 0.011830 0.868833 -0.199409
v 0.016253 0.869665 -0.200918
v 0.020326 0.871609 -0.203086
v -0.034780 0.895524 -0.214902
v -0.037041 0.895660 -0.212056
v -0.034140 0.885411 -0.207896
v -0.031046 0.882241 -0.208525
v -0.031256 0.882406 -0.208482
v 0.019103 0.876019 -0.210341
v -0.009392 0.873666 -0.211168
v -0.006848 0.873496 -0.211230
v -0.013847 0.874220 -0.210969
v -0.018481 0.875251 -0.210604
v -0.021986 0.876574 -0.210157
v -0.024432 0.877821 -0.209767
v -0.033838 0.895378 -0.215969
v -0.030400 0.894542 -0.219010
v -0.024561 0.893199 -0.222899
v -0.022231 0.892821 -0.224067
v -0.018372 0.892196 -0.226000
v -0.013839 0.891830 -0.227736
v -0.011827 0.891667 -0.228507
v -0.011830 0.868833 -0.199409
v -0.016255 0.869665 -0.200916
v -0.008798 0.871186 -0.206381
v -0.011321 0.872407 -0.208736
v -0.017250 0.872571 -0.206932
v -0.014057 0.870786 -0.204623
v -0.018127 0.872239 -0.205834
v -0.020328 0.871608 -0.203083
v -0.029937 1.002362 -0.031640
v -0.035735 1.002930 -0.030639
v -0.027323 1.001438 -0.036181
v -0.028985 1.002156 -0.033318
v -0.033689 1.002385 -0.034583
v -0.024221 0.999126 -0.041598
v -0.025164 1.000019 -0.039917
v -0.029997 0.999870 -0.041361
v -0.020131 0.994081 -0.049285
v -0.021876 0.996637 -0.045863
v -0.026828 0.996228 -0.047331
v -0.015318 0.984122 -0.060060
v -0.016576 0.987464 -0.056875
v -0.021712 0.986860 -0.058194
v -0.046953 1.006401 -0.093867
v -0.045008 0.998484 -0.100482
v -0.044593 0.993341 -0.096652
v -0.041408 0.972373 -0.112295
v -0.041841 0.977361 -0.116220
v -0.041150 0.967103 -0.123637
v -0.027328 0.872166 -0.193412
v -0.012641 0.867491 -0.192899
v -0.017684 0.868040 -0.193113
v -0.022617 0.869610 -0.193285
v -0.031709 0.875647 -0.193493
v -0.035661 0.879973 -0.193526
v -0.039093 0.885043 -0.193512
v -0.041925 0.890738 -0.193451
v -0.044090 0.896929 -0.193346
v -0.045537 0.903468 -0.193198
v -0.012687 0.867138 -0.189509
v -0.017848 0.867685 -0.189572
v -0.012676 0.867142 -0.188070
v -0.017915 0.867745 -0.182155
v -0.012632 0.867160 -0.182313
v -0.012498 0.867791 -0.177388
v -0.017810 0.868453 -0.176915
v -0.045374 0.909313 -0.174794
v -0.046090 0.914339 -0.181455
v -0.045794 0.907205 -0.180454
v -0.046284 0.913162 -0.184875
v -0.045926 0.906037 -0.184273
v -0.046352 0.911375 -0.190103
v -0.012128 0.869833 -0.169376
v -0.017453 0.870571 -0.168991
v -0.016911 0.873763 -0.161409
v -0.045057 0.918678 -0.171412
v -0.045471 0.917008 -0.174937
v -0.045639 0.916331 -0.176366
v -0.011608 0.872926 -0.161844
v -0.011101 0.876057 -0.156043
v -0.016380 0.876955 -0.155612
v -0.010949 0.877063 -0.154551
v -0.015482 0.882681 -0.147227
v -0.010236 0.881740 -0.147599
v -0.009356 0.888313 -0.139574
v -0.014582 0.889225 -0.139316
v -0.009222 0.889494 -0.138297
v -0.014083 0.893508 -0.134715
v -0.044775 0.911876 -0.169357
v -0.044220 0.914267 -0.165140
v -0.044531 0.920863 -0.167516
v -0.043328 0.918455 -0.158947
v -0.043695 0.924727 -0.161710
v -0.042487 0.923237 -0.153021
v -0.042904 0.929204 -0.156083
v -0.042034 0.926454 -0.149498
v -0.041703 0.939631 -0.145492
v -0.042464 0.932350 -0.152613
v -0.008862 0.892636 -0.134899
v -0.007960 0.902466 -0.125368
v -0.013183 0.903233 -0.125332
v -0.012541 0.913710 -0.116277
v -0.007560 0.908921 -0.119781
v -0.007303 0.913078 -0.116175
v -0.012240 0.924735 -0.107453
v -0.007032 0.922455 -0.108666
v -0.041234 0.934126 -0.142034
v -0.040691 0.942791 -0.134568
v -0.041171 0.948067 -0.138211
v -0.040481 0.952175 -0.127154
v -0.040955 0.957290 -0.130935
v -0.040973 0.958202 -0.130258
v -0.040694 0.962085 -0.119762
v -0.022891 0.869305 -0.189637
v -0.023071 0.869454 -0.182094
v -0.022997 0.870222 -0.176809
v -0.022646 0.872423 -0.168865
v -0.022084 0.875672 -0.161313
v -0.021530 0.878885 -0.155568
v -0.020602 0.884593 -0.147302
v -0.019684 0.891056 -0.139545
v -0.019181 0.895272 -0.135040
v -0.018283 0.904843 -0.125835
v -0.017656 0.915152 -0.116943
v -0.017377 0.925985 -0.108282
v -0.012392 0.936120 -0.098770
v -0.017553 0.937156 -0.099772
v -0.013097 0.947653 -0.090163
v -0.018273 0.948464 -0.091343
v -0.014439 0.959073 -0.081586
v -0.019615 0.959664 -0.082950
v -0.027695 0.871956 -0.189701
v -0.027971 0.872243 -0.182131
v -0.027922 0.873077 -0.176871
v -0.027574 0.875340 -0.169002
v -0.026994 0.878605 -0.161558
v -0.026422 0.881800 -0.155914
v -0.025468 0.887429 -0.147823
v -0.024537 0.893759 -0.140258
v -0.024031 0.897882 -0.135864
v -0.023137 0.907258 -0.126867
v -0.022524 0.917370 -0.118158
v -0.022265 0.927997 -0.109673
v -0.022461 0.938953 -0.101341
v -0.023196 0.950047 -0.093089
v -0.024536 0.961048 -0.084869
v -0.032147 0.875576 -0.189765
v -0.032494 0.876041 -0.182268
v -0.032461 0.876945 -0.177100
v -0.032115 0.879246 -0.169401
v -0.031519 0.882486 -0.162139
v -0.030932 0.885623 -0.156644
v -0.029960 0.891117 -0.148778
v -0.029022 0.897267 -0.141436
v -0.028515 0.901273 -0.137171
v -0.027629 0.910416 -0.128404
v -0.027028 0.920310 -0.119892
v -0.026787 0.930723 -0.111593
v -0.026999 0.941466 -0.103440
v -0.027743 0.952363 -0.095359
v -0.029080 0.963194 -0.087295
v -0.036142 0.880077 -0.189828
v -0.036525 0.880752 -0.182501
v -0.036500 0.881724 -0.177491
v -0.036149 0.884040 -0.170052
v -0.035542 0.887214 -0.163044
v -0.034947 0.890258 -0.157740
v -0.033966 0.895564 -0.150145
v -0.033028 0.901492 -0.143055
v -0.032524 0.905361 -0.138928
v -0.031647 0.914240 -0.130409
v -0.031059 0.923898 -0.122106
v -0.030832 0.934093 -0.113995
v -0.031057 0.944634 -0.106019
v -0.031806 0.955353 -0.098099
v -0.033137 0.966045 -0.090170
v -0.039583 0.885350 -0.189889
v -0.039963 0.886256 -0.182826
v -0.039933 0.887292 -0.178036
v -0.039574 0.889595 -0.170941
v -0.038961 0.892664 -0.164250
v -0.038363 0.895583 -0.159175
v -0.037386 0.900656 -0.151891
v -0.036456 0.906328 -0.145076
v -0.035959 0.910046 -0.141095
v -0.035095 0.918638 -0.132837
v -0.034519 0.928048 -0.124748
v -0.034301 0.938025 -0.116825
v -0.034533 0.948378 -0.109016
v -0.035282 0.958946 -0.101242
v -0.036605 0.969530 -0.093427
v -0.042385 0.891265 -0.189948
v -0.042722 0.892411 -0.183236
v -0.042672 0.893505 -0.178723
v -0.042298 0.895769 -0.172046
v -0.041685 0.898699 -0.165730
v -0.041092 0.901462 -0.160917
v -0.040130 0.906266 -0.153974
v -0.039220 0.911654 -0.147450
v -0.038733 0.915210 -0.143621
v -0.037886 0.923499 -0.135630
v -0.037321 0.932657 -0.127755
v -0.037111 0.942423 -0.120013
v -0.037342 0.952606 -0.112362
v -0.038086 0.963049 -0.104713
v -0.039397 0.973563 -0.096983
v -0.044481 0.897680 -0.190004
v -0.044727 0.899062 -0.183722
v -0.044644 0.900199 -0.179536
v -0.044250 0.902399 -0.173342
v -0.043640 0.905158 -0.167447
v -0.043062 0.907744 -0.162922
v -0.042129 0.912249 -0.156346
v -0.041247 0.917338 -0.150120
v -0.040776 0.920725 -0.146445
v -0.039950 0.928705 -0.138720
v -0.039397 0.937611 -0.131054
v -0.039188 0.947178 -0.123484
v -0.039413 0.957213 -0.115972
v -0.040146 0.967562 -0.108427
v -0.041444 0.978043 -0.100754
v -0.042691 0.982858 -0.104646
v -0.043103 0.987887 -0.108563
v -0.042416 0.982162 -0.112732
v -0.009133 0.959291 -0.080810
v -0.010628 0.967395 -0.074468
v -0.016477 0.970046 -0.073026
v -0.043350 0.988451 -0.092813
v -0.041312 0.983934 -0.089057
v -0.038532 0.979906 -0.085479
v -0.035080 0.976466 -0.082165
v -0.031044 0.973700 -0.079196
v -0.026523 0.971678 -0.076645
v -0.021627 0.970450 -0.074570
v -0.007792 0.947634 -0.089576
v -0.007106 0.935871 -0.098359
v -0.006979 0.924277 -0.107203
v -0.047397 1.008202 -0.092357
v -0.046946 1.002889 -0.088710
v -0.045680 0.997860 -0.085020
v -0.043635 0.993240 -0.081376
v -0.040862 0.989145 -0.077867
v -0.037430 0.985673 -0.074580
v -0.033426 0.982913 -0.071592
v -0.028948 0.980933 -0.068975
v -0.024103 0.979781 -0.066793
v -0.019010 0.979485 -0.065099
v -0.013790 0.980054 -0.063930
v -0.050001 1.016444 -0.084488
v -0.049476 1.010937 -0.081114
v -0.048160 1.005737 -0.077668
v -0.046087 1.000968 -0.074234
v -0.043309 0.996748 -0.070895
v -0.039897 0.993178 -0.067728
v -0.035929 0.990346 -0.064810
v -0.031505 0.988318 -0.062209
v -0.026728 0.987147 -0.059987
v -0.011199 0.970477 -0.072048
v -0.024449 0.992483 -0.052126
v -0.029376 0.992856 -0.053953
v -0.034077 0.994130 -0.056142
v -0.038441 0.996277 -0.058644
v -0.042371 0.999244 -0.061401
v -0.045773 1.002961 -0.064349
v -0.048567 1.007344 -0.067421
v -0.050686 1.012285 -0.070547
v -0.052079 1.017669 -0.073653
v -0.055125 1.028476 -0.069664
v -0.053707 1.025480 -0.073774
v -0.052710 1.023369 -0.076666
v -0.055445 1.024626 -0.063920
v -0.054381 1.022621 -0.067041
v -0.053925 1.019021 -0.061391
v -0.052904 1.017081 -0.064312
v -0.051724 1.013857 -0.058806
v -0.050731 1.011985 -0.061538
v -0.048893 1.009251 -0.056223
v -0.047914 1.007450 -0.058783
v -0.045497 1.005306 -0.053698
v -0.044516 1.003578 -0.056106
v -0.041610 1.002109 -0.051288
v -0.040617 1.000458 -0.053570
v -0.037320 0.999733 -0.049043
v -0.036303 0.998161 -0.051228
v -0.032722 0.998232 -0.047015
v -0.031673 0.996740 -0.049133
v -0.027914 0.997639 -0.045246
v -0.023003 0.997968 -0.043774
v -0.057507 1.028014 -0.057659
v -0.055901 1.022300 -0.055565
v -0.053643 1.017019 -0.053396
v -0.050782 1.012283 -0.051197
v -0.047384 1.008198 -0.049016
v -0.043519 1.004851 -0.046899
v -0.039272 1.002313 -0.044890
v -0.034733 1.000641 -0.043032
v -0.059436 1.030548 -0.051442
v -0.057745 1.024764 -0.049819
v -0.055430 1.019399 -0.048102
v -0.052539 1.014567 -0.046326
v -0.049136 1.010366 -0.044529
v -0.045289 1.006885 -0.042747
v -0.041079 1.004198 -0.041015
v -0.036592 1.002360 -0.039371
v -0.031920 1.001409 -0.037846
v -0.061228 1.032265 -0.045211
v -0.059459 1.026457 -0.044087
v -0.057090 1.021052 -0.042852
v -0.054170 1.016161 -0.041530
v -0.050760 1.011881 -0.040150
v -0.046927 1.008300 -0.038736
v -0.042749 1.005487 -0.037320
v -0.061847 1.032687 -0.042927
v -0.060051 1.026883 -0.041990
v -0.057664 1.021477 -0.040936
v -0.054734 1.016576 -0.039787
v -0.051321 1.012278 -0.038565
v -0.047493 1.008669 -0.037295
v -0.038897 1.003790 -0.034706
v -0.063315 1.033255 -0.037155
v -0.061457 1.027494 -0.036701
v -0.059028 1.022116 -0.036115
v -0.056074 1.017223 -0.035411
v -0.052654 1.012910 -0.034600
v -0.048835 1.009261 -0.033700
v -0.044689 1.006346 -0.032728
v -0.040294 1.004222 -0.031700
v -0.056245 1.030546 -0.066337
v -0.058423 1.034036 -0.059631
v -0.060464 1.036630 -0.052936
v -0.062359 1.038359 -0.046200
v -0.063012 1.038774 -0.043726
v -0.065945 1.039025 -0.031268
v -0.064933 1.039217 -0.035803
v -0.064561 1.039287 -0.037468
v -0.045913 1.006423 -0.029543
v -0.050041 1.009362 -0.030185
v -0.053854 1.013007 -0.030708
v -0.057280 1.017287 -0.031102
v -0.060253 1.022126 -0.031358
v -0.062719 1.027429 -0.031473
v -0.064629 1.033098 -0.031443
v -0.005002 1.269353 0.021909
v -0.008030 1.269286 0.022370
v -0.036662 1.269286 0.022370
v -0.036664 1.268421 0.027261
v 0.003142 1.269476 0.021063
v 0.036662 1.269286 0.022370
v 0.008030 1.269286 0.022370
v 0.036664 1.268414 0.027261
v 0.005744 1.269323 0.022115
v -0.002294 1.269560 0.020473
v 0.036666 1.267168 0.034262
v -0.036666 1.267277 0.033731
v 0.036660 1.263557 0.048898
v -0.036662 1.263850 0.047864
v 0.036650 1.261783 0.054280
v -0.036650 1.261786 0.054281
v 0.036633 1.258898 0.063033
v -0.036637 1.259458 0.061514
v 0.036573 1.253110 0.076795
v -0.036583 1.254029 0.074809
v 0.036558 1.252018 0.079001
v -0.036555 1.251928 0.078972
v 0.036528 1.249796 0.083484
v -0.036493 1.247512 0.087722
v 0.036413 1.242679 0.095881
v -0.036362 1.239860 0.100217
v 0.036341 1.238871 0.101416
v -0.035637 1.204230 0.139041
v 0.035636 1.204328 0.139120
v -0.035730 1.209115 0.135081
v 0.035855 1.215189 0.129514
v -0.035954 1.219864 0.124870
v 0.036030 1.223508 0.120875
v -0.036029 1.223462 0.120852
v 0.036069 1.225369 0.118940
v -0.036160 1.229666 0.113911
v 0.036258 1.234533 0.107717
v -0.036335 1.238472 0.102251
v 0.035431 1.125271 0.180308
v 0.035193 1.139094 0.175688
v -0.035161 1.142352 0.174458
v 0.035146 1.144322 0.173690
v -0.035113 1.155459 0.168922
v 0.035117 1.155440 0.168897
v 0.035105 1.159729 0.167037
v -0.035175 1.172923 0.160301
v 0.035188 1.174269 0.159553
v -0.035277 1.181634 0.155074
v 0.035277 1.181631 0.155073
v -0.035339 1.186950 0.151872
v 0.035353 1.187940 0.151220
v -0.035507 1.197416 0.144551
v 0.035568 1.200741 0.142012
v -0.035398 1.125816 0.180240
v 0.035499 1.121200 0.181660
v -0.035540 1.119513 0.182158
v 0.036073 1.102635 0.186612
v -0.036153 1.100600 0.187086
v 0.036549 1.092437 0.188742
v -0.036549 1.092438 0.188742
v 0.036968 1.083374 0.190616
v -0.037098 1.081061 0.191027
v 0.038241 1.063430 0.193720
v -0.038431 1.060869 0.194050
v 0.039069 1.053396 0.194829
v -0.039069 1.053397 0.194829
v 0.039880 1.043499 0.195909
v -0.040204 1.040027 0.196206
v -0.040947 1.032484 0.196771
v 0.042331 1.019699 0.197493
v -0.043434 1.010433 0.197840
v 0.043661 1.009133 0.197781
v -0.043610 1.009145 0.197854
v 0.045157 0.997163 0.198101
v -0.046836 0.985341 0.198114
v 0.048616 0.973741 0.197943
v 0.051125 0.959160 0.197381
v 0.053229 0.946851 0.196910
v -0.061696 0.904255 0.193738
v 0.058686 0.918696 0.195001
v -0.061978 0.902989 0.193603
v -0.050981 0.959486 0.197500
v -0.055936 0.932514 0.196035
v -0.068229 0.874783 0.190645
v 0.064978 0.889174 0.192236
v 0.062042 0.902983 0.193517
v 0.073191 0.853545 0.188042
v 0.072142 0.857986 0.188610
v -0.076392 0.840088 0.186209
v -0.075249 0.844882 0.186900
v -0.092490 0.769952 0.175417
v 0.092533 0.769949 0.175452
v 0.092237 0.771412 0.175708
v -0.082074 0.816215 0.182832
v 0.079939 0.825215 0.184155
v 0.076401 0.840087 0.186176
v 0.086347 0.797904 0.180023
v -0.088472 0.788558 0.178533
v -0.103617 0.710159 0.164783
v 0.106207 0.692047 0.161334
v 0.097477 0.745606 0.171254
v -0.094259 0.761778 0.174073
v 0.101995 0.720321 0.166677
v -0.099324 0.735709 0.169486
v -0.112375 0.606914 0.143966
v 0.112375 0.606914 0.143966
v -0.112364 0.617088 0.146140
v 0.112401 0.609375 0.144494
v -0.111766 0.633954 0.149685
v 0.112134 0.625768 0.147973
v -0.106127 0.692054 0.161306
v 0.106358 0.690917 0.161117
v -0.107296 0.683508 0.159678
v 0.110846 0.648031 0.152588
v 0.108927 0.669098 0.156838
v -0.111445 0.639467 0.150828
v -0.109725 0.661078 0.155233
v 0.042279 1.258360 0.062915
v 0.042200 1.249259 0.083342
v 0.041942 1.234000 0.107543
v 0.071919 1.200044 0.081760
v 0.071966 1.201691 0.079431
v 0.071685 1.208036 0.082035
v 0.041521 1.214677 0.129293
v 0.041275 1.203538 0.139136
v 0.040764 1.173915 0.159205
v 0.050368 0.998538 0.197672
v 0.133367 0.609286 0.136252
v 0.135183 0.609842 0.134758
v 0.137277 0.610752 0.132404
v 0.138476 0.611273 0.131056
v 0.138545 0.614124 0.131615
v 0.108509 0.856835 0.159232
v 0.106007 0.861496 0.165043
v 0.110223 0.844299 0.162573
v 0.104963 0.863171 0.166930
v 0.102445 0.867032 0.170665
v 0.108430 0.842456 0.167382
v 0.095587 0.911290 0.165412
v 0.096731 0.906366 0.164927
v 0.097003 0.907039 0.159913
v 0.086619 0.956336 0.163444
v 0.086087 0.959125 0.163577
v 0.085782 0.958985 0.167800
v 0.069993 1.108860 0.153695
v 0.070148 1.107640 0.152324
v 0.063997 1.122180 0.165152
v 0.063591 1.122890 0.165484
v 0.063698 1.115531 0.167911
v 0.072187 1.225352 0.037644
v 0.071843 1.228006 0.037410
v 0.071941 1.226699 0.041962
v 0.066590 1.246658 0.034558
v 0.065561 1.248520 0.033925
v 0.065669 1.245541 0.045516
v 0.042273 1.266628 0.034185
v 0.041554 1.268821 0.022665
v 0.047740 1.265020 0.033963
v 0.047935 1.266762 0.023971
v 0.052010 1.264479 0.025415
v 0.052930 1.262384 0.033600
v 0.052875 1.263789 0.025852
v 0.057715 1.258783 0.033107
v 0.057658 1.259634 0.028481
v 0.056533 1.260866 0.027701
v 0.063603 1.252059 0.032723
v 0.063016 1.252889 0.032295
v 0.060271 1.256772 0.030294
v 0.062039 1.250753 0.046498
v 0.068576 1.239695 0.044414
v 0.068466 1.242057 0.035564
v 0.070683 1.233362 0.043220
v 0.071272 1.232424 0.037018
v 0.070561 1.235169 0.036653
v 0.069359 1.239802 0.036037
v 0.072330 1.220959 0.037967
v 0.070457 1.147491 0.130309
v 0.070354 1.141942 0.134865
v 0.070409 1.144160 0.132172
v 0.068852 1.155715 0.139345
v 0.068682 1.148680 0.143207
v 0.070090 1.151652 0.134881
v 0.069814 1.145755 0.139373
v 0.063906 1.163156 0.147509
v 0.064859 1.153057 0.150922
v 0.066774 1.159581 0.143590
v 0.066664 1.151650 0.147814
v 0.060318 1.166349 0.151004
v 0.056097 1.169082 0.153989
v 0.059698 1.153169 0.158361
v 0.056532 1.138481 0.167800
v 0.056123 1.140613 0.167303
v 0.055816 1.144771 0.165866
v 0.055831 1.148084 0.164446
v 0.055892 1.155307 0.161146
v 0.056750 1.149542 0.163009
v 0.058658 1.132287 0.168182
v 0.055809 1.135813 0.169435
v 0.060135 1.117400 0.171824
v 0.062072 1.125545 0.166722
v 0.060092 1.129241 0.167785
v 0.055973 1.118941 0.175183
v 0.066575 1.113375 0.163536
v 0.066460 1.117789 0.162219
v 0.064336 1.121592 0.164817
v 0.068634 1.113196 0.158183
v 0.068719 1.108749 0.159500
v 0.070591 1.101634 0.150044
v 0.065418 1.112061 0.166253
v 0.063899 1.112500 0.168612
v 0.060259 1.111222 0.173651
v 0.061347 1.111996 0.172183
v 0.057508 1.105930 0.177849
v 0.059274 1.110108 0.175006
v 0.059033 1.091226 0.180457
v 0.057159 1.083305 0.183897
v 0.057323 1.098097 0.180147
v 0.057078 1.100936 0.179590
v 0.061279 1.082540 0.180438
v 0.061408 1.085584 0.179550
v 0.063249 1.063996 0.182613
v 0.065144 1.065691 0.179948
v 0.064565 1.079693 0.177234
v 0.066406 1.066081 0.178063
v 0.067243 1.066079 0.176728
v 0.067397 1.074787 0.174051
v 0.069666 1.070518 0.170341
v 0.070664 1.063603 0.169682
v 0.071785 1.065090 0.164636
v 0.071451 1.062458 0.167567
v 0.072099 1.060583 0.164799
v 0.072611 1.060508 0.159332
v 0.062526 1.062831 0.183630
v 0.062270 1.045702 0.187209
v 0.059796 1.045695 0.189195
v 0.061756 1.047717 0.187299
v 0.060974 1.052879 0.187033
v 0.058292 1.064504 0.186976
v 0.060928 1.056022 0.186488
v 0.063530 1.041900 0.186736
v 0.062091 1.023196 0.190872
v 0.064420 1.039718 0.186265
v 0.067783 1.032982 0.183784
v 0.066126 1.023579 0.187401
v 0.072110 1.025567 0.178644
v 0.070928 1.027609 0.180414
v 0.069589 1.023738 0.183345
v 0.074745 1.020677 0.174013
v 0.074446 1.021378 0.174791
v 0.073976 1.015346 0.178045
v 0.075187 1.014639 0.175361
v 0.076456 1.016667 0.169560
v 0.076538 1.012971 0.171615
v 0.077571 1.011935 0.163899
v 0.077635 1.010302 0.167168
v 0.078081 1.008106 0.164036
v 0.068127 1.007374 0.188052
v 0.069122 1.011749 0.186274
v 0.070118 1.013638 0.184729
v 0.068059 1.002468 0.188860
v 0.064771 1.001849 0.191612
v 0.068081 0.979613 0.191623
v 0.070202 0.992173 0.188333
v 0.069035 0.996161 0.188864
v 0.068598 0.998171 0.188981
v 0.074966 0.981771 0.184770
v 0.074476 0.982654 0.185219
v 0.072047 0.980708 0.188201
v 0.072177 0.987221 0.187076
v 0.077932 0.976807 0.181603
v 0.080815 0.972159 0.177553
v 0.082203 0.969772 0.175072
v 0.084344 0.961370 0.172886
v 0.084577 0.964699 0.169120
v 0.085001 0.929215 0.182094
v 0.081741 0.928670 0.185779
v 0.082584 0.934016 0.184153
v 0.078603 0.947214 0.186426
v 0.076460 0.955420 0.187421
v 0.080565 0.939120 0.185562
v 0.078294 0.950247 0.186309
v 0.091140 0.902291 0.179368
v 0.088790 0.922945 0.178004
v 0.091408 0.903618 0.178738
v 0.089847 0.921308 0.176494
v 0.091767 0.918333 0.173753
v 0.094083 0.907703 0.172874
v 0.093061 0.916229 0.171457
v 0.097989 0.902843 0.159205
v 0.095350 0.879516 0.178230
v 0.093310 0.884698 0.179754
v 0.094918 0.870245 0.179907
v 0.092072 0.888949 0.180492
v 0.087875 0.900405 0.183284
v 0.090951 0.895838 0.180714
v 0.097439 0.875354 0.176364
v 0.098153 0.872401 0.176012
v 0.105893 0.840335 0.171777
v 0.099187 0.868096 0.175479
v 0.100940 0.869416 0.172568
v 0.144122 0.638539 0.121751
v 0.144337 0.619633 0.118246
v 0.144751 0.622226 0.113502
v 0.144117 0.616418 0.118389
v 0.142679 0.614364 0.123362
v 0.143085 0.614745 0.122428
v 0.140215 0.612352 0.128343
v 0.141198 0.615811 0.127464
v 0.128634 0.608097 0.139528
v 0.131331 0.608662 0.137927
v 0.123259 0.607278 0.142005
v 0.127016 0.607759 0.140488
v 0.127074 0.610439 0.141048
v 0.122878 0.607229 0.142159
v 0.122389 0.609769 0.142929
v 0.117842 0.606900 0.143444
v 0.115902 0.606888 0.143671
v 0.117458 0.609411 0.144087
v 0.144467 0.639720 0.116690
v 0.143056 0.665038 0.121421
v 0.141986 0.676790 0.123614
v 0.140808 0.685551 0.130635
v 0.142793 0.663043 0.126384
v 0.111499 0.692336 0.160954
v 0.114069 0.670239 0.156631
v 0.115979 0.648884 0.152332
v 0.117241 0.626218 0.147645
v 0.141031 0.687481 0.125628
v 0.138336 0.710523 0.129855
v 0.138145 0.708675 0.134907
v 0.137709 0.715226 0.130704
v 0.137526 0.713395 0.135764
v 0.136271 0.724707 0.132369
v 0.133621 0.739609 0.140438
v 0.110900 0.696862 0.161823
v 0.107123 0.722095 0.166565
v 0.102584 0.747645 0.171174
v 0.133777 0.741332 0.135330
v 0.129095 0.767494 0.139815
v 0.128953 0.765895 0.144967
v 0.128441 0.770680 0.140333
v 0.123582 0.792318 0.149339
v 0.110172 0.852053 0.152942
v 0.111406 0.846969 0.152231
v 0.111225 0.845817 0.157479
v 0.116850 0.824122 0.148866
v 0.117617 0.818947 0.153528
v 0.117770 0.820263 0.148306
v 0.123723 0.793782 0.144150
v 0.142989 0.636500 0.126534
v 0.141713 0.660977 0.131222
v 0.139762 0.683500 0.135514
v 0.137127 0.706654 0.139824
v 0.136512 0.711383 0.140690
v 0.132631 0.737651 0.145406
v 0.127978 0.764010 0.149974
v 0.122612 0.790531 0.154381
v 0.116638 0.817280 0.158599
v 0.141082 0.634511 0.131075
v 0.139846 0.658894 0.135810
v 0.137920 0.681380 0.140136
v 0.135306 0.704513 0.144479
v 0.134697 0.709240 0.145351
v 0.130837 0.735508 0.150103
v 0.126200 0.761892 0.154703
v 0.120841 0.788466 0.159140
v 0.114862 0.815305 0.163385
v 0.138451 0.632624 0.135262
v 0.137238 0.656848 0.140031
v 0.135329 0.679247 0.144382
v 0.132733 0.702311 0.148750
v 0.132126 0.707025 0.149627
v 0.128285 0.733239 0.154406
v 0.123663 0.759595 0.159031
v 0.118313 0.786181 0.163492
v 0.112336 0.813075 0.167758
v 0.084988 0.827687 0.184077
v 0.091408 0.800307 0.179963
v 0.097321 0.773665 0.175646
v 0.135159 0.630888 0.138988
v 0.133957 0.654890 0.143777
v 0.132058 0.677155 0.148143
v 0.129474 0.700102 0.152526
v 0.128869 0.704794 0.153406
v 0.125044 0.730900 0.158201
v 0.120437 0.757182 0.162843
v 0.115099 0.783734 0.167320
v 0.109127 0.810649 0.171604
v 0.102680 0.837992 0.175644
v 0.095956 0.865910 0.179370
v 0.070046 0.891466 0.192052
v 0.077191 0.860424 0.188487
v 0.078239 0.855995 0.187927
v 0.063784 0.920797 0.194750
v 0.058361 0.948732 0.196593
v 0.131290 0.629343 0.142161
v 0.130086 0.653071 0.146954
v 0.128190 0.675159 0.151323
v 0.125614 0.697946 0.155708
v 0.125012 0.702608 0.156589
v 0.121199 0.728555 0.161389
v 0.116609 0.754714 0.166037
v 0.111286 0.781191 0.170524
v 0.105323 0.808091 0.174823
v 0.098875 0.835490 0.178881
v 0.092139 0.863544 0.182634
v 0.091097 0.867909 0.183176
v 0.084024 0.898322 0.186590
v 0.077854 0.926884 0.189125
v 0.072534 0.953960 0.190806
v 0.053789 0.975364 0.197564
v 0.047580 1.020831 0.197025
v 0.045171 1.044370 0.195412
v 0.126940 0.628028 0.144701
v 0.125724 0.651436 0.149478
v 0.123827 0.673309 0.153837
v 0.121254 0.695897 0.158214
v 0.120653 0.700520 0.159093
v 0.116853 0.726267 0.163885
v 0.112278 0.752260 0.168531
v 0.106972 0.778621 0.173020
v 0.101024 0.805468 0.177328
v 0.094582 0.832893 0.181406
v 0.087838 0.861060 0.185189
v 0.086794 0.865450 0.185736
v 0.079694 0.896100 0.189194
v 0.073490 0.924943 0.191777
v 0.068134 0.952332 0.193505
v 0.063641 0.978336 0.194366
v 0.060295 1.000911 0.194390
v 0.057581 1.022601 0.193676
v 0.055250 1.045481 0.192014
v 0.053716 1.064627 0.189796
v 0.122217 0.626979 0.146545
v 0.120981 0.650029 0.151287
v 0.119078 0.671655 0.155622
v 0.116508 0.694012 0.159978
v 0.115908 0.698588 0.160853
v 0.112119 0.724095 0.165626
v 0.107562 0.749882 0.170258
v 0.102276 0.776089 0.174742
v 0.096345 0.802851 0.179056
v 0.089912 0.830269 0.183152
v 0.083164 0.858522 0.186968
v 0.082117 0.862933 0.187521
v 0.074994 0.893795 0.191030
v 0.068761 0.922898 0.193667
v 0.063370 0.950574 0.195449
v 0.058838 0.976908 0.196361
v 0.055455 0.999798 0.196426
v 0.052705 1.021807 0.195742
v 0.050335 1.045036 0.194104
v 0.048769 1.064486 0.191890
v 0.043570 1.064084 0.193209
v 0.052554 1.083778 0.186703
v 0.047573 1.083950 0.188788
v 0.042335 1.083813 0.190103
v 0.040947 1.121258 0.181181
v 0.041480 1.102874 0.186110
v 0.046260 1.120893 0.179919
v 0.046754 1.102753 0.184814
v 0.051310 1.120114 0.177903
v 0.051769 1.102275 0.182754
v 0.040648 1.144176 0.173259
v 0.040683 1.138991 0.175245
v 0.046012 1.143519 0.172064
v 0.046035 1.138399 0.174032
v 0.051106 1.142367 0.170134
v 0.051119 1.137330 0.172079
v 0.051169 1.157229 0.163663
v 0.040645 1.159467 0.166646
v 0.046044 1.158627 0.165512
v 0.046197 1.172913 0.158142
v 0.051352 1.171289 0.156389
v 0.040963 1.187515 0.150916
v 0.046428 1.186374 0.149929
v 0.051609 1.184546 0.148284
v 0.056376 1.182076 0.146023
v 0.060610 1.179026 0.143204
v 0.064203 1.175472 0.139895
v 0.067068 1.171502 0.136182
v 0.069131 1.167216 0.132158
v 0.070344 1.162720 0.127924
v 0.041206 1.200267 0.141748
v 0.046697 1.199009 0.140842
v 0.051903 1.196999 0.139318
v 0.056689 1.194289 0.137213
v 0.060935 1.190946 0.134582
v 0.064533 1.187053 0.131492
v 0.067394 1.182709 0.128019
v 0.069445 1.178023 0.124253
v 0.070637 1.173112 0.120289
v 0.046773 1.202253 0.138253
v 0.051983 1.200198 0.136763
v 0.056774 1.197428 0.134705
v 0.061023 1.194011 0.132128
v 0.064624 1.190032 0.129100
v 0.067483 1.185592 0.125698
v 0.069532 1.180803 0.122007
v 0.070719 1.175786 0.118122
v 0.047037 1.213305 0.128490
v 0.052265 1.211107 0.127127
v 0.057070 1.208139 0.125236
v 0.061329 1.204476 0.122869
v 0.064933 1.200211 0.120082
v 0.067792 1.195449 0.116949
v 0.069834 1.190313 0.113547
v 0.071007 1.184932 0.109965
v 0.041748 1.224842 0.118744
v 0.047278 1.223401 0.118022
v 0.052517 1.221083 0.116789
v 0.057331 1.217947 0.115078
v 0.061597 1.214071 0.112932
v 0.065206 1.209555 0.110406
v 0.068067 1.204511 0.107564
v 0.070106 1.199068 0.104477
v 0.071274 1.193366 0.101226
v 0.047477 1.232506 0.106898
v 0.052722 1.230091 0.105800
v 0.057541 1.226816 0.104274
v 0.061812 1.222764 0.102360
v 0.065426 1.218036 0.100107
v 0.068290 1.212753 0.097571
v 0.070333 1.207049 0.094817
v 0.071503 1.201068 0.091916
v 0.071773 1.194962 0.088942
v 0.042094 1.242142 0.095724
v 0.047627 1.240609 0.095156
v 0.052871 1.238118 0.094192
v 0.057691 1.234733 0.092855
v 0.061965 1.230538 0.091179
v 0.065583 1.225641 0.089205
v 0.068454 1.220164 0.086986
v 0.070505 1.214246 0.084575
v 0.071543 1.187545 0.097893
v 0.071285 1.179444 0.106294
v 0.071016 1.170665 0.114140
v 0.070941 1.168099 0.116226
v 0.070678 1.158126 0.123586
v 0.047725 1.247697 0.082850
v 0.052962 1.245150 0.082020
v 0.057779 1.241681 0.080870
v 0.062053 1.237379 0.079433
v 0.065675 1.232351 0.077742
v 0.068555 1.226722 0.075841
v 0.070618 1.220637 0.073776
v 0.071816 1.214246 0.071601
v 0.072118 1.207711 0.069370
v 0.042237 1.252573 0.076660
v 0.047755 1.251000 0.076207
v 0.052987 1.248429 0.075446
v 0.057802 1.244927 0.074394
v 0.062075 1.240580 0.073081
v 0.065700 1.235499 0.071536
v 0.068584 1.229807 0.069800
v 0.070656 1.223652 0.067915
v 0.071864 1.217185 0.065930
v 0.072179 1.210568 0.063893
v 0.047781 1.256769 0.062540
v 0.053001 1.254165 0.061915
v 0.057806 1.250613 0.061057
v 0.062077 1.246201 0.059986
v 0.065706 1.241037 0.058729
v 0.068601 1.235252 0.057317
v 0.070690 1.228988 0.055785
v 0.071923 1.222403 0.054171
v 0.072270 1.215660 0.052517
v 0.042288 1.263018 0.048799
v 0.047772 1.261417 0.048500
v 0.052976 1.258792 0.048008
v 0.057771 1.255208 0.047335
v -0.050677 0.472656 -0.156085
v -0.060483 0.495552 -0.167314
v -0.064169 0.502167 -0.168869
v -0.066920 0.507114 -0.170034
v -0.072623 0.516755 -0.171361
v -0.074049 0.870387 -0.062816
v -0.044321 0.977224 -0.008777
v -0.037760 0.989386 -0.010579
v -0.034066 0.999815 -0.019770
v -0.033798 1.000907 -0.021951
v -0.034913 0.996767 -0.015680
v -0.036185 0.993078 -0.012572
v -0.035428 0.995167 -0.014156
v -0.040265 0.984476 -0.009117
v -0.039234 0.986410 -0.009555
v -0.042187 0.981026 -0.008736
v -0.045726 0.974568 -0.009094
v -0.047220 0.971406 -0.009716
v -0.049103 0.966784 -0.011022
v -0.053007 0.954836 -0.015816
v -0.050836 0.961896 -0.012763
v -0.060123 0.927560 -0.030321
v -0.059679 0.929366 -0.029282
v -0.057217 0.939199 -0.023789
v -0.054934 0.947948 -0.019158
v -0.062333 0.918555 -0.035490
v -0.065022 0.907540 -0.041865
v -0.072326 0.877515 -0.058821
v -0.093426 0.782274 -0.105441
v -0.088168 0.808648 -0.093797
v -0.082742 0.833288 -0.082014
v -0.081971 0.836787 -0.080334
v -0.096189 0.766906 -0.111817
v -0.093798 0.780203 -0.106300
v -0.101653 0.730328 -0.125801
v -0.100092 0.742310 -0.121440
v -0.103269 0.718043 -0.130285
v -0.105727 0.694063 -0.138452
v -0.106841 0.678661 -0.143353
v -0.107409 0.670964 -0.145816
v -0.108122 0.652781 -0.151254
v -0.108181 0.638945 -0.155155
v -0.107949 0.632612 -0.156824
v -0.105147 0.600598 -0.164544
v -0.106598 0.611849 -0.162053
v -0.107675 0.624927 -0.158862
v -0.102420 0.586056 -0.167350
v -0.104421 0.596144 -0.165455
v -0.099993 0.576390 -0.168927
v -0.097176 0.567227 -0.170179
v -0.091772 0.553030 -0.171605
v -0.095331 0.561967 -0.170788
v -0.097097 0.566971 -0.170213
v -0.073216 0.517759 -0.171499
v -0.079137 0.527925 -0.172180
v -0.083111 0.535122 -0.172311
v -0.084871 0.538567 -0.172238
v -0.087702 0.544112 -0.172125
v -0.058014 0.490575 -0.165628
v -0.057347 0.489232 -0.165174
v -0.054224 0.482092 -0.162010
v -0.053909 0.481278 -0.161549
v -0.052282 0.477081 -0.159169
v -0.048473 0.466656 -0.150628
v -0.046318 0.461519 -0.143991
v -0.046485 0.461959 -0.144732
v -0.045264 0.458214 -0.137609
v -0.045674 0.459825 -0.141138
v -0.045131 0.457387 -0.135209
v -0.045063 0.456676 -0.132327
v -0.045042 0.456159 -0.126416
v -0.045155 0.457419 -0.118455
v -0.045078 0.456783 -0.120959
v -0.045054 0.456465 -0.122735
v -0.114394 0.508360 -0.141977
v -0.114670 0.507826 -0.136151
v -0.120761 0.517384 -0.135703
v -0.143110 0.658336 -0.117433
v -0.143724 0.655370 -0.112300
v -0.141805 0.679676 -0.105297
v -0.074875 1.029561 0.010929
v -0.063204 0.462139 -0.120171
v -0.062100 0.461515 -0.122379
v -0.058030 0.459990 -0.119280
v -0.059472 0.460553 -0.119334
v -0.055382 0.458414 -0.122667
v -0.056349 0.459451 -0.118623
v -0.055188 0.459042 -0.118359
v -0.051277 0.457778 -0.119584
v -0.052634 0.458629 -0.117783
v -0.048565 0.458106 -0.116866
v -0.046558 0.457237 -0.119226
v -0.040546 1.000648 -0.019861
v -0.047187 1.001502 -0.017415
v -0.064225 1.010132 -0.007755
v -0.068207 1.015499 -0.004596
v -0.073829 1.023838 0.006242
v -0.073933 1.044521 0.007098
v -0.074465 1.038759 0.010729
v -0.074842 1.035224 0.015764
v -0.073145 1.053602 -0.006854
v -0.073312 1.051574 -0.004549
v -0.073672 1.047196 0.000417
v -0.073582 1.048416 0.002130
v -0.074009 1.043086 0.005070
v -0.041362 0.997756 -0.015797
v -0.041853 0.996251 -0.014273
v -0.042424 0.994666 -0.012946
v -0.043295 0.992509 -0.011492
v -0.044039 0.990839 -0.010593
v -0.076194 1.018457 0.017685
v -0.075601 1.028166 0.020420
v -0.075587 1.023415 0.015081
v -0.076998 1.016404 0.025724
v -0.076360 1.021628 0.023655
v -0.046353 0.986169 -0.008914
v -0.047381 0.984198 -0.008513
v -0.048862 0.981358 -0.008209
v -0.076872 1.013181 0.019857
v -0.077307 1.009927 0.020929
v -0.077475 1.012671 0.026894
v -0.078084 1.004331 0.022339
v -0.078332 1.006273 0.028407
v -0.078927 0.998536 0.023274
v -0.079264 0.999679 0.029369
v -0.079840 0.992547 0.023721
v -0.080275 0.992905 0.029768
v -0.080146 0.990594 0.023757
v -0.080615 0.990707 0.029775
v -0.081158 0.984338 0.023527
v -0.081733 0.983702 0.029406
v -0.082240 0.977929 0.022750
v -0.051383 0.976242 -0.008379
v -0.084204 0.969322 0.026843
v -0.083503 0.973314 0.027715
v -0.082925 0.976601 0.028435
v -0.054425 0.968584 -0.009993
v -0.056180 0.963237 -0.011789
v -0.058071 0.956763 -0.014464
v -0.060117 0.949107 -0.018114
v -0.083414 0.971264 0.021393
v -0.084833 0.963529 0.019166
v -0.085732 0.961010 0.024333
v -0.086364 0.955495 0.016186
v -0.087357 0.952525 0.021077
v -0.088043 0.947001 0.012406
v -0.089113 0.943699 0.017052
v -0.089889 0.937981 0.007840
v -0.091018 0.934457 0.012289
v -0.091915 0.928393 0.002547
v -0.062336 0.940312 -0.022726
v -0.064742 0.930463 -0.028204
v -0.067347 0.919661 -0.034399
v -0.078965 0.871619 -0.061709
v -0.069996 0.908670 -0.040765
v -0.107686 0.860751 -0.037004
v -0.100298 0.892950 -0.012172
v -0.099052 0.896657 -0.016298
v -0.097794 0.903690 -0.005682
v -0.096562 0.907420 -0.009833
v -0.095345 0.914489 0.000825
v -0.094135 0.918208 -0.003382
v -0.094610 0.917833 0.002787
v -0.093090 0.924737 0.006851
v -0.116759 0.824585 -0.049754
v -0.110540 0.850468 -0.036332
v -0.108923 0.857186 -0.032830
v -0.086908 0.838077 -0.079261
v -0.093170 0.809929 -0.092775
v -0.115577 0.828024 -0.054050
v -0.121953 0.800174 -0.067091
v -0.123065 0.796816 -0.062667
v -0.125519 0.784931 -0.067676
v -0.098518 0.783492 -0.104488
v -0.101342 0.768060 -0.110909
v -0.128537 0.770372 -0.073801
v -0.127506 0.773665 -0.078356
v -0.130480 0.758048 -0.084522
v -0.105349 0.743318 -0.120613
v -0.108633 0.718864 -0.129543
v -0.139860 0.697420 -0.099736
v -0.139092 0.704563 -0.097507
v -0.138293 0.707703 -0.102394
v -0.135637 0.729612 -0.089070
v -0.134748 0.732818 -0.093832
v -0.134001 0.739418 -0.085492
v -0.131458 0.754786 -0.079888
v -0.112976 0.671277 -0.145252
v -0.111192 0.694661 -0.137795
v -0.141096 0.682736 -0.110306
v -0.144089 0.638534 -0.122682
v -0.144606 0.635662 -0.117429
v -0.113783 0.652756 -0.150786
v -0.113917 0.638546 -0.154780
v -0.113474 0.624017 -0.158600
v -0.144716 0.621854 -0.120655
v -0.144312 0.622854 -0.126435
v -0.143843 0.606382 -0.129987
v -0.144153 0.603746 -0.124493
v -0.112420 0.610348 -0.161900
v -0.110938 0.598492 -0.164480
v -0.110182 0.593773 -0.165422
v -0.143200 0.592987 -0.126492
v -0.142581 0.590654 -0.133010
v -0.142784 0.588219 -0.127385
v -0.140701 0.576890 -0.135333
v -0.140824 0.574698 -0.129593
v -0.139711 0.571362 -0.136177
v -0.139807 0.569283 -0.130394
v -0.108062 0.583036 -0.167373
v -0.102274 0.562638 -0.170248
v -0.105442 0.572704 -0.168976
v -0.124743 0.524890 -0.135192
v -0.126186 0.527612 -0.135009
v -0.126089 0.528653 -0.140963
v -0.128890 0.533555 -0.134519
v -0.128822 0.534754 -0.140476
v -0.133300 0.545002 -0.133415
v -0.133258 0.546504 -0.139345
v -0.136868 0.558703 -0.137919
v -0.136921 0.556903 -0.132050
v -0.139399 0.567535 -0.130626
v -0.120588 0.518156 -0.141618
v -0.100333 0.557310 -0.170793
v -0.096408 0.547858 -0.171517
v -0.091934 0.538549 -0.171891
v -0.086917 0.529320 -0.171875
v -0.112845 0.505412 -0.136202
v -0.107590 0.499320 -0.142028
v -0.107985 0.498986 -0.136342
v -0.101871 0.492749 -0.141834
v -0.102364 0.492548 -0.136301
v -0.082606 0.522058 -0.171548
v -0.076234 0.512001 -0.170550
v -0.069519 0.501732 -0.168727
v -0.062696 0.490895 -0.165637
v -0.097257 0.487463 -0.136079
v -0.093622 0.484521 -0.141208
v -0.094253 0.484475 -0.135949
v -0.085159 0.477266 -0.140120
v -0.085926 0.477354 -0.135234
v -0.076760 0.470984 -0.138486
v -0.077665 0.471205 -0.134116
v -0.059383 0.485115 -0.163333
v -0.056086 0.478705 -0.160053
v -0.054036 0.474273 -0.157193
v -0.052344 0.470399 -0.154156
v -0.049974 0.465058 -0.148768
v -0.049475 0.464014 -0.147485
v -0.047110 0.459263 -0.139927
v -0.046677 0.457901 -0.136657
v -0.046457 0.456619 -0.131824
v -0.046434 0.456301 -0.129431
v -0.046433 0.456250 -0.125080
v -0.047646 0.999870 -0.015273
v -0.048653 0.996773 -0.012253
v -0.048847 0.996235 -0.011828
v -0.050928 0.991139 -0.008826
v -0.053234 0.986066 -0.007236
v -0.054592 0.983073 -0.006803
v -0.055713 0.980526 -0.006686
v -0.058200 0.974205 -0.007280
v -0.059749 0.969596 -0.008343
v -0.061408 0.964067 -0.010129
v -0.063217 0.957445 -0.012808
v -0.065192 0.949687 -0.016468
v -0.067348 0.940831 -0.021088
v -0.069702 0.930958 -0.026569
v -0.072260 0.920163 -0.032764
v -0.074872 0.909198 -0.039125
v -0.083780 0.872265 -0.060059
v -0.091744 0.838794 -0.077617
v -0.098067 0.810650 -0.091158
v -0.103500 0.784158 -0.102905
v -0.106382 0.768669 -0.109353
v -0.110489 0.743795 -0.119105
v -0.113874 0.719169 -0.128087
v -0.116529 0.694761 -0.136392
v -0.118411 0.671114 -0.143909
v -0.119307 0.652280 -0.149506
v -0.119511 0.637719 -0.153565
v -0.119128 0.622714 -0.157463
v -0.118095 0.608499 -0.160840
v -0.116580 0.596089 -0.163479
v -0.115794 0.591129 -0.164443
v -0.113557 0.579802 -0.166433
v -0.110751 0.568872 -0.168051
v -0.107322 0.558231 -0.169308
v -0.105209 0.552618 -0.169830
v -0.100935 0.542725 -0.170483
v -0.096069 0.533096 -0.170743
v -0.090640 0.523697 -0.170575
v -0.086003 0.516420 -0.170103
v -0.079196 0.506533 -0.168877
v -0.072074 0.496689 -0.166808
v -0.064880 0.486600 -0.163488
v -0.061394 0.481355 -0.161105
v -0.057930 0.475650 -0.157802
v -0.053999 0.468412 -0.152058
v -0.049422 0.460398 -0.141806
v -0.054036 1.001441 -0.012352
v -0.054729 0.999159 -0.010305
v -0.055312 0.997395 -0.009012
v -0.055956 0.995557 -0.007881
v -0.057924 0.990286 -0.005624
v -0.058792 0.988011 -0.005026
v -0.059726 0.985537 -0.004594
v -0.061074 0.981887 -0.004330
v -0.062180 0.978729 -0.004432
v -0.063380 0.975024 -0.004900
v -0.064835 0.970135 -0.005987
v -0.066412 0.964368 -0.007817
v -0.068146 0.957561 -0.010545
v -0.070056 0.949673 -0.014250
v -0.072157 0.940744 -0.018906
v -0.074462 0.930841 -0.024410
v -0.076975 0.920054 -0.030614
v -0.079552 0.909117 -0.036977
v -0.088405 0.872314 -0.057894
v -0.096385 0.838925 -0.075437
v -0.102762 0.810794 -0.088973
v -0.108270 0.784259 -0.100727
v -0.111203 0.768719 -0.107181
v -0.115401 0.743731 -0.116948
v -0.118875 0.718951 -0.125949
v -0.121617 0.694362 -0.134276
v -0.123587 0.670482 -0.141819
v -0.124559 0.651364 -0.147448
v -0.124826 0.636485 -0.151541
v -0.124492 0.621050 -0.155481
v -0.123472 0.606350 -0.158899
v -0.121923 0.593454 -0.161570
v -0.121107 0.588282 -0.162545
v -0.118759 0.576444 -0.164553
v -0.115776 0.564999 -0.166176
v -0.112103 0.553868 -0.167418
v -0.109831 0.548016 -0.167923
v -0.105231 0.537765 -0.168524
v -0.100002 0.527892 -0.168709
v -0.094193 0.518388 -0.168440
v -0.089253 0.511140 -0.167875
v -0.082041 0.501471 -0.166510
v -0.074540 0.492074 -0.164306
v -0.066999 0.482728 -0.160898
v -0.063355 0.477999 -0.158514
v -0.059735 0.472959 -0.155282
v -0.057484 0.469592 -0.152583
v -0.055630 0.466708 -0.149805
v -0.053048 0.462778 -0.145024
v -0.050877 0.459853 -0.140267
v -0.049813 0.458260 -0.136716
v -0.049325 0.457123 -0.132895
v -0.059457 1.005402 -0.010363
v -0.059943 1.003480 -0.008568
v -0.060666 1.000807 -0.006532
v -0.061271 0.998693 -0.005224
v -0.061936 0.996448 -0.004080
v -0.062359 0.995050 -0.003481
v -0.063913 0.989983 -0.001939
v -0.064782 0.987150 -0.001453
v -0.065073 0.986194 -0.001345
v -0.066035 0.983010 -0.001167
v -0.067068 0.979484 -0.001290
v -0.068196 0.975430 -0.001808
v -0.069575 0.970191 -0.002978
v -0.071083 0.964134 -0.004901
v -0.072756 0.957106 -0.007723
v -0.074613 0.949069 -0.011508
v -0.076666 0.940051 -0.016224
v -0.078928 0.930115 -0.021767
v -0.081405 0.919332 -0.027993
v -0.083950 0.908425 -0.034363
v -0.092750 0.871762 -0.055256
v -0.100741 0.838467 -0.072761
v -0.107161 0.810358 -0.086266
v -0.112730 0.783793 -0.097994
v -0.115706 0.768211 -0.104437
v -0.119976 0.743124 -0.114188
v -0.123526 0.718214 -0.123177
v -0.126338 0.693472 -0.131495
v -0.128379 0.669392 -0.139033
v -0.129414 0.650030 -0.144661
v -0.129727 0.634875 -0.148757
v -0.129429 0.619069 -0.152704
v -0.128411 0.603956 -0.156129
v -0.126824 0.590656 -0.158802
v -0.125978 0.585311 -0.159778
v -0.123525 0.573052 -0.161784
v -0.120381 0.561189 -0.163401
v -0.116488 0.549668 -0.164628
v -0.114074 0.543630 -0.165121
v -0.109185 0.533105 -0.165692
v -0.103635 0.523066 -0.165835
v -0.097487 0.513519 -0.165517
v -0.092278 0.506337 -0.164912
v -0.084708 0.496914 -0.163495
v -0.076873 0.487970 -0.161266
v -0.069026 0.479335 -0.157900
v -0.065241 0.475087 -0.155593
v -0.061482 0.470660 -0.152518
v -0.059148 0.467756 -0.149988
v -0.057225 0.465298 -0.147414
v -0.054553 0.461965 -0.143027
v -0.050585 0.456796 -0.129061
v -0.050576 0.456740 -0.125656
v -0.064859 1.007119 -0.005038
v -0.065384 1.004745 -0.003306
v -0.065961 1.002239 -0.001787
v -0.066593 0.999571 -0.000466
v -0.067702 0.995015 0.001194
v -0.068465 0.991932 0.001947
v -0.069288 0.988629 0.002463
v -0.069564 0.987523 0.002573
v -0.070477 0.983867 0.002726
v -0.071460 0.979887 0.002539
v -0.072538 0.975413 0.001924
v -0.073864 0.969761 0.000621
v -0.075323 0.963371 -0.001445
v -0.076952 0.956091 -0.004400
v -0.078768 0.947884 -0.008296
v -0.080786 0.938770 -0.013094
v -0.083015 0.928793 -0.018692
v -0.085462 0.918014 -0.024949
v -0.087982 0.907137 -0.031332
v -0.096735 0.870622 -0.052196
v -0.104727 0.837428 -0.069642
v -0.111175 0.809353 -0.083091
v -0.116788 0.782767 -0.094767
v -0.119795 0.767155 -0.101180
v -0.124119 0.741989 -0.110886
v -0.127722 0.716975 -0.119833
v -0.130585 0.692113 -0.128113
v -0.132675 0.667872 -0.135615
v -0.133752 0.648311 -0.141212
v -0.134095 0.632929 -0.145284
v -0.133813 0.616822 -0.149204
v -0.132783 0.601381 -0.152602
v -0.131152 0.587772 -0.155249
v -0.130276 0.582293 -0.156215
v -0.127726 0.569718 -0.158201
v -0.124440 0.557546 -0.159799
v -0.120357 0.545744 -0.161011
v -0.117824 0.539575 -0.161496
v -0.112692 0.528870 -0.162056
v -0.106872 0.518738 -0.162193
v -0.100443 0.509206 -0.161875
v -0.095012 0.502117 -0.161276
v -0.087145 0.492957 -0.159893
v -0.079029 0.484450 -0.157739
v -0.070928 0.476470 -0.154538
v -0.067026 0.472654 -0.152378
v -0.063155 0.468772 -0.149536
v -0.060750 0.466278 -0.147229
v -0.058772 0.464193 -0.144901
v -0.055455 0.460820 -0.140041
v -0.053733 0.459243 -0.137059
v -0.068823 1.011932 -0.001436
v -0.069334 1.009099 0.000581
v -0.069895 1.006096 0.002342
v -0.070900 1.000911 0.004635
v -0.071590 0.997456 0.005722
v -0.072334 0.993807 0.006536
v -0.073136 0.989938 0.007060
v -0.073404 0.988651 0.007162
v -0.074294 0.984439 0.007257
v -0.075253 0.979931 0.006967
v -0.076309 0.974974 0.006212
v -0.077608 0.968856 0.004729
v -0.079043 0.962095 0.002479
v -0.080647 0.954538 -0.000644
v -0.082441 0.946145 -0.004678
v -0.084436 0.936923 -0.009579
v -0.086644 0.926900 -0.015247
v -0.089069 0.916122 -0.021543
v -0.091570 0.905276 -0.027942
v -0.100282 0.868914 -0.048774
v -0.108266 0.835828 -0.066139
v -0.114725 0.807795 -0.079511
v -0.120361 0.781206 -0.091111
v -0.123385 0.765573 -0.097479
v -0.127737 0.740352 -0.107113
v -0.131370 0.715262 -0.115993
v -0.134260 0.690313 -0.124209
v -0.136376 0.665956 -0.131647
v -0.137471 0.646249 -0.137186
v -0.137821 0.630695 -0.141208
v -0.137531 0.614364 -0.145070
v -0.136473 0.598692 -0.148409
v -0.134791 0.584877 -0.151005
v -0.133886 0.579311 -0.151952
v -0.131246 0.566534 -0.153899
v -0.127841 0.554169 -0.155468
v -0.123606 0.542202 -0.156663
v -0.120978 0.535961 -0.157144
v -0.115656 0.525170 -0.157710
v -0.109632 0.515020 -0.157871
v -0.102989 0.505551 -0.157596
v -0.097389 0.498578 -0.157051
v -0.089296 0.489680 -0.155774
v -0.080969 0.481574 -0.153788
v -0.072677 0.474175 -0.150860
v -0.068689 0.470734 -0.148907
v -0.064735 0.467317 -0.146368
v -0.060261 0.463398 -0.142282
v -0.057462 0.461012 -0.138834
v -0.055124 0.459181 -0.135403
v -0.053978 0.458241 -0.132933
v -0.053338 0.457511 -0.129178
v -0.071737 1.018215 0.001834
v -0.071896 1.017126 0.002690
v -0.072405 1.013749 0.005024
v -0.072965 1.010159 0.007049
v -0.073582 1.006335 0.008776
v -0.073973 1.003966 0.009650
v -0.074667 0.999864 0.010846
v -0.075416 0.995563 0.011710
v -0.076224 0.991045 0.012223
v -0.077393 0.984711 0.012317
v -0.078360 0.979613 0.011889
v -0.079421 0.974121 0.010960
v -0.080727 0.967494 0.009257
v -0.082164 0.960330 0.006788
v -0.083768 0.952476 0.003466
v -0.085557 0.943883 -0.000730
v -0.087546 0.934545 -0.005750
v -0.089744 0.924472 -0.011496
v -0.092158 0.913695 -0.017840
v -0.094647 0.902879 -0.024259
v -0.103325 0.866669 -0.045053
v -0.111291 0.833701 -0.062323
v -0.117743 0.805717 -0.075598
v -0.123377 0.779139 -0.087101
v -0.126401 0.763497 -0.093411
v -0.130756 0.738245 -0.102952
v -0.134390 0.713112 -0.111741
v -0.137280 0.688115 -0.119871
v -0.139392 0.663692 -0.127222
v -0.140478 0.643893 -0.132682
v -0.140812 0.628231 -0.136630
v -0.140489 0.611760 -0.140408
v -0.139383 0.595960 -0.143662
v -0.137642 0.582048 -0.146184
v -0.136709 0.576445 -0.147102
v -0.133990 0.563584 -0.148993
v -0.130490 0.551151 -0.150524
v -0.126143 0.539137 -0.151700
v -0.123448 0.532884 -0.152181
v -0.117999 0.522100 -0.152768
v -0.111841 0.512003 -0.152977
v -0.105060 0.502643 -0.152784
v -0.099353 0.495798 -0.152329
v -0.091116 0.487151 -0.151224
v -0.082657 0.479395 -0.149482
v -0.074246 0.472479 -0.146920
v -0.070208 0.469347 -0.145227
v -0.066206 0.466311 -0.143045
v -0.061683 0.462921 -0.139578
v -0.058850 0.460876 -0.136657
v -0.073991 1.022554 0.007226
v -0.074510 1.018565 0.009902
v -0.075085 1.014317 0.012210
v -0.075722 1.009794 0.014156
v -0.076851 1.002176 0.016434
v -0.077633 0.997153 0.017337
v -0.078478 0.991922 0.017824
v -0.078762 0.990208 0.017888
v -0.079699 0.984678 0.017784
v -0.080707 0.978940 0.017192
v -0.081808 0.972876 0.016058
v -0.083152 0.965706 0.014104
v -0.084621 0.958115 0.011389
v -0.086250 0.949946 0.007847
v -0.088056 0.941144 0.003471
v -0.090055 0.931684 -0.001681
v -0.092257 0.921556 -0.007516
v -0.094671 0.910775 -0.013911
v -0.097157 0.899988 -0.020353
v -0.105808 0.863933 -0.041104
v -0.113742 0.831082 -0.058268
v -0.120167 0.803160 -0.071430
v -0.125775 0.776609 -0.082820
v -0.128783 0.760971 -0.089061
v -0.133109 0.735716 -0.098493
v -0.136714 0.710574 -0.107174
v -0.139575 0.685570 -0.115201
v -0.141655 0.661131 -0.122447
v -0.142702 0.641300 -0.127807
v -0.142994 0.625594 -0.131665
v -0.142612 0.609077 -0.135337
v -0.141437 0.593258 -0.138484
v -0.139630 0.579362 -0.140913
v -0.138669 0.573771 -0.141796
v -0.135882 0.560950 -0.143619
v -0.132312 0.548572 -0.145100
v -0.127898 0.536631 -0.146255
v -0.125169 0.530426 -0.146739
v -0.119659 0.519742 -0.147356
v -0.113442 0.509765 -0.147634
v -0.106607 0.500550 -0.147553
v -0.100859 0.493840 -0.147218
v -0.092569 0.485419 -0.146334
v -0.084063 0.477949 -0.144899
v -0.075615 0.471412 -0.142776
v -0.071563 0.468513 -0.141381
v -0.067554 0.465760 -0.139602
v -0.065069 0.464101 -0.138199
v -0.060187 0.460968 -0.134442
v -0.057809 0.459541 -0.132013
v -0.056711 0.458834 -0.123706
v -0.072736 0.468241 -0.137419
v -0.068762 0.465673 -0.136074
v -0.066303 0.464148 -0.135025
v -0.061464 0.461289 -0.132199
v -0.058100 0.459417 -0.129225
v -0.073715 0.468533 -0.133391
v -0.069820 0.466048 -0.132497
v -0.067415 0.464583 -0.131814
v -0.065437 0.463414 -0.131139
v -0.060334 0.460545 -0.128561
v -0.068188 1.127174 -0.083206
v -0.068796 1.130074 -0.082520
v -0.067951 1.128545 -0.085229
v -0.066705 1.125889 -0.088850
v -0.066167 1.124626 -0.090287
v -0.070210 1.129915 -0.075929
v -0.070295 1.112837 -0.063443
v -0.070658 1.096481 -0.050147
v -0.071287 1.080737 -0.035966
v -0.072164 1.065563 -0.020874
v -0.063950 1.119131 -0.095916
v -0.061404 1.112109 -0.101659
v -0.057589 1.101449 -0.110092
v -0.050144 1.081986 -0.129889
v -0.052488 1.088037 -0.122910
v -0.053958 1.091846 -0.118956
v -0.054562 1.093444 -0.117485
v -0.045467 1.073983 -0.152033
v -0.043473 1.081846 -0.177714
v -0.046903 1.073748 -0.142057
v -0.046266 1.072363 -0.145190
v -0.045710 1.071649 -0.148539
v -0.048194 1.076958 -0.136683
v -0.047716 1.075768 -0.138677
v -0.045584 1.075641 -0.152381
v -0.044042 1.087843 -0.174719
v -0.046263 1.102270 -0.166994
v -0.046901 1.085916 -0.150865
v -0.048145 1.110973 -0.161867
v -0.042601 1.072642 -0.182287
v -0.041961 1.057056 -0.189813
v -0.042891 1.025035 -0.205750
v -0.042082 1.041159 -0.197579
v -0.041995 1.052707 -0.191946
v -0.045711 0.997404 -0.220668
v -0.043612 1.016200 -0.210379
v -0.043406 1.018728 -0.209056
v -0.046243 0.991755 -0.223878
v -0.046176 0.967570 -0.237429
v -0.047066 0.975262 -0.233180
v -0.046943 0.984279 -0.228112
v -0.044219 0.960402 -0.241280
v -0.042415 0.956183 -0.243176
v -0.044782 0.961979 -0.240460
v -0.044890 0.962284 -0.240302
v -0.040200 0.950959 -0.244091
v -0.038318 0.942833 -0.241677
v -0.038736 0.937301 -0.237279
v -0.039281 0.947858 -0.243558
v -0.038069 0.940657 -0.240581
v -0.047884 1.091523 -0.149019
v -0.048376 1.094325 -0.148094
v -0.049290 1.116261 -0.158738
v -0.050857 1.105857 -0.143269
v -0.051176 1.123434 -0.154168
v -0.054209 1.118706 -0.136746
v -0.055060 1.136106 -0.145438
v -0.054873 1.120890 -0.135428
v -0.057989 1.131119 -0.129228
v -0.063116 1.159526 -0.127738
v -0.061355 1.141077 -0.122172
v -0.063054 1.146067 -0.118579
v -0.066033 1.155648 -0.112663
v -0.066631 1.169470 -0.119453
v -0.068540 1.164855 -0.108148
v -0.069985 1.171044 -0.105961
v -0.070892 1.175858 -0.105155
v -0.071274 1.180857 -0.106871
v -0.069920 1.178765 -0.111677
v -0.071342 1.182959 -0.108030
v -0.038824 0.947848 -0.244229
v -0.033300 0.953480 -0.248792
v -0.033056 0.951706 -0.248454
v -0.034170 0.959490 -0.249006
v -0.036777 0.970171 -0.245991
v -0.042823 1.026090 -0.206905
v -0.034687 0.941235 -0.243815
v -0.071362 1.188121 -0.108443
v -0.071345 1.189797 -0.108022
v -0.068981 1.182709 -0.114215
v -0.071337 1.190644 -0.107809
v -0.068286 1.183967 -0.114874
v -0.071228 1.196802 -0.105104
v -0.070998 1.205882 -0.099659
v -0.070509 1.218486 -0.089329
v -0.067371 1.207497 -0.099467
v -0.070695 1.213961 -0.093169
v -0.070880 1.209427 -0.097011
v -0.071169 1.199639 -0.103677
v -0.066414 1.186214 -0.115818
v -0.035684 0.928498 -0.234952
v -0.036491 0.930213 -0.235476
v -0.035411 0.941680 -0.243732
v -0.035292 0.940628 -0.243168
v -0.035175 0.944937 -0.245584
v -0.064056 1.187927 -0.116186
v -0.056023 1.169184 -0.132285
v -0.055865 1.140388 -0.144290
v -0.064925 1.199849 -0.106273
v -0.061439 1.188943 -0.115945
v -0.051393 1.159933 -0.139543
v -0.048902 1.148441 -0.148183
v -0.047609 1.148880 -0.148007
v -0.042720 1.132564 -0.159343
v -0.040936 1.125611 -0.163827
v -0.042097 1.124684 -0.164286
v -0.039273 1.117859 -0.168512
v -0.039007 1.110050 -0.173046
v -0.043905 1.088858 -0.175832
v -0.035414 1.095240 -0.181269
v -0.036745 1.094997 -0.181269
v -0.034491 1.085312 -0.186338
v -0.035295 1.079289 -0.189269
v -0.042480 1.073634 -0.183432
v -0.033320 1.063471 -0.197208
v -0.033481 1.047348 -0.205228
v -0.033696 1.043361 -0.207284
v -0.035715 1.031151 -0.213412
v -0.043551 1.017275 -0.211528
v -0.035111 1.022229 -0.218278
v -0.036474 1.022294 -0.218105
v -0.037276 1.003498 -0.228569
v -0.038490 0.990712 -0.235671
v -0.039839 0.990723 -0.235529
v -0.039945 0.982099 -0.240125
v -0.038619 0.982222 -0.240192
v -0.038586 0.981858 -0.240374
v -0.039357 0.975827 -0.243268
v -0.046261 0.969513 -0.238017
v -0.057293 1.168560 -0.132334
v -0.045282 1.131593 -0.159441
v -0.040290 1.109582 -0.172929
v -0.036608 1.078976 -0.189044
v -0.037044 1.031016 -0.213076
v -0.037801 1.022185 -0.217753
v -0.039952 1.003493 -0.228012
v -0.041238 0.981813 -0.239884
v -0.040604 0.975395 -0.243114
v -0.041511 1.108973 -0.172644
v -0.037260 1.062752 -0.196411
v -0.037437 1.046806 -0.204324
v -0.042395 0.990224 -0.234725
v -0.040372 0.968890 -0.245586
v -0.045695 1.122653 -0.163621
v -0.038597 1.046318 -0.203685
v -0.040213 1.021455 -0.216551
v -0.043538 0.989727 -0.234085
v -0.043596 0.980791 -0.238907
v -0.060613 1.165768 -0.131554
v -0.053465 1.145137 -0.147314
v -0.048599 1.129074 -0.158394
v -0.043655 1.107392 -0.171608
v -0.041443 1.092651 -0.179591
v -0.039629 1.045692 -0.202899
v -0.040488 1.029645 -0.211097
v -0.041236 1.020856 -0.215733
v -0.044603 0.980078 -0.238195
v -0.043873 0.973346 -0.241681
v -0.042326 0.967182 -0.244680
v -0.054319 1.144022 -0.146728
v -0.044527 1.106456 -0.170880
v -0.042321 1.091790 -0.178802
v -0.040917 1.076434 -0.186535
v -0.040331 1.060804 -0.194170
v -0.040504 1.044945 -0.201989
v -0.041357 1.028904 -0.210170
v -0.044221 1.001425 -0.225039
v -0.044719 0.972466 -0.240918
v -0.043136 0.966233 -0.244015
v -0.050162 1.126910 -0.156996
v -0.048269 1.119638 -0.161635
v -0.041629 1.075551 -0.185582
v -0.045773 1.104402 -0.169089
v -0.042442 0.964279 -0.244905
v -0.041686 0.957677 -0.245095
v -0.038920 0.961038 -0.247731
v -0.037059 0.962617 -0.248279
v -0.035050 0.963974 -0.248248
v -0.034720 0.962466 -0.248580
v -0.035485 0.960938 -0.248814
v -0.041382 0.955267 -0.244632
v -0.039000 0.955131 -0.247180
v -0.037507 0.956278 -0.248263
v -0.036562 0.952186 -0.247852
v -0.034930 0.947925 -0.247005
v -0.037757 0.945284 -0.243957
v -0.070484 1.236849 -0.071861
v 0.030575 0.945963 -0.246623
v 0.009144 0.926022 -0.234634
v -0.008463 0.927443 -0.235684
v -0.007778 0.929594 -0.237229
v 0.008241 0.928020 -0.236102
v -0.008872 0.926623 -0.235076
v -0.007451 0.934572 -0.240579
v 0.008165 0.938302 -0.242843
v -0.008460 0.939132 -0.243301
v 0.007611 0.935860 -0.241387
v 0.010466 0.943538 -0.245575
v 0.009215 0.941134 -0.244392
v -0.008662 0.939790 -0.243677
v -0.009835 0.942409 -0.245035
v 0.022992 0.951613 -0.248433
v 0.026429 0.950032 -0.248028
v 0.020245 0.951704 -0.248454
v -0.018363 0.951169 -0.248329
v -0.011278 0.944814 -0.246148
v 0.013605 0.947712 -0.247290
v -0.013080 0.947140 -0.247083
v 0.015586 0.949518 -0.247880
v -0.014953 0.948999 -0.247721
v -0.021433 0.951792 -0.248474
v -0.025420 0.950672 -0.248203
v 0.028663 0.948174 -0.247450
v -0.069275 1.259489 -0.049573
v 0.069275 1.259489 -0.049573
v -0.069751 1.253759 -0.055281
v 0.069751 1.253759 -0.055281
v 0.070484 1.236849 -0.071861
v -0.029004 0.947826 -0.247330
v -0.030567 0.945961 -0.246620
v 0.073322 1.052156 0.154217
v 0.087860 0.950103 0.155526
v 0.094863 0.485039 -0.082680
v 0.072244 1.236241 0.029245
v 0.070462 1.147747 -0.062049
v 0.070521 1.150982 -0.059913
v 0.070595 1.154550 -0.058240
v 0.070803 1.163092 -0.056267
v 0.070935 1.167884 -0.056185
v 0.071056 1.172027 -0.056676
v 0.071073 1.172570 -0.056780
v 0.071663 1.191366 -0.067616
v 0.071697 1.192475 -0.068708
v 0.071197 1.176618 -0.057871
v 0.071315 1.180362 -0.059436
v 0.071434 1.184127 -0.061700
v 0.071768 1.194808 -0.071608
v 0.071819 1.196514 -0.074704
v 0.071854 1.197702 -0.078478
v 0.071863 1.198026 -0.081831
v 0.071850 1.197571 -0.085701
v 0.071818 1.196473 -0.088931
v 0.071757 1.194440 -0.092415
v 0.071566 1.188295 -0.098247
v 0.071529 1.187122 -0.107822
v 0.071684 1.192056 -0.095154
v 0.071620 1.189976 -0.096953
v 0.071862 1.197982 -0.102844
v 0.070278 1.130314 -0.075568
v 0.070308 1.135644 -0.071442
v 0.070407 1.144162 -0.064835
v 0.070414 1.144786 -0.064351
v 0.070327 1.116340 0.106127
v 0.070783 1.098464 0.086056
v 0.071038 1.088177 0.074565
v 0.072586 1.060852 0.044329
v 0.072677 1.059631 0.043860
v 0.072983 1.055616 0.042458
v 0.075779 1.026581 0.054995
v 0.075785 1.026527 0.055182
v 0.078470 1.005281 0.061477
v 0.073554 1.048761 0.041196
v 0.073894 1.044939 0.041212
v 0.075350 1.030444 0.047816
v 0.077043 1.016036 0.061210
v 0.076585 1.019744 0.062137
v 0.075800 1.026401 0.060154
v 0.076310 1.022016 0.062908
v 0.077548 1.012111 0.060751
v 0.077738 1.010674 0.060774
v 0.075473 1.029318 0.069085
v 0.086301 0.958003 0.090105
v 0.087328 0.952677 0.101137
v 0.086422 0.957360 0.092345
v 0.086436 0.957290 0.092957
v 0.086456 0.957185 0.095725
v 0.086417 0.957392 0.098615
v 0.084360 0.968460 0.117641
v 0.083801 0.971583 0.117038
v 0.081527 0.984972 0.136224
v 0.081071 0.987809 0.136562
v 0.081096 0.987653 0.139350
v 0.080635 0.990574 0.139779
v 0.078504 1.005250 0.160574
v 0.079808 0.995998 0.066398
v 0.079704 0.996688 0.065784
v 0.080218 0.993278 0.069781
v 0.084426 0.968091 0.080988
v 0.085635 0.961524 0.084838
v 0.087509 0.951750 0.100751
v 0.087661 0.950975 0.100472
v 0.080472 0.991626 0.075156
v 0.082300 0.980285 0.080422
v 0.080497 0.991460 0.077422
v 0.081700 0.983906 0.081370
v 0.081206 0.986966 0.082491
v 0.080445 0.991797 0.080816
v 0.082074 0.981646 0.080778
v 0.082867 0.976944 0.079962
v 0.084164 0.969554 0.080602
v 0.083760 0.971825 0.080160
v 0.093426 0.923197 0.107908
v 0.094414 0.918685 0.118513
v 0.093507 0.922823 0.109186
v 0.093644 0.922193 0.113066
v 0.088561 0.946446 0.099041
v 0.088980 0.944358 0.098561
v 0.089445 0.942069 0.098297
v 0.090709 0.935941 0.098590
v 0.091075 0.934193 0.099039
v 0.092422 0.927837 0.102075
v 0.092607 0.926979 0.102818
v 0.096090 0.911173 0.116106
v 0.094913 0.916428 0.117591
v 0.095842 0.912277 0.116371
v 0.096828 0.907915 0.115690
v 0.097850 0.903448 0.115868
v 0.098095 0.902384 0.115992
v 0.100402 0.892510 0.120297
v 0.100965 0.890131 0.122291
v 0.101328 0.888600 0.124234
v 0.101556 0.887642 0.126047
v 0.101638 0.887300 0.126995
v 0.101833 0.886484 0.132005
v 0.102471 0.883813 0.134678
v 0.105286 0.872142 0.132374
v 0.103300 0.880359 0.133434
v 0.102615 0.883214 0.134444
v 0.103765 0.878433 0.132976
v 0.104637 0.874819 0.132399
v 0.106134 0.868648 0.132904
v 0.109901 0.853167 0.141683
v 0.109643 0.854230 0.140393
v 0.110230 0.851814 0.143875
v 0.110483 0.850774 0.147622
v 0.144364 0.608828 0.097147
v 0.144251 0.605438 0.091756
v 0.143073 0.590794 0.069219
v 0.141844 0.581835 0.055909
v 0.141069 0.576135 0.047431
v 0.138087 0.561492 0.026391
v 0.136498 0.555566 0.018078
v 0.135591 0.552179 0.013324
v 0.131629 0.540359 -0.003031
v 0.128913 0.533920 -0.011888
v 0.121028 0.517843 -0.034168
v 0.126778 0.528859 -0.018863
v 0.118792 0.514272 -0.039223
v 0.115643 0.509244 -0.046352
v 0.109295 0.500607 -0.058915
v 0.102359 0.492543 -0.071028
v 0.105991 0.496764 -0.064684
v 0.089655 0.480526 -0.089925
v 0.086822 0.478072 -0.093868
v 0.078236 0.471604 -0.104585
v 0.073123 0.468146 -0.110449
v 0.069552 0.465970 -0.114213
v 0.063878 0.462516 -0.120195
v 0.065464 0.463429 -0.127954
v 0.101721 0.886958 0.138522
v 0.101009 0.889946 0.142177
v 0.100291 0.892980 0.142896
v 0.087863 0.950102 0.151704
v 0.089114 0.943698 0.144241
v 0.089746 0.940598 0.143501
v 0.090437 0.937248 0.136276
v 0.091097 0.934083 0.135739
v 0.093194 0.924257 0.119198
v 0.093597 0.922408 0.116619
v 0.078538 1.005224 0.156295
v 0.073353 1.052127 0.150027
v 0.074790 1.035735 0.131920
v 0.077255 1.014378 0.107729
v 0.077369 1.013488 0.109939
v 0.078536 1.005222 0.096873
v 0.078531 1.005231 0.101059
v 0.079983 0.994826 0.084603
v 0.080015 0.994616 0.089692
v 0.073267 1.052209 0.094085
v 0.073280 1.052198 0.091081
v 0.071555 1.077212 0.122213
v 0.070714 1.098561 0.146527
v 0.070744 1.098522 0.142173
v 0.072285 1.216764 -0.088155
v 0.071979 1.242315 0.025878
v 0.071963 1.242273 -0.063837
v 0.071530 1.252229 -0.054150
v 0.071050 1.258018 -0.048445
v 0.070771 1.260818 -0.045376
v 0.070189 1.265645 -0.044525
v 0.070040 1.266749 0.012453
v 0.071556 1.251858 0.020579
v -0.029905 1.301816 -0.043077
v -0.035238 1.311123 -0.039799
v -0.035825 1.312015 -0.039373
v -0.040039 1.314038 -0.038284
v -0.049982 1.314351 -0.038049
v -0.041938 1.313302 -0.038701
v -0.043562 1.311628 -0.039561
v -0.052478 1.311431 -0.039655
v -0.020610 1.286064 -0.046155
v -0.025209 1.293820 -0.044909
v -0.018232 1.265481 -0.048093
v -0.017411 1.265731 -0.048079
v -0.015097 1.267625 -0.047964
v -0.013832 1.270701 -0.047754
v -0.013727 1.272839 -0.047590
v -0.013906 1.274045 -0.047490
v -0.058594 1.275370 -0.047376
v -0.064513 1.279612 -0.046960
v -0.054193 1.285999 -0.046062
v -0.066644 1.265227 -0.048108
v -0.059206 1.272117 -0.047647
v -0.057384 1.267117 -0.047996
v -0.057298 1.267022 -0.048002
v 0.053793 1.265394 -0.048098
v 0.066957 1.262691 -0.048242
v 0.019088 1.265394 -0.048098
v 0.057793 1.267625 -0.047964
v 0.064513 1.279612 -0.046960
v 0.059185 1.272839 -0.047590
v 0.054666 1.284846 -0.046337
v 0.014327 1.275371 -0.047375
v 0.016117 1.278517 -0.047074
v 0.013704 1.271992 -0.047657
v 0.013762 1.273200 -0.047561
v 0.014020 1.269887 -0.047812
v 0.015588 1.267024 -0.048002
v -0.047692 1.301787 -0.043037
v -0.051214 1.293191 -0.045027
v -0.058450 1.301385 -0.043205
v -0.063546 1.286054 -0.046080
v -0.062745 1.291363 -0.045353
v -0.052375 1.290381 -0.045518
v -0.060809 1.295952 -0.044395
v -0.055052 1.307588 -0.041245
v -0.047194 1.302999 -0.042757
v 0.043250 1.312060 -0.039350
v 0.043844 1.311170 -0.039778
v 0.040808 1.313862 -0.038385
v 0.037355 1.313419 -0.038636
v 0.047674 1.301822 -0.043082
v 0.051026 1.293650 -0.044941
v 0.020541 1.285957 -0.046065
v 0.024122 1.291983 -0.045245
v 0.025879 1.294955 -0.044687
v 0.029847 1.301734 -0.043004
v 0.031377 1.304345 -0.042355
v 0.034456 1.309749 -0.040318
v -0.049410 1.315021 -0.037680
v -0.048264 1.316001 -0.036949
v -0.047140 1.316964 -0.036231
v -0.044801 1.318602 -0.034802
v -0.041689 1.319878 -0.021915
v -0.042939 1.319472 -0.021646
v -0.045601 1.318087 -0.020670
v -0.051359 1.312759 -0.016597
v -0.049426 1.315005 -0.018335
v -0.054861 1.307927 -0.012898
v -0.058304 1.301682 -0.008359
v -0.060862 1.295968 -0.004455
v -0.063798 1.288370 -0.045647
v -0.065616 1.283194 -0.046155
v -0.066623 1.279994 -0.046165
v -0.067770 1.276203 -0.046032
v -0.068914 1.272180 -0.045555
v -0.069133 1.271382 -0.045374
v -0.069354 1.270570 -0.045137
v -0.066018 1.281946 0.004490
v -0.069633 1.269529 0.011158
v -0.061433 1.294693 -0.003583
v -0.062637 1.257475 0.027803
v -0.060791 1.259634 0.026550
v -0.061208 1.271409 0.019709
v -0.056331 1.263837 0.024112
v -0.060942 1.273300 0.018591
v -0.052024 1.266813 0.022384
v -0.057679 1.284778 0.011510
v -0.056219 1.289019 0.008615
v -0.047139 1.269158 0.021022
v -0.036665 1.271088 0.019897
v -0.008031 1.271088 0.019897
v -0.008748 1.272842 0.018864
v -0.015069 1.287222 0.009921
v -0.041406 1.270699 0.020124
v -0.038707 1.294321 0.005091
v -0.048632 1.307768 -0.005480
v -0.050639 1.303767 -0.002024
v -0.016000 1.289047 0.008645
v -0.053424 1.297129 0.003075
v -0.021124 1.299084 0.001627
v -0.024208 1.304345 -0.002495
v -0.026499 1.307711 -0.005489
v -0.035575 1.311332 -0.008722
v -0.028858 1.311178 -0.008571
v -0.032162 1.315054 -0.012714
v -0.041916 1.317568 -0.015828
v -0.042872 1.316617 -0.014565
v -0.037950 1.315345 -0.013007
v -0.040945 1.318343 -0.016944
v -0.034208 1.317059 -0.015141
v -0.043754 1.315598 -0.013306
v -0.047747 1.309528 -0.007002
v -0.074083 1.036654 0.043684
v -0.074671 1.036894 0.043552
v -0.074970 1.033989 0.045147
v -0.068788 1.033836 0.045231
v -0.074017 1.034126 0.045072
v -0.059696 1.034355 0.059892
v -0.061054 1.128425 0.163673
v -0.058331 1.036089 0.058945
v -0.058390 1.036016 0.058986
v -0.059638 1.131791 0.164569
v -0.058524 1.134961 0.164867
v -0.067466 1.112652 0.108070
v -0.066171 1.144911 0.144800
v -0.067557 1.137543 0.135828
v -0.066736 1.143538 0.142922
v -0.067311 1.141039 0.139848
v -0.064794 1.056686 0.047640
v -0.064254 1.148089 0.149810
v -0.064441 1.147885 0.149411
v -0.062943 1.055799 0.048130
v -0.063042 1.149070 0.152192
v -0.062809 1.055734 0.048165
v -0.062332 1.149331 0.153446
v -0.061742 1.149550 0.154488
v -0.059767 1.149122 0.157779
v -0.059637 1.149034 0.157998
v -0.058146 1.051125 0.050704
v -0.057115 1.049091 0.051823
v -0.057297 1.143523 0.163084
v -0.057416 1.144593 0.162537
v -0.056092 1.044643 0.054265
v -0.056127 1.042377 0.055507
v -0.064579 1.120618 0.159286
v -0.063153 1.031724 0.061326
v -0.065650 1.118010 0.157199
v -0.066584 1.115017 0.154369
v -0.065151 1.030900 0.061774
v -0.067452 1.111122 0.150425
v -0.066887 1.114048 0.153453
v -0.067257 1.030438 0.062025
v -0.068317 1.084095 0.120734
v -0.067686 1.108100 0.147145
v -0.069659 1.056467 0.090474
v -0.070004 1.051827 0.085319
v -0.071557 1.030639 0.061916
v -0.067714 1.098551 0.092365
v -0.067092 1.057304 0.047299
v -0.067955 1.084264 0.076536
v -0.069764 0.999433 0.063948
v -0.079065 1.001057 0.063072
v -0.075282 0.999666 0.063821
v -0.069718 0.997664 0.064901
v -0.058677 1.001242 0.077795
v -0.059985 1.091390 0.176945
v -0.067657 1.101356 0.155935
v -0.067989 1.097917 0.151906
v -0.067001 1.103741 0.159015
v -0.068685 1.073259 0.124114
v -0.063561 1.019336 0.068051
v -0.064449 1.107922 0.165960
v -0.065547 1.106752 0.163522
v -0.060312 1.107505 0.172978
v -0.059040 1.014531 0.070648
v -0.060239 1.016333 0.069675
v -0.061525 1.108464 0.171090
v -0.060331 1.016431 0.069622
v -0.063448 1.108505 0.167872
v -0.058072 1.012430 0.071780
v -0.059670 1.106534 0.173996
v -0.057457 1.010193 0.072987
v -0.058731 1.103550 0.175729
v -0.058602 1.097944 0.177081
v -0.057210 1.007883 0.074229
v -0.058487 1.100896 0.176568
v -0.057339 1.005569 0.075474
v -0.059101 1.094756 0.177229
v -0.061187 1.087891 0.176198
v -0.062371 1.084928 0.175226
v -0.062676 1.084245 0.174891
v -0.063994 1.081283 0.173437
v -0.064417 1.080348 0.172807
v -0.063006 0.996263 0.080461
v -0.065916 1.077029 0.170567
v -0.064911 0.995202 0.081027
v -0.067615 1.072801 0.166944
v -0.068384 1.070184 0.164344
v -0.066963 0.994498 0.081404
v -0.068982 1.066863 0.160891
v -0.070313 1.052823 0.145530
v -0.069590 1.063596 0.157415
v -0.071253 1.038662 0.129984
v -0.072113 1.028916 0.119054
v -0.071271 0.994232 0.081546
v -0.073150 1.017067 0.105832
v -0.073915 1.009866 0.097490
v -0.073650 0.994775 0.081256
v -0.075258 0.997144 0.082825
v -0.075446 0.995495 0.080872
v -0.066579 1.104943 0.160648
v -0.067628 1.021026 0.067136
v -0.069927 1.048600 0.096654
v -0.070413 1.041997 0.089464
v -0.071652 1.024975 0.071026
v -0.071976 1.021211 0.067035
v -0.075995 0.963149 0.083330
v -0.074004 0.961867 0.084008
v -0.073876 0.961788 0.084049
v -0.072830 0.962066 0.083903
v -0.072704 0.962345 0.083756
v -0.076664 0.993119 0.137900
v -0.076015 0.999071 0.144520
v -0.075244 0.958378 0.100517
v -0.070136 1.056457 0.165749
v -0.070586 1.053054 0.161624
v -0.068549 0.984085 0.086950
v -0.071531 1.039321 0.145863
v -0.070076 0.984751 0.086597
v -0.069783 1.057600 0.167316
v -0.068881 1.060049 0.170846
v -0.067943 1.061433 0.173410
v -0.067204 1.062108 0.175106
v -0.066381 1.062504 0.176776
v -0.064997 0.981522 0.088311
v -0.065592 1.062556 0.178223
v -0.061595 0.975776 0.091355
v -0.062959 1.059578 0.182455
v -0.063263 1.060335 0.181979
v -0.061302 0.974862 0.091838
v -0.060974 0.971296 0.093721
v -0.062179 1.054568 0.183969
v -0.062179 0.965717 0.096662
v -0.063270 1.045916 0.183819
v -0.062996 1.047241 0.183960
v -0.061401 0.967898 0.095513
v -0.062614 1.049082 0.184155
v -0.068303 1.032541 0.178652
v -0.065366 0.961402 0.098930
v -0.066574 1.036408 0.180864
v -0.064724 0.961958 0.098638
v -0.066416 0.960493 0.099408
v -0.069738 1.029395 0.176510
v -0.071756 1.024683 0.172448
v -0.070389 0.958605 0.100398
v -0.073303 1.020047 0.167782
v -0.074174 1.015423 0.162778
v -0.077001 0.990312 0.134695
v -0.076916 0.958719 0.100338
v -0.077805 0.984021 0.127310
v -0.079114 0.973741 0.115289
v -0.079521 0.970784 0.111635
v -0.080901 0.960746 0.099275
v -0.076643 0.985074 0.086425
v -0.076048 0.990061 0.091571
v -0.075080 0.999088 0.101197
v -0.073268 1.017371 0.121105
v -0.074009 1.009018 0.111833
v -0.072246 1.028814 0.133868
v -0.079752 0.927883 0.101838
v -0.080331 0.926389 0.102616
v -0.079577 0.927004 0.102296
v -0.069335 0.929988 0.115304
v -0.070481 0.994355 0.185190
v -0.068500 0.932133 0.114194
v -0.069648 0.998121 0.185852
v -0.072836 0.947066 0.106433
v -0.074005 1.010910 0.175831
v -0.075618 1.007212 0.169786
v -0.074516 0.948291 0.105794
v -0.075781 1.006260 0.168573
v -0.076520 0.949269 0.105283
v -0.073388 1.011636 0.177532
v -0.072403 1.012118 0.179808
v -0.071210 0.945432 0.107285
v -0.070332 1.010802 0.183740
v -0.070625 1.011251 0.183235
v -0.069377 1.007921 0.185357
v -0.068857 0.941404 0.109382
v -0.069130 1.005974 0.185830
v -0.068199 0.939133 0.110562
v -0.067918 0.936781 0.111784
v -0.069734 0.997618 0.185795
v -0.071689 0.990487 0.184044
v -0.073130 0.986579 0.182536
v -0.071966 0.926337 0.117193
v -0.073561 0.985523 0.182049
v -0.073683 0.924937 0.117915
v -0.075767 0.980636 0.179174
v -0.076790 0.978467 0.177470
v -0.078163 0.975551 0.175182
v -0.078824 0.973987 0.173668
v -0.077666 0.923196 0.118814
v -0.080228 0.970657 0.170448
v -0.080917 0.968428 0.168036
v -0.082920 0.958673 0.157113
v -0.082317 0.962704 0.161745
v -0.080010 0.922916 0.118958
v -0.081715 0.965844 0.165243
v -0.084816 0.945947 0.142546
v -0.084117 0.923530 0.118642
v -0.086566 0.934754 0.128899
v -0.085854 0.939243 0.134539
v -0.087986 0.925785 0.117670
v -0.083002 0.949871 0.104969
v -0.081331 0.961426 0.117106
v -0.081002 0.963691 0.119494
v -0.079411 0.975854 0.132982
v -0.076172 1.003981 0.165669
v -0.077571 0.991391 0.150842
v -0.078484 0.983108 0.141138
v -0.078816 0.980385 0.138027
v -0.090848 0.892186 0.120283
v -0.090589 0.893948 0.119379
v -0.099317 0.897124 0.117747
v -0.095722 0.895047 0.118814
v -0.093271 0.893364 0.119679
v -0.089803 0.892730 0.120004
v -0.089873 0.893483 0.119618
v -0.090731 0.915814 0.122618
v -0.088818 0.915579 0.122738
v -0.089048 0.926081 0.133997
v -0.088212 0.888875 0.136404
v -0.089064 0.921283 0.171014
v -0.086149 0.889500 0.136085
v -0.087040 0.925531 0.174647
v -0.085110 0.929563 0.177512
v -0.082489 0.891851 0.134886
v -0.083426 0.933530 0.179587
v -0.080999 0.893509 0.134041
v -0.081912 0.937491 0.181309
v -0.080735 0.941424 0.182498
v -0.084516 0.913854 0.123626
v -0.083776 0.956817 0.171894
v -0.084466 0.955010 0.168939
v -0.082877 0.912581 0.124279
v -0.083033 0.958111 0.174498
v -0.081981 0.958920 0.177451
v -0.080229 0.957830 0.181392
v -0.080409 0.958132 0.181023
v -0.079063 0.906813 0.127240
v -0.079433 0.955203 0.182994
v -0.079336 0.948948 0.183683
v -0.078238 0.902168 0.129618
v -0.078393 0.899812 0.130823
v -0.079848 0.945278 0.183316
v -0.078921 0.897542 0.131983
v -0.080398 0.942639 0.182829
v -0.091135 0.916407 0.166105
v -0.090351 0.888646 0.136521
v -0.092222 0.913477 0.162919
v -0.093166 0.909560 0.158465
v -0.095026 0.899215 0.146325
v -0.094603 0.889389 0.136142
v -0.095799 0.894813 0.141171
v -0.087188 0.937890 0.147659
v -0.087487 0.935875 0.145211
v -0.088529 0.929234 0.137504
v -0.085081 0.952063 0.164949
v -0.085448 0.949608 0.161944
v -0.104706 0.863261 0.135057
v -0.106583 0.864530 0.134411
v -0.106026 0.857826 0.137820
v -0.108781 0.857769 0.137848
v -0.103041 0.857381 0.138045
v -0.102643 0.862309 0.135541
v -0.101085 0.859201 0.137121
v -0.101959 0.854394 0.152035
v -0.102378 0.865448 0.163641
v -0.099897 0.854821 0.151821
v -0.100376 0.869676 0.167496
v -0.098436 0.873675 0.170595
v -0.096141 0.856778 0.150831
v -0.096695 0.877620 0.172910
v -0.095095 0.881574 0.174879
v -0.093219 0.860009 0.149199
v -0.093816 0.885529 0.176291
v -0.092181 0.861990 0.148197
v -0.092788 0.889435 0.177352
v -0.096646 0.898829 0.161081
v -0.096211 0.878722 0.139716
v -0.098290 0.889481 0.149273
v -0.097860 0.879877 0.139129
v -0.095339 0.903070 0.167723
v -0.096088 0.901221 0.164474
v -0.094589 0.877161 0.140509
v -0.094699 0.904010 0.169981
v -0.092835 0.904036 0.175176
v -0.092975 0.904199 0.174832
v -0.092179 0.873274 0.142481
v -0.093152 0.875217 0.141495
v -0.094101 0.904467 0.171826
v -0.091882 0.901237 0.177445
v -0.091088 0.868704 0.144799
v -0.091732 0.896725 0.178173
v -0.091096 0.868759 0.144771
v -0.093083 0.888047 0.177070
v -0.098561 0.873405 0.170422
v -0.101028 0.868336 0.166447
v -0.106152 0.854710 0.151876
v -0.104399 0.860600 0.158572
v -0.104007 0.861776 0.159902
v -0.103288 0.863500 0.161751
v -0.099045 0.885133 0.143825
v -0.002983 0.458239 -0.116050
v -0.019597 0.459126 -0.114230
v -0.021909 0.459251 -0.113978
v -0.038609 0.461559 -0.109249
v -0.051816 0.462186 -0.107964
v -0.056476 0.465551 -0.101080
v -0.112350 0.835459 0.161310
v -0.113342 0.837029 0.156221
v -0.119760 0.809615 0.152088
v -0.114089 0.606902 0.143822
v -0.060094 1.153329 0.157808
v -0.060293 1.165104 0.151705
v -0.055861 1.145580 0.165489
v -0.055814 1.144529 0.165968
v -0.055876 1.153725 0.161894
v -0.064682 1.079496 0.177113
v -0.061388 1.080406 0.180840
v -0.076948 1.014654 0.167155
v -0.076772 1.014855 0.169116
v -0.068277 1.008630 0.187705
v -0.067155 1.014958 0.187806
v -0.144714 0.619156 0.113684
v -0.144289 0.616699 0.117712
v -0.109363 0.854735 0.156468
v -0.110172 0.852053 0.152942
v -0.106058 0.861397 0.164901
v -0.108477 0.856659 0.158959
v -0.103777 0.861670 0.169991
v -0.102428 0.867083 0.170666
v -0.097406 0.875468 0.176371
v -0.101223 0.859662 0.174401
v -0.099855 0.871097 0.173915
v -0.091060 0.886549 0.181814
v -0.092488 0.887415 0.180260
v -0.097999 0.857421 0.178284
v -0.094249 0.882130 0.179089
v -0.090988 0.901149 0.179779
v -0.084673 0.914867 0.184650
v -0.090855 0.897866 0.180505
v -0.091541 0.891411 0.180717
v -0.087965 0.916608 0.180707
v -0.090596 0.918110 0.176249
v -0.091357 0.903406 0.178853
v -0.093248 0.915904 0.171078
v -0.092515 0.917133 0.172468
v -0.091512 0.918701 0.174003
v -0.089879 0.921254 0.176502
v -0.095607 0.911291 0.165413
v -0.096139 0.906907 0.167258
v -0.097080 0.906809 0.159616
v -0.097989 0.902843 0.159205
v -0.097154 0.905339 0.163550
v -0.086208 0.927106 0.180916
v -0.079672 0.942082 0.186059
v -0.081108 0.937589 0.185214
v -0.084851 0.929488 0.182233
v -0.077674 0.968426 0.183886
v -0.074301 0.967338 0.187890
v -0.078685 0.956861 0.184814
v -0.078317 0.949899 0.186336
v -0.078724 0.946419 0.186413
v -0.080393 0.969283 0.179380
v -0.084516 0.964714 0.169102
v -0.084702 0.960982 0.171829
v -0.083065 0.968159 0.173263
v -0.082430 0.969272 0.174432
v -0.085867 0.960290 0.163630
v -0.086619 0.956336 0.163444
v -0.085795 0.959123 0.167940
v -0.080250 0.973086 0.178447
v -0.076973 0.978364 0.182719
v -0.070302 0.991939 0.188267
v -0.070428 0.991572 0.188198
v -0.072801 0.985893 0.186612
v -0.073961 0.983609 0.185670
v -0.075528 0.980882 0.184135
v -0.063133 1.014425 0.191270
v -0.067980 1.005738 0.188449
v -0.068131 1.001323 0.188959
v -0.066375 0.990633 0.191708
v -0.070605 1.015271 0.183755
v -0.069853 1.013233 0.185138
v -0.076159 1.013560 0.172783
v -0.077571 1.011935 0.163899
v -0.078081 1.008106 0.164036
v -0.074086 1.022078 0.175508
v -0.074710 1.020693 0.173997
v -0.076219 1.017341 0.170342
v -0.074204 1.015259 0.177573
v -0.072110 1.025559 0.178645
v -0.071293 1.026995 0.179941
v -0.069946 1.029256 0.181592
v -0.068701 1.031426 0.182815
v -0.066461 1.035457 0.184867
v -0.065847 1.036635 0.185346
v -0.063350 1.042464 0.186794
v -0.060097 1.042416 0.189502
v -0.060790 1.035288 0.190095
v -0.058465 1.062088 0.187306
v -0.062061 1.061808 0.184308
v -0.061147 1.058302 0.185861
v -0.060913 1.055626 0.186575
v -0.061471 1.049081 0.187299
v -0.062363 1.045377 0.187185
v -0.057272 1.081125 0.184301
v -0.063664 1.064517 0.182035
v -0.066936 1.066104 0.177226
v -0.067472 1.074654 0.173947
v -0.065816 1.065961 0.178959
v -0.070285 1.069022 0.168798
v -0.070475 1.064012 0.170322
v -0.068527 1.065638 0.174452
v -0.072611 1.060508 0.159332
v -0.072501 1.061617 0.160638
v -0.072244 1.060453 0.164518
v -0.071842 1.064688 0.164165
v -0.071056 1.063171 0.168768
v -0.057155 1.099613 0.179883
v -0.057950 1.094852 0.180475
v -0.060484 1.087573 0.180001
v -0.059220 1.110032 0.175082
v -0.056000 1.117351 0.175665
v -0.058237 1.108234 0.176544
v -0.057096 1.100492 0.179695
v -0.063722 1.114015 0.168378
v -0.063735 1.112462 0.168836
v -0.060161 1.115846 0.172300
v -0.060336 1.111291 0.173547
v -0.067118 1.110868 0.163200
v -0.065563 1.111991 0.166013
v -0.068580 1.109034 0.159917
v -0.070591 1.101634 0.150044
v -0.070112 1.105282 0.154580
v -0.070181 1.107990 0.152746
v -0.069379 1.111148 0.156129
v -0.068566 1.113159 0.158065
v -0.066810 1.117044 0.161536
v -0.063641 1.119672 0.166583
v -0.063582 1.122895 0.165477
v -0.060076 1.121651 0.170475
v -0.061796 1.126037 0.166903
v -0.055804 1.138888 0.168255
v -0.056683 1.137885 0.167901
v -0.055907 1.123290 0.173814
v -0.058728 1.132127 0.168171
v -0.059950 1.129524 0.167840
v -0.055924 1.141949 0.166936
v -0.051109 1.140469 0.170881
v -0.058046 1.151766 0.160782
v -0.057142 1.150390 0.162274
v -0.056074 1.167806 0.154704
v -0.065673 1.152524 0.149585
v -0.063881 1.161946 0.148194
v -0.066750 1.158411 0.144257
v -0.068829 1.154584 0.139993
v -0.068656 1.148652 0.143207
v -0.067732 1.150365 0.145641
v -0.070069 1.150563 0.135510
v -0.070440 1.146444 0.130917
v -0.070363 1.141080 0.133891
v -0.070004 1.144936 0.138374
v -0.071942 1.226974 0.041065
v -0.072324 1.220139 0.039800
v -0.070681 1.233641 0.042297
v -0.071272 1.232424 0.037018
v -0.071843 1.228006 0.037410
v -0.068572 1.239977 0.043468
v -0.069359 1.239802 0.036037
v -0.070561 1.235169 0.036653
v -0.065561 1.248520 0.033925
v -0.066590 1.246658 0.034558
v -0.065666 1.245826 0.044547
v -0.068466 1.242057 0.035564
v -0.063603 1.252059 0.032723
v -0.062034 1.251042 0.045510
v -0.062446 1.253694 0.031880
v -0.060271 1.256772 0.030294
v -0.057714 1.258892 0.032589
v -0.052928 1.262493 0.033077
v -0.052875 1.263778 0.025859
v -0.054538 1.262617 0.026594
v -0.047738 1.265129 0.033435
v -0.047692 1.266770 0.023966
v -0.042272 1.266738 0.033654
v -0.045170 1.267866 0.023271
v -0.046182 1.267501 0.023502
v -0.040971 1.268925 0.022599
v -0.117449 0.617336 0.145773
v -0.120341 0.607045 0.142850
v -0.117842 0.606900 0.143444
v -0.123259 0.607278 0.142005
v -0.122406 0.617900 0.144645
v -0.128634 0.608097 0.139528
v -0.127219 0.607803 0.140367
v -0.127112 0.618767 0.142783
v -0.133367 0.609286 0.136252
v -0.131451 0.619913 0.140235
v -0.131331 0.608662 0.137927
v -0.137277 0.610752 0.132404
v -0.135183 0.609842 0.134758
v -0.135315 0.621311 0.137063
v -0.140215 0.612352 0.128343
v -0.138476 0.611273 0.131056
v -0.138609 0.622926 0.133346
v -0.142679 0.614364 0.123362
v -0.141132 0.612921 0.126912
v -0.141252 0.624719 0.129178
v -0.143085 0.614745 0.122428
v -0.143177 0.626645 0.124661
v -0.144340 0.628656 0.119905
v -0.143746 0.647666 0.123472
v -0.144710 0.630703 0.115032
v -0.141633 0.677028 0.129032
v -0.143701 0.655747 0.119676
v -0.143414 0.653729 0.124620
v -0.144048 0.649695 0.118544
v -0.116885 0.634569 0.149386
v -0.116572 0.640180 0.150547
v -0.114865 0.662115 0.155009
v -0.112437 0.684834 0.159500
v -0.109312 0.708077 0.163953
v -0.140745 0.643578 0.132837
v -0.142635 0.645611 0.128277
v -0.140437 0.649613 0.134009
v -0.142317 0.651667 0.129437
v -0.138724 0.672859 0.138506
v -0.140576 0.674969 0.133896
v -0.136263 0.696668 0.143020
v -0.138090 0.698802 0.138376
v -0.133074 0.720938 0.147487
v -0.134880 0.723082 0.142810
v -0.132500 0.724828 0.148191
v -0.134303 0.726973 0.143508
v -0.139118 0.700835 0.133472
v -0.135882 0.725073 0.137865
v -0.135301 0.728956 0.138557
v -0.136053 0.726858 0.132783
v -0.139318 0.702712 0.128435
v -0.139879 0.697434 0.127449
v -0.141870 0.678986 0.124040
v -0.131004 0.757296 0.138086
v -0.133996 0.739429 0.134966
v -0.125648 0.782506 0.147738
v -0.130858 0.755647 0.143221
v -0.124679 0.780681 0.152768
v -0.129880 0.753731 0.148214
v -0.122905 0.778592 0.157517
v -0.128095 0.751601 0.152930
v -0.108750 0.711814 0.164655
v -0.104440 0.737649 0.169395
v -0.099352 0.763958 0.174006
v -0.093541 0.790917 0.178474
v -0.119907 0.810985 0.146876
v -0.125580 0.784972 0.142712
v -0.118786 0.807902 0.157149
v -0.117012 0.805892 0.161926
v -0.110564 0.833568 0.166110
v -0.105088 0.862920 0.166523
v -0.113513 0.838236 0.150982
v -0.087126 0.818673 0.182761
v -0.080296 0.847348 0.186798
v -0.134836 0.639791 0.140772
v -0.138124 0.641622 0.137038
v -0.134536 0.645731 0.141958
v -0.137820 0.647617 0.138218
v -0.132853 0.668708 0.146498
v -0.136128 0.670754 0.142742
v -0.130420 0.692316 0.151053
v -0.133684 0.694487 0.147282
v -0.127263 0.716412 0.155562
v -0.130513 0.718694 0.151776
v -0.126694 0.720280 0.156271
v -0.129941 0.722577 0.152483
v -0.122322 0.746921 0.161054
v -0.125553 0.749310 0.157249
v -0.117158 0.773858 0.165682
v -0.120376 0.776298 0.161860
v -0.111278 0.801198 0.170132
v -0.114487 0.803638 0.166292
v -0.104822 0.829028 0.174358
v -0.108032 0.831405 0.170498
v -0.066780 0.906455 0.193520
v -0.073287 0.877156 0.190491
v -0.061050 0.934513 0.195753
v -0.056130 0.961252 0.197154
v -0.130964 0.638131 0.143947
v -0.130664 0.644003 0.145133
v -0.128984 0.666774 0.149676
v -0.126557 0.690212 0.154234
v -0.123411 0.714151 0.158747
v -0.122843 0.717995 0.159457
v -0.118487 0.744497 0.164246
v -0.113338 0.771337 0.168882
v -0.107472 0.798637 0.173344
v -0.101018 0.826499 0.177588
v -0.094188 0.855005 0.181540
v -0.087225 0.884338 0.185103
v -0.080803 0.912930 0.187976
v -0.075168 0.940195 0.190048
v -0.070357 0.966041 0.191293
v -0.048667 1.011664 0.197388
v -0.052027 0.986843 0.197710
v -0.046218 1.033475 0.196287
v -0.043754 1.061550 0.193539
v -0.045488 1.040937 0.195712
v -0.042460 1.081525 0.190513
v -0.041555 1.100860 0.186583
v -0.040856 1.125829 0.179770
v -0.040985 1.119586 0.181678
v -0.040659 1.142223 0.174022
v -0.121875 0.635487 0.148309
v -0.121567 0.641192 0.149483
v -0.119873 0.663434 0.153988
v -0.117448 0.686422 0.158514
v -0.114315 0.709928 0.162998
v -0.113752 0.713706 0.163704
v -0.109426 0.739799 0.168471
v -0.104316 0.766321 0.173099
v -0.098483 0.793428 0.177570
v -0.092053 0.821253 0.181845
v -0.085218 0.849902 0.185851
v -0.078223 0.879580 0.189496
v -0.071741 0.908671 0.192467
v -0.066041 0.936492 0.194639
v -0.061158 0.962961 0.195982
v -0.057096 0.988247 0.196485
v -0.053776 1.012758 0.196119
v -0.051364 1.034286 0.194988
v -0.050648 1.041648 0.194407
v -0.048950 1.061986 0.192222
v -0.047693 1.081692 0.189198
v -0.046826 1.100766 0.185284
v -0.046294 1.119244 0.180412
v -0.046180 1.125406 0.178518
v -0.046018 1.141590 0.172819
v -0.126608 0.636684 0.146480
v -0.126304 0.642478 0.147663
v -0.124620 0.665000 0.152194
v -0.122195 0.688231 0.156743
v -0.119057 0.711971 0.161247
v -0.114150 0.742102 0.166740
v -0.109020 0.768802 0.171376
v -0.103168 0.796025 0.175846
v -0.096724 0.823884 0.180106
v -0.089890 0.852476 0.184083
v -0.082909 0.881995 0.187686
v -0.076456 0.910847 0.190604
v -0.070787 0.938402 0.192722
v -0.065940 0.964571 0.194013
v -0.061917 0.989521 0.194468
v -0.058637 1.013685 0.194063
v -0.056261 1.034895 0.192907
v -0.055556 1.042145 0.192320
v -0.053893 1.062166 0.190127
v -0.052670 1.081557 0.187110
v -0.051837 1.100319 0.183220
v -0.051340 1.118492 0.178390
v -0.051238 1.124553 0.176517
v -0.046035 1.156985 0.166283
v -0.040639 1.157805 0.167424
v -0.040749 1.172576 0.159950
v -0.051156 1.155613 0.164424
v -0.046179 1.171589 0.158879
v -0.040946 1.186530 0.151565
v -0.070660 1.157355 0.124109
v -0.070324 1.161917 0.128466
v -0.069108 1.166382 0.132719
v -0.067044 1.170637 0.136760
v -0.064180 1.174579 0.140490
v -0.060587 1.178106 0.143814
v -0.060847 1.187845 0.136961
v -0.064445 1.184040 0.133809
v -0.067306 1.179793 0.130269
v -0.069360 1.175211 0.126431
v -0.070557 1.170409 0.122391
v -0.041385 1.208617 0.134842
v -0.041139 1.196954 0.144278
v -0.071137 1.174658 0.110714
v -0.070985 1.169467 0.114992
v -0.070868 1.165505 0.118250
v -0.064764 1.194666 0.125166
v -0.061162 1.198776 0.128090
v -0.061454 1.208875 0.118508
v -0.067623 1.190079 0.121881
v -0.065061 1.204493 0.115835
v -0.069669 1.185131 0.118315
v -0.067920 1.199600 0.112829
v -0.070848 1.179947 0.114562
v -0.069960 1.194322 0.109567
v -0.041625 1.219344 0.124661
v -0.041841 1.229135 0.113726
v -0.042019 1.237936 0.102086
v -0.042044 1.239323 0.100054
v -0.042170 1.246975 0.087575
v -0.042246 1.253490 0.074677
v -0.061702 1.218139 0.108199
v -0.065314 1.213521 0.105796
v -0.061892 1.226517 0.097201
v -0.065507 1.221705 0.095078
v -0.061917 1.227842 0.095278
v -0.062031 1.235179 0.083452
v -0.065651 1.230190 0.081666
v -0.062079 1.241469 0.071194
v -0.065704 1.236373 0.069692
v -0.062075 1.246746 0.058538
v -0.065703 1.241577 0.057311
v -0.068176 1.208363 0.103091
v -0.068375 1.216325 0.092690
v -0.068402 1.217589 0.090870
v -0.068527 1.224608 0.079657
v -0.068589 1.230666 0.068004
v -0.068600 1.235784 0.055933
v -0.070216 1.202796 0.100155
v -0.070420 1.210516 0.090096
v -0.070450 1.211743 0.088335
v -0.070586 1.218574 0.077477
v -0.070664 1.224491 0.066171
v -0.070692 1.229512 0.054439
v -0.071130 1.188792 0.106130
v -0.071383 1.196960 0.097060
v -0.071595 1.204420 0.087363
v -0.071777 1.212239 0.075178
v -0.071875 1.218005 0.064242
v -0.071927 1.222915 0.052865
v -0.071403 1.183149 0.102607
v -0.071652 1.191004 0.093889
v -0.071868 1.198197 0.084560
v -0.071901 1.199344 0.082924
v -0.072071 1.205763 0.072822
v -0.072195 1.211367 0.062261
v -0.072277 1.216161 0.051251
v -0.042286 1.263311 0.047766
v -0.042282 1.258921 0.061398
v -0.046408 1.185399 0.150572
v -0.046623 1.195725 0.143350
v -0.046892 1.207290 0.133995
v -0.047150 1.217940 0.123894
v -0.047375 1.227668 0.113039
v -0.047554 1.236424 0.101478
v -0.047580 1.237803 0.099459
v -0.047698 1.245422 0.087058
v -0.047762 1.251914 0.074235
v -0.047782 1.257329 0.061031
v -0.047769 1.261710 0.047473
v -0.051330 1.169986 0.157115
v -0.051588 1.183585 0.148918
v -0.051823 1.193762 0.141792
v -0.052112 1.205170 0.132560
v -0.052383 1.215685 0.122589
v -0.052617 1.225303 0.111868
v -0.052799 1.233970 0.100442
v -0.052937 1.242892 0.086182
v -0.052993 1.249338 0.073495
v -0.053000 1.254721 0.060421
v -0.052973 1.259084 0.046991
v -0.056353 1.181134 0.146646
v -0.056604 1.191114 0.139645
v -0.056909 1.202307 0.130575
v -0.057192 1.212638 0.120778
v -0.057434 1.222100 0.110240
v -0.057619 1.230640 0.099004
v -0.057756 1.239449 0.084969
v -0.057805 1.245826 0.072472
v -0.057805 1.251165 0.059583
v -0.057768 1.255498 0.046330
v -0.141036 0.575936 0.047140
v -0.143289 0.592971 0.072527
v -0.071420 1.079799 0.121514
v -0.070511 1.263077 -0.044657
v -0.071556 1.251858 0.020579
v -0.070040 1.266749 0.012453
v -0.070673 1.261683 -0.044930
v -0.070786 1.260682 -0.045473
v -0.071605 1.250497 -0.055836
v -0.072283 1.220006 -0.085093
v -0.072244 1.236241 0.029245
v -0.071566 1.188296 -0.098246
v -0.071550 1.187775 -0.107666
v -0.071877 1.198480 -0.102533
v -0.071620 1.189976 -0.096953
v -0.071707 1.192780 -0.094416
v -0.072113 1.207503 -0.096116
v -0.071774 1.195009 -0.091593
v -0.072285 1.216764 -0.088155
v -0.071829 1.196845 -0.088042
v -0.071858 1.197835 -0.084327
v -0.071848 1.197502 -0.077581
v -0.071439 1.184294 -0.061820
v -0.071396 1.182959 -0.060909
v -0.071808 1.196120 -0.073861
v -0.071752 1.194252 -0.070820
v -0.071705 1.192738 -0.068990
v -0.071667 1.191509 -0.067749
v -0.071284 1.179403 -0.058977
v -0.071165 1.175588 -0.057538
v -0.071023 1.170922 -0.056493
v -0.070773 1.161943 -0.056391
v -0.070887 1.166160 -0.056135
v -0.070327 1.116340 0.106127
v -0.070414 1.113007 0.102377
v -0.070672 1.157902 -0.057162
v -0.070414 1.144782 -0.064353
v -0.070278 1.130314 -0.075568
v -0.070573 1.153518 -0.058663
v -0.070504 1.150048 -0.060461
v -0.071038 1.088177 0.074565
v -0.070462 1.147747 -0.062049
v -0.075765 1.026716 0.062573
v -0.076189 1.023047 0.063309
v -0.072194 1.067838 0.052026
v -0.072116 1.067926 -0.022308
v -0.072586 1.060852 0.044329
v -0.075622 1.027975 0.051148
v -0.075812 1.026290 0.058660
v -0.075775 1.026619 0.054959
v -0.074192 1.041760 0.041714
v -0.073626 1.047925 0.041137
v -0.072218 1.066146 -0.020539
v -0.073331 1.051354 0.041473
v -0.072944 1.056123 0.042625
v -0.072195 1.067841 0.111632
v -0.072215 1.067820 0.108280
v -0.073212 1.052785 0.094716
v -0.073160 1.053411 0.092446
v -0.075473 1.029318 0.069085
v -0.083453 0.973561 0.079940
v -0.082808 0.977295 0.080032
v -0.080470 0.991638 0.074420
v -0.082084 0.981595 0.080786
v -0.081907 0.982658 0.081055
v -0.080480 0.991575 0.079119
v -0.080445 0.991797 0.080816
v -0.081206 0.986966 0.082491
v -0.080417 0.991987 0.073053
v -0.080173 0.993577 0.069211
v -0.079709 0.996656 0.065787
v -0.078768 1.003142 0.062136
v -0.077926 1.009254 0.060790
v -0.077548 1.012111 0.060751
v -0.077490 1.012558 0.060800
v -0.076881 1.017355 0.061560
v -0.075066 1.033079 0.132016
v -0.076423 1.021571 0.119023
v -0.077369 1.013487 0.109938
v -0.077255 1.014378 0.107729
v -0.080015 0.994616 0.089691
v -0.079983 0.994826 0.084603
v -0.094436 0.918585 0.118469
v -0.093597 0.922408 0.116619
v -0.093600 0.922395 0.116530
v -0.094603 0.917830 0.118162
v -0.093647 0.922179 0.112725
v -0.093437 0.923142 0.108080
v -0.092968 0.925308 0.104509
v -0.091317 0.933036 0.099364
v -0.090787 0.935568 0.098665
v -0.090107 0.938837 0.098241
v -0.088853 0.944989 0.098687
v -0.086399 0.957487 0.091702
v -0.089146 0.943544 0.098497
v -0.086467 0.957127 0.094503
v -0.088335 0.947574 0.099298
v -0.087526 0.951663 0.100715
v -0.086456 0.957185 0.095725
v -0.087347 0.952575 0.101093
v -0.086374 0.957616 0.091292
v -0.086064 0.959250 0.087491
v -0.084160 0.969571 0.080590
v -0.084034 0.970271 0.080391
v -0.084490 0.967738 0.081111
v -0.086417 0.957392 0.098615
v -0.089746 0.940598 0.143501
v -0.089114 0.943698 0.144241
v -0.091097 0.934083 0.135739
v -0.090437 0.937248 0.136276
v -0.093194 0.924257 0.119198
v -0.081096 0.987653 0.139350
v -0.080635 0.990574 0.139779
v -0.081527 0.984972 0.136224
v -0.081071 0.987809 0.136562
v -0.083534 0.973285 0.123054
v -0.083514 0.973299 0.119095
v -0.084360 0.968460 0.117641
v -0.083801 0.971583 0.117038
v -0.102493 0.883719 0.134639
v -0.110494 0.850728 0.148068
v -0.110470 0.850823 0.147427
v -0.110196 0.851951 0.143627
v -0.109691 0.854029 0.140599
v -0.106134 0.868646 0.132900
v -0.105969 0.869327 0.132719
v -0.104851 0.873934 0.132388
v -0.104217 0.876557 0.132639
v -0.103585 0.879180 0.133135
v -0.102997 0.881620 0.133851
v -0.101009 0.889946 0.142177
v -0.100291 0.892980 0.142896
v -0.101821 0.886534 0.133280
v -0.101780 0.886702 0.129381
v -0.101588 0.887507 0.126301
v -0.101355 0.888488 0.124455
v -0.101090 0.889603 0.122960
v -0.100772 0.890944 0.121563
v -0.098851 0.899126 0.116896
v -0.097851 0.903449 0.115870
v -0.097430 0.905278 0.115661
v -0.096777 0.908135 0.115692
v -0.095842 0.912277 0.116343
v -0.143316 0.593172 0.072825
v -0.144513 0.611087 0.100656
v -0.139291 0.567625 0.035236
v -0.137573 0.559410 0.023451
v -0.133464 0.545484 0.004038
v -0.124708 0.524905 -0.024351
v -0.126789 0.528881 -0.018832
v -0.128505 0.532666 -0.013617
v -0.120856 0.517547 -0.034583
v -0.114163 0.507102 -0.049433
v -0.097262 0.487416 -0.078977
v -0.098767 0.488809 -0.076777
v -0.112841 0.505390 -0.051944
v -0.106783 0.497541 -0.063473
v -0.082833 0.474956 -0.098992
v -0.090137 0.480826 -0.089403
v -0.077189 0.470970 -0.105687
v -0.068029 0.464952 -0.127891
v -0.064738 0.463009 -0.119330
v -0.074003 0.468723 -0.109465
v -0.104867 0.495493 -0.062107
v -0.070052 0.470467 -0.092201
v -0.071800 0.471380 -0.090732
v -0.104722 0.497616 -0.047979
v -0.106096 0.499476 -0.044477
v -0.107615 0.500435 -0.045285
v -0.113112 0.511218 -0.020279
v -0.114162 0.514677 -0.011909
v -0.116956 0.516467 -0.013073
v -0.114387 0.522466 0.008509
v -0.113777 0.524267 0.013323
v -0.116476 0.525238 0.012594
v -0.136373 0.591637 0.120389
v -0.136537 0.585628 0.107814
v -0.144055 0.611235 0.114927
v -0.143798 0.604124 0.102569
v -0.063425 0.462336 -0.118022
v -0.057798 0.461086 -0.112843
v -0.054831 0.461344 -0.110349
v -0.056323 0.461141 -0.111584
v -0.144625 0.616329 0.113536
v -0.142372 0.604018 0.116917
v -0.142198 0.597435 0.104434
v -0.139767 0.597418 0.118758
v -0.139756 0.591212 0.106199
v -0.140197 0.598195 0.118540
v -0.132339 0.586813 0.121769
v -0.132629 0.580840 0.109229
v -0.127818 0.583025 0.122871
v -0.128566 0.583465 0.122741
v -0.128140 0.576982 0.110404
v -0.118181 0.578708 0.124182
v -0.122709 0.580228 0.123708
v -0.123196 0.574164 0.111303
v -0.123542 0.580507 0.123620
v -0.114711 0.545128 0.058021
v -0.111833 0.533053 0.034139
v -0.110966 0.530179 0.028428
v -0.109398 0.532489 0.033502
v -0.109079 0.532954 0.034514
v -0.113283 0.525724 0.017215
v -0.120358 0.535675 0.032265
v -0.115421 0.517379 -0.006492
v -0.114575 0.517436 -0.004867
v -0.120144 0.527244 0.011388
v -0.114759 0.519415 0.000281
v -0.114561 0.521030 0.004635
v -0.118617 0.519512 -0.007801
v -0.112264 0.509448 -0.024194
v -0.111323 0.507341 -0.028981
v -0.106722 0.500321 -0.042884
v -0.108542 0.502785 -0.038248
v -0.114043 0.509330 -0.030332
v -0.100076 0.492307 -0.057266
v -0.099240 0.491486 -0.058621
v -0.090040 0.483042 -0.072349
v -0.091658 0.484426 -0.070140
v -0.093019 0.484607 -0.072763
v -0.094637 0.486978 -0.066070
v -0.098128 0.490397 -0.060418
v -0.077172 0.474189 -0.086213
v -0.080719 0.476435 -0.082696
v -0.081676 0.477041 -0.081748
v -0.082946 0.476882 -0.084131
v -0.083843 0.478414 -0.079599
v -0.086675 0.480528 -0.076285
v -0.074351 0.472714 -0.088586
v -0.064679 0.466071 -0.101710
v -0.063010 0.466212 -0.100482
v -0.068202 0.469705 -0.093516
v -0.062756 0.467463 -0.097384
v -0.142270 0.586692 0.074651
v -0.139671 0.570040 0.048874
v -0.116742 0.558244 0.083899
v -0.117933 0.572464 0.111899
v -0.135925 0.554194 0.025094
v -0.126470 0.562158 0.082274
v -0.121742 0.559695 0.083219
v -0.123878 0.548404 0.056270
v -0.119408 0.546318 0.057258
v -0.116187 0.533976 0.033296
v -0.130806 0.565572 0.081090
v -0.128023 0.551340 0.055078
v -0.124268 0.538116 0.031065
v -0.131621 0.540925 0.005605
v -0.126538 0.528768 -0.012115
v -0.134641 0.569848 0.079697
v -0.131750 0.555062 0.053709
v -0.127843 0.541253 0.029722
v -0.123543 0.529863 0.010063
v -0.118835 0.514459 -0.033149
v -0.137880 0.574881 0.078131
v -0.134978 0.559486 0.052196
v -0.131015 0.545028 0.028259
v -0.126622 0.533051 0.008642
v -0.121561 0.522146 -0.009187
v -0.119851 0.518938 -0.014450
v -0.112172 0.504571 -0.048037
v -0.140443 0.580543 0.076435
v -0.137637 0.564516 0.050572
v -0.133727 0.549369 0.026706
v -0.129329 0.536759 0.007148
v -0.124213 0.525246 -0.010632
v -0.122476 0.521856 -0.015881
v -0.116556 0.511711 -0.031726
v -0.102802 0.493714 -0.060747
v -0.095040 0.485769 -0.074091
v -0.084853 0.477553 -0.085431
v -0.086694 0.478437 -0.086748
v -0.076175 0.471787 -0.093746
v -0.079626 0.473000 -0.096353
v -0.081264 0.473886 -0.097671
v -0.067944 0.466292 -0.104242
v -0.071068 0.467181 -0.106840
v 0.141982 0.584387 0.071032
v 0.136473 0.556184 0.028045
v 0.129730 0.536059 -0.001491
v 0.062239 0.465726 -0.101467
v 0.111233 0.529764 0.027457
v 0.112055 0.528209 0.023540
v 0.114433 0.528705 0.023051
v 0.062889 0.467616 -0.097193
v 0.054065 0.460917 -0.111212
v 0.061232 0.461338 -0.117580
v 0.117854 0.578675 0.124196
v 0.117652 0.567917 0.102950
v 0.123542 0.580507 0.123620
v 0.122948 0.580308 0.123682
v 0.122837 0.569540 0.102327
v 0.127818 0.583025 0.122871
v 0.127719 0.572251 0.101414
v 0.128566 0.583465 0.122741
v 0.132339 0.586813 0.121769
v 0.132163 0.575975 0.100236
v 0.136373 0.591637 0.120389
v 0.136051 0.580609 0.098827
v 0.139767 0.597418 0.118758
v 0.139279 0.586028 0.097228
v 0.140197 0.598195 0.118540
v 0.141761 0.592085 0.095483
v 0.142372 0.604018 0.116917
v 0.144651 0.616919 0.113532
v 0.143432 0.598613 0.093642
v 0.144136 0.611600 0.114827
v 0.059852 0.460963 -0.116278
v 0.057001 0.460649 -0.113708
v 0.055542 0.460711 -0.112449
v 0.059388 0.466398 -0.099448
v 0.066049 0.468716 -0.095156
v 0.068224 0.469726 -0.093481
v 0.074244 0.472584 -0.088770
v 0.068462 0.468520 -0.096823
v 0.072692 0.471815 -0.090024
v 0.090019 0.483024 -0.072377
v 0.086661 0.480536 -0.076271
v 0.079877 0.474501 -0.088610
v 0.083208 0.477979 -0.080277
v 0.081528 0.476868 -0.082012
v 0.096416 0.487872 -0.066992
v 0.094631 0.487048 -0.065928
v 0.091750 0.484534 -0.069955
v 0.089327 0.481289 -0.078688
v 0.101755 0.494136 -0.054129
v 0.102984 0.494861 -0.054822
v 0.098123 0.490394 -0.060418
v 0.106821 0.500348 -0.042925
v 0.106738 0.500227 -0.043164
v 0.102593 0.495078 -0.052494
v 0.112349 0.509480 -0.024212
v 0.111291 0.507489 -0.028482
v 0.114209 0.509581 -0.029913
v 0.110027 0.505114 -0.033575
v 0.107373 0.501169 -0.041314
v 0.114297 0.515413 -0.010058
v 0.116946 0.516449 -0.013104
v 0.114124 0.514284 -0.012946
v 0.114442 0.522203 0.007793
v 0.114537 0.521012 0.004599
v 0.118371 0.523288 0.004226
v 0.114750 0.518354 -0.002537
v 0.113631 0.524725 0.014553
v 0.118456 0.530229 0.022001
v 0.113308 0.525729 0.017245
v 0.108110 0.534385 0.037684
v 0.112250 0.534549 0.037103
v 0.108411 0.533971 0.036844
v 0.109414 0.532476 0.033509
v 0.116650 0.535507 0.036270
v 0.063890 0.465578 -0.102695
v 0.065519 0.465596 -0.103950
v 0.076702 0.474020 -0.086501
v 0.071896 0.468844 -0.099352
v 0.068688 0.466128 -0.106520
v 0.073558 0.469272 -0.100647
v 0.081712 0.475096 -0.089908
v 0.076735 0.470656 -0.103269
v 0.085194 0.476885 -0.092544
v 0.093114 0.483567 -0.081344
v 0.107350 0.498408 -0.057540
v 0.100501 0.490734 -0.069674
v 0.113641 0.506600 -0.044948
v 0.119007 0.514740 -0.032731
v 0.070215 0.466640 -0.107825
v 0.075174 0.469876 -0.101955
v 0.098516 0.489174 -0.068326
v 0.105241 0.496488 -0.056172
v 0.111430 0.504266 -0.043555
v 0.116726 0.511977 -0.031308
v 0.119841 0.518918 -0.014482
v 0.122465 0.521835 -0.015912
v 0.121695 0.525713 0.002908
v 0.124725 0.528680 0.001502
v 0.127417 0.532146 0.000027
v 0.122246 0.532445 0.020798
v 0.125736 0.535315 0.019465
v 0.128866 0.538789 0.018024
v 0.131581 0.542806 0.016502
v 0.133835 0.547295 0.014926
v 0.120862 0.537256 0.035244
v 0.124806 0.539761 0.034045
v 0.128402 0.542975 0.032698
v 0.131585 0.546834 0.031230
v 0.134292 0.551265 0.029668
v 0.114739 0.545277 0.058314
v 0.119440 0.546470 0.057553
v 0.123915 0.548561 0.056564
v 0.128062 0.551503 0.055372
v 0.131790 0.555230 0.054003
v 0.135018 0.559663 0.052489
v 0.137676 0.564700 0.050864
v 0.139707 0.570231 0.049166
v 0.116516 0.556402 0.080267
v 0.121478 0.557818 0.079576
v 0.126173 0.560232 0.078626
v 0.130485 0.563582 0.077439
v 0.134308 0.567785 0.076050
v 0.137548 0.572738 0.074491
v 0.140125 0.578318 0.072805
v -0.124179 0.600315 0.139644
v -0.136529 0.607140 0.132476
v -0.138753 0.598243 0.123514
v -0.127711 0.583259 0.123672
v -0.112617 0.580599 0.128423
v -0.117508 0.581178 0.128416
v -0.132007 0.587344 0.123625
v -0.143676 0.611338 0.118433
v -0.142432 0.611687 0.123400
v -0.131686 0.604080 0.136347
v -0.126431 0.603366 0.139613
v -0.112424 0.600646 0.142235
v -0.114833 0.600931 0.142232
v -0.115640 0.594917 0.139702
v -0.112477 0.594543 0.139706
v -0.116368 0.589534 0.136502
v -0.112529 0.589079 0.136508
v -0.112576 0.584392 0.132716
v -0.116997 0.584915 0.132709
v -0.129458 0.599785 0.136389
v -0.134620 0.601656 0.132527
v -0.139105 0.605761 0.128157
v -0.122242 0.582896 0.128395
v -0.117165 0.601777 0.142224
v -0.121579 0.597847 0.139670
v -0.126728 0.596084 0.136428
v -0.132058 0.596712 0.132576
v -0.136996 0.599694 0.128212
v -0.141011 0.604740 0.123455
v -0.126681 0.585702 0.128361
v -0.121276 0.586468 0.132691
v -0.135724 0.592388 0.123571
v -0.130694 0.589517 0.128318
v -0.125289 0.589006 0.132661
v -0.120086 0.590883 0.136486
v -0.134165 0.594226 0.128267
v -0.128918 0.592455 0.132622
v -0.123573 0.593088 0.136461
v -0.118704 0.596028 0.139690
v 0.112424 0.600646 0.142235
v 0.112617 0.580599 0.128423
v 0.112576 0.584392 0.132716
v 0.112529 0.589079 0.136508
v 0.112477 0.594543 0.139706
v 0.116997 0.584915 0.132709
v 0.116368 0.589534 0.136502
v 0.115640 0.594917 0.139702
v 0.142432 0.611687 0.123400
v 0.136529 0.607140 0.132476
v 0.117165 0.601777 0.142224
v 0.114833 0.600931 0.142232
v 0.126431 0.603366 0.139613
v 0.131686 0.604080 0.136347
v 0.139105 0.605761 0.128157
v 0.143676 0.611338 0.118433
v 0.138753 0.598243 0.123514
v 0.135724 0.592388 0.123571
v 0.132007 0.587344 0.123625
v 0.127711 0.583259 0.123672
v 0.117508 0.581178 0.128416
v 0.118704 0.596028 0.139690
v 0.121579 0.597847 0.139670
v 0.124179 0.600315 0.139644
v 0.120086 0.590883 0.136486
v 0.123573 0.593088 0.136461
v 0.126728 0.596084 0.136428
v 0.129458 0.599785 0.136389
v 0.121276 0.586468 0.132691
v 0.125289 0.589006 0.132661
v 0.128918 0.592455 0.132622
v 0.132058 0.596712 0.132576
v 0.134620 0.601656 0.132527
v 0.122242 0.582896 0.128395
v 0.126681 0.585702 0.128361
v 0.130694 0.589517 0.128318
v 0.134165 0.594226 0.128267
v 0.136996 0.599694 0.128212
v 0.141011 0.604740 0.123455
v 0.000000 0.335593 -0.119532
v -0.020201 0.335593 -0.117813
v -0.015471 0.369153 -0.117519
v -0.039821 0.335593 -0.112705
v -0.030678 0.369153 -0.114494
v -0.019991 0.369153 -0.116620
v -0.058296 0.335593 -0.104354
v -0.045360 0.369153 -0.109510
v -0.039409 0.369153 -0.111530
v -0.074362 0.369153 -0.092106
v -0.072158 0.369153 -0.094039
v -0.075093 0.335593 -0.093001
v -0.059266 0.369153 -0.102652
v -0.083815 0.369153 -0.083815
v -0.089730 0.335593 -0.078972
v -0.088789 0.369153 -0.078144
v -0.094039 0.369153 -0.072158
v -0.101786 0.335593 -0.062672
v -0.100791 0.369153 -0.062052
v -0.102652 0.369153 -0.059266
v -0.110913 0.335593 -0.044568
v -0.109510 0.369153 -0.045360
v -0.116849 0.335593 -0.025183
v -0.114494 0.369153 -0.030678
v -0.109914 0.369153 -0.044171
v -0.119424 0.335593 -0.005073
v -0.117519 0.369153 -0.015471
v -0.115638 0.369153 -0.024926
v -0.118564 0.335593 0.015182
v -0.118533 0.369153 -0.000000
v -0.118204 0.369153 -0.005016
v -0.113148 0.369153 0.034644
v -0.114494 0.369153 0.030678
v -0.114293 0.335593 0.035002
v -0.117519 0.369153 0.015471
v -0.109510 0.369153 0.045360
v -0.106734 0.335593 0.053814
v -0.105617 0.369153 0.053254
v -0.102652 0.369153 0.059266
v -0.096104 0.335593 0.071078
v -0.095201 0.369153 0.070418
v -0.094039 0.369153 0.072158
v -0.082709 0.335593 0.086297
v -0.083815 0.369153 0.083815
v -0.066935 0.335593 0.099033
v -0.072158 0.369153 0.094039
v -0.081927 0.369153 0.085471
v -0.049236 0.335593 0.108921
v -0.059266 0.369153 0.102652
v -0.066235 0.369153 0.097995
v -0.029857 0.369153 0.114657
v -0.030119 0.335593 0.115675
v -0.045360 0.369153 0.109510
v -0.048741 0.369153 0.107843
v -0.015471 0.369153 0.117519
v -0.010137 0.335593 0.119102
v -0.010037 0.369153 0.117875
v 0.000000 0.369153 0.118533
v 0.010137 0.335593 0.119102
v 0.010037 0.369153 0.117875
v 0.015471 0.369153 0.117519
v 0.030119 0.335593 0.115675
v 0.029857 0.369153 0.114657
v 0.049236 0.335593 0.108921
v 0.045360 0.369153 0.109510
v 0.066935 0.335593 0.099033
v 0.059266 0.369153 0.102652
v 0.048741 0.369153 0.107843
v 0.082709 0.335593 0.086297
v 0.072158 0.369153 0.094039
v 0.066235 0.369153 0.097995
v 0.095201 0.369153 0.070418
v 0.094039 0.369153 0.072158
v 0.096104 0.335593 0.071078
v 0.083815 0.369153 0.083815
v 0.081927 0.369153 0.085471
v 0.102652 0.369153 0.059266
v 0.106734 0.335593 0.053814
v 0.105617 0.369153 0.053254
v 0.109510 0.369153 0.045360
v 0.114293 0.335593 0.035002
v 0.113148 0.369153 0.034644
v 0.114494 0.369153 0.030678
v 0.118564 0.335593 0.015182
v 0.117519 0.369153 0.015471
v 0.119424 0.335593 -0.005073
v 0.118533 0.369153 -0.000000
v 0.116849 0.335593 -0.025183
v 0.117519 0.369153 -0.015471
v 0.118203 0.369153 -0.005016
v 0.110913 0.335593 -0.044568
v 0.114494 0.369153 -0.030678
v 0.115638 0.369153 -0.024926
v 0.100791 0.369153 -0.062052
v 0.102652 0.369153 -0.059266
v 0.101786 0.335593 -0.062672
v 0.109510 0.369153 -0.045360
v 0.109914 0.369153 -0.044171
v 0.094039 0.369153 -0.072158
v 0.089730 0.335593 -0.078972
v 0.088789 0.369153 -0.078144
v 0.083815 0.369153 -0.083815
v 0.075093 0.335593 -0.093001
v 0.074362 0.369153 -0.092106
v 0.072158 0.369153 -0.094039
v 0.058296 0.335593 -0.104354
v 0.059266 0.369153 -0.102652
v 0.039821 0.335593 -0.112705
v 0.045360 0.369153 -0.109510
v 0.020201 0.335593 -0.117813
v 0.030678 0.369153 -0.114494
v 0.039409 0.369153 -0.111530
v 0.000000 0.369153 -0.118533
v 0.015471 0.369153 -0.117519
v 0.019991 0.369153 -0.116620
v 0.038983 0.413898 -0.110323
v 0.044870 0.413898 -0.108325
v 0.045928 0.413594 -0.110880
v 0.057140 0.413898 -0.102275
v 0.099701 0.413898 -0.061381
v 0.101542 0.413898 -0.058625
v 0.116925 0.413898 -0.004962
v 0.117250 0.413898 -0.000000
v 0.120016 0.413594 -0.000000
v 0.094172 0.413898 0.069656
v 0.093021 0.413898 0.071378
v 0.095215 0.413594 0.073062
v 0.081041 0.413898 0.084547
v 0.071378 0.413898 0.093021
v 0.073062 0.413594 0.095215
v 0.029534 0.413898 0.113417
v 0.015304 0.413898 0.116247
v 0.009928 0.413898 0.116600
v 0.000000 0.413898 0.117250
v 0.000000 0.413594 0.120016
v -0.081041 0.413898 0.084547
v -0.082908 0.413898 0.082908
v -0.084864 0.413594 0.084864
v -0.094172 0.413898 0.069656
v -0.101542 0.413898 0.058625
v -0.116274 0.413898 0.014891
v -0.117250 0.413898 -0.000000
v -0.120016 0.413594 -0.000000
v -0.116926 0.413898 -0.004962
v -0.116247 0.413898 -0.015304
v -0.073558 0.413898 -0.091109
v -0.071378 0.413898 -0.093021
v -0.073062 0.413594 -0.095215
v -0.019774 0.413898 -0.115359
v -0.015304 0.413898 -0.116247
v -0.073850 0.369457 0.096242
v -0.061996 0.370364 0.107382
v 0.073850 0.369457 -0.096242
v 0.085779 0.369457 -0.085779
v 0.096242 0.369457 -0.073850
v 0.085779 0.369457 0.085779
v 0.073850 0.369457 0.096242
v -0.046424 0.369457 0.112076
v -0.085779 0.369457 0.085779
v -0.121311 0.369457 -0.000000
v -0.085779 0.369457 -0.085779
v -0.073850 0.369457 -0.096242
v -0.046424 0.369457 -0.112076
v -0.096242 0.369457 0.073850
v 0.046424 0.369457 0.112076
v 0.096242 0.369457 0.073850
v 0.121311 0.369457 -0.000000
v 0.046424 0.369457 -0.112076
v -0.048413 0.371848 0.116878
v -0.047451 0.370364 0.114555
v -0.033332 0.373869 0.124394
v -0.032092 0.370364 0.119768
v -0.017067 0.376373 0.129638
v -0.016809 0.373869 0.127680
v -0.016513 0.371848 0.125425
v -0.016184 0.370364 0.122933
v 0.000000 0.379289 0.132376
v 0.000000 0.376373 0.130757
v 0.000000 0.371848 0.126507
v 0.000000 0.370364 0.123994
v -0.017278 0.379289 -0.131243
v 0.000000 0.379289 -0.132376
v 0.000000 0.376373 -0.130757
v 0.017438 0.382538 0.132454
v 0.017278 0.379289 0.131243
v 0.017067 0.376373 0.129638
v 0.016809 0.373869 0.127680
v 0.016513 0.371848 0.125425
v 0.016184 0.370364 0.122933
v 0.034781 0.386033 0.129807
v 0.034261 0.379289 0.127865
v 0.033843 0.376373 0.126301
v 0.033332 0.373869 0.124394
v 0.032092 0.370364 0.119768
v 0.051557 0.389678 0.124469
v 0.051428 0.386033 0.124157
v 0.050658 0.379289 0.122300
v 0.050038 0.376373 0.120803
v 0.048413 0.371848 0.116878
v 0.047451 0.370364 0.114555
v 0.067301 0.393372 0.116570
v 0.067362 0.389678 0.116675
v 0.067194 0.386033 0.116382
v 0.066187 0.379289 0.114641
v 0.065378 0.376373 0.113238
v 0.064391 0.373869 0.111529
v 0.063254 0.371848 0.109558
v 0.061996 0.370364 0.107382
v 0.081590 0.397018 0.106331
v 0.081941 0.393372 0.106788
v 0.082015 0.389678 0.106884
v 0.081809 0.386033 0.106616
v 0.080585 0.379289 0.105021
v 0.079600 0.376373 0.103736
v 0.078397 0.373869 0.102170
v 0.094054 0.400513 0.094054
v 0.094772 0.397018 0.094772
v 0.095179 0.393372 0.095179
v 0.095265 0.389678 0.095265
v 0.095026 0.386033 0.095026
v 0.094467 0.382538 0.094467
v 0.093604 0.379289 0.093604
v 0.092459 0.376373 0.092459
v 0.091063 0.373869 0.091063
v 0.087676 0.370364 0.087676
v 0.104397 0.403762 0.080106
v 0.105526 0.400513 0.080974
v 0.106788 0.393372 0.081941
v 0.106884 0.389678 0.082015
v 0.106616 0.386033 0.081809
v 0.105021 0.379289 0.080585
v 0.103736 0.376373 0.079600
v 0.102170 0.373869 0.078397
v -0.087676 0.370364 -0.087676
v -0.089454 0.371848 -0.089454
v -0.100365 0.371848 -0.077013
v -0.111529 0.373869 -0.064391
v -0.113238 0.376373 -0.065379
v -0.120803 0.376373 -0.050038
v -0.122300 0.379289 -0.050658
v -0.127865 0.379289 -0.034261
v -0.129045 0.382538 -0.034578
v -0.132454 0.382538 -0.017438
v -0.134386 0.386033 -0.000000
v -0.134725 0.389678 -0.000000
v -0.133572 0.389678 0.017585
v -0.133452 0.393372 0.017570
v -0.130017 0.393372 0.034838
v -0.129460 0.397018 0.034688
v -0.123825 0.397018 0.051290
v -0.115193 0.400513 0.066507
v -0.113960 0.403762 0.065794
v -0.104397 0.403762 0.080106
v -0.102974 0.406678 0.079015
v -0.087676 0.370364 0.087676
v -0.077013 0.371848 0.100365
v -0.063254 0.371848 0.109558
v -0.064391 0.373869 0.111529
v -0.049283 0.373869 0.118979
v -0.033843 0.376373 0.126301
v -0.034261 0.379289 0.127865
v -0.017278 0.379289 0.131243
v -0.017438 0.382538 0.132454
v 0.000000 0.382538 0.133597
v 0.017585 0.389678 0.133572
v 0.034869 0.389678 0.130134
v 0.034838 0.393372 0.130017
v 0.051511 0.393372 0.124357
v 0.051290 0.397018 0.123825
v 0.067014 0.397018 0.116071
v 0.080106 0.403762 0.104397
v 0.093048 0.403762 0.093048
v 0.091780 0.406678 0.091780
v 0.112406 0.406678 0.064898
v 0.113960 0.403762 0.065794
v 0.115193 0.400513 0.066507
v 0.116570 0.393372 0.067301
v 0.116675 0.389678 0.067362
v 0.116382 0.386033 0.067194
v 0.114641 0.379289 0.066187
v 0.113238 0.376373 0.065379
v 0.111529 0.373869 0.064391
v 0.109558 0.371848 0.063254
v 0.107382 0.370364 0.061996
v -0.061996 0.370364 -0.107382
v -0.077013 0.371848 -0.100365
v -0.103736 0.376373 -0.079600
v -0.114641 0.379289 -0.066188
v -0.123427 0.382538 -0.051125
v -0.133572 0.389678 -0.017585
v -0.134604 0.393372 -0.000000
v -0.132881 0.397018 0.017494
v -0.121573 0.403762 0.050357
v -0.112406 0.406678 0.064898
v -0.101296 0.409181 0.077727
v -0.089454 0.371848 0.089454
v -0.065379 0.376373 0.113238
v -0.050658 0.379289 0.122300
v -0.034578 0.382538 0.129045
v 0.000000 0.389678 0.134725
v 0.017570 0.393372 0.133452
v 0.034688 0.397018 0.129460
v 0.065794 0.403762 0.113960
v 0.079015 0.406678 0.102974
v 0.090284 0.409181 0.090284
v 0.117962 0.409181 0.048861
v 0.121573 0.403762 0.050357
v 0.122888 0.400513 0.050902
v 0.124357 0.393372 0.051511
v 0.124469 0.389678 0.051557
v 0.124157 0.386033 0.051428
v 0.122300 0.379289 0.050658
v 0.120803 0.376373 0.050038
v 0.116878 0.371848 0.048413
v 0.114556 0.370364 0.047451
v 0.112076 0.369457 0.046424
v -0.047451 0.370364 -0.114556
v -0.063254 0.371848 -0.109559
v -0.092459 0.376373 -0.092459
v -0.105021 0.379289 -0.080585
v -0.115698 0.382538 -0.066798
v -0.130134 0.389678 -0.034869
v -0.133452 0.393372 -0.017570
v -0.134027 0.397018 -0.000000
v -0.127106 0.403762 0.034058
v -0.119916 0.406678 0.049671
v -0.110575 0.409181 0.063841
v -0.099409 0.411202 0.076279
v -0.112076 0.369457 0.046424
v -0.107382 0.370364 0.061996
v -0.100365 0.371848 0.077013
v -0.079600 0.376373 0.103736
v -0.066188 0.379289 0.114641
v -0.051125 0.382538 0.123427
v -0.017585 0.389678 0.133572
v 0.000000 0.393372 0.134604
v 0.017494 0.397018 0.132881
v 0.050357 0.403762 0.121573
v 0.064897 0.406678 0.112406
v 0.077727 0.409181 0.101296
v 0.088602 0.411202 0.088602
v 0.121033 0.411202 0.032431
v 0.123331 0.409181 0.033047
v 0.125373 0.406678 0.033594
v 0.127106 0.403762 0.034058
v 0.128481 0.400513 0.034427
v 0.130017 0.393372 0.034838
v 0.130134 0.389678 0.034869
v 0.129807 0.386033 0.034781
v 0.127865 0.379289 0.034261
v 0.126301 0.376373 0.033843
v 0.124394 0.373869 0.033332
v 0.119768 0.370364 0.032092
v -0.032092 0.370364 -0.119768
v -0.048413 0.371848 -0.116878
v -0.064391 0.373869 -0.111529
v -0.079600 0.376373 -0.103736
v -0.093604 0.379289 -0.093604
v -0.105989 0.382538 -0.081329
v -0.124469 0.389678 -0.051557
v -0.130017 0.393372 -0.034838
v -0.132881 0.397018 -0.017494
v -0.130464 0.403762 0.017176
v -0.125373 0.406678 0.033594
v -0.108515 0.411202 0.062652
v -0.097363 0.412686 0.074710
v -0.114556 0.370364 0.047451
v -0.109558 0.371848 0.063254
v -0.092459 0.376373 0.092459
v -0.080585 0.379289 0.105021
v -0.066798 0.382538 0.115698
v -0.034869 0.389678 0.130134
v -0.017570 0.393372 0.133452
v 0.000000 0.397018 0.134027
v 0.034058 0.403762 0.127106
v 0.049671 0.406678 0.119916
v 0.063841 0.409181 0.110575
v 0.076279 0.411202 0.099409
v 0.121675 0.412686 0.016019
v 0.124231 0.411202 0.016355
v 0.126588 0.409181 0.016665
v 0.128686 0.406678 0.016942
v 0.130464 0.403762 0.017176
v 0.131875 0.400513 0.017362
v 0.133452 0.393372 0.017570
v 0.133572 0.389678 0.017585
v 0.133237 0.386033 0.017541
v 0.131243 0.379289 0.017278
v 0.129638 0.376373 0.017067
v 0.127680 0.373869 0.016809
v 0.125425 0.371848 0.016512
v 0.122933 0.370364 0.016184
v -0.097363 0.412686 -0.074710
v -0.086779 0.412686 -0.086779
v 0.000000 0.369457 -0.121311
v -0.016184 0.370364 -0.122933
v -0.032743 0.371848 -0.122197
v -0.049283 0.373869 -0.118979
v -0.065379 0.376373 -0.113238
v -0.080585 0.379289 -0.105021
v -0.094467 0.382538 -0.094467
v -0.116675 0.389678 -0.067362
v -0.124357 0.393372 -0.051511
v -0.129460 0.397018 -0.034688
v -0.131590 0.403762 -0.000000
v -0.128686 0.406678 0.016942
v -0.123331 0.409181 0.033047
v -0.115764 0.411202 0.047952
v -0.061362 0.412686 0.106283
v -0.074710 0.412686 0.097363
v -0.076279 0.411202 0.099409
v -0.119768 0.370364 0.032092
v -0.116878 0.371848 0.048413
v -0.111529 0.373869 0.064391
v -0.103736 0.376373 0.079600
v -0.093604 0.379289 0.093604
v -0.081329 0.382538 0.105989
v -0.051557 0.389678 0.124469
v -0.034838 0.393372 0.130017
v -0.017494 0.397018 0.132881
v 0.017176 0.403762 0.130464
v 0.033594 0.406678 0.125373
v 0.062652 0.411202 0.108515
v 0.084864 0.413594 0.084864
v 0.113383 0.412686 0.046965
v 0.106283 0.412686 0.061362
v 0.125302 0.411202 -0.000000
v 0.127681 0.409181 -0.000000
v 0.131590 0.403762 -0.000000
v 0.133013 0.400513 -0.000000
v 0.134604 0.393372 -0.000000
v 0.134725 0.389678 -0.000000
v 0.134386 0.386033 -0.000000
v 0.132376 0.379289 -0.000000
v 0.130757 0.376373 -0.000000
v 0.126507 0.371848 -0.000000
v -0.084864 0.413594 -0.084864
v -0.103937 0.413594 -0.060008
v -0.108725 0.413898 -0.043693
v -0.108325 0.413898 -0.044870
v -0.106283 0.412686 -0.061362
v -0.099409 0.411202 -0.076279
v -0.090284 0.409181 -0.090284
v -0.115926 0.413594 -0.031062
v -0.118542 0.412686 -0.031763
v -0.113383 0.412686 -0.046965
v -0.110575 0.409181 -0.063841
v -0.101296 0.409181 -0.077727
v -0.102974 0.406678 -0.079015
v -0.091780 0.406678 -0.091780
v -0.093048 0.403762 -0.093048
v -0.080106 0.403762 -0.104397
v -0.080974 0.400513 -0.105526
v -0.066507 0.400513 -0.115193
v -0.051290 0.397018 -0.123825
v -0.051511 0.393372 -0.124357
v -0.034838 0.393372 -0.130017
v -0.034869 0.389678 -0.130134
v -0.017585 0.389678 -0.133572
v -0.017541 0.386033 -0.133237
v 0.000000 0.386033 -0.134386
v -0.115926 0.413594 0.031062
v -0.121675 0.412686 0.016019
v -0.125302 0.411202 -0.000000
v -0.124231 0.411202 -0.016356
v -0.126588 0.409181 -0.016665
v -0.123331 0.409181 -0.033047
v -0.125373 0.406678 -0.033594
v -0.119916 0.406678 -0.049671
v -0.121573 0.403762 -0.050357
v -0.113960 0.403762 -0.065795
v -0.115193 0.400513 -0.066507
v -0.105526 0.400513 -0.080974
v -0.094772 0.397018 -0.094772
v -0.095179 0.393372 -0.095179
v -0.081941 0.393372 -0.106788
v -0.082015 0.389678 -0.106884
v -0.067362 0.389678 -0.116675
v -0.067194 0.386033 -0.116382
v -0.051428 0.386033 -0.124157
v -0.034578 0.382538 -0.129045
v -0.034261 0.379289 -0.127865
v -0.017067 0.376373 -0.129638
v -0.060008 0.413594 0.103937
v -0.045928 0.413594 0.110880
v -0.029534 0.413898 0.113417
v -0.046965 0.412686 0.113382
v -0.077727 0.409181 0.101296
v -0.096242 0.369457 -0.073850
v -0.107382 0.370364 -0.061996
v -0.109558 0.371848 -0.063254
v -0.116878 0.371848 -0.048413
v -0.124394 0.373869 -0.033332
v -0.126301 0.376373 -0.033843
v -0.129638 0.376373 -0.017067
v -0.131243 0.379289 -0.017278
v -0.132376 0.379289 -0.000000
v -0.132454 0.382538 0.017438
v -0.129807 0.386033 0.034781
v -0.130134 0.389678 0.034869
v -0.124469 0.389678 0.051557
v -0.124357 0.393372 0.051511
v -0.116570 0.393372 0.067301
v -0.106331 0.397018 0.081590
v -0.094054 0.400513 0.094054
v -0.093048 0.403762 0.093048
v -0.080106 0.403762 0.104397
v -0.079015 0.406678 0.102974
v -0.064898 0.406678 0.112406
v -0.063841 0.409181 0.110575
v -0.048861 0.409181 0.117962
v -0.032431 0.411202 0.121033
v -0.031763 0.412686 0.118542
v -0.016019 0.412686 0.121675
v -0.015665 0.413594 0.118989
v -0.119768 0.370364 -0.032092
v -0.122933 0.370364 -0.016184
v -0.125425 0.371848 -0.016513
v -0.126507 0.371848 -0.000000
v -0.128783 0.373869 -0.000000
v -0.127680 0.373869 0.016809
v -0.129638 0.376373 0.017067
v -0.126301 0.376373 0.033843
v -0.127865 0.379289 0.034261
v -0.122300 0.379289 0.050658
v -0.123427 0.382538 0.051125
v -0.115698 0.382538 0.066798
v -0.106616 0.386033 0.081809
v -0.106884 0.389678 0.082015
v -0.095265 0.389678 0.095265
v -0.095179 0.393372 0.095179
v -0.081941 0.393372 0.106788
v -0.081590 0.397018 0.106331
v -0.067014 0.397018 0.116071
v -0.050902 0.400513 0.122888
v -0.050357 0.403762 0.121573
v -0.034058 0.403762 0.127106
v -0.033594 0.406678 0.125373
v -0.016942 0.406678 0.128686
v -0.016665 0.409181 0.126588
v 0.000000 0.409181 0.127681
v 0.000000 0.411202 0.125302
v 0.016356 0.411202 0.124231
v 0.016019 0.412686 0.121675
v 0.031763 0.412686 0.118542
v 0.045928 0.413594 0.110880
v 0.103937 0.413594 0.060008
v 0.110880 0.413594 0.045928
v 0.115926 0.413594 0.031062
v 0.116274 0.413898 0.014891
v 0.118542 0.412686 0.031763
v 0.110575 0.409181 0.063841
v 0.000000 0.389678 -0.134725
v -0.017570 0.393372 -0.133452
v 0.000000 0.393372 -0.134604
v -0.017494 0.397018 -0.132881
v 0.000000 0.397018 -0.134027
v -0.017176 0.403762 -0.130464
v 0.000000 0.403762 -0.131590
v -0.016942 0.406678 -0.128686
v 0.000000 0.406678 -0.129796
v -0.016665 0.409181 -0.126588
v -0.016356 0.411202 -0.124231
v 0.000000 0.411202 -0.125302
v -0.016019 0.412686 -0.121675
v 0.000000 0.412686 -0.122725
v 0.000000 0.413898 -0.117250
v -0.034688 0.397018 -0.129460
v -0.034058 0.403762 -0.127106
v -0.033594 0.406678 -0.125373
v -0.033047 0.409181 -0.123331
v -0.032431 0.411202 -0.121033
v -0.031763 0.412686 -0.118542
v -0.031062 0.413594 -0.115926
v -0.045928 0.413594 -0.110880
v -0.044870 0.413898 -0.108325
v -0.038983 0.413898 -0.110323
v -0.050357 0.403762 -0.121573
v -0.049671 0.406678 -0.119916
v -0.047952 0.411202 -0.115764
v -0.060008 0.413594 -0.103937
v -0.065795 0.403762 -0.113960
v -0.064898 0.406678 -0.112406
v -0.063841 0.409181 -0.110575
v -0.062652 0.411202 -0.108515
v -0.079015 0.406678 -0.102974
v -0.077727 0.409181 -0.101296
v -0.076279 0.411202 -0.099409
v -0.082908 0.413898 -0.082908
v -0.099701 0.413898 -0.061381
v -0.093021 0.413898 -0.071378
v -0.087828 0.413898 -0.077299
v -0.114387 0.413898 -0.024656
v -0.121675 0.412686 -0.016019
v -0.121033 0.411202 -0.032431
v -0.112406 0.406678 -0.064898
v -0.104397 0.403762 -0.080106
v -0.094054 0.400513 -0.094054
v -0.067301 0.393372 -0.116570
v -0.051557 0.389678 -0.124469
v -0.104475 0.413898 0.052678
v -0.108325 0.413898 0.044870
v -0.110880 0.413594 0.045928
v -0.118542 0.412686 0.031763
v -0.124231 0.411202 0.016355
v -0.127681 0.409181 -0.000000
v -0.128686 0.406678 -0.016942
v -0.127106 0.403762 -0.034058
v -0.122888 0.400513 -0.050902
v -0.106788 0.393372 -0.081941
v -0.095265 0.389678 -0.095265
v -0.081809 0.386033 -0.106616
v -0.050658 0.379289 -0.122300
v -0.033843 0.376373 -0.126301
v -0.016809 0.373869 -0.127680
v 0.000000 0.371848 -0.126507
v -0.111924 0.413898 0.034270
v -0.121033 0.411202 0.032431
v -0.126588 0.409181 0.016665
v -0.130464 0.403762 -0.017176
v -0.116570 0.393372 -0.067301
v -0.106884 0.389678 -0.082015
v -0.095026 0.386033 -0.095026
v -0.066188 0.379289 -0.114641
v -0.016513 0.371848 -0.125425
v -0.093021 0.413898 0.071378
v -0.091780 0.406678 0.091780
v -0.090284 0.409181 0.090284
v -0.088602 0.411202 0.088602
v -0.071378 0.413898 0.093021
v -0.044870 0.413898 0.108325
v -0.048214 0.413898 0.106676
v -0.065519 0.413898 0.096935
v -0.009928 0.413898 0.116600
v -0.016356 0.411202 0.124231
v -0.033047 0.409181 0.123331
v -0.065795 0.403762 0.113960
v -0.094772 0.397018 0.094772
v -0.106788 0.393372 0.081941
v -0.116675 0.389678 0.067362
v -0.131243 0.379289 0.017278
v -0.127680 0.373869 -0.016809
v -0.114556 0.370364 -0.047451
v 0.065519 0.413898 0.096935
v 0.058625 0.413898 0.101542
v 0.046965 0.412686 0.113382
v 0.032430 0.411202 0.121033
v 0.016665 0.409181 0.126588
v -0.017176 0.403762 0.130464
v -0.034427 0.400513 0.128481
v -0.067301 0.393372 0.116570
v -0.082015 0.389678 0.106884
v -0.095026 0.386033 0.095026
v -0.114641 0.379289 0.066187
v -0.120803 0.376373 0.050038
v -0.124394 0.373869 0.033332
v -0.125425 0.371848 0.016512
v 0.048214 0.413898 0.106676
v 0.044870 0.413898 0.108325
v 0.033047 0.409181 0.123331
v 0.016942 0.406678 0.128686
v 0.000000 0.403762 0.131590
v -0.051511 0.393372 0.124357
v -0.067362 0.389678 0.116675
v -0.094467 0.382538 0.094467
v -0.105021 0.379289 0.080585
v -0.113238 0.376373 0.065379
v -0.122933 0.370364 0.016184
v 0.082908 0.413898 0.082908
v 0.102974 0.406678 0.079015
v 0.101296 0.409181 0.077727
v 0.099409 0.411202 0.076279
v 0.111924 0.413898 0.034270
v 0.108325 0.413898 0.044870
v 0.104475 0.413898 0.052678
v 0.122933 0.370364 -0.016184
v 0.125425 0.371848 -0.016513
v 0.127680 0.373869 -0.016809
v 0.129638 0.376373 -0.017067
v 0.131243 0.379289 -0.017278
v 0.132454 0.382538 -0.017438
v 0.133572 0.389678 -0.017585
v 0.133452 0.393372 -0.017570
v 0.132881 0.397018 -0.017494
v 0.130464 0.403762 -0.017176
v 0.128686 0.406678 -0.016942
v 0.126588 0.409181 -0.016665
v 0.124231 0.411202 -0.016356
v 0.121675 0.412686 -0.016019
v 0.118989 0.413594 -0.015665
v 0.115926 0.413594 -0.031062
v 0.114387 0.413898 -0.024656
v 0.119768 0.370364 -0.032092
v 0.122197 0.371848 -0.032743
v 0.126301 0.376373 -0.033843
v 0.127865 0.379289 -0.034261
v 0.129045 0.382538 -0.034578
v 0.130134 0.389678 -0.034869
v 0.130017 0.393372 -0.034838
v 0.129460 0.397018 -0.034688
v 0.127106 0.403762 -0.034058
v 0.125373 0.406678 -0.033594
v 0.123331 0.409181 -0.033047
v 0.121033 0.411202 -0.032431
v 0.118542 0.412686 -0.031763
v 0.110880 0.413594 -0.045928
v 0.108325 0.413898 -0.044870
v 0.114556 0.370364 -0.047451
v 0.116878 0.371848 -0.048413
v 0.118979 0.373869 -0.049283
v 0.122300 0.379289 -0.050658
v 0.123427 0.382538 -0.051125
v 0.124469 0.389678 -0.051557
v 0.124357 0.393372 -0.051511
v 0.123825 0.397018 -0.051290
v 0.121573 0.403762 -0.050357
v 0.119916 0.406678 -0.049671
v 0.115764 0.411202 -0.047952
v 0.107382 0.370364 -0.061996
v 0.109558 0.371848 -0.063254
v 0.111529 0.373869 -0.064391
v 0.113238 0.376373 -0.065379
v 0.114641 0.379289 -0.066188
v 0.115698 0.382538 -0.066798
v 0.116675 0.389678 -0.067362
v 0.116570 0.393372 -0.067301
v 0.116071 0.397018 -0.067014
v 0.113960 0.403762 -0.065795
v 0.112406 0.406678 -0.064898
v 0.110575 0.409181 -0.063841
v 0.108515 0.411202 -0.062652
v 0.100365 0.371848 -0.077013
v 0.103736 0.376373 -0.079600
v 0.105021 0.379289 -0.080585
v 0.105989 0.382538 -0.081329
v 0.106884 0.389678 -0.082015
v 0.106788 0.393372 -0.081941
v 0.106331 0.397018 -0.081590
v 0.104397 0.403762 -0.080106
v 0.102974 0.406678 -0.079015
v 0.101296 0.409181 -0.077727
v 0.099409 0.411202 -0.076279
v 0.097363 0.412686 -0.074710
v 0.093021 0.413898 -0.071378
v 0.084864 0.413594 -0.084864
v 0.082908 0.413898 -0.082908
v 0.087828 0.413898 -0.077299
v 0.087676 0.370364 -0.087676
v 0.089454 0.371848 -0.089454
v 0.092459 0.376373 -0.092459
v 0.093604 0.379289 -0.093604
v 0.094467 0.382538 -0.094467
v 0.095026 0.386033 -0.095026
v 0.095265 0.389678 -0.095265
v 0.095179 0.393372 -0.095179
v 0.094772 0.397018 -0.094772
v 0.094054 0.400513 -0.094054
v 0.093048 0.403762 -0.093048
v 0.091780 0.406678 -0.091780
v 0.090284 0.409181 -0.090284
v 0.088602 0.411202 -0.088602
v 0.073062 0.413594 -0.095215
v 0.071378 0.413898 -0.093021
v 0.073558 0.413898 -0.091109
v 0.077013 0.371848 -0.100365
v 0.079600 0.376373 -0.103736
v 0.080585 0.379289 -0.105021
v 0.081329 0.382538 -0.105989
v 0.082015 0.389678 -0.106884
v 0.081941 0.393372 -0.106788
v 0.081590 0.397018 -0.106331
v 0.080106 0.403762 -0.104397
v 0.079015 0.406678 -0.102974
v 0.077727 0.409181 -0.101296
v 0.076279 0.411202 -0.099409
v 0.061996 0.370364 -0.107382
v 0.063254 0.371848 -0.109559
v 0.064391 0.373869 -0.111529
v 0.065378 0.376373 -0.113238
v 0.066187 0.379289 -0.114641
v 0.066798 0.382538 -0.115698
v 0.067362 0.389678 -0.116675
v 0.067301 0.393372 -0.116570
v 0.067014 0.397018 -0.116071
v 0.065794 0.403762 -0.113960
v 0.064897 0.406678 -0.112406
v 0.063841 0.409181 -0.110575
v 0.062652 0.411202 -0.108515
v 0.047451 0.370364 -0.114556
v 0.048413 0.371848 -0.116878
v 0.049283 0.373869 -0.118979
v 0.050658 0.379289 -0.122300
v 0.051125 0.382538 -0.123427
v 0.051557 0.389678 -0.124469
v 0.051511 0.393372 -0.124357
v 0.051290 0.397018 -0.123825
v 0.050357 0.403762 -0.121573
v 0.049671 0.406678 -0.119916
v 0.047952 0.411202 -0.115764
v 0.032092 0.370364 -0.119768
v 0.032742 0.371848 -0.122197
v 0.033843 0.376373 -0.126301
v 0.034261 0.379289 -0.127865
v 0.034578 0.382538 -0.129045
v 0.034869 0.389678 -0.130134
v 0.034838 0.393372 -0.130017
v 0.034688 0.397018 -0.129460
v 0.034058 0.403762 -0.127106
v 0.033594 0.406678 -0.125373
v 0.033047 0.409181 -0.123331
v 0.032430 0.411202 -0.121033
v 0.031763 0.412686 -0.118542
v 0.031062 0.413594 -0.115926
v 0.015665 0.413594 -0.118989
v 0.019774 0.413898 -0.115359
v 0.016184 0.370364 -0.122933
v 0.016513 0.371848 -0.125425
v 0.016809 0.373869 -0.127680
v 0.017067 0.376373 -0.129638
v 0.017278 0.379289 -0.131243
v 0.017438 0.382538 -0.132454
v 0.017585 0.389678 -0.133572
v 0.017570 0.393372 -0.133452
v 0.017494 0.397018 -0.132881
v 0.017176 0.403762 -0.130464
v 0.016942 0.406678 -0.128686
v 0.016665 0.409181 -0.126588
v 0.016356 0.411202 -0.124231
v 0.016019 0.412686 -0.121675
v -0.076851 0.000000 0.274287
v -0.113484 0.000000 0.261268
v 0.113484 0.000000 -0.261268
v 0.076851 0.000000 -0.274287
v 0.148004 0.000000 0.243381
v 0.179766 0.000000 0.220961
v 0.208179 0.000000 0.194425
v -0.268403 0.000000 -0.095391
v -0.252914 0.000000 -0.131050
v -0.208179 0.000000 0.194425
v -0.038787 0.000000 -0.282197
v 0.000000 0.000000 -0.284850
v 0.038787 0.000000 -0.282197
v -0.148004 0.000000 0.243381
v -0.179766 0.000000 0.220961
v -0.208179 0.000000 -0.194425
v -0.232714 0.000000 -0.164268
v -0.179766 0.000000 -0.220961
v -0.148004 0.000000 -0.243381
v 0.148004 0.000000 -0.243381
v 0.252914 0.000000 0.131050
v 0.232714 0.000000 0.164268
v 0.113484 0.000000 0.261268
v 0.076851 0.000000 0.274287
v 0.038787 0.000000 0.282197
v -0.278892 0.000000 0.057954
v -0.232714 0.000000 0.164268
v -0.268403 0.000000 0.095390
v -0.252914 0.000000 0.131050
v -0.284186 0.000000 0.019438
v -0.284186 0.000000 -0.019438
v -0.278892 0.000000 -0.057954
v -0.113484 0.000000 -0.261268
v -0.076851 0.000000 -0.274287
v 0.232714 0.000000 -0.164268
v 0.284186 0.000000 -0.019438
v 0.208179 0.000000 -0.194425
v 0.284186 0.000000 0.019438
v 0.278892 0.000000 0.057954
v 0.000000 0.000000 0.284850
v -0.038787 0.000000 0.282197
v 0.252914 0.000000 -0.131050
v 0.268403 0.000000 -0.095391
v 0.278892 0.000000 -0.057954
v 0.179766 0.000000 -0.220961
v 0.268403 0.000000 0.095390
v 0.038051 0.067119 -0.276845
v 0.000000 0.067119 -0.279448
v -0.038051 0.067119 -0.276845
v -0.075394 0.067119 -0.269085
v -0.111332 0.067119 -0.256312
v -0.145197 0.067119 -0.238765
v -0.176356 0.067119 -0.216771
v -0.204231 0.067119 -0.190737
v -0.228300 0.067119 -0.161152
v -0.248117 0.067119 -0.128565
v -0.263312 0.067119 -0.093582
v -0.273603 0.067119 -0.056855
v -0.278797 0.067119 -0.019070
v -0.278797 0.067119 0.019070
v -0.273603 0.067119 0.056855
v -0.263312 0.067119 0.093581
v -0.248117 0.067119 0.128565
v -0.228300 0.067119 0.161152
v -0.204231 0.067119 0.190737
v -0.176356 0.067119 0.216771
v -0.145197 0.067119 0.238765
v -0.111332 0.067119 0.256312
v -0.075394 0.067119 0.269085
v -0.038051 0.067119 0.276845
v 0.000000 0.067119 0.279448
v 0.038051 0.067119 0.276845
v 0.075394 0.067119 0.269085
v 0.111332 0.067119 0.256312
v 0.145197 0.067119 0.238765
v 0.176356 0.067119 0.216771
v 0.204231 0.067119 0.190737
v 0.228300 0.067119 0.161152
v 0.248117 0.067119 0.128565
v 0.263312 0.067119 0.093581
v 0.273603 0.067119 0.056855
v 0.278797 0.067119 0.019070
v 0.278797 0.067119 -0.019070
v 0.273603 0.067119 -0.056855
v 0.263312 0.067119 -0.093582
v 0.248117 0.067119 -0.128565
v 0.228300 0.067119 -0.161152
v 0.204231 0.067119 -0.190737
v 0.176356 0.067119 -0.216771
v 0.145197 0.067119 -0.238765
v 0.111332 0.067119 -0.256312
v 0.075394 0.067119 -0.269085
v 0.162095 0.089492 -0.201827
v 0.163316 0.089492 -0.200747
v 0.252762 0.089492 -0.055859
v 0.253312 0.089492 -0.052643
v 0.232051 0.089492 0.114725
v 0.229672 0.089492 0.119000
v 0.189556 0.089492 0.176289
v 0.037402 0.089492 0.256145
v -0.131232 0.089492 0.223130
v -0.134415 0.089492 0.221046
v -0.258181 0.089492 0.018751
v -0.258208 0.089492 0.017664
v -0.213039 0.089492 -0.147050
v -0.211389 0.089492 -0.149209
v -0.049734 0.089492 -0.254038
v -0.069798 0.089492 -0.249093
v -0.074020 0.089492 -0.248053
v -0.097615 0.089492 -0.239751
v -0.103038 0.089492 -0.237231
v -0.120299 0.089492 -0.229210
v -0.134361 0.089492 -0.220940
v -0.163316 0.089492 -0.200747
v -0.162095 0.089492 -0.201827
v -0.141859 0.089492 -0.216529
v -0.180818 0.089492 -0.185241
v -0.188965 0.089492 -0.176481
v -0.197852 0.089492 -0.166924
v -0.226236 0.089492 -0.125802
v -0.229610 0.089492 -0.118980
v -0.253312 0.089492 -0.052643
v -0.252762 0.089492 -0.055859
v -0.246191 0.089492 -0.079992
v -0.243686 0.089492 -0.086600
v -0.237322 0.089492 -0.103380
v -0.256974 0.089492 -0.031202
v -0.257958 0.089492 -0.017644
v -0.258785 0.089492 -0.006255
v -0.255166 0.089492 0.043581
v -0.253171 0.089492 0.052606
v -0.229672 0.089492 0.119000
v -0.232051 0.089492 0.114725
v -0.242039 0.089492 0.091793
v -0.243719 0.089492 0.086624
v -0.249769 0.089492 0.068004
v -0.219894 0.089492 0.136585
v -0.211245 0.089492 0.149116
v -0.189167 0.089492 0.176668
v -0.205686 0.089492 0.157171
v -0.171657 0.089492 0.193761
v -0.163178 0.089492 0.200570
v -0.152155 0.089492 0.209423
v -0.109084 0.089492 0.234754
v -0.103042 0.089492 0.237214
v -0.085918 0.089492 0.244187
v -0.069764 0.089492 0.249007
v -0.035239 0.089492 0.256355
v -0.061950 0.089492 0.251339
v -0.012506 0.089492 0.258559
v 0.000000 0.089492 0.258559
v 0.012506 0.089492 0.258559
v 0.061950 0.089492 0.251339
v 0.069764 0.089492 0.249007
v 0.134415 0.089492 0.221046
v 0.131232 0.089492 0.223130
v 0.109084 0.089492 0.234754
v 0.103042 0.089492 0.237214
v 0.085918 0.089492 0.244187
v 0.152155 0.089492 0.209423
v 0.163178 0.089492 0.200570
v 0.171657 0.089492 0.193761
v 0.205686 0.089492 0.157171
v 0.211245 0.089492 0.149116
v 0.219894 0.089492 0.136585
v 0.242039 0.089492 0.091793
v 0.243719 0.089492 0.086624
v 0.249769 0.089492 0.068004
v 0.253171 0.089492 0.052606
v 0.258208 0.089492 0.017664
v 0.258181 0.089492 0.018751
v 0.255166 0.089492 0.043581
v 0.258785 0.089492 -0.006255
v 0.257958 0.089492 -0.017644
v 0.256974 0.089492 -0.031202
v 0.246191 0.089492 -0.079992
v 0.243686 0.089492 -0.086600
v 0.237322 0.089492 -0.103380
v 0.229610 0.089492 -0.118980
v 0.211389 0.089492 -0.149209
v 0.213039 0.089492 -0.147050
v 0.226236 0.089492 -0.125802
v 0.197852 0.089492 -0.166924
v 0.188965 0.089492 -0.176481
v 0.180818 0.089492 -0.185241
v 0.141859 0.089492 -0.216529
v 0.134361 0.089492 -0.220940
v 0.069798 0.089492 -0.249093
v 0.074020 0.089492 -0.248053
v 0.097615 0.089492 -0.239751
v 0.103038 0.089492 -0.237231
v 0.120299 0.089492 -0.229210
v 0.049734 0.089492 -0.254038
v 0.035206 0.089492 -0.256160
v -0.035206 0.089492 -0.256160
v -0.024984 0.089492 -0.257653
v 0.000000 0.089492 -0.258861
v 0.024984 0.089492 -0.257653
v 0.108593 0.221056 -0.184291
v 0.117058 0.221056 -0.178676
v 0.122650 0.217471 -0.187209
v 0.127567 0.221056 -0.171705
v 0.133767 0.221056 -0.166563
v 0.140145 0.217471 -0.174498
v 0.145094 0.221056 -0.157173
v 0.149248 0.221056 -0.152907
v 0.156333 0.217471 -0.160157
v 0.160979 0.221056 -0.140859
v 0.171060 0.217471 -0.144321
v 0.175040 0.221056 -0.122950
v 0.175968 0.221056 -0.121467
v 0.184191 0.217471 -0.127138
v 0.213830 0.221056 0.005695
v 0.213047 0.221056 0.015471
v 0.223220 0.217471 0.016211
v 0.212013 0.221056 0.028391
v 0.210586 0.221056 0.035963
v 0.220614 0.217471 0.037679
v 0.207794 0.221056 0.050766
v 0.206177 0.221056 0.056130
v 0.215947 0.217471 0.058797
v 0.201221 0.221056 0.072565
v 0.199860 0.221056 0.075790
v 0.209265 0.217471 0.079363
v 0.192368 0.221056 0.093543
v 0.191690 0.221056 0.094767
v 0.200628 0.217471 0.099190
v 0.098630 0.221056 0.189810
v 0.090018 0.221056 0.193717
v 0.094313 0.217471 0.202966
v 0.077896 0.221056 0.199218
v 0.070913 0.221056 0.201528
v 0.074284 0.217471 0.211121
v 0.056279 0.221056 0.206369
v 0.051146 0.221056 0.207479
v 0.053561 0.217471 0.217305
v 0.034025 0.221056 0.211183
v 0.030892 0.221056 0.211517
v 0.032337 0.217471 0.221460
v 0.011384 0.221056 0.213603
v 0.010813 0.217471 0.223547
v -0.118247 0.221056 0.178251
v -0.125557 0.221056 0.172820
v -0.131552 0.217471 0.181065
v -0.136524 0.221056 0.164672
v -0.141671 0.221056 0.159921
v -0.148413 0.217471 0.167523
v -0.153254 0.221056 0.149227
v -0.156482 0.221056 0.145538
v -0.163888 0.217471 0.152417
v -0.168248 0.221056 0.132092
v -0.177833 0.217471 0.135888
v -0.181335 0.221056 0.113460
v -0.190118 0.217471 0.118091
v -0.213224 0.221056 -0.017066
v -0.212062 0.221056 -0.025745
v -0.222177 0.217471 -0.026977
v -0.210202 0.221056 -0.039635
v -0.208623 0.221056 -0.046098
v -0.218536 0.217471 -0.048294
v -0.204798 0.221056 -0.061752
v -0.203254 0.221056 -0.066035
v -0.212854 0.217471 -0.069160
v -0.197074 0.221056 -0.083171
v -0.205186 0.217471 -0.089381
v -0.187117 0.221056 -0.103649
v -0.195601 0.217471 -0.108767
v -0.088388 0.221056 -0.194790
v -0.080560 0.221056 -0.197851
v -0.084397 0.217471 -0.207286
v -0.067183 0.221056 -0.203081
v -0.061101 0.221056 -0.204740
v -0.063997 0.217471 -0.214463
v -0.045216 0.221056 -0.209072
v -0.041068 0.221056 -0.209741
v -0.043000 0.217471 -0.219639
v -0.022737 0.221056 -0.212694
v -0.020639 0.221056 -0.212806
v -0.021601 0.217471 -0.222764
v 0.000000 0.099434 -0.264743
v 0.025551 0.099434 -0.263508
v 0.050864 0.099434 -0.259811
v 0.099834 0.099434 -0.245198
v 0.123033 0.099434 -0.234419
v 0.165779 0.099434 -0.206414
v 0.202347 0.099434 -0.170718
v 0.231378 0.099434 -0.128661
v 0.242714 0.099434 -0.105729
v 0.258506 0.099434 -0.057128
v 0.260964 0.099434 0.044571
v 0.255445 0.099434 0.069550
v 0.237323 0.099434 0.117332
v 0.193863 0.099434 0.180294
v 0.155612 0.099434 0.214182
v 0.111563 0.099434 0.240089
v 0.087871 0.099434 0.249735
v 0.038252 0.099434 0.261965
v -0.063357 0.099434 0.257051
v -0.087871 0.099434 0.249735
v -0.134215 0.099434 0.228200
v -0.210359 0.099434 0.160742
v -0.224891 0.099434 0.139689
v -0.247539 0.099434 0.093879
v -0.264048 0.099434 0.019176
v -0.262813 0.099434 -0.031911
v -0.251785 0.099434 -0.081810
v -0.242714 0.099434 -0.105729
v -0.217879 0.099434 -0.150392
v -0.145082 0.099434 -0.221450
v -0.123033 0.099434 -0.234419
v -0.075702 0.099434 -0.253689
v -0.025551 0.099434 -0.263508
v -0.050864 0.099434 -0.259811
v -0.099834 0.099434 -0.245198
v -0.165779 0.099434 -0.206414
v -0.184926 0.099434 -0.189450
v -0.202347 0.099434 -0.170718
v -0.231378 0.099434 -0.128661
v -0.258506 0.099434 -0.057128
v -0.264666 0.099434 -0.006398
v -0.260964 0.099434 0.044571
v -0.255445 0.099434 0.069550
v -0.237323 0.099434 0.117332
v -0.193863 0.099434 0.180294
v -0.175557 0.099434 0.198164
v -0.155612 0.099434 0.214182
v -0.111563 0.099434 0.240089
v -0.038252 0.099434 0.261965
v -0.012791 0.099434 0.264434
v 0.012791 0.099434 0.264434
v 0.063357 0.099434 0.257051
v 0.134215 0.099434 0.228200
v 0.175557 0.099434 0.198164
v 0.210359 0.099434 0.160742
v 0.224891 0.099434 0.139689
v 0.247539 0.099434 0.093879
v 0.264048 0.099434 0.019176
v 0.264666 0.099434 -0.006398
v 0.262813 0.099434 -0.031911
v 0.251785 0.099434 -0.081810
v 0.217879 0.099434 -0.150392
v 0.184926 0.099434 -0.189450
v 0.145082 0.099434 -0.221450
v 0.075702 0.099434 -0.253689
v -0.025962 0.110597 -0.267740
v 0.000000 0.110597 -0.268996
v -0.026204 0.122678 -0.270236
v 0.000000 0.122678 -0.271503
v -0.026272 0.135347 -0.270940
v 0.000000 0.135347 -0.272210
v -0.026167 0.148259 -0.269854
v 0.000000 0.148259 -0.271120
v -0.025894 0.161064 -0.267036
v 0.000000 0.161064 -0.268288
v -0.025463 0.173412 -0.262592
v 0.000000 0.173412 -0.263823
v -0.024889 0.184968 -0.256676
v 0.000000 0.184968 -0.257879
v -0.024191 0.195416 -0.249474
v 0.000000 0.195416 -0.250644
v -0.023389 0.204472 -0.241203
v 0.000000 0.204472 -0.242334
v -0.022510 0.211891 -0.232136
v 0.000000 0.211891 -0.233225
v 0.000000 0.217471 -0.223809
v 0.000000 0.221056 -0.213906
v -0.051681 0.110597 -0.263984
v -0.052163 0.122678 -0.266445
v -0.052299 0.135347 -0.267139
v -0.052090 0.148259 -0.266069
v -0.051545 0.161064 -0.263289
v -0.050687 0.173412 -0.258908
v -0.049545 0.184968 -0.253075
v -0.048156 0.195416 -0.245975
v -0.046559 0.204472 -0.237819
v -0.044809 0.211891 -0.228879
v -0.076918 0.110597 -0.257764
v -0.077635 0.122678 -0.260167
v -0.077837 0.135347 -0.260845
v -0.077525 0.148259 -0.259800
v -0.076715 0.161064 -0.257086
v -0.075440 0.173412 -0.252808
v -0.073739 0.184968 -0.247113
v -0.071670 0.195416 -0.240179
v -0.069294 0.204472 -0.232215
v -0.066690 0.211891 -0.223486
v -0.101436 0.110597 -0.249136
v -0.102383 0.122678 -0.251459
v -0.102649 0.135347 -0.252115
v -0.102238 0.148259 -0.251104
v -0.101170 0.161064 -0.248481
v -0.099487 0.173412 -0.244347
v -0.097245 0.184968 -0.238841
v -0.094517 0.195416 -0.232140
v -0.091383 0.204472 -0.224443
v -0.087948 0.211891 -0.216006
v -0.125008 0.110597 -0.238183
v -0.126174 0.122678 -0.240404
v -0.126503 0.135347 -0.241031
v -0.125996 0.148259 -0.240065
v -0.124680 0.161064 -0.237557
v -0.122605 0.173412 -0.233604
v -0.119843 0.184968 -0.228341
v -0.116480 0.195416 -0.221935
v -0.112618 0.204472 -0.214575
v -0.108385 0.211891 -0.206510
v -0.104009 0.217471 -0.198173
v -0.099268 0.221056 -0.189137
v -0.122650 0.217471 -0.187209
v -0.117058 0.221056 -0.178676
v -0.108593 0.221056 -0.184291
v -0.147412 0.110597 -0.225006
v -0.148787 0.122678 -0.227104
v -0.149175 0.135347 -0.227696
v -0.148577 0.148259 -0.226783
v -0.147025 0.161064 -0.224415
v -0.144579 0.173412 -0.220681
v -0.141322 0.184968 -0.215708
v -0.137356 0.195416 -0.209657
v -0.132802 0.204472 -0.202705
v -0.127810 0.211891 -0.195085
v -0.140145 0.217471 -0.174498
v -0.133767 0.221056 -0.166563
v -0.127567 0.221056 -0.171705
v -0.168441 0.110597 -0.209729
v -0.170011 0.122678 -0.211685
v -0.170455 0.135347 -0.212235
v -0.169771 0.148259 -0.211385
v -0.167998 0.161064 -0.209177
v -0.165202 0.173412 -0.205697
v -0.161481 0.184968 -0.201062
v -0.156950 0.195416 -0.195421
v -0.151745 0.204472 -0.188942
v -0.146042 0.211891 -0.181839
v -0.156333 0.217471 -0.160157
v -0.149248 0.221056 -0.152907
v -0.145094 0.221056 -0.157173
v -0.187896 0.110597 -0.192493
v -0.189648 0.122678 -0.194287
v -0.190142 0.135347 -0.194793
v -0.189381 0.148259 -0.194013
v -0.187402 0.161064 -0.191987
v -0.184283 0.173412 -0.188792
v -0.180132 0.184968 -0.184539
v -0.175078 0.195416 -0.179361
v -0.169273 0.204472 -0.173414
v -0.162910 0.211891 -0.166895
v -0.171060 0.217471 -0.144321
v -0.163358 0.221056 -0.137830
v -0.205597 0.110597 -0.173460
v -0.207514 0.122678 -0.175077
v -0.208055 0.135347 -0.175533
v -0.207221 0.148259 -0.174829
v -0.205057 0.161064 -0.173004
v -0.201644 0.173412 -0.170124
v -0.197102 0.184968 -0.166292
v -0.191571 0.195416 -0.161626
v -0.185219 0.204472 -0.156267
v -0.178257 0.211891 -0.150393
v -0.184191 0.217471 -0.127138
v -0.175968 0.221056 -0.121467
v -0.175040 0.221056 -0.122950
v -0.221379 0.110597 -0.152806
v -0.223443 0.122678 -0.154231
v -0.224025 0.135347 -0.154633
v -0.223127 0.148259 -0.154014
v -0.220797 0.161064 -0.152405
v -0.217123 0.173412 -0.149869
v -0.212231 0.184968 -0.146492
v -0.206277 0.195416 -0.142382
v -0.199436 0.204472 -0.137662
v -0.191940 0.211891 -0.132487
v -0.235094 0.110597 -0.130727
v -0.237285 0.122678 -0.131946
v -0.237904 0.135347 -0.132290
v -0.236950 0.148259 -0.131760
v -0.234475 0.161064 -0.130383
v -0.230573 0.173412 -0.128214
v -0.225379 0.184968 -0.125325
v -0.219055 0.195416 -0.121809
v -0.211792 0.204472 -0.117770
v -0.203830 0.211891 -0.113343
v -0.246613 0.110597 -0.107427
v -0.248912 0.122678 -0.108429
v -0.249561 0.135347 -0.108712
v -0.248561 0.148259 -0.108276
v -0.245965 0.161064 -0.107145
v -0.241871 0.173412 -0.105362
v -0.236422 0.184968 -0.102988
v -0.229788 0.195416 -0.100099
v -0.222170 0.204472 -0.096780
v -0.213818 0.211891 -0.093141
v -0.255830 0.110597 -0.083124
v -0.258215 0.122678 -0.083899
v -0.258888 0.135347 -0.084118
v -0.257850 0.148259 -0.083781
v -0.255157 0.161064 -0.082906
v -0.250912 0.173412 -0.081526
v -0.245258 0.184968 -0.079689
v -0.238377 0.195416 -0.077453
v -0.230473 0.204472 -0.074885
v -0.221809 0.211891 -0.072070
v -0.262658 0.110597 -0.058045
v -0.265107 0.122678 -0.058587
v -0.265797 0.135347 -0.058739
v -0.264732 0.148259 -0.058503
v -0.261968 0.161064 -0.057892
v -0.257608 0.173412 -0.056929
v -0.251804 0.184968 -0.055646
v -0.244739 0.195416 -0.054085
v -0.236625 0.204472 -0.052291
v -0.227730 0.211891 -0.050326
v -0.267034 0.110597 -0.032424
v -0.269523 0.122678 -0.032726
v -0.270226 0.135347 -0.032811
v -0.269143 0.148259 -0.032680
v -0.266332 0.161064 -0.032339
v -0.261900 0.173412 -0.031800
v -0.256000 0.184968 -0.031084
v -0.248817 0.195416 -0.030212
v -0.240567 0.204472 -0.029210
v -0.231524 0.211891 -0.028112
v -0.268916 0.110597 -0.006500
v -0.271424 0.122678 -0.006560
v -0.272132 0.135347 -0.006577
v -0.271040 0.148259 -0.006551
v -0.268210 0.161064 -0.006483
v -0.263747 0.173412 -0.006375
v -0.257804 0.184968 -0.006232
v -0.250571 0.195416 -0.006056
v -0.242263 0.204472 -0.005856
v -0.233156 0.211891 -0.005635
v -0.223743 0.217471 -0.005408
v -0.213541 0.221056 -0.005160
v -0.223220 0.217471 0.016211
v -0.213047 0.221056 0.015471
v -0.213830 0.221056 0.005695
v -0.268288 0.110597 0.019484
v -0.270790 0.122678 0.019666
v -0.271495 0.135347 0.019718
v -0.270408 0.148259 0.019639
v -0.267583 0.161064 0.019434
v -0.263131 0.173412 0.019110
v -0.257202 0.184968 0.018679
v -0.249986 0.195416 0.018156
v -0.241697 0.204472 0.017554
v -0.232612 0.211891 0.016893
v -0.220614 0.217471 0.037679
v -0.210586 0.221056 0.035963
v -0.212013 0.221056 0.028391
v -0.265155 0.110597 0.045287
v -0.267628 0.122678 0.045709
v -0.268325 0.135347 0.045829
v -0.267250 0.148259 0.045645
v -0.264458 0.161064 0.045168
v -0.260058 0.173412 0.044417
v -0.254198 0.184968 0.043416
v -0.247066 0.195416 0.042198
v -0.238875 0.204472 0.040798
v -0.229895 0.211891 0.039265
v -0.215947 0.217471 0.058797
v -0.206177 0.221056 0.056130
v -0.207794 0.221056 0.050766
v -0.259547 0.110597 0.070667
v -0.261966 0.122678 0.071326
v -0.262649 0.135347 0.071512
v -0.261597 0.148259 0.071225
v -0.258864 0.161064 0.070481
v -0.254557 0.173412 0.069308
v -0.248822 0.184968 0.067747
v -0.241840 0.195416 0.065846
v -0.233822 0.204472 0.063663
v -0.225032 0.211891 0.061269
v -0.209265 0.217471 0.079363
v -0.199860 0.221056 0.075790
v -0.201221 0.221056 0.072565
v -0.251515 0.110597 0.095387
v -0.253860 0.122678 0.096276
v -0.254522 0.135347 0.096527
v -0.253502 0.148259 0.096141
v -0.250854 0.161064 0.095136
v -0.246679 0.173412 0.093553
v -0.241121 0.184968 0.091445
v -0.234357 0.195416 0.088879
v -0.226586 0.204472 0.085933
v -0.218069 0.211891 0.082703
v -0.200628 0.217471 0.099190
v -0.191690 0.221056 0.094767
v -0.192368 0.221056 0.093543
v -0.241135 0.110597 0.119216
v -0.243383 0.122678 0.120328
v -0.244017 0.135347 0.120642
v -0.243039 0.148259 0.120158
v -0.240501 0.161064 0.118903
v -0.236498 0.173412 0.116925
v -0.231170 0.184968 0.114290
v -0.224684 0.195416 0.111083
v -0.217235 0.204472 0.107400
v -0.209069 0.211891 0.103363
v -0.228503 0.110597 0.141933
v -0.230633 0.122678 0.143256
v -0.231234 0.135347 0.143629
v -0.230308 0.148259 0.143054
v -0.227902 0.161064 0.141560
v -0.224110 0.173412 0.139204
v -0.219061 0.184968 0.136068
v -0.212915 0.195416 0.132250
v -0.205854 0.204472 0.127865
v -0.198117 0.211891 0.123058
v -0.213738 0.110597 0.163324
v -0.215730 0.122678 0.164847
v -0.216292 0.135347 0.165276
v -0.215426 0.148259 0.164614
v -0.213176 0.161064 0.162894
v -0.209628 0.173412 0.160184
v -0.204905 0.184968 0.156575
v -0.199157 0.195416 0.152182
v -0.192553 0.204472 0.147136
v -0.185315 0.211891 0.141605
v -0.196977 0.110597 0.183190
v -0.198813 0.122678 0.184898
v -0.199331 0.135347 0.185380
v -0.198532 0.148259 0.184637
v -0.196459 0.161064 0.182709
v -0.193189 0.173412 0.179668
v -0.188837 0.184968 0.175620
v -0.183539 0.195416 0.170693
v -0.177454 0.204472 0.165033
v -0.170783 0.211891 0.158829
v -0.178377 0.110597 0.201345
v -0.180040 0.122678 0.203223
v -0.180510 0.135347 0.203753
v -0.179786 0.148259 0.202936
v -0.177908 0.161064 0.200817
v -0.174947 0.173412 0.197474
v -0.171006 0.184968 0.193025
v -0.166208 0.195416 0.187610
v -0.160697 0.204472 0.181390
v -0.154657 0.211891 0.174571
v -0.158111 0.110597 0.217622
v -0.159585 0.122678 0.219650
v -0.160002 0.135347 0.220223
v -0.159361 0.148259 0.219340
v -0.157696 0.161064 0.217049
v -0.155072 0.173412 0.213438
v -0.151578 0.184968 0.208629
v -0.147325 0.195416 0.202776
v -0.142440 0.204472 0.196052
v -0.137086 0.211891 0.188682
v -0.136370 0.110597 0.231866
v -0.137641 0.122678 0.234028
v -0.138000 0.135347 0.234637
v -0.137447 0.148259 0.233697
v -0.136011 0.161064 0.231256
v -0.133748 0.173412 0.227408
v -0.130735 0.184968 0.222284
v -0.127066 0.195416 0.216048
v -0.122854 0.204472 0.208884
v -0.118235 0.211891 0.201032
v -0.113462 0.217471 0.192916
v -0.108288 0.221056 0.184119
v -0.094313 0.217471 0.202966
v -0.090018 0.221056 0.193717
v -0.098630 0.221056 0.189810
v -0.113354 0.110597 0.243945
v -0.114412 0.122678 0.246219
v -0.114709 0.135347 0.246861
v -0.114250 0.148259 0.245872
v -0.113057 0.161064 0.243303
v -0.111176 0.173412 0.239255
v -0.108671 0.184968 0.233864
v -0.105622 0.195416 0.227303
v -0.102119 0.204472 0.219766
v -0.098282 0.211891 0.211505
v -0.074284 0.217471 0.211121
v -0.070913 0.221056 0.201528
v -0.077896 0.221056 0.199218
v -0.089282 0.110597 0.253746
v -0.090114 0.122678 0.256112
v -0.090349 0.135347 0.256780
v -0.089987 0.148259 0.255751
v -0.089047 0.161064 0.253079
v -0.087565 0.173412 0.248868
v -0.085592 0.184968 0.243261
v -0.083191 0.195416 0.236436
v -0.080433 0.204472 0.228597
v -0.077409 0.211891 0.220004
v -0.053561 0.217471 0.217305
v -0.051146 0.221056 0.207479
v -0.056279 0.221056 0.206369
v -0.064375 0.110597 0.261179
v -0.064975 0.122678 0.263614
v -0.065145 0.135347 0.264301
v -0.064883 0.148259 0.263242
v -0.064205 0.161064 0.260492
v -0.063137 0.173412 0.256158
v -0.061715 0.184968 0.250386
v -0.059983 0.195416 0.243362
v -0.057994 0.204472 0.235292
v -0.055815 0.211891 0.226448
v -0.032337 0.217471 0.221460
v -0.030892 0.221056 0.211517
v -0.034025 0.221056 0.211183
v -0.038867 0.110597 0.266173
v -0.039229 0.122678 0.268654
v -0.039331 0.135347 0.269354
v -0.039173 0.148259 0.268275
v -0.038765 0.161064 0.265472
v -0.038119 0.173412 0.261055
v -0.037261 0.184968 0.255173
v -0.036215 0.195416 0.248014
v -0.035014 0.204472 0.239791
v -0.033698 0.211891 0.230777
v -0.010813 0.217471 0.223547
v -0.010335 0.221056 0.213603
v -0.012996 0.110597 0.268681
v -0.013117 0.122678 0.271186
v -0.013152 0.135347 0.271893
v -0.013099 0.148259 0.270803
v -0.012962 0.161064 0.267975
v -0.012746 0.173412 0.263515
v -0.012459 0.184968 0.257579
v -0.012109 0.195416 0.250352
v -0.011708 0.204472 0.242050
v -0.011268 0.211891 0.232952
v 0.012996 0.110597 0.268681
v 0.013117 0.122678 0.271186
v 0.013152 0.135347 0.271893
v 0.013099 0.148259 0.270803
v 0.012962 0.161064 0.267975
v 0.012746 0.173412 0.263515
v 0.012459 0.184968 0.257579
v 0.012109 0.195416 0.250352
v 0.011708 0.204472 0.242050
v 0.011268 0.211891 0.232952
v 0.038867 0.110597 0.266173
v 0.039229 0.122678 0.268654
v 0.039331 0.135347 0.269354
v 0.039173 0.148259 0.268275
v 0.038765 0.161064 0.265472
v 0.038119 0.173412 0.261055
v 0.037261 0.184968 0.255173
v 0.036215 0.195416 0.248014
v 0.035014 0.204472 0.239791
v 0.033698 0.211891 0.230777
v 0.064375 0.110597 0.261179
v 0.064975 0.122678 0.263614
v 0.065144 0.135347 0.264301
v 0.064883 0.148259 0.263242
v 0.064205 0.161064 0.260492
v 0.063137 0.173412 0.256158
v 0.061715 0.184968 0.250386
v 0.059983 0.195416 0.243362
v 0.057994 0.204472 0.235292
v 0.055815 0.211891 0.226448
v 0.089282 0.110597 0.253746
v 0.090114 0.122678 0.256112
v 0.090349 0.135347 0.256780
v 0.089987 0.148259 0.255751
v 0.089047 0.161064 0.253079
v 0.087565 0.173412 0.248868
v 0.085592 0.184968 0.243261
v 0.083191 0.195416 0.236436
v 0.080433 0.204472 0.228597
v 0.077409 0.211891 0.220004
v 0.113354 0.110597 0.243945
v 0.114412 0.122678 0.246219
v 0.114709 0.135347 0.246861
v 0.114250 0.148259 0.245872
v 0.113057 0.161064 0.243303
v 0.111176 0.173412 0.239255
v 0.108671 0.184968 0.233864
v 0.105622 0.195416 0.227303
v 0.102119 0.204472 0.219766
v 0.098282 0.211891 0.211505
v 0.136370 0.110597 0.231866
v 0.137641 0.122678 0.234028
v 0.138000 0.135347 0.234637
v 0.137447 0.148259 0.233697
v 0.136011 0.161064 0.231256
v 0.133748 0.173412 0.227408
v 0.130735 0.184968 0.222284
v 0.127066 0.195416 0.216048
v 0.122854 0.204472 0.208884
v 0.118235 0.211891 0.201032
v 0.113462 0.217471 0.192916
v 0.108288 0.221056 0.184119
v 0.131552 0.217471 0.181065
v 0.125557 0.221056 0.172820
v 0.118247 0.221056 0.178251
v 0.158111 0.110597 0.217622
v 0.159585 0.122678 0.219650
v 0.160001 0.135347 0.220223
v 0.159360 0.148259 0.219340
v 0.157696 0.161064 0.217049
v 0.155072 0.173412 0.213438
v 0.151578 0.184968 0.208629
v 0.147325 0.195416 0.202776
v 0.142440 0.204472 0.196052
v 0.137086 0.211891 0.188682
v 0.148413 0.217471 0.167523
v 0.141671 0.221056 0.159921
v 0.136524 0.221056 0.164672
v 0.178377 0.110597 0.201345
v 0.180040 0.122678 0.203223
v 0.180509 0.135347 0.203753
v 0.179786 0.148259 0.202936
v 0.177908 0.161064 0.200817
v 0.174947 0.173412 0.197474
v 0.171006 0.184968 0.193025
v 0.166208 0.195416 0.187610
v 0.160697 0.204472 0.181390
v 0.154657 0.211891 0.174571
v 0.163888 0.217471 0.152417
v 0.156482 0.221056 0.145538
v 0.153254 0.221056 0.149227
v 0.196977 0.110597 0.183190
v 0.198813 0.122678 0.184898
v 0.199331 0.135347 0.185380
v 0.198532 0.148259 0.184637
v 0.196459 0.161064 0.182709
v 0.193189 0.173412 0.179668
v 0.188837 0.184968 0.175620
v 0.183539 0.195416 0.170693
v 0.177454 0.204472 0.165033
v 0.170783 0.211891 0.158829
v 0.177833 0.217471 0.135888
v 0.169858 0.221056 0.129800
v 0.213738 0.110597 0.163324
v 0.215730 0.122678 0.164847
v 0.216292 0.135347 0.165276
v 0.215426 0.148259 0.164614
v 0.213176 0.161064 0.162894
v 0.209628 0.173412 0.160184
v 0.204905 0.184968 0.156575
v 0.199157 0.195416 0.152182
v 0.192553 0.204472 0.147136
v 0.185315 0.211891 0.141605
v 0.190118 0.217471 0.118091
v 0.181674 0.221056 0.112848
v 0.228503 0.110597 0.141933
v 0.230633 0.122678 0.143256
v 0.231234 0.135347 0.143629
v 0.230308 0.148259 0.143054
v 0.227902 0.161064 0.141560
v 0.224110 0.173412 0.139204
v 0.219061 0.184968 0.136068
v 0.212915 0.195416 0.132250
v 0.205854 0.204472 0.127865
v 0.198117 0.211891 0.123058
v 0.241135 0.110597 0.119216
v 0.243383 0.122678 0.120328
v 0.244017 0.135347 0.120642
v 0.243039 0.148259 0.120158
v 0.240501 0.161064 0.118903
v 0.236498 0.173412 0.116925
v 0.231170 0.184968 0.114290
v 0.224684 0.195416 0.111083
v 0.217235 0.204472 0.107400
v 0.209069 0.211891 0.103363
v 0.251515 0.110597 0.095387
v 0.253860 0.122678 0.096276
v 0.254522 0.135347 0.096527
v 0.253502 0.148259 0.096141
v 0.250854 0.161064 0.095136
v 0.246679 0.173412 0.093553
v 0.241121 0.184968 0.091445
v 0.234356 0.195416 0.088879
v 0.226586 0.204472 0.085933
v 0.218069 0.211891 0.082703
v 0.259547 0.110597 0.070667
v 0.261966 0.122678 0.071326
v 0.262649 0.135347 0.071512
v 0.261597 0.148259 0.071225
v 0.258864 0.161064 0.070481
v 0.254557 0.173412 0.069308
v 0.248822 0.184968 0.067747
v 0.241840 0.195416 0.065846
v 0.233822 0.204472 0.063663
v 0.225032 0.211891 0.061269
v 0.265155 0.110597 0.045287
v 0.267628 0.122678 0.045709
v 0.268325 0.135347 0.045829
v 0.267250 0.148259 0.045645
v 0.264458 0.161064 0.045168
v 0.260058 0.173412 0.044417
v 0.254198 0.184968 0.043416
v 0.247066 0.195416 0.042198
v 0.238875 0.204472 0.040798
v 0.229895 0.211891 0.039265
v 0.268288 0.110597 0.019484
v 0.270790 0.122678 0.019666
v 0.271495 0.135347 0.019718
v 0.270408 0.148259 0.019639
v 0.267583 0.161064 0.019434
v 0.263131 0.173412 0.019110
v 0.257202 0.184968 0.018679
v 0.249986 0.195416 0.018156
v 0.241698 0.204472 0.017554
v 0.232612 0.211891 0.016893
v 0.268916 0.110597 -0.006500
v 0.271424 0.122678 -0.006560
v 0.272132 0.135347 -0.006577
v 0.271040 0.148259 -0.006551
v 0.268210 0.161064 -0.006483
v 0.263747 0.173412 -0.006375
v 0.257804 0.184968 -0.006232
v 0.250571 0.195416 -0.006056
v 0.242263 0.204472 -0.005856
v 0.233156 0.211891 -0.005635
v 0.223743 0.217471 -0.005408
v 0.213541 0.221056 -0.005160
v 0.222177 0.217471 -0.026977
v 0.212062 0.221056 -0.025745
v 0.213224 0.221056 -0.017066
v 0.267034 0.110597 -0.032424
v 0.269523 0.122678 -0.032726
v 0.270226 0.135347 -0.032811
v 0.269143 0.148259 -0.032680
v 0.266332 0.161064 -0.032339
v 0.261900 0.173412 -0.031800
v 0.256000 0.184968 -0.031084
v 0.248817 0.195416 -0.030212
v 0.240567 0.204472 -0.029210
v 0.231524 0.211891 -0.028112
v 0.218536 0.217471 -0.048294
v 0.208623 0.221056 -0.046098
v 0.210202 0.221056 -0.039635
v 0.262658 0.110597 -0.058045
v 0.265107 0.122678 -0.058587
v 0.265797 0.135347 -0.058739
v 0.264732 0.148259 -0.058503
v 0.261968 0.161064 -0.057892
v 0.257608 0.173412 -0.056929
v 0.251804 0.184968 -0.055646
v 0.244739 0.195416 -0.054085
v 0.236625 0.204472 -0.052291
v 0.227730 0.211891 -0.050326
v 0.212854 0.217471 -0.069160
v 0.203254 0.221056 -0.066035
v 0.204798 0.221056 -0.061752
v 0.255830 0.110597 -0.083124
v 0.258215 0.122678 -0.083899
v 0.258888 0.135347 -0.084118
v 0.257850 0.148259 -0.083781
v 0.255157 0.161064 -0.082906
v 0.250912 0.173412 -0.081526
v 0.245258 0.184968 -0.079689
v 0.238377 0.195416 -0.077453
v 0.230473 0.204472 -0.074885
v 0.221809 0.211891 -0.072070
v 0.205186 0.217471 -0.089381
v 0.196002 0.221056 -0.085375
v 0.246613 0.110597 -0.107427
v 0.248912 0.122678 -0.108429
v 0.249561 0.135347 -0.108712
v 0.248561 0.148259 -0.108276
v 0.245965 0.161064 -0.107145
v 0.241871 0.173412 -0.105362
v 0.236422 0.184968 -0.102988
v 0.229788 0.195416 -0.100099
v 0.222170 0.204472 -0.096780
v 0.213818 0.211891 -0.093141
v 0.195601 0.217471 -0.108767
v 0.186931 0.221056 -0.103945
v 0.235094 0.110597 -0.130727
v 0.237285 0.122678 -0.131946
v 0.237904 0.135347 -0.132290
v 0.236950 0.148259 -0.131760
v 0.234475 0.161064 -0.130383
v 0.230573 0.173412 -0.128214
v 0.225379 0.184968 -0.125325
v 0.219055 0.195416 -0.121809
v 0.211792 0.204472 -0.117770
v 0.203830 0.211891 -0.113343
v 0.221379 0.110597 -0.152806
v 0.223443 0.122678 -0.154231
v 0.224025 0.135347 -0.154633
v 0.223127 0.148259 -0.154014
v 0.220797 0.161064 -0.152405
v 0.217123 0.173412 -0.149869
v 0.212231 0.184968 -0.146492
v 0.206276 0.195416 -0.142382
v 0.199436 0.204472 -0.137662
v 0.191940 0.211891 -0.132487
v 0.205597 0.110597 -0.173460
v 0.207514 0.122678 -0.175077
v 0.208055 0.135347 -0.175533
v 0.207221 0.148259 -0.174829
v 0.205057 0.161064 -0.173004
v 0.201644 0.173412 -0.170124
v 0.197102 0.184968 -0.166292
v 0.191571 0.195416 -0.161626
v 0.185219 0.204472 -0.156267
v 0.178257 0.211891 -0.150393
v 0.187896 0.110597 -0.192493
v 0.189648 0.122678 -0.194287
v 0.190142 0.135347 -0.194793
v 0.189381 0.148259 -0.194013
v 0.187402 0.161064 -0.191987
v 0.184283 0.173412 -0.188792
v 0.180132 0.184968 -0.184539
v 0.175078 0.195416 -0.179361
v 0.169273 0.204472 -0.173414
v 0.162910 0.211891 -0.166895
v 0.168441 0.110597 -0.209729
v 0.170011 0.122678 -0.211685
v 0.170455 0.135347 -0.212235
v 0.169771 0.148259 -0.211385
v 0.167998 0.161064 -0.209177
v 0.165202 0.173412 -0.205697
v 0.161481 0.184968 -0.201062
v 0.156950 0.195416 -0.195421
v 0.151745 0.204472 -0.188942
v 0.146042 0.211891 -0.181839
v 0.147412 0.110597 -0.225006
v 0.148787 0.122678 -0.227104
v 0.149175 0.135347 -0.227696
v 0.148577 0.148259 -0.226783
v 0.147025 0.161064 -0.224415
v 0.144579 0.173412 -0.220681
v 0.141322 0.184968 -0.215708
v 0.137356 0.195416 -0.209657
v 0.132801 0.204472 -0.202705
v 0.127810 0.211891 -0.195085
v 0.125008 0.110597 -0.238183
v 0.126174 0.122678 -0.240404
v 0.126503 0.135347 -0.241031
v 0.125996 0.148259 -0.240065
v 0.124680 0.161064 -0.237557
v 0.122605 0.173412 -0.233604
v 0.119843 0.184968 -0.228341
v 0.116480 0.195416 -0.221935
v 0.112618 0.204472 -0.214575
v 0.108385 0.211891 -0.206510
v 0.104009 0.217471 -0.198173
v 0.099268 0.221056 -0.189137
v 0.084397 0.217471 -0.207286
v 0.080560 0.221056 -0.197851
v 0.088388 0.221056 -0.194790
v 0.101436 0.110597 -0.249136
v 0.102382 0.122678 -0.251459
v 0.102649 0.135347 -0.252115
v 0.102238 0.148259 -0.251104
v 0.101170 0.161064 -0.248481
v 0.099487 0.173412 -0.244347
v 0.097245 0.184968 -0.238841
v 0.094517 0.195416 -0.232140
v 0.091383 0.204472 -0.224443
v 0.087948 0.211891 -0.216006
v 0.063997 0.217471 -0.214463
v 0.061101 0.221056 -0.204740
v 0.067183 0.221056 -0.203081
v 0.076918 0.110597 -0.257764
v 0.077635 0.122678 -0.260167
v 0.077837 0.135347 -0.260845
v 0.077525 0.148259 -0.259800
v 0.076715 0.161064 -0.257086
v 0.075440 0.173412 -0.252808
v 0.073739 0.184968 -0.247113
v 0.071670 0.195416 -0.240179
v 0.069294 0.204472 -0.232215
v 0.066690 0.211891 -0.223486
v 0.043000 0.217471 -0.219639
v 0.041068 0.221056 -0.209741
v 0.045216 0.221056 -0.209072
v 0.051681 0.110597 -0.263984
v 0.052163 0.122678 -0.266445
v 0.052299 0.135347 -0.267139
v 0.052090 0.148259 -0.266069
v 0.051545 0.161064 -0.263289
v 0.050687 0.173412 -0.258908
v 0.049545 0.184968 -0.253075
v 0.048156 0.195416 -0.245975
v 0.046559 0.204472 -0.237819
v 0.044809 0.211891 -0.228879
v 0.021601 0.217471 -0.222764
v 0.020639 0.221056 -0.212806
v 0.022737 0.221056 -0.212694
v 0.025962 0.110597 -0.267740
v 0.026204 0.122678 -0.270236
v 0.026272 0.135347 -0.270940
v 0.026167 0.148259 -0.269854
v 0.025894 0.161064 -0.267036
v 0.025463 0.173412 -0.262592
v 0.024889 0.184968 -0.256676
v 0.024191 0.195416 -0.249474
v 0.023389 0.204472 -0.241203
v 0.022509 0.211891 -0.232136
v -0.021287 0.225889 -0.199133
v 0.000000 0.225889 -0.200268
v -0.042333 0.225889 -0.195743
v -0.062899 0.225889 -0.190134
v -0.082753 0.225889 -0.182371
v -0.101669 0.225889 -0.172542
v -0.119434 0.225889 -0.160758
v -0.135844 0.225889 -0.147151
v -0.150716 0.225889 -0.131879
v -0.163880 0.225889 -0.115111
v -0.175187 0.225889 -0.097040
v -0.184509 0.225889 -0.077869
v -0.191740 0.225889 -0.057816
v -0.196800 0.225889 -0.037108
v -0.199629 0.225889 -0.015979
v -0.200197 0.225889 0.005331
v -0.198497 0.225889 0.026580
v -0.194546 0.225889 0.047529
v -0.188392 0.225889 0.067938
v -0.180104 0.225889 0.087579
v -0.169774 0.225889 0.106226
v -0.157521 0.225889 0.123671
v -0.143483 0.225889 0.139714
v -0.127820 0.225889 0.154173
v -0.110708 0.225889 0.166886
v -0.092342 0.225889 0.177708
v -0.072930 0.225889 0.186517
v -0.052691 0.225889 0.193212
v -0.031855 0.225889 0.197719
v -0.010659 0.225889 0.199984
v 0.010659 0.225889 0.199984
v 0.031855 0.225889 0.197719
v 0.052691 0.225889 0.193212
v 0.072930 0.225889 0.186517
v 0.092342 0.225889 0.177708
v 0.110708 0.225889 0.166886
v 0.127820 0.225889 0.154173
v 0.143483 0.225889 0.139714
v 0.157521 0.225889 0.123671
v 0.169774 0.225889 0.106226
v 0.180103 0.225889 0.087579
v 0.188392 0.225889 0.067938
v 0.194546 0.225889 0.047529
v 0.198497 0.225889 0.026580
v 0.200197 0.225889 0.005331
v 0.199629 0.225889 -0.015979
v 0.196800 0.225889 -0.037108
v 0.191740 0.225889 -0.057816
v 0.184509 0.225889 -0.077869
v 0.175187 0.225889 -0.097040
v 0.163880 0.225889 -0.115111
v 0.150716 0.225889 -0.131879
v 0.135844 0.225889 -0.147151
v 0.119434 0.225889 -0.160758
v 0.101669 0.225889 -0.172542
v 0.082753 0.225889 -0.182371
v 0.062899 0.225889 -0.190134
v 0.042333 0.225889 -0.195743
v 0.021287 0.225889 -0.199133
v 0.019907 0.233265 -0.186220
v 0.039588 0.233265 -0.183049
v 0.058820 0.233265 -0.177804
v 0.077387 0.233265 -0.170545
v 0.095076 0.233265 -0.161353
v 0.111688 0.233265 -0.150333
v 0.127035 0.233265 -0.137610
v 0.140942 0.233265 -0.123327
v 0.153253 0.233265 -0.107647
v 0.163827 0.233265 -0.090747
v 0.172544 0.233265 -0.072819
v 0.179307 0.233265 -0.054067
v 0.184038 0.233265 -0.034701
v 0.186684 0.233265 -0.014942
v 0.187215 0.233265 0.004986
v 0.185625 0.233265 0.024857
v 0.181930 0.233265 0.044447
v 0.176176 0.233265 0.063533
v 0.168424 0.233265 0.081900
v 0.158764 0.233265 0.099337
v 0.147307 0.233265 0.115650
v 0.134179 0.233265 0.130653
v 0.119531 0.233265 0.144175
v 0.103529 0.233265 0.156064
v 0.086354 0.233265 0.166184
v 0.068200 0.233265 0.174422
v 0.049274 0.233265 0.180683
v 0.029790 0.233265 0.184896
v 0.009967 0.233265 0.187016
v -0.009967 0.233265 0.187016
v -0.029790 0.233265 0.184896
v -0.049274 0.233265 0.180683
v -0.068200 0.233265 0.174422
v -0.086354 0.233265 0.166184
v -0.103529 0.233265 0.156064
v -0.119531 0.233265 0.144175
v -0.134179 0.233265 0.130653
v -0.147307 0.233265 0.115650
v -0.158764 0.233265 0.099337
v -0.168424 0.233265 0.081900
v -0.176176 0.233265 0.063533
v -0.181930 0.233265 0.044447
v -0.185625 0.233265 0.024857
v -0.187215 0.233265 0.004986
v -0.186684 0.233265 -0.014942
v -0.184038 0.233265 -0.034701
v -0.179307 0.233265 -0.054067
v -0.172544 0.233265 -0.072819
v -0.163827 0.233265 -0.090747
v -0.153253 0.233265 -0.107647
v -0.140942 0.233265 -0.123327
v -0.127035 0.233265 -0.137610
v -0.111688 0.233265 -0.150333
v -0.095076 0.233265 -0.161353
v -0.077387 0.233265 -0.170545
v -0.058820 0.233265 -0.177804
v -0.039588 0.233265 -0.183049
v -0.019907 0.233265 -0.186220
v 0.000000 0.233265 -0.187281
v 0.018629 0.243015 -0.174265
v 0.037047 0.243015 -0.171298
v 0.055044 0.243015 -0.166389
v 0.072419 0.243015 -0.159596
v 0.088972 0.243015 -0.150995
v 0.104518 0.243015 -0.140681
v 0.118880 0.243015 -0.128775
v 0.131894 0.243015 -0.115410
v 0.143414 0.243015 -0.100736
v 0.153309 0.243015 -0.084921
v 0.161467 0.243015 -0.068145
v 0.167796 0.243015 -0.050595
v 0.172224 0.243015 -0.032474
v 0.174699 0.243015 -0.013983
v 0.175196 0.243015 0.004665
v 0.173707 0.243015 0.023261
v 0.170250 0.243015 0.041594
v 0.164865 0.243015 0.059455
v 0.157612 0.243015 0.076642
v 0.148572 0.243015 0.092960
v 0.137850 0.243015 0.108226
v 0.125565 0.243015 0.122266
v 0.111857 0.243015 0.134920
v 0.096883 0.243015 0.146045
v 0.080810 0.243015 0.155515
v 0.063822 0.243015 0.163224
v 0.046111 0.243015 0.169083
v 0.027877 0.243015 0.173027
v 0.009328 0.243015 0.175010
v -0.009328 0.243015 0.175010
v -0.027877 0.243015 0.173027
v -0.046111 0.243015 0.169083
v -0.063822 0.243015 0.163224
v -0.080810 0.243015 0.155515
v -0.096883 0.243015 0.146045
v -0.111857 0.243015 0.134920
v -0.125565 0.243015 0.122266
v -0.137850 0.243015 0.108226
v -0.148572 0.243015 0.092960
v -0.157612 0.243015 0.076642
v -0.164865 0.243015 0.059455
v -0.170250 0.243015 0.041594
v -0.173707 0.243015 0.023261
v -0.175196 0.243015 0.004665
v -0.174699 0.243015 -0.013983
v -0.172224 0.243015 -0.032474
v -0.167796 0.243015 -0.050595
v -0.161467 0.243015 -0.068145
v -0.153309 0.243015 -0.084921
v -0.143414 0.243015 -0.100736
v -0.131894 0.243015 -0.115410
v -0.118880 0.243015 -0.128775
v -0.104518 0.243015 -0.140681
v -0.088972 0.243015 -0.150995
v -0.072419 0.243015 -0.159596
v -0.055044 0.243015 -0.166389
v -0.037047 0.243015 -0.171298
v -0.018629 0.243015 -0.174265
v 0.000000 0.243015 -0.175258
v 0.017484 0.254913 -0.163553
v 0.034769 0.254913 -0.160767
v 0.051660 0.254913 -0.156161
v 0.067967 0.254913 -0.149785
v 0.083503 0.254913 -0.141713
v 0.098093 0.254913 -0.132034
v 0.111571 0.254913 -0.120859
v 0.123786 0.254913 -0.108315
v 0.134598 0.254913 -0.094543
v 0.143885 0.254913 -0.079701
v 0.151541 0.254913 -0.063955
v 0.157481 0.254913 -0.047486
v 0.161636 0.254913 -0.030477
v 0.163960 0.254913 -0.013124
v 0.164426 0.254913 0.004379
v 0.163029 0.254913 0.021831
v 0.159785 0.254913 0.039036
v 0.154730 0.254913 0.055799
v 0.147923 0.254913 0.071930
v 0.139439 0.254913 0.087246
v 0.129375 0.254913 0.101573
v 0.117845 0.254913 0.114749
v 0.104981 0.254913 0.126625
v 0.090927 0.254913 0.137067
v 0.075843 0.254913 0.145955
v 0.059898 0.254913 0.153190
v 0.043276 0.254913 0.158689
v 0.026164 0.254913 0.162390
v 0.008754 0.254913 0.164251
v -0.008754 0.254913 0.164251
v -0.026164 0.254913 0.162390
v -0.043276 0.254913 0.158689
v -0.059898 0.254913 0.153190
v -0.075843 0.254913 0.145955
v -0.090927 0.254913 0.137067
v -0.104981 0.254913 0.126625
v -0.117845 0.254913 0.114749
v -0.129375 0.254913 0.101573
v -0.139439 0.254913 0.087246
v -0.147923 0.254913 0.071930
v -0.154730 0.254913 0.055799
v -0.159785 0.254913 0.039036
v -0.163029 0.254913 0.021831
v -0.164426 0.254913 0.004379
v -0.163960 0.254913 -0.013124
v -0.161636 0.254913 -0.030477
v -0.157481 0.254913 -0.047486
v -0.151541 0.254913 -0.063955
v -0.143885 0.254913 -0.079701
v -0.134598 0.254913 -0.094543
v -0.123786 0.254913 -0.108315
v -0.111571 0.254913 -0.120859
v -0.098093 0.254913 -0.132034
v -0.083503 0.254913 -0.141713
v -0.067967 0.254913 -0.149785
v -0.051660 0.254913 -0.156161
v -0.034769 0.254913 -0.160767
v -0.017484 0.254913 -0.163553
v 0.000000 0.254913 -0.164484
v 0.016498 0.268681 -0.154331
v 0.032808 0.268681 -0.151703
v 0.048748 0.268681 -0.147356
v 0.064135 0.268681 -0.141340
v 0.078795 0.268681 -0.133722
v 0.092563 0.268681 -0.124589
v 0.105281 0.268681 -0.114045
v 0.116807 0.268681 -0.102208
v 0.127009 0.268681 -0.089213
v 0.135772 0.268681 -0.075208
v 0.142997 0.268681 -0.060349
v 0.148602 0.268681 -0.044808
v 0.152523 0.268681 -0.028759
v 0.154716 0.268681 -0.012384
v 0.155155 0.268681 0.004131
v 0.153837 0.268681 0.020600
v 0.150776 0.268681 0.036836
v 0.146006 0.268681 0.052654
v 0.139583 0.268681 0.067875
v 0.131577 0.268681 0.082327
v 0.122081 0.268681 0.095847
v 0.111202 0.268681 0.108280
v 0.099062 0.268681 0.119487
v 0.085801 0.268681 0.129339
v 0.071566 0.268681 0.137726
v 0.056522 0.268681 0.144553
v 0.040836 0.268681 0.149742
v 0.024688 0.268681 0.153234
v 0.008261 0.268681 0.154991
v -0.008261 0.268681 0.154991
v -0.024688 0.268681 0.153234
v -0.040836 0.268681 0.149742
v -0.056522 0.268681 0.144553
v -0.071566 0.268681 0.137726
v -0.085801 0.268681 0.129339
v -0.099062 0.268681 0.119487
v -0.111202 0.268681 0.108280
v -0.122081 0.268681 0.095847
v -0.131577 0.268681 0.082327
v -0.139583 0.268681 0.067875
v -0.146006 0.268681 0.052654
v -0.150776 0.268681 0.036836
v -0.153837 0.268681 0.020600
v -0.155155 0.268681 0.004131
v -0.154716 0.268681 -0.012384
v -0.152523 0.268681 -0.028759
v -0.148602 0.268681 -0.044808
v -0.142997 0.268681 -0.060349
v -0.135772 0.268681 -0.075208
v -0.127009 0.268681 -0.089213
v -0.116807 0.268681 -0.102208
v -0.105281 0.268681 -0.114045
v -0.092563 0.268681 -0.124589
v -0.078795 0.268681 -0.133722
v -0.064135 0.268681 -0.141340
v -0.048748 0.268681 -0.147356
v -0.032808 0.268681 -0.151703
v -0.016498 0.268681 -0.154331
v 0.000000 0.268681 -0.155210
v 0.015694 0.284003 -0.146810
v 0.031210 0.284003 -0.144310
v 0.046372 0.284003 -0.140175
v 0.061009 0.284003 -0.134452
v 0.074955 0.284003 -0.127205
v 0.088051 0.284003 -0.118517
v 0.100150 0.284003 -0.108487
v 0.111114 0.284003 -0.097227
v 0.120820 0.284003 -0.084865
v 0.129156 0.284003 -0.071542
v 0.136028 0.284003 -0.057409
v 0.141360 0.284003 -0.042625
v 0.145090 0.284003 -0.027358
v 0.147176 0.284003 -0.011780
v 0.147594 0.284003 0.003931
v 0.146340 0.284003 0.019597
v 0.143429 0.284003 0.035041
v 0.138891 0.284003 0.050088
v 0.132780 0.284003 0.064567
v 0.125165 0.284003 0.078315
v 0.116131 0.284003 0.091175
v 0.105782 0.284003 0.103002
v 0.094234 0.284003 0.113663
v 0.081619 0.284003 0.123036
v 0.068079 0.284003 0.131014
v 0.053767 0.284003 0.137509
v 0.038846 0.284003 0.142445
v 0.023485 0.284003 0.145766
v 0.007858 0.284003 0.147437
v -0.007858 0.284003 0.147437
v -0.023485 0.284003 0.145766
v -0.038847 0.284003 0.142445
v -0.053767 0.284003 0.137509
v -0.068079 0.284003 0.131014
v -0.081619 0.284003 0.123036
v -0.094234 0.284003 0.113663
v -0.105782 0.284003 0.103002
v -0.116131 0.284003 0.091175
v -0.125165 0.284003 0.078315
v -0.132780 0.284003 0.064567
v -0.138891 0.284003 0.050088
v -0.143429 0.284003 0.035041
v -0.146340 0.284003 0.019597
v -0.147594 0.284003 0.003931
v -0.147176 0.284003 -0.011780
v -0.145090 0.284003 -0.027358
v -0.141360 0.284003 -0.042625
v -0.136028 0.284003 -0.057409
v -0.129156 0.284003 -0.071542
v -0.120820 0.284003 -0.084865
v -0.111114 0.284003 -0.097227
v -0.100150 0.284003 -0.108487
v -0.088051 0.284003 -0.118517
v -0.074955 0.284003 -0.127205
v -0.061009 0.284003 -0.134452
v -0.046372 0.284003 -0.140175
v -0.031210 0.284003 -0.144310
v -0.015694 0.284003 -0.146810
v 0.000000 0.284003 -0.147647
v 0.015089 0.300520 -0.141152
v 0.030007 0.300520 -0.138749
v 0.044585 0.300520 -0.134772
v 0.058658 0.300520 -0.129270
v 0.072066 0.300520 -0.122303
v 0.084658 0.300520 -0.113950
v 0.096291 0.300520 -0.104306
v 0.106832 0.300520 -0.093480
v 0.116163 0.300520 -0.081594
v 0.124178 0.300520 -0.068785
v 0.130786 0.300520 -0.055196
v 0.135912 0.300520 -0.040981
v 0.139498 0.300520 -0.026303
v 0.141504 0.300520 -0.011326
v 0.141906 0.300520 0.003779
v 0.140700 0.300520 0.018841
v 0.137901 0.300520 0.033690
v 0.133538 0.300520 0.048157
v 0.127663 0.300520 0.062078
v 0.120341 0.300520 0.075296
v 0.111656 0.300520 0.087662
v 0.101705 0.300520 0.099033
v 0.090602 0.300520 0.109283
v 0.078473 0.300520 0.118294
v 0.065455 0.300520 0.125965
v 0.051695 0.300520 0.132209
v 0.037349 0.300520 0.136954
v 0.022580 0.300520 0.140149
v 0.007555 0.300520 0.141755
v -0.007555 0.300520 0.141755
v -0.022580 0.300520 0.140149
v -0.037349 0.300520 0.136954
v -0.051695 0.300520 0.132209
v -0.065455 0.300520 0.125965
v -0.078473 0.300520 0.118294
v -0.090602 0.300520 0.109283
v -0.101705 0.300520 0.099033
v -0.111656 0.300520 0.087662
v -0.120341 0.300520 0.075296
v -0.127663 0.300520 0.062078
v -0.133538 0.300520 0.048157
v -0.137901 0.300520 0.033690
v -0.140700 0.300520 0.018841
v -0.141906 0.300520 0.003779
v -0.141504 0.300520 -0.011326
v -0.139498 0.300520 -0.026303
v -0.135912 0.300520 -0.040981
v -0.130786 0.300520 -0.055196
v -0.124178 0.300520 -0.068785
v -0.116163 0.300520 -0.081594
v -0.106832 0.300520 -0.093480
v -0.096291 0.300520 -0.104306
v -0.084658 0.300520 -0.113950
v -0.072066 0.300520 -0.122303
v -0.058658 0.300520 -0.129270
v -0.044585 0.300520 -0.134772
v -0.030007 0.300520 -0.138749
v -0.015089 0.300520 -0.141152
v 0.000000 0.300520 -0.141957
v 0.014695 0.317850 -0.137472
v 0.029225 0.317850 -0.135131
v 0.043422 0.317850 -0.131259
v 0.057129 0.317850 -0.125900
v 0.070187 0.317850 -0.119114
v 0.082451 0.317850 -0.110979
v 0.093780 0.317850 -0.101587
v 0.104047 0.317850 -0.091043
v 0.113135 0.317850 -0.079467
v 0.120941 0.317850 -0.066992
v 0.127376 0.317850 -0.053757
v 0.132369 0.317850 -0.039913
v 0.135861 0.317850 -0.025617
v 0.137815 0.317850 -0.011031
v 0.138206 0.317850 0.003680
v 0.137032 0.317850 0.018350
v 0.134305 0.317850 0.032812
v 0.130056 0.317850 0.046901
v 0.124334 0.317850 0.060460
v 0.117204 0.317850 0.073333
v 0.108745 0.317850 0.085376
v 0.099054 0.317850 0.096451
v 0.088240 0.317850 0.106433
v 0.076427 0.317850 0.115210
v 0.063748 0.317850 0.122681
v 0.050347 0.317850 0.128762
v 0.036376 0.317850 0.133384
v 0.021992 0.317850 0.136495
v 0.007358 0.317850 0.138059
v -0.007358 0.317850 0.138059
v -0.021992 0.317850 0.136495
v -0.036376 0.317850 0.133384
v -0.050347 0.317850 0.128762
v -0.063748 0.317850 0.122681
v -0.076427 0.317850 0.115210
v -0.088240 0.317850 0.106433
v -0.099054 0.317850 0.096451
v -0.108745 0.317850 0.085376
v -0.117204 0.317850 0.073333
v -0.124334 0.317850 0.060460
v -0.130056 0.317850 0.046901
v -0.134305 0.317850 0.032812
v -0.137032 0.317850 0.018350
v -0.138206 0.317850 0.003680
v -0.137815 0.317850 -0.011031
v -0.135861 0.317850 -0.025617
v -0.132369 0.317850 -0.039913
v -0.127376 0.317850 -0.053757
v -0.120941 0.317850 -0.066992
v -0.113135 0.317850 -0.079467
v -0.104047 0.317850 -0.091043
v -0.093780 0.317850 -0.101587
v -0.082451 0.317850 -0.110979
v -0.070187 0.317850 -0.119114
v -0.057129 0.317850 -0.125900
v -0.043422 0.317850 -0.131259
v -0.029225 0.317850 -0.135131
v -0.014695 0.317850 -0.137472
v 0.000000 0.317850 -0.138255
v 0.014520 0.335593 -0.135834
v 0.028877 0.335593 -0.133521
v 0.042905 0.335593 -0.129695
v 0.056449 0.335593 -0.124400
v 0.069351 0.335593 -0.117696
v 0.081469 0.335593 -0.109657
v 0.092663 0.335593 -0.100376
v 0.102807 0.335593 -0.089958
v 0.111787 0.335593 -0.078520
v 0.119500 0.335593 -0.066193
v 0.125859 0.335593 -0.053117
v 0.130792 0.335593 -0.039438
v 0.134243 0.335593 -0.025312
v 0.136173 0.335593 -0.010899
v 0.136560 0.335593 0.003636
v 0.135400 0.335593 0.018131
v 0.132706 0.335593 0.032421
v 0.128508 0.335593 0.046342
v 0.122854 0.335593 0.059740
v 0.115808 0.335593 0.072460
v 0.107449 0.335593 0.084359
v 0.097874 0.335593 0.095302
v 0.087189 0.335593 0.105166
v 0.075517 0.335593 0.113837
v 0.062989 0.335593 0.121220
v 0.049747 0.335593 0.127228
v 0.035942 0.335593 0.131796
v 0.021729 0.335593 0.134869
v 0.007271 0.335593 0.136415
v -0.007271 0.335593 0.136415
v -0.021729 0.335593 0.134869
v -0.035942 0.335593 0.131796
v -0.049747 0.335593 0.127228
v -0.062989 0.335593 0.121220
v -0.075517 0.335593 0.113837
v -0.087189 0.335593 0.105166
v -0.097874 0.335593 0.095302
v -0.107449 0.335593 0.084359
v -0.115808 0.335593 0.072460
v -0.122854 0.335593 0.059740
v -0.128508 0.335593 0.046342
v -0.132706 0.335593 0.032421
v -0.135400 0.335593 0.018131
v -0.136560 0.335593 0.003636
v -0.136173 0.335593 -0.010899
v -0.134243 0.335593 -0.025312
v -0.130792 0.335593 -0.039438
v -0.125859 0.335593 -0.053117
v -0.119500 0.335593 -0.066193
v -0.111787 0.335593 -0.078520
v -0.102807 0.335593 -0.089958
v -0.092663 0.335593 -0.100376
v -0.081469 0.335593 -0.109657
v -0.069351 0.335593 -0.117696
v -0.056449 0.335593 -0.124400
v -0.042905 0.335593 -0.129695
v -0.028877 0.335593 -0.133521
v -0.014520 0.335593 -0.135834
v 0.000000 0.335593 -0.136608
v 0.101035 0.888131 0.142963
v 0.100910 0.880876 0.137823
v 0.097822 0.900261 0.160154
v 0.104665 0.864699 0.165864
v 0.101756 0.869546 0.169879
v 0.093518 0.884922 0.179456
v 0.104843 0.864248 0.166239
v 0.107512 0.858769 0.157940
v 0.107880 0.858403 0.158256
v 0.108731 0.854005 0.151717
v 0.107884 0.854035 0.151072
v 0.091107 0.932488 0.136495
v 0.094124 0.916355 0.119878
v 0.090790 0.918722 0.168743
v 0.079959 0.943599 0.185289
v 0.094905 0.913113 0.164806
v 0.094140 0.913761 0.164191
v 0.096310 0.908293 0.158744
v 0.097753 0.890223 0.134771
v 0.097818 0.895347 0.141369
v 0.098311 0.895248 0.141514
v 0.099504 0.889487 0.133966
v 0.100914 0.888300 0.133900
v 0.084204 0.949311 0.104433
v 0.084398 0.967402 0.118202
v 0.084307 0.966865 0.118466
v 0.080972 0.982173 0.137505
v 0.080304 0.984502 0.140752
v 0.077986 1.006521 0.164747
v 0.076881 1.007325 0.168221
v 0.077354 1.008262 0.167940
v 0.078021 0.977279 0.181265
v 0.076846 0.979162 0.178469
v 0.080543 0.972291 0.172627
v 0.081907 0.971260 0.174022
v 0.083952 0.966594 0.168614
v 0.084812 0.962145 0.162506
v 0.084597 0.962291 0.162392
v 0.089089 0.925754 0.116569
v 0.090840 0.925305 0.115634
v 0.090293 0.937758 0.136026
v 0.089812 0.938651 0.135544
v 0.087900 0.945676 0.143107
v 0.080598 0.985441 0.084159
v 0.080078 0.984899 0.084657
v 0.079028 0.991396 0.091331
v 0.076563 1.010543 0.111383
v 0.074121 1.030044 0.133453
v 0.072672 1.055390 0.160640
v 0.073994 1.019397 0.167243
v 0.070781 1.055589 0.164265
v 0.071016 1.028067 0.180073
v 0.062959 1.046039 0.186246
v 0.071065 1.060462 0.168185
v 0.081426 0.960829 0.098817
v 0.080591 0.974243 0.115303
v 0.077453 0.990439 0.134705
v 0.077561 0.993275 0.137966
v 0.074311 1.021095 0.066113
v 0.074275 1.026051 0.070753
v 0.074674 1.026505 0.070550
v 0.070918 1.048878 0.096596
v 0.071179 1.075331 0.123180
v 0.068550 1.102437 0.156344
v 0.064798 1.080490 0.176417
v 0.067468 1.075753 0.173242
v 0.071735 1.065686 0.164278
v 0.059759 1.091621 0.179311
v 0.067601 1.105295 0.160062
v 0.072542 1.060944 0.159091
v 0.072323 1.061675 0.158680
v 0.074708 1.036212 0.131660
v 0.077464 0.997582 0.082934
v 0.075618 1.016875 0.106254
v 0.074362 1.037095 0.131157
v 0.068812 1.113273 0.107762
v 0.070202 1.115337 0.106672
v 0.070756 1.086573 0.075425
v 0.072319 1.059215 0.045309
v 0.069232 1.138455 0.135329
v 0.068224 1.142424 0.140662
v 0.056954 1.141820 0.165566
v 0.060575 1.130155 0.165158
v 0.065936 1.119738 0.160117
v 0.067837 1.115795 0.157276
v 0.068090 1.115130 0.156626
v 0.069805 1.110119 0.153106
v 0.069574 1.110628 0.152749
v 0.071625 1.056007 0.090902
v 0.071234 1.080777 0.120968
v -0.100910 0.880876 0.137823
v -0.101035 0.888131 0.142963
v -0.097822 0.900261 0.160154
v -0.108731 0.854005 0.151717
v -0.107883 0.854034 0.151074
v -0.094124 0.916355 0.119878
v -0.090972 0.931954 0.136720
v -0.094410 0.909129 0.157924
v -0.094269 0.913393 0.163741
v -0.090905 0.918464 0.168469
v -0.089492 0.922894 0.176449
v -0.081636 0.938261 0.184208
v -0.079978 0.944569 0.184695
v -0.083914 0.957464 0.172353
v -0.099879 0.894002 0.142375
v -0.100500 0.888735 0.133835
v -0.100914 0.888300 0.133900
v -0.097818 0.895347 0.141369
v -0.098328 0.890050 0.134439
v -0.084415 0.967938 0.117925
v -0.084283 0.949289 0.104392
v -0.084147 0.966337 0.118711
v -0.081374 0.983071 0.137131
v -0.080783 0.985336 0.140423
v -0.077528 1.005399 0.165199
v -0.078067 1.006916 0.164577
v -0.084812 0.962145 0.162506
v -0.084261 0.962489 0.162229
v -0.077115 0.979607 0.181610
v -0.084146 0.965285 0.166272
v -0.069773 0.997627 0.186941
v -0.089812 0.938651 0.135544
v -0.093441 0.922894 0.116209
v -0.089657 0.925674 0.116192
v -0.090083 0.938228 0.135781
v -0.087900 0.945676 0.143107
v -0.070935 1.053234 0.161565
v -0.077807 0.984567 0.086012
v -0.077648 0.990363 0.091674
v -0.080357 0.985149 0.084406
v -0.076563 1.010542 0.111382
v -0.074121 1.030044 0.133453
v -0.074566 1.019030 0.167132
v -0.072222 1.024692 0.172714
v -0.070125 1.029387 0.176850
v -0.081420 0.960828 0.098822
v -0.083668 0.972112 0.116776
v -0.077453 0.990439 0.134705
v -0.077561 0.993275 0.137966
v -0.074674 1.026505 0.070550
v -0.074776 1.021318 0.065810
v -0.074275 1.026051 0.070753
v -0.071381 1.049127 0.096506
v -0.071179 1.075331 0.123180
v -0.072323 1.061675 0.158680
v -0.071630 1.066059 0.164694
v -0.069862 1.070692 0.169587
v -0.067539 1.075624 0.173140
v -0.059880 1.090646 0.179645
v -0.065004 1.080472 0.175759
v -0.067739 1.106212 0.160640
v -0.074708 1.036212 0.131660
v -0.078935 0.996861 0.083487
v -0.076037 1.016600 0.106447
v -0.074362 1.037095 0.131157
v -0.067940 1.112795 0.108004
v -0.070202 1.115337 0.106672
v -0.070206 1.085625 0.075912
v -0.071272 1.057958 0.046305
v -0.068125 1.137732 0.135724
v -0.070059 1.139652 0.134673
v -0.069425 1.110125 0.151371
v -0.065614 1.119923 0.163068
v -0.060357 1.130407 0.164753
v -0.060333 1.129962 0.167053
v -0.056694 1.140546 0.166706
v -0.069949 1.144317 0.138677
v -0.063416 1.124542 0.164591
v -0.071625 1.056007 0.090902
v -0.071234 1.080777 0.120968
v 0.054401 1.269645 -0.044200
v 0.054109 1.268356 -0.033483
v 0.055544 1.272353 -0.043999
v 0.051477 1.282033 -0.042933
v 0.041144 1.305944 -0.037218
v 0.041144 1.305236 -0.030870
v 0.044515 1.298239 -0.039843
v 0.047838 1.290541 -0.041585
v 0.040209 1.306842 -0.035906
v 0.017658 1.271891 -0.033236
v 0.017659 1.273080 -0.043906
v 0.018989 1.275263 -0.043694
v 0.026996 1.288339 -0.041919
v 0.028752 1.291192 -0.041385
v 0.034250 1.300061 -0.039185
v 0.017317 1.272076 -0.044030
v 0.017958 1.268821 -0.033451
v 0.017926 1.270054 -0.044183
v 0.039279 1.299649 -0.027656
v 0.050834 1.272379 -0.029591
v 0.022696 1.272379 -0.029591
v -0.038906 1.306846 -0.035899
v -0.038813 1.306229 -0.030799
v -0.038309 1.306445 -0.036538
v -0.055405 1.272782 -0.043947
v -0.049186 1.287395 -0.042141
v -0.055402 1.271590 -0.033256
v -0.044007 1.299408 -0.039517
v -0.055585 1.272122 -0.044025
v -0.019093 1.269518 -0.044204
v -0.019091 1.268322 -0.033486
v -0.017761 1.270251 -0.044173
v -0.017739 1.269084 -0.033432
v -0.017365 1.272352 -0.044000
v -0.023069 1.281941 -0.042907
v -0.036768 1.304078 -0.037785
v -0.032663 1.297510 -0.039921
v -0.028082 1.290105 -0.041596
v -0.050834 1.272379 -0.029591
v -0.039279 1.299649 -0.027656
v -0.022696 1.272379 -0.029591
v 0.048256 1.155822 -0.079681
v 0.060415 1.180935 -0.089211
v 0.059629 1.139919 -0.120479
v 0.057924 1.134212 -0.124518
v 0.056645 1.180600 -0.088934
v 0.056170 1.128335 -0.128663
v 0.053386 1.117965 -0.134988
v 0.052995 1.179288 -0.087855
v 0.051980 1.178669 -0.087345
v 0.051822 1.111731 -0.138522
v 0.051343 1.109599 -0.139608
v 0.048754 1.174479 -0.085977
v 0.048020 1.093194 -0.147220
v 0.047928 1.172538 -0.085680
v 0.047429 1.089803 -0.148586
v 0.046810 1.168621 -0.084627
v 0.045966 1.079359 -0.151671
v 0.046394 1.165738 -0.083670
v 0.046291 1.163799 -0.082971
v 0.047083 1.158674 -0.080910
v 0.047859 1.077965 -0.137565
v 0.048796 1.154960 -0.079302
v 0.049496 1.153845 -0.078810
v 0.049363 1.082519 -0.131804
v 0.050593 1.086239 -0.127360
v 0.053115 1.150427 -0.077292
v 0.055444 1.149236 -0.076785
v 0.055294 1.100360 -0.113690
v 0.056797 1.148835 -0.076633
v 0.059679 1.114086 -0.102551
v 0.057590 1.107492 -0.107756
v -0.059705 1.147931 -0.076873
v -0.059628 1.123037 -0.095796
v -0.057589 1.107480 -0.107752
v -0.059679 1.114086 -0.102551
v -0.055294 1.100365 -0.113692
v -0.055844 1.148888 -0.076878
v -0.054710 1.149484 -0.077026
v -0.051943 1.151388 -0.077586
v -0.051095 1.087741 -0.125825
v -0.051761 1.089733 -0.123643
v -0.048829 1.155265 -0.078914
v -0.048659 1.155618 -0.079037
v -0.046860 1.160295 -0.080641
v -0.046364 1.164305 -0.081872
v -0.045969 1.079370 -0.151662
v -0.047040 1.171846 -0.083318
v -0.047609 1.174019 -0.083519
v -0.048001 1.093164 -0.147260
v -0.048277 1.175179 -0.084472
v -0.049495 1.176677 -0.085705
v -0.049574 1.101296 -0.143644
v -0.051381 1.109594 -0.139530
v -0.052635 1.179094 -0.087695
v -0.053962 1.179713 -0.088204
v -0.055612 1.126207 -0.129923
v -0.060415 1.180935 -0.089211
v -0.059629 1.139919 -0.120479
v -0.057920 1.134233 -0.124542
v -0.068432 1.150361 -0.068908
v -0.068211 1.130844 -0.083909
v -0.067574 1.130009 -0.085709
v -0.067348 1.151492 -0.069830
v -0.065406 1.149059 -0.073788
v -0.066026 1.149589 -0.072807
v -0.062906 1.121350 -0.096438
v -0.064398 1.124314 -0.093212
v -0.063526 1.148200 -0.075736
v -0.061299 1.117757 -0.099503
v -0.060529 1.147888 -0.076873
v -0.067702 1.153948 -0.067489
v -0.069982 1.150687 -0.064449
v -0.068859 1.172430 -0.063540
v -0.068715 1.154421 -0.065462
v -0.067829 1.155373 -0.066389
v -0.068777 1.157220 -0.063983
v -0.068204 1.160851 -0.063743
v -0.068852 1.160357 -0.062913
v -0.068088 1.159042 -0.064340
v -0.068488 1.165529 -0.062872
v -0.068932 1.173921 -0.063936
v -0.069058 1.176694 -0.065109
v -0.069454 1.179335 -0.066214
v -0.070766 1.166178 -0.057736
v -0.070660 1.162280 -0.057972
v -0.070893 1.170580 -0.058066
v -0.068903 1.183044 -0.070453
v -0.068705 1.183886 -0.071517
v -0.071394 1.186471 -0.065773
v -0.048968 1.177935 -0.082956
v -0.049576 1.178846 -0.083083
v -0.060461 1.182335 -0.087944
v -0.057972 1.183781 -0.085670
v -0.056594 1.182939 -0.086450
v -0.053169 1.182289 -0.084109
v -0.062160 1.182378 -0.088003
v -0.063158 1.184448 -0.085192
v -0.064423 1.185472 -0.083261
v -0.065528 1.186018 -0.083298
v -0.065997 1.186230 -0.079872
v -0.067467 1.185932 -0.075860
v -0.065507 1.185512 -0.085095
v -0.069457 1.186445 -0.072670
v -0.070405 1.188800 -0.072967
v -0.069528 1.189672 -0.078434
v -0.069537 1.190099 -0.081091
v -0.069506 1.189278 -0.086090
v -0.069469 1.188168 -0.088301
v -0.070418 1.189765 -0.088957
v -0.063830 1.182694 -0.088224
v -0.065429 1.183274 -0.088602
v -0.066917 1.184103 -0.089128
v -0.069349 1.184450 -0.092344
v -0.066163 1.157834 -0.109736
v -0.068150 1.181686 -0.092712
v -0.063028 1.148737 -0.114656
v -0.061361 1.144218 -0.117415
v -0.064682 1.153301 -0.111954
v -0.068773 1.166597 -0.106197
v -0.068134 1.164160 -0.106912
v -0.067572 1.162358 -0.107717
v -0.069299 1.182776 -0.093640
v 0.070937 1.185370 -0.095821
v 0.069299 1.182775 -0.093641
v 0.067922 1.163420 -0.107188
v 0.068150 1.181685 -0.092713
v 0.067604 1.162388 -0.107638
v 0.066817 1.180770 -0.091924
v 0.066213 1.157874 -0.109609
v 0.064670 1.153290 -0.111983
v 0.063184 1.149000 -0.114322
v 0.063742 1.179557 -0.090842
v 0.061347 1.144309 -0.117506
v 0.068252 1.184921 -0.073278
v 0.060711 1.183259 -0.086793
v 0.060911 1.183268 -0.086773
v 0.062208 1.183790 -0.086108
v 0.063916 1.185100 -0.084023
v 0.065499 1.185307 -0.085584
v 0.065523 1.185912 -0.083807
v 0.067031 1.187027 -0.079709
v 0.069665 1.184962 -0.070661
v 0.068500 1.184475 -0.072387
v 0.069388 1.185658 -0.091323
v 0.068233 1.184464 -0.090481
v 0.069493 1.188878 -0.087011
v 0.069536 1.190107 -0.082069
v 0.069533 1.189893 -0.079375
v 0.069485 1.187882 -0.074534
v 0.071566 1.192600 -0.091545
v 0.071172 1.192737 -0.076142
v 0.071395 1.186477 -0.065769
v 0.068793 1.183611 -0.071129
v 0.069205 1.180264 -0.067485
v 0.051245 1.179270 -0.085995
v 0.070827 1.181402 -0.064141
v 0.068757 1.170706 -0.063184
v 0.069121 1.176275 -0.064771
v 0.068961 1.174302 -0.064053
v 0.068624 1.168551 -0.062916
v 0.068360 1.164747 -0.063068
v 0.068093 1.161291 -0.063782
v 0.068669 1.161253 -0.063002
v 0.067825 1.158192 -0.064977
v 0.068591 1.158124 -0.063941
v 0.068535 1.155616 -0.065113
v 0.068486 1.153341 -0.066611
v 0.070797 1.167766 -0.057870
v 0.070690 1.163868 -0.057903
v 0.070411 1.152212 -0.061299
v 0.061154 1.148446 -0.076363
v 0.063716 1.148999 -0.075027
v 0.064527 1.149369 -0.074244
v 0.064525 1.143998 -0.078319
v 0.070188 1.137120 -0.072650
v 0.061295 1.117722 -0.099489
v 0.063658 1.122933 -0.094906
v 0.063089 1.121756 -0.096084
v 0.068305 1.141177 -0.075982
v 0.068222 1.130878 -0.083892
v 0.069174 1.139923 -0.074950
v 0.066537 1.151368 -0.070939
v 0.068432 1.150364 -0.068906
v -0.072099 1.217542 -0.088690
v 0.056391 1.128334 -0.128763
v 0.064055 1.149300 -0.115025
v 0.071561 1.218154 -0.089107
v -0.062073 1.151785 -0.085742
v -0.062497 1.150105 -0.083470
v -0.060632 1.156029 -0.089232
v -0.059566 1.151778 -0.085737
v -0.068415 1.159192 -0.064462
v -0.068622 1.185089 -0.078915
v -0.071122 1.171693 -0.064958
v -0.064641 1.148486 -0.076208
v -0.048051 1.157420 -0.080650
v -0.047343 1.170140 -0.084404
v -0.062771 1.161624 -0.091471
v -0.062059 1.148775 -0.080913
v -0.059120 1.150097 -0.083463
v -0.064879 1.164262 -0.091643
v -0.059546 1.148769 -0.080908
v -0.066299 1.163564 -0.091067
v -0.070050 1.168289 -0.089586
v -0.064432 1.149522 -0.081526
v -0.056143 1.150126 -0.082021
v -0.050167 1.154252 -0.080938
v -0.072547 1.169508 -0.087360
v -0.068630 1.161584 -0.089438
v -0.064939 1.157007 -0.089140
v -0.051928 1.153326 -0.082651
v -0.053931 1.152785 -0.084204
v -0.048099 1.167611 -0.085800
v -0.048360 1.163259 -0.085448
v -0.049456 1.159339 -0.085115
v -0.051259 1.156130 -0.084954
v -0.073812 1.167677 -0.085853
v -0.071207 1.162684 -0.087865
v -0.076029 1.170497 -0.081064
v -0.075563 1.168093 -0.082720
v -0.073481 1.163323 -0.085500
v -0.070072 1.159025 -0.087333
v -0.076635 1.170524 -0.077397
v -0.076570 1.168199 -0.079176
v -0.075201 1.163575 -0.082482
v -0.068237 1.156109 -0.086935
v -0.050429 1.173808 -0.087421
v -0.049200 1.165086 -0.086950
v -0.053414 1.154956 -0.085987
v -0.052453 1.175247 -0.088606
v -0.051010 1.171070 -0.088646
v -0.050376 1.166764 -0.088330
v -0.054721 1.176367 -0.089527
v -0.052917 1.172428 -0.089764
v -0.052303 1.160316 -0.088395
v -0.057170 1.177134 -0.090159
v -0.052946 1.165405 -0.090103
v -0.053165 1.161544 -0.089406
v -0.054223 1.158199 -0.088653
v -0.065046 1.182182 -0.086983
v -0.058380 1.154425 -0.087913
v -0.076371 1.170477 -0.073709
v -0.076728 1.168169 -0.075463
v -0.076177 1.163580 -0.079014
v -0.072387 1.157672 -0.083745
v -0.065907 1.154152 -0.086793
v -0.075267 1.170549 -0.070258
v -0.076019 1.168195 -0.071836
v -0.076302 1.163514 -0.075331
v -0.072124 1.155958 -0.082338
v -0.066845 1.149923 -0.079858
v -0.069068 1.150893 -0.075298
v -0.070746 1.155631 -0.068870
v -0.073450 1.170912 -0.067276
v -0.075564 1.163573 -0.071693
v -0.075502 1.161263 -0.073484
v -0.075050 1.159128 -0.075360
v -0.074222 1.157224 -0.077268
v -0.069752 1.153371 -0.082688
v -0.073395 1.166512 -0.066948
v -0.074045 1.163937 -0.068346
v -0.072022 1.153843 -0.077716
v -0.072313 1.155245 -0.072177
v -0.071911 1.164755 -0.065508
v -0.069274 1.183897 -0.081220
v -0.070646 1.183381 -0.074547
v -0.063344 1.164738 -0.092035
v -0.068324 1.169521 -0.090599
v -0.070946 1.171121 -0.088687
v -0.076091 1.172827 -0.079289
v -0.076279 1.172775 -0.075596
v -0.071878 1.182335 -0.076651
v -0.069703 1.182273 -0.083400
v -0.062321 1.177533 -0.090488
v -0.057657 1.171108 -0.091906
v -0.073058 1.180632 -0.075252
v -0.072817 1.180898 -0.078754
v -0.069898 1.180259 -0.085400
v -0.064875 1.177154 -0.090175
v -0.059858 1.171447 -0.092184
v -0.058037 1.167920 -0.092174
v -0.056953 1.164242 -0.091626
v -0.056717 1.160693 -0.090704
v -0.072839 1.178501 -0.070541
v -0.073892 1.178775 -0.073727
v -0.073439 1.179111 -0.080799
v -0.071971 1.178784 -0.084185
v -0.069853 1.177911 -0.087162
v -0.062089 1.171453 -0.092190
v -0.074793 1.177154 -0.079193
v -0.073725 1.177017 -0.082733
v -0.069569 1.175291 -0.088641
v -0.064286 1.171126 -0.091920
v -0.072642 1.174973 -0.067647
v -0.073669 1.174677 -0.084502
v -0.071575 1.173862 -0.087465
v 0.057566 1.155255 -0.087735
v 0.054910 1.156061 -0.087430
v 0.061413 1.156301 -0.088594
v 0.062001 1.159222 -0.090028
v 0.060539 1.151976 -0.085041
v 0.061929 1.150578 -0.082924
v 0.059993 1.154080 -0.087096
v 0.049542 1.171977 -0.087597
v 0.047046 1.163847 -0.084344
v 0.051760 1.152320 -0.080623
v 0.070049 1.162547 -0.064797
v 0.068631 1.185164 -0.076542
v 0.066092 1.182977 -0.085317
v 0.052328 1.156459 -0.086174
v 0.066529 1.150671 -0.079271
v 0.065062 1.150785 -0.081513
v 0.060515 1.166025 -0.091888
v 0.060393 1.162707 -0.091311
v 0.060127 1.156647 -0.088879
v 0.053593 1.152065 -0.082565
v 0.055616 1.152280 -0.084323
v 0.056839 1.151146 -0.083391
v 0.058978 1.149130 -0.080156
v 0.061580 1.149232 -0.080239
v 0.069216 1.152353 -0.077995
v 0.058611 1.169327 -0.091944
v 0.058828 1.165958 -0.091834
v 0.050395 1.155022 -0.082841
v 0.052535 1.154164 -0.084287
v 0.064382 1.149202 -0.075411
v 0.071761 1.155092 -0.077156
v 0.068659 1.152983 -0.081168
v 0.064582 1.152632 -0.084612
v 0.060627 1.169407 -0.092010
v 0.062626 1.169184 -0.091827
v 0.062188 1.165838 -0.091734
v 0.056196 1.172237 -0.091246
v 0.056636 1.168949 -0.091634
v 0.073873 1.158741 -0.076722
v 0.071202 1.155451 -0.080536
v 0.058436 1.172666 -0.091599
v 0.053551 1.174587 -0.089744
v 0.056582 1.161977 -0.090711
v 0.055213 1.156807 -0.088042
v 0.050423 1.159447 -0.086477
v 0.075312 1.163067 -0.076600
v 0.073314 1.158885 -0.080268
v 0.067604 1.154755 -0.084773
v 0.063273 1.175700 -0.090661
v 0.058310 1.175876 -0.090807
v 0.051421 1.173432 -0.088793
v 0.051824 1.162154 -0.088703
v 0.050241 1.164783 -0.088205
v 0.048943 1.167513 -0.087358
v 0.075914 1.167769 -0.076653
v 0.074754 1.163058 -0.080265
v 0.069962 1.157267 -0.084685
v 0.062668 1.154290 -0.086942
v 0.075610 1.172513 -0.076714
v 0.075358 1.167675 -0.080384
v 0.071762 1.160719 -0.084863
v 0.074436 1.176963 -0.076620
v 0.075057 1.172406 -0.080461
v 0.072797 1.164856 -0.085173
v 0.064550 1.168666 -0.091400
v 0.065174 1.171916 -0.090982
v 0.065652 1.175060 -0.090134
v 0.072528 1.180810 -0.076224
v 0.073400 1.179016 -0.078307
v 0.073886 1.176912 -0.080328
v 0.072952 1.169371 -0.085453
v 0.071873 1.166692 -0.086683
v 0.068740 1.161548 -0.088204
v 0.066776 1.159231 -0.088452
v 0.064622 1.157176 -0.088345
v 0.068306 1.176970 -0.088028
v 0.071069 1.166976 -0.064875
v 0.071205 1.182550 -0.077653
v 0.072414 1.178849 -0.081921
v 0.072207 1.173931 -0.085528
v 0.071574 1.171189 -0.086948
v 0.070608 1.168362 -0.088056
v 0.069038 1.169815 -0.089252
v 0.071201 1.171378 -0.065230
v 0.070466 1.153419 -0.075784
v 0.072828 1.156738 -0.075079
v 0.074629 1.160827 -0.074763
v 0.075663 1.165415 -0.074721
v 0.075813 1.170180 -0.074798
v 0.075062 1.174783 -0.074828
v 0.071295 1.182239 -0.074140
v 0.072420 1.168720 -0.066305
v 0.072656 1.174929 -0.068140
v 0.073420 1.170637 -0.067876
v 0.072855 1.176811 -0.069684
v 0.074039 1.172673 -0.069545
v 0.074353 1.168106 -0.069350
v 0.073759 1.163441 -0.069273
v 0.072326 1.159015 -0.069474
v 0.070217 1.155126 -0.070091
v 0.071419 1.154915 -0.073585
v 0.071385 1.252830 0.021680
v 0.070492 1.239977 0.033475
v 0.067690 1.272346 0.015142
v 0.068064 1.269992 0.016494
v 0.062510 1.271524 0.019521
v 0.062221 1.273486 0.018336
v 0.064113 1.273528 0.017706
v 0.066135 1.271008 0.018078
v 0.069144 1.270795 0.012934
v 0.069404 1.268530 0.014564
v 0.072115 1.237248 0.030368
v 0.067744 1.256598 0.026333
v 0.068371 1.244894 0.032995
v 0.067067 1.248352 0.031856
v 0.071012 1.253756 0.022756
v 0.068794 1.256052 0.025592
v 0.050233 1.307398 -0.005214
v 0.029080 1.316695 -0.018310
v 0.065256 1.283890 0.005090
v 0.063722 1.285375 0.007347
v 0.009305 1.280949 0.013372
v 0.002776 1.271286 0.017509
v 0.016842 1.293778 0.005341
v 0.012561 1.293906 0.002189
v 0.018351 1.303647 -0.004874
v 0.017566 1.303280 -0.005804
v 0.020732 1.307081 -0.007615
v 0.019970 1.306747 -0.008501
v 0.025165 1.313005 -0.013842
v 0.025850 1.313245 -0.013070
v 0.024470 1.306829 -0.004700
v 0.030170 1.317039 -0.016986
v 0.029608 1.316914 -0.017641
v 0.022495 1.307275 -0.006003
v 0.044333 1.316175 -0.014098
v 0.045869 1.316495 -0.015224
v 0.049629 1.313211 -0.012429
v 0.055222 1.306640 -0.008975
v 0.054401 1.307138 -0.008077
v 0.052453 1.307624 -0.006468
v 0.053592 1.300293 0.000564
v 0.062808 1.289835 0.002980
v 0.060914 1.290930 0.005023
v 0.058474 1.291243 0.006608
v -0.017841 1.304174 -0.007828
v -0.062221 1.273486 0.018336
v -0.065292 1.273351 0.017092
v -0.064663 1.273446 0.017421
v -0.061802 1.285170 0.009841
v -0.068540 1.271619 0.014046
v -0.069010 1.270979 0.013182
v -0.065573 1.282918 0.005690
v -0.001927 1.272848 0.014018
v -0.008565 1.287348 0.005199
v -0.002209 1.271555 0.016467
v -0.002769 1.273323 0.015134
v -0.013818 1.287706 0.009464
v -0.023276 1.311255 -0.013452
v -0.009394 1.287792 0.006252
v -0.015888 1.299738 -0.001933
v -0.024620 1.311921 -0.011824
v -0.020156 1.305230 -0.005104
v -0.029797 1.316331 -0.015490
v -0.031935 1.317870 -0.017319
v -0.026212 1.312038 -0.010340
v -0.048873 1.315477 -0.017621
v -0.046310 1.317190 -0.017382
v -0.027072 1.311887 -0.009679
v -0.045606 1.314688 -0.012350
v -0.049907 1.310109 -0.008047
v -0.052801 1.309731 -0.010254
v -0.054745 1.297494 0.002657
v -0.057255 1.297636 0.001373
v -0.054203 1.304340 -0.003739
v -0.058383 1.297408 0.000537
v -0.060244 1.296384 -0.001417
v -0.057069 1.303245 -0.006360
v -0.057765 1.302537 -0.007349
v -0.072115 1.237248 0.030368
v -0.070492 1.239977 0.033475
v -0.062510 1.271524 0.019521
v -0.069404 1.268530 0.014564
v -0.066135 1.271008 0.018078
v -0.066575 1.257012 0.026944
v -0.065662 1.251637 0.030627
v -0.067753 1.246746 0.032455
v -0.069701 1.255386 0.024735
v -0.068794 1.256052 0.025592
v -0.071385 1.252830 0.021680
v 0.041533 1.305658 -0.038619
v 0.044892 1.299310 -0.041794
v 0.041647 1.306031 -0.039091
v 0.051581 1.282312 -0.043951
v 0.052539 1.283289 -0.045613
v 0.049235 1.292343 -0.044552
v 0.041417 1.307410 -0.039126
v 0.057261 1.274456 -0.047126
v 0.055987 1.272271 -0.045659
v 0.019091 1.267974 -0.047250
v 0.018022 1.276605 -0.046358
v -0.038201 1.306880 -0.037929
v -0.026065 1.293002 -0.044897
v -0.022985 1.282237 -0.043932
v -0.022127 1.283399 -0.045588
v -0.018055 1.269533 -0.045861
v -0.041093 1.306201 -0.037654
v -0.053801 1.267974 -0.047250
v -0.057261 1.274456 -0.047126
v -0.051446 1.289751 -0.045463
v -0.044639 1.300877 -0.041856
v 0.021754 1.272220 -0.029666
v 0.021795 1.272117 -0.029660
v 0.038750 1.302181 -0.027872
v 0.052765 1.269576 -0.030657
v 0.051431 1.271876 -0.029658
v -0.022022 1.271554 -0.029713
v -0.021856 1.271960 -0.029660
v -0.051298 1.271688 -0.029686
v -0.038534 1.303246 -0.028232
v -0.051582 1.272190 -0.029653
v -0.067198 1.262290 -0.048299
v 0.067357 1.261947 -0.048330
v 0.069964 1.265710 -0.045742
v -0.069427 1.263073 -0.047147
v -0.060892 1.256624 0.029268
v 0.060892 1.256624 0.029268
v 0.048643 1.267522 0.022156
v 0.097070 0.889121 0.133595
v 0.099985 0.888798 0.124346
v 0.100525 0.887583 0.127543
v 0.099740 0.888162 0.125923
v 0.097164 0.888069 0.126269
v 0.096949 0.888671 0.124608
v 0.096469 0.890841 0.121619
v 0.097231 0.887785 0.128032
v 0.096892 0.888237 0.131907
v 0.093461 0.888212 0.123893
v 0.084559 0.912283 0.122164
v 0.082803 0.910919 0.122865
v 0.080050 0.907342 0.124703
v 0.079133 0.905234 0.125784
v 0.078561 0.902994 0.126931
v 0.081085 0.892172 0.132466
v 0.086175 0.888208 0.134487
v 0.088213 0.887591 0.134802
v 0.090327 0.887364 0.134918
v 0.085315 0.897292 0.119235
v 0.086767 0.895844 0.119112
v 0.084746 0.900064 0.118996
v 0.086678 0.899067 0.118324
v 0.085527 0.906380 0.118949
v 0.086833 0.909429 0.119319
v 0.087137 0.907232 0.118511
v 0.088614 0.912100 0.120045
v 0.090672 0.912354 0.119914
v 0.090624 0.907992 0.118120
v 0.090592 0.903155 0.117407
v 0.094529 0.888099 0.134543
v 0.089354 0.887494 0.124261
v 0.087284 0.886482 0.127429
v 0.085886 0.887210 0.127057
v 0.083252 0.888735 0.129927
v 0.081914 0.890224 0.129167
v 0.079030 0.896158 0.130430
v 0.084627 0.888191 0.126555
v 0.079410 0.894916 0.128860
v 0.092364 0.886591 0.133112
v 0.088273 0.886645 0.133084
v 0.092083 0.885808 0.129494
v 0.084467 0.888198 0.132292
v 0.082814 0.889486 0.131635
v 0.083546 0.889395 0.125940
v 0.079577 0.895874 0.126277
v 0.080932 0.892976 0.125829
v 0.086549 0.888954 0.123513
v 0.079624 0.900060 0.124132
v 0.085233 0.890705 0.122615
v 0.080394 0.905713 0.123329
v 0.080143 0.902094 0.123088
v 0.081542 0.895657 0.122732
v 0.082920 0.894733 0.121734
v 0.083477 0.907260 0.120434
v 0.085071 0.908499 0.119797
v 0.083978 0.898873 0.119609
v 0.097193 0.902849 0.116147
v 0.096275 0.904718 0.116203
v 0.085668 0.928683 0.101421
v 0.085834 0.927404 0.102252
v 0.090670 0.926800 0.103003
v 0.092908 0.922893 0.112431
v 0.090416 0.923907 0.112566
v 0.090493 0.923945 0.107510
v 0.088246 0.928091 0.101888
v 0.087343 0.922766 0.110264
v 0.086778 0.922847 0.108549
v 0.086128 0.923267 0.106906
v 0.086565 0.922204 0.110782
v 0.074560 0.946717 0.104327
v 0.071190 0.943785 0.105857
v 0.068298 0.937599 0.109077
v 0.070592 0.926697 0.114730
v 0.073735 0.923632 0.116315
v 0.075631 0.922587 0.116854
v 0.077671 0.921911 0.117203
v 0.079796 0.921625 0.117351
v 0.077892 0.928435 0.101730
v 0.075776 0.932631 0.100952
v 0.075587 0.935497 0.100652
v 0.076554 0.933435 0.100533
v 0.076050 0.938565 0.100538
v 0.077139 0.941589 0.100701
v 0.078759 0.944334 0.101221
v 0.080758 0.946610 0.102151
v 0.080672 0.942248 0.100357
v 0.080577 0.937409 0.099655
v 0.084047 0.922241 0.117032
v 0.085829 0.922137 0.114869
v 0.080035 0.921637 0.106669
v 0.078981 0.921779 0.106595
v 0.076833 0.920827 0.109761
v 0.075440 0.921595 0.109363
v 0.072764 0.923197 0.112213
v 0.071451 0.924725 0.111422
v 0.068614 0.930744 0.112634
v 0.074194 0.922613 0.108836
v 0.081866 0.920793 0.115563
v 0.077744 0.920962 0.115476
v 0.081626 0.920018 0.111914
v 0.075774 0.921615 0.115138
v 0.068545 0.931660 0.109937
v 0.071240 0.925745 0.108947
v 0.073132 0.923848 0.108195
v 0.069225 0.930445 0.108456
v 0.076189 0.923320 0.105796
v 0.068698 0.936107 0.107626
v 0.075472 0.924154 0.105362
v 0.070243 0.940266 0.105462
v 0.069940 0.936652 0.105228
v 0.071257 0.930171 0.104912
v 0.072647 0.929207 0.103930
v 0.073420 0.941724 0.102585
v 0.072629 0.935027 0.102384
v 0.076652 0.945846 0.102551
v 0.075056 0.942918 0.101961
v 0.076004 0.928661 0.102146
v 0.089018 0.938353 0.098716
v 0.087404 0.946634 0.100391
v 0.087170 0.939733 0.099357
v 0.086691 0.934878 0.099612
v 0.083961 0.964916 0.082393
v 0.078847 0.963783 0.082995
v 0.083787 0.961722 0.084706
v 0.076957 0.961610 0.084318
v 0.083313 0.958912 0.094478
v 0.083406 0.958556 0.091028
v 0.079765 0.957933 0.090236
v 0.080086 0.957699 0.094216
v 0.079511 0.957314 0.092458
v 0.078806 0.957268 0.090731
v 0.066192 0.981036 0.086262
v 0.064551 0.979476 0.087090
v 0.062131 0.975594 0.089146
v 0.061081 0.971094 0.091527
v 0.061520 0.966505 0.093948
v 0.062288 0.964349 0.095084
v 0.070402 0.957318 0.098779
v 0.072539 0.956958 0.098968
v 0.074711 0.956995 0.098948
v 0.069032 0.968131 0.082292
v 0.069845 0.968904 0.081882
v 0.069458 0.974059 0.081852
v 0.070626 0.977040 0.082026
v 0.073019 0.967836 0.081566
v 0.074366 0.981910 0.083546
v 0.074125 0.975161 0.081266
v 0.076851 0.957433 0.098720
v 0.078689 0.957270 0.096568
v 0.074649 0.956055 0.097205
v 0.076240 0.955649 0.093334
v 0.068520 0.957092 0.096661
v 0.072657 0.955254 0.093541
v 0.075538 0.956315 0.089740
v 0.076137 0.957602 0.087860
v 0.068796 0.956456 0.094870
v 0.067084 0.957470 0.094336
v 0.063726 0.961247 0.094477
v 0.069674 0.956263 0.091261
v 0.068291 0.957083 0.090829
v 0.065059 0.959756 0.091171
v 0.067062 0.958148 0.090268
v 0.069082 0.957406 0.089165
v 0.072359 0.958371 0.086573
v 0.062585 0.964122 0.090833
v 0.061825 0.971882 0.088865
v 0.066480 0.960621 0.087470
v 0.062509 0.974011 0.087738
v 0.062498 0.970378 0.087528
v 0.063141 0.967006 0.087345
v 0.065753 0.963375 0.086014
v 0.068228 0.980463 0.084316
v 0.066026 0.973974 0.083654
v 0.067480 0.965110 0.083892
v 0.080676 0.981672 0.082279
v 0.081179 0.972736 0.080740
v 0.080441 0.974830 0.080982
v 0.080046 0.969985 0.081169
v 0.080223 0.991799 0.076836
v 0.076518 0.993469 0.076871
v 0.076310 0.992869 0.073254
v 0.075875 0.994650 0.068046
v 0.073252 0.992771 0.070359
v 0.072571 0.993545 0.068730
v 0.069777 1.019719 0.065514
v 0.065558 1.018779 0.066024
v 0.059939 0.997986 0.077222
v 0.061379 0.996329 0.078109
v 0.066975 0.993213 0.079776
v 0.066003 1.001377 0.063625
v 0.065131 1.003764 0.063227
v 0.066451 1.002049 0.063262
v 0.064862 1.006604 0.062908
v 0.066256 1.012710 0.062893
v 0.066671 1.010412 0.062362
v 0.067718 1.005739 0.062159
v 0.071929 1.019619 0.065568
v 0.071710 1.015669 0.063279
v 0.071344 1.011031 0.062028
v 0.070869 1.006157 0.061934
v 0.070604 1.003782 0.062326
v 0.071231 0.992949 0.079916
v 0.069585 0.994180 0.067501
v 0.068036 0.992156 0.070688
v 0.064832 0.992902 0.071796
v 0.064178 0.992907 0.073558
v 0.062127 0.994506 0.074681
v 0.064556 0.994097 0.069647
v 0.061583 0.995424 0.072209
v 0.060626 0.996999 0.071363
v 0.058352 1.000704 0.073504
v 0.057881 1.002828 0.072362
v 0.072993 0.991833 0.076112
v 0.071077 0.991434 0.076326
v 0.069131 0.991380 0.076355
v 0.072383 0.991749 0.072414
v 0.069259 0.991382 0.072611
v 0.058457 1.003672 0.069758
v 0.059530 1.000554 0.069453
v 0.068423 0.996220 0.065860
v 0.058549 1.009305 0.068874
v 0.058669 1.005723 0.068653
v 0.062429 0.997599 0.067765
v 0.059447 1.011294 0.067802
v 0.062117 1.014672 0.065975
v 0.061180 1.011287 0.065651
v 0.061237 1.004595 0.065506
v 0.063815 1.015966 0.065275
v 0.076798 1.009452 0.061142
v 0.076451 1.004375 0.061961
v 0.077050 1.002308 0.062567
v 0.075021 1.015761 0.062623
v 0.073549 1.013182 0.062386
v 0.073822 1.030709 0.047647
v 0.073484 1.028149 0.058122
v 0.073971 1.027493 0.054516
v 0.070148 1.029221 0.049388
v 0.066901 1.055692 0.045838
v 0.062860 1.054160 0.046684
v 0.058207 1.049543 0.049228
v 0.058434 1.034742 0.057342
v 0.059782 1.033028 0.058277
v 0.066228 1.035477 0.044514
v 0.064678 1.037002 0.044224
v 0.063020 1.042002 0.043599
v 0.064210 1.040129 0.043402
v 0.066867 1.036753 0.043813
v 0.067203 1.037087 0.043629
v 0.063845 1.048228 0.043483
v 0.065165 1.051216 0.043842
v 0.066842 1.041995 0.042376
v 0.066953 1.053834 0.044573
v 0.067053 1.051752 0.043546
v 0.067199 1.049501 0.042781
v 0.069348 1.028131 0.058669
v 0.056647 1.038763 0.055144
v 0.057762 1.035470 0.054663
v 0.059361 1.032715 0.054003
v 0.060585 1.031156 0.054854
v 0.063331 1.029406 0.052032
v 0.065304 1.028984 0.050742
v 0.061165 1.031733 0.050759
v 0.065284 1.028655 0.058383
v 0.069258 1.027368 0.054926
v 0.061628 1.030551 0.057350
v 0.056645 1.041767 0.051214
v 0.057386 1.038363 0.050911
v 0.058679 1.035427 0.050520
v 0.063668 1.031894 0.047924
v 0.059569 1.036302 0.048256
v 0.058252 1.044351 0.047624
v 0.058595 1.040954 0.047488
v 0.059545 1.037946 0.047353
v 0.060992 1.035538 0.047152
v 0.059816 1.049634 0.046889
v 0.059150 1.042729 0.046511
v 0.063384 1.050361 0.044313
v 0.071030 1.054288 0.043957
v -0.100525 0.887583 0.127543
v -0.099985 0.888798 0.124346
v -0.099740 0.888162 0.125923
v -0.096216 0.892361 0.120356
v -0.096715 0.889602 0.123047
v -0.097164 0.888069 0.126269
v -0.097231 0.887785 0.128032
v -0.096892 0.888237 0.131907
v -0.097070 0.889121 0.133595
v -0.093461 0.888212 0.123893
v -0.094529 0.888099 0.134543
v -0.092452 0.887535 0.134831
v -0.088213 0.887591 0.134802
v -0.086175 0.888208 0.134487
v -0.082557 0.890534 0.133302
v -0.079030 0.896158 0.130430
v -0.078561 0.902994 0.126931
v -0.079133 0.905234 0.125784
v -0.080050 0.907342 0.124703
v -0.082803 0.910919 0.122865
v -0.084559 0.912283 0.122164
v -0.090672 0.912354 0.119914
v -0.088614 0.912100 0.120045
v -0.081587 0.907561 0.122380
v -0.079410 0.894916 0.128860
v -0.080246 0.892895 0.129893
v -0.082814 0.889486 0.131635
v -0.084467 0.888198 0.132292
v -0.086305 0.887241 0.132781
v -0.090312 0.886426 0.133196
v -0.088710 0.910022 0.119013
v -0.085071 0.908499 0.119797
v -0.083477 0.907260 0.120434
v -0.080143 0.902094 0.123088
v -0.079624 0.900060 0.124132
v -0.079434 0.897965 0.125206
v -0.083252 0.888735 0.129927
v -0.090624 0.907992 0.118120
v -0.088853 0.907773 0.118232
v -0.085527 0.906380 0.118949
v -0.080932 0.892976 0.125829
v -0.083861 0.888300 0.128220
v -0.086867 0.886368 0.129207
v -0.090317 0.885665 0.129567
v -0.084812 0.903177 0.118870
v -0.081697 0.897351 0.121862
v -0.082674 0.890787 0.125227
v -0.084627 0.888191 0.126555
v -0.090592 0.903155 0.117407
v -0.089268 0.902991 0.117491
v -0.083978 0.898873 0.119609
v -0.083408 0.897560 0.120283
v -0.083017 0.893299 0.122469
v -0.086596 0.887581 0.125398
v -0.085927 0.898241 0.118748
v -0.086549 0.888954 0.123513
v -0.089817 0.898220 0.117891
v -0.096339 0.899786 0.117005
v -0.095444 0.906637 0.116487
v -0.084047 0.922241 0.117032
v -0.081942 0.921735 0.117294
v -0.077671 0.921911 0.117203
v -0.075631 0.922587 0.116854
v -0.073735 0.923632 0.116315
v -0.072039 0.925015 0.115599
v -0.068614 0.930744 0.112634
v -0.068298 0.937599 0.109077
v -0.071190 0.943785 0.105857
v -0.072759 0.945405 0.105013
v -0.082831 0.946419 0.102252
v -0.078677 0.946418 0.102253
v -0.076652 0.945846 0.102551
v -0.071488 0.942080 0.104516
v -0.068698 0.936107 0.107626
v -0.068545 0.931660 0.109937
v -0.069799 0.927445 0.112122
v -0.073945 0.922624 0.114617
v -0.077744 0.920962 0.115476
v -0.079794 0.920686 0.115619
v -0.083896 0.921282 0.115310
v -0.075056 0.942918 0.101961
v -0.073420 0.941724 0.102585
v -0.069940 0.936652 0.105228
v -0.069128 0.932541 0.107367
v -0.072764 0.923197 0.112213
v -0.087159 0.922607 0.112518
v -0.082455 0.942082 0.100443
v -0.078882 0.942081 0.100444
v -0.075496 0.940785 0.101121
v -0.070554 0.927506 0.108033
v -0.073399 0.922743 0.110503
v -0.076383 0.920725 0.111548
v -0.079843 0.919924 0.111962
v -0.083375 0.920438 0.111696
v -0.074729 0.937600 0.101042
v -0.072629 0.935027 0.102384
v -0.071452 0.931862 0.104032
v -0.072286 0.925267 0.107459
v -0.074194 0.922613 0.108836
v -0.085837 0.922136 0.109084
v -0.081910 0.937286 0.099720
v -0.079238 0.937285 0.099720
v -0.073204 0.932022 0.102464
v -0.072712 0.927770 0.104676
v -0.076186 0.921945 0.107701
v -0.079957 0.920695 0.108349
v -0.075776 0.932631 0.100952
v -0.076189 0.923320 0.105796
v -0.084048 0.922997 0.105963
v -0.079711 0.932497 0.100147
v -0.076004 0.928661 0.102146
v -0.085356 0.928600 0.101464
v -0.085834 0.927404 0.102252
v -0.093088 0.922970 0.109170
v -0.090670 0.926800 0.103003
v -0.088246 0.928091 0.101888
v -0.090543 0.924599 0.105902
v -0.090456 0.923608 0.109179
v -0.089018 0.938353 0.098716
v -0.087404 0.946634 0.100391
v -0.086636 0.941818 0.099794
v -0.086256 0.937103 0.099524
v -0.078897 0.958254 0.098289
v -0.074711 0.956995 0.098948
v -0.072539 0.956958 0.098968
v -0.070402 0.957318 0.098779
v -0.062288 0.964349 0.095084
v -0.061520 0.966505 0.093948
v -0.061081 0.971094 0.091527
v -0.062131 0.975594 0.089146
v -0.063184 0.977644 0.088062
v -0.066192 0.981036 0.086262
v -0.071619 0.960626 0.084845
v -0.070910 0.957510 0.087908
v -0.071524 0.956244 0.089777
v -0.072746 0.955446 0.091691
v -0.072855 0.956019 0.089896
v -0.076509 0.955878 0.095174
v -0.078368 0.956623 0.094782
v -0.077417 0.956400 0.091189
v -0.076137 0.957602 0.087860
v -0.080086 0.957699 0.094216
v -0.077987 0.957562 0.089083
v -0.077074 0.958188 0.087551
v -0.074366 0.981910 0.083546
v -0.072259 0.981807 0.083602
v -0.075711 0.974946 0.081381
v -0.068228 0.980463 0.084316
v -0.072522 0.975081 0.081309
v -0.074982 0.970119 0.081238
v -0.068938 0.976303 0.082418
v -0.063525 0.975990 0.086690
v -0.072833 0.970210 0.081189
v -0.061825 0.971882 0.088865
v -0.066885 0.972000 0.082945
v -0.062498 0.970378 0.087528
v -0.062216 0.966185 0.089744
v -0.063141 0.967006 0.087345
v -0.065948 0.966247 0.084495
v -0.067833 0.966204 0.083312
v -0.063726 0.961247 0.094477
v -0.064141 0.961399 0.090305
v -0.065566 0.958787 0.093644
v -0.066004 0.961962 0.086761
v -0.068520 0.957092 0.096661
v -0.066027 0.959427 0.089594
v -0.068796 0.956456 0.094870
v -0.069185 0.956177 0.093055
v -0.068291 0.957083 0.090829
v -0.074649 0.956055 0.097205
v -0.078530 0.963712 0.083032
v -0.081268 0.964320 0.082710
v -0.083787 0.961722 0.084706
v -0.083478 0.958876 0.089323
v -0.083350 0.958569 0.092759
v -0.080676 0.981672 0.082279
v -0.080604 0.974891 0.080936
v -0.079969 0.976984 0.081421
v -0.080046 0.969985 0.081169
v -0.080223 0.991799 0.076836
v -0.075709 0.995911 0.066528
v -0.076032 0.993709 0.069699
v -0.076424 0.992989 0.075076
v -0.071069 0.996057 0.065949
v -0.073252 0.992771 0.070359
v -0.073341 0.993389 0.079681
v -0.069089 0.992890 0.079948
v -0.061379 0.996329 0.078109
v -0.059939 0.997986 0.077222
v -0.065558 1.018779 0.066024
v -0.068061 0.996515 0.065702
v -0.066816 0.995415 0.066836
v -0.066774 0.992590 0.070456
v -0.067705 0.991620 0.072483
v -0.069184 0.991188 0.074478
v -0.071077 0.991434 0.076326
v -0.070834 0.991426 0.072587
v -0.072993 0.991833 0.076112
v -0.067633 1.019436 0.065667
v -0.069066 1.003716 0.062361
v -0.067718 1.005739 0.062159
v -0.065954 1.007438 0.062457
v -0.061915 1.009399 0.064683
v -0.060050 1.009586 0.066570
v -0.058549 1.009305 0.068874
v -0.057335 1.006417 0.072696
v -0.065885 1.004572 0.062790
v -0.061920 1.006110 0.064689
v -0.060108 1.006131 0.066448
v -0.058457 1.003672 0.069758
v -0.071710 1.015669 0.063279
v -0.071840 1.017756 0.064306
v -0.069756 1.015760 0.063231
v -0.071344 1.011031 0.062028
v -0.063815 1.015966 0.065275
v -0.069766 1.011104 0.061988
v -0.062117 1.014672 0.065975
v -0.070869 1.006157 0.061934
v -0.070604 1.003782 0.062326
v -0.058352 1.000704 0.073504
v -0.058575 1.001618 0.070864
v -0.059530 1.000554 0.069453
v -0.066003 1.001377 0.063625
v -0.061657 0.995273 0.076416
v -0.063283 0.993948 0.077125
v -0.061583 0.995424 0.072209
v -0.062429 0.997599 0.067765
v -0.062779 0.994047 0.072946
v -0.062946 0.996307 0.068460
v -0.077051 1.002308 0.062567
v -0.076451 1.004375 0.061961
v -0.076798 1.009452 0.061142
v -0.075021 1.015761 0.062623
v -0.073549 1.013182 0.062386
v -0.073822 1.030709 0.047647
v -0.073971 1.027493 0.054516
v -0.073690 1.027646 0.056331
v -0.069801 1.030468 0.047810
v -0.059782 1.033028 0.058277
v -0.058434 1.034742 0.057342
v -0.056647 1.038763 0.055144
v -0.057209 1.047547 0.050326
v -0.061071 1.052896 0.047381
v -0.064821 1.055101 0.046165
v -0.069017 1.054050 0.044454
v -0.059816 1.049634 0.046889
v -0.056955 1.043907 0.050039
v -0.057762 1.035470 0.054663
v -0.061628 1.030551 0.057350
v -0.063378 1.029441 0.057955
v -0.067292 1.028214 0.058624
v -0.068996 1.051955 0.043434
v -0.065165 1.051216 0.043842
v -0.063384 1.050361 0.044313
v -0.058252 1.044351 0.047624
v -0.057354 1.040395 0.049796
v -0.059361 1.032715 0.054003
v -0.060585 1.031156 0.054854
v -0.068975 1.049687 0.042679
v -0.065473 1.049010 0.043052
v -0.061059 1.045885 0.044775
v -0.058595 1.040954 0.047488
v -0.058679 1.035427 0.050520
v -0.064119 1.028498 0.054310
v -0.067489 1.027440 0.054886
v -0.063109 1.045078 0.043431
v -0.059781 1.039576 0.046458
v -0.059569 1.036302 0.048256
v -0.059853 1.034689 0.049140
v -0.068941 1.044848 0.042031
v -0.060992 1.035538 0.047152
v -0.063179 1.030602 0.049856
v -0.064986 1.040901 0.042978
v -0.063565 1.039236 0.043894
v -0.062785 1.033889 0.046831
v -0.063668 1.031894 0.047924
v -0.068918 1.040008 0.042570
v -0.066867 1.036753 0.043813
v -0.071030 1.054288 0.043957
v -0.107389 0.852709 0.148425
v -0.106547 0.852218 0.145598
v -0.106385 0.852940 0.142581
v -0.101948 0.853277 0.150648
v -0.099907 0.853698 0.150435
v -0.097970 0.854492 0.150034
v -0.093231 0.873892 0.140209
v -0.099781 0.858144 0.137811
v -0.098376 0.855408 0.140407
v -0.100214 0.867429 0.134299
v -0.101302 0.867937 0.134041
v -0.099146 0.852888 0.143978
v -0.099667 0.853264 0.142517
v -0.100257 0.853946 0.141149
v -0.100358 0.852147 0.145841
v -0.097889 0.878505 0.137865
v -0.098030 0.876926 0.136755
v -0.091188 0.867443 0.143480
v -0.092433 0.867077 0.139944
v -0.093065 0.869075 0.138931
v -0.093803 0.867653 0.137979
v -0.094666 0.869377 0.137103
v -0.095504 0.867815 0.136404
v -0.096510 0.869210 0.135695
v -0.092128 0.862900 0.142064
v -0.091897 0.861816 0.144424
v -0.096643 0.874031 0.136410
v -0.098635 0.873312 0.135101
v -0.100576 0.872063 0.134243
v -0.093933 0.862852 0.138925
v -0.097036 0.863704 0.136194
v -0.093579 0.857848 0.146433
v -0.093243 0.860020 0.141853
v -0.096650 0.862486 0.136813
v -0.093845 0.858203 0.142774
v -0.097908 0.860644 0.136999
v -0.096719 0.854129 0.146506
v -0.103026 0.877285 0.133783
v -0.103662 0.873483 0.133101
v -0.100439 0.879402 0.137046
v 0.107368 0.853373 0.149879
v 0.106304 0.853763 0.141183
v 0.106475 0.852422 0.144063
v 0.097889 0.878505 0.137865
v 0.093231 0.873892 0.140209
v 0.091188 0.867443 0.143480
v 0.097970 0.854492 0.150034
v 0.099907 0.853698 0.150435
v 0.099443 0.859529 0.137108
v 0.099441 0.860252 0.136741
v 0.096650 0.862486 0.136813
v 0.103661 0.853242 0.141505
v 0.095812 0.864933 0.136594
v 0.097604 0.864839 0.135617
v 0.095782 0.870923 0.136316
v 0.096643 0.874031 0.136410
v 0.097118 0.872247 0.135643
v 0.098030 0.876926 0.136755
v 0.100869 0.865537 0.134511
v 0.100576 0.872063 0.134243
v 0.101948 0.853277 0.150648
v 0.092269 0.860795 0.146847
v 0.093579 0.857848 0.146433
v 0.096719 0.854129 0.146506
v 0.097187 0.853801 0.145004
v 0.100636 0.852276 0.144287
v 0.099667 0.853264 0.142517
v 0.098472 0.854033 0.142127
v 0.094720 0.856530 0.143622
v 0.092462 0.860840 0.143108
v 0.093243 0.860020 0.141853
v 0.100114 0.855420 0.139652
v 0.092533 0.870493 0.140025
v 0.092433 0.867077 0.139944
v 0.093940 0.861099 0.139815
v 0.093515 0.872452 0.139029
v 0.093217 0.865801 0.138919
v 0.100439 0.879402 0.137046
v 0.103026 0.877285 0.133783
v 0.103662 0.873483 0.133101
v -0.025571 0.923192 -0.231441
v -0.017047 0.923830 -0.231331
v -0.016712 0.922540 -0.231471
v -0.015939 0.925314 -0.231427
v -0.027195 0.948721 -0.247595
v -0.015209 0.948457 -0.247509
v -0.027655 0.945956 -0.245726
v -0.023764 0.948435 -0.246573
v -0.020436 0.948800 -0.246682
v -0.009792 0.937209 -0.241428
v -0.009333 0.932510 -0.238472
v -0.017997 0.947482 -0.245388
v -0.009303 0.927573 -0.235652
v -0.036941 0.937334 -0.239758
v -0.034976 0.928819 -0.235530
v -0.035020 0.937349 -0.240717
v -0.031421 0.942101 -0.244478
v -0.032171 0.927853 -0.234973
v 0.009444 0.940568 -0.244062
v 0.010313 0.929505 -0.236080
v 0.009773 0.935685 -0.240190
v 0.013781 0.944280 -0.244683
v 0.012982 0.942668 -0.242664
v 0.017116 0.947273 -0.243193
v 0.017104 0.946885 -0.244171
v 0.018435 0.947764 -0.243837
v 0.020556 0.948389 -0.243958
v 0.025148 0.947168 -0.244247
v 0.026116 0.948815 -0.247511
v 0.008953 0.933251 -0.239231
v 0.036978 0.937234 -0.239652
v 0.030589 0.941865 -0.243480
v 0.032625 0.937575 -0.239591
v 0.035007 0.931300 -0.236753
v 0.031687 0.932128 -0.235355
v 0.016962 0.923478 -0.231402
v 0.016651 0.922321 -0.231464
v 0.025420 0.923830 -0.231331
v 0.031733 0.959152 -0.218097
v 0.013063 0.967421 -0.224206
v 0.017917 0.952609 -0.211961
v 0.031652 0.961754 -0.218807
v 0.011840 0.962587 -0.218270
v 0.028310 0.957676 -0.213719
v 0.028877 0.968339 -0.222540
v -0.019460 0.956948 -0.212253
v -0.028060 0.967604 -0.221064
v -0.016281 0.969671 -0.222956
v -0.028050 0.959210 -0.214297
v -0.012703 0.963893 -0.218459
v -0.028389 0.968901 -0.223007
v -0.012978 0.967400 -0.222835
v -0.031771 0.960469 -0.218447
s 1
f 7 8 9
f 10 11 12
f 13 14 12
f 11 15 12
f 12 15 16
f 12 16 17
f 17 16 18
f 18 19 17
f 17 19 20
f 17 20 21
f 14 22 12
f 12 22 23
f 12 23 10
f 21 24 17
f 17 24 25
f 17 25 26
f 27 28 12
f 12 28 29
f 12 29 13
f 30 31 27
f 27 31 32
f 27 32 28
f 26 33 17
f 17 33 34
f 17 34 35
f 35 34 36
f 35 36 37
f 37 36 38
f 37 38 9
f 9 38 39
f 9 39 7
f 40 41 42
f 42 41 43
f 42 43 30
f 30 43 44
f 30 44 31
f 45 46 47
f 49 50 48
f 48 50 51
f 48 51 47
f 47 51 52
f 47 52 45
f 57 58 55
f 55 58 56
f 57 59 58
f 58 59 54
f 53 54 60
f 60 61 53
f 63 64 62
f 65 67 63
f 65 66 67
f 69 68 66
f 66 68 67
f 74 75 76
f 74 76 77
f 70 74 71
f 71 74 77
f 71 77 73
f 73 77 72
f 78 79 80
f 78 80 81
f 81 80 71
f 71 80 82
f 71 82 70
f 85 86 87
f 84 83 88
f 84 88 89
f 89 90 84
f 92 93 87
f 87 93 94
f 94 95 87
f 83 84 96
f 96 84 97
f 95 84 87
f 87 84 98
f 98 84 90
f 86 92 87
f 96 99 100
f 87 91 85
f 97 101 96
f 96 101 99
f 104 105 55
f 102 103 105
f 102 105 104
f 77 109 72
f 72 109 102
f 102 109 110
f 102 110 103
f 103 110 108
f 57 55 105
f 57 105 106
f 106 105 103
f 106 103 107
f 107 103 108
f 111 112 113
f 114 115 116
f 112 117 113
f 113 117 118
f 118 119 113
f 113 119 120
f 113 120 121
f 113 122 123
f 121 124 113
f 125 113 126
f 116 115 127
f 114 116 113
f 113 116 122
f 113 123 128
f 113 128 111
f 124 126 113
f 129 76 75
f 131 130 69
f 135 129 132
f 137 135 136
f 129 75 132
f 135 132 136
f 136 132 130
f 136 130 131
f 137 136 133
f 133 136 131
f 133 131 134
f 134 131 69
f 134 69 66
f 55 138 140
f 72 102 143
f 102 104 143
f 143 104 140
f 140 104 55
f 141 72 143
f 141 143 140
f 146 141 140
f 146 140 139
f 139 140 138
f 142 141 146
f 138 144 139
f 139 144 145
f 139 145 146
f 146 145 142
f 147 144 138
f 148 147 149
f 149 147 138
f 149 138 56
f 56 138 55
f 56 150 149
f 151 148 149
f 56 58 150
f 150 58 152
f 152 58 54
f 152 54 53
f 152 53 153
f 153 53 154
f 154 53 61
f 154 155 153
f 152 153 156
f 152 156 150
f 149 150 151
f 151 150 156
f 151 156 153
f 151 153 157
f 161 162 160
f 162 164 160
f 161 160 164
f 161 164 162
f 167 166 169
f 170 171 172
f 166 167 169
f 168 169 172
f 169 173 172
f 174 172 171
f 166 167 165
f 175 158 176
f 175 176 172
f 172 176 170
f 164 160 162
f 161 163 162
f 163 161 162
f 178 169 167
f 177 179 180
f 179 181 180
f 180 181 182
f 161 162 184
f 161 184 185
f 185 184 186
f 185 186 184
f 184 186 187
f 184 187 188
f 188 187 180
f 188 180 187
f 166 165 189
f 189 165 190
f 189 190 191
f 189 191 192
f 192 191 193
f 192 193 194
f 194 193 195
f 194 195 196
f 169 178 197
f 197 178 198
f 198 178 199
f 198 199 200
f 200 199 201
f 200 201 202
f 202 201 203
f 202 203 204
f 204 203 205
f 204 205 206
f 207 208 183
f 183 208 182
f 182 208 209
f 209 180 182
f 182 180 187
f 182 187 180
f 180 187 186
f 180 186 177
f 177 186 184
f 177 184 159
f 159 184 162
f 159 162 160
f 209 210 180
f 180 210 187
f 187 210 211
f 187 211 212
f 165 163 161
f 165 161 190
f 190 161 191
f 191 161 185
f 191 185 184
f 191 184 193
f 193 184 188
f 193 188 187
f 193 187 195
f 195 187 212
f 212 213 195
f 195 213 214
f 195 214 196
f 196 214 215
f 196 215 216
f 216 205 196
f 196 205 203
f 196 203 194
f 194 203 201
f 194 201 192
f 192 201 199
f 192 199 189
f 189 199 178
f 189 178 166
f 166 178 167
f 205 216 217
f 205 217 206
f 206 217 218
f 173 169 172
f 172 169 197
f 172 197 219
f 219 197 220
f 220 197 198
f 220 198 221
f 221 198 200
f 221 200 222
f 222 200 223
f 223 200 202
f 223 202 224
f 224 202 204
f 224 204 206
f 224 206 225
f 225 206 218
f 225 218 226
f 232 233 234
f 239 238 240
f 241 242 240
f 240 242 243
f 244 240 238
f 245 244 238
f 247 245 238
f 250 251 252
f 252 251 248
f 248 251 249
f 250 252 236
f 253 250 234
f 255 240 244
f 256 257 246
f 246 257 258
f 260 261 240
f 240 261 239
f 240 239 238
f 238 239 246
f 262 258 259
f 262 259 264
f 264 259 232
f 263 258 262
f 262 236 265
f 266 248 249
f 248 252 249
f 267 266 249
f 248 249 252
f 236 237 250
f 250 237 264
f 234 264 232
f 236 262 264
f 236 264 237
f 264 234 250
f 230 269 261
f 268 260 243
f 268 243 231
f 270 271 254
f 254 271 229
f 254 227 229
f 272 270 227
f 227 270 254
f 227 254 229
f 257 272 228
f 228 272 227
f 259 257 235
f 235 257 228
f 243 260 240
f 239 240 238
f 260 243 261
f 261 271 239
f 239 271 246
f 243 260 261
f 261 260 271
f 271 256 246
f 230 229 269
f 269 229 261
f 261 229 271
f 271 270 272
f 272 257 259
f 257 259 258
f 246 258 247
f 246 247 238
f 235 233 259
f 259 233 232
f 272 259 257
f 272 257 256
f 272 256 271
f 261 271 260
f 261 260 230
f 230 260 268
f 244 273 255
f 142 274 275
f 276 277 278
f 281 280 78
f 78 280 79
f 280 281 279
f 280 279 282
f 277 279 278
f 278 279 281
f 278 281 283
f 283 281 78
f 71 73 81
f 274 276 275
f 275 276 278
f 275 278 284
f 284 278 283
f 284 283 73
f 73 283 81
f 81 283 78
f 142 275 284
f 142 284 141
f 141 284 73
f 141 73 72
f 290 294 295
f 295 296 290
f 290 296 297
f 297 296 285
f 289 298 291
f 304 305 306
f 307 308 309
f 310 311 312
f 298 289 313
f 298 313 291
f 292 300 293
f 293 300 292
f 301 293 288
f 286 314 287
f 287 314 286
f 289 290 315
f 315 290 316
f 315 316 317
f 315 317 318
f 318 317 319
f 318 319 320
f 320 319 321
f 320 321 322
f 320 322 323
f 320 323 324
f 324 323 325
f 325 323 326
f 325 326 327
f 328 330 303
f 303 330 314
f 303 314 286
f 326 331 332
f 326 332 327
f 327 332 333
f 289 315 313
f 313 315 318
f 313 318 334
f 334 318 320
f 334 320 335
f 335 320 324
f 335 324 325
f 335 325 336
f 336 325 327
f 336 327 337
f 337 327 333
f 337 333 338
f 291 313 339
f 339 313 334
f 339 334 340
f 340 334 335
f 340 335 341
f 341 335 336
f 341 336 337
f 341 337 312
f 312 337 338
f 312 338 310
f 299 291 339
f 299 339 342
f 342 339 340
f 342 340 343
f 343 340 341
f 343 341 344
f 344 341 312
f 344 312 309
f 309 312 311
f 309 311 307
f 300 299 292
f 292 299 342
f 292 342 343
f 292 343 345
f 345 343 344
f 345 344 346
f 346 344 347
f 347 344 309
f 347 309 306
f 306 309 308
f 306 308 304
f 293 292 345
f 293 345 346
f 348 346 347
f 348 347 306
f 303 306 305
f 303 305 302
f 302 328 303
f 306 303 286
f 306 286 348
f 348 286 287
f 348 287 346
f 346 287 293
f 293 287 288
f 302 349 328
f 328 349 350
f 328 350 329
f 329 350 351
f 351 350 352
f 353 354 355
f 357 358 359
f 368 369 370
f 371 369 372
f 361 360 373
f 376 377 375
f 375 377 374
f 366 367 355
f 366 355 367
f 378 372 379
f 379 372 380
f 364 376 375
f 364 375 356
f 356 375 357
f 381 382 368
f 368 370 381
f 381 370 383
f 381 383 364
f 384 372 385
f 385 372 378
f 385 378 386
f 387 380 382
f 382 380 372
f 356 359 363
f 363 389 356
f 363 362 389
f 389 391 381
f 389 381 364
f 362 391 389
f 356 389 364
f 393 390 392
f 378 379 393
f 393 379 380
f 393 380 390
f 393 392 378
f 378 392 394
f 378 394 386
f 378 386 379
f 395 386 394
f 388 390 362
f 362 390 388
f 362 388 391
f 391 388 396
f 391 387 381
f 381 387 382
f 382 372 368
f 368 372 369
f 366 373 367
f 367 373 360
f 354 377 355
f 358 357 397
f 374 377 375
f 377 354 397
f 357 375 397
f 397 375 377
f 366 367 353
f 366 353 355
f 377 376 398
f 386 378 379
f 380 387 391
f 380 391 396
f 380 396 390
f 390 396 388
f 364 365 376
f 356 357 359
f 369 371 399
f 401 282 403
f 401 403 404
f 405 401 402
f 280 282 401
f 402 401 404
f 405 406 401
f 401 406 280
f 70 400 405
f 400 79 406
f 400 406 405
f 406 79 280
f 75 74 407
f 410 411 409
f 410 409 408
f 412 413 411
f 411 413 414
f 411 414 409
f 409 414 408
f 408 407 410
f 410 407 415
f 80 79 400
f 80 400 82
f 82 400 70
f 405 74 70
f 402 412 411
f 402 411 410
f 402 410 405
f 405 410 415
f 405 415 74
f 74 415 407
f 69 130 416
f 132 75 417
f 132 417 130
f 407 408 418
f 417 407 416
f 416 130 417
f 422 420 423
f 422 419 420
f 420 419 418
f 420 418 421
f 421 418 408
f 422 416 419
f 419 416 407
f 419 407 418
f 416 422 69
f 75 407 417
f 422 423 424
f 422 424 425
f 425 424 426
f 425 426 427
f 68 427 67
f 67 427 428
f 67 428 63
f 63 428 64
f 426 429 427
f 427 429 430
f 430 429 431
f 430 431 432
f 422 425 68
f 68 425 427
f 427 430 428
f 428 430 432
f 432 433 434
f 434 62 64
f 434 64 432
f 432 64 428
f 68 69 422
f 435 436 437
f 435 437 438
f 438 437 439
f 438 439 440
f 109 77 129
f 129 77 76
f 109 129 110
f 110 129 135
f 110 135 108
f 108 135 137
f 108 137 439
f 439 137 440
f 441 442 443
f 443 442 444
f 444 442 98
f 445 446 447
f 447 448 445
f 445 448 98
f 98 448 444
f 450 449 446
f 450 446 451
f 451 446 445
f 450 452 453
f 450 453 449
f 454 452 455
f 455 452 450
f 456 457 458
f 456 458 454
f 454 458 452
f 459 460 456
f 456 460 457
f 461 460 459
f 461 462 460
f 463 464 462
f 463 462 461
f 465 466 464
f 465 464 467
f 467 464 468
f 468 464 463
f 469 470 471
f 471 470 465
f 465 470 466
f 469 472 470
f 473 474 475
f 475 474 469
f 469 474 472
f 476 477 478
f 478 477 479
f 479 477 480
f 479 480 481
f 479 481 482
f 482 481 473
f 473 481 474
f 476 483 477
f 484 485 476
f 476 485 483
f 441 443 486
f 443 487 486
f 486 487 488
f 488 487 484
f 484 487 485
f 494 495 493
f 493 495 492
f 492 495 491
f 497 496 493
f 493 496 494
f 496 497 498
f 496 498 499
f 499 498 500
f 499 500 501
f 503 502 501
f 503 501 500
f 502 503 504
f 502 504 505
f 505 504 506
f 506 504 507
f 506 507 508
f 508 507 509
f 511 510 509
f 509 510 512
f 509 512 508
f 513 514 511
f 511 514 510
f 514 513 515
f 514 515 516
f 517 518 515
f 515 518 516
f 490 519 517
f 517 519 518
f 490 520 519
f 490 489 520
f 521 522 523
f 523 522 490
f 490 522 489
f 524 525 521
f 521 525 522
f 524 521 117
f 527 526 528
f 527 528 117
f 117 528 524
f 529 526 527
f 526 529 530
f 530 529 531
f 530 531 532
f 532 531 533
f 532 533 534
f 532 534 535
f 535 534 492
f 492 491 535
f 538 539 540
f 540 539 536
f 536 537 540
f 541 537 536
f 543 544 542
f 542 544 545
f 542 545 546
f 547 548 549
f 550 551 549
f 549 551 552
f 549 552 547
f 548 547 546
f 546 547 553
f 546 553 542
f 554 555 556
f 550 557 551
f 551 557 556
f 551 556 555
f 554 556 558
f 558 556 559
f 558 559 560
f 561 562 560
f 560 562 558
f 563 564 565
f 560 566 561
f 561 566 565
f 561 565 567
f 567 565 564
f 565 568 563
f 569 563 568
f 536 539 569
f 536 569 541
f 541 569 568
f 570 571 572
f 573 574 571
f 571 574 572
f 570 575 571
f 570 576 577
f 570 577 575
f 578 579 580
f 578 580 581
f 570 582 576
f 576 582 583
f 576 583 584
f 584 583 579
f 584 579 585
f 585 579 578
f 586 587 581
f 581 587 588
f 581 588 578
f 589 587 590
f 590 587 591
f 591 587 586
f 546 592 593
f 593 592 594
f 593 594 590
f 590 594 589
f 546 542 595
f 546 595 592
f 542 546 545
f 542 545 544
f 542 544 543
f 573 596 574
f 574 596 597
f 597 572 574
f 598 572 597
f 601 602 603
f 603 602 604
f 603 604 600
f 600 604 599
f 602 601 605
f 610 611 612
f 611 613 612
f 612 613 614
f 608 609 615
f 615 609 616
f 615 616 617
f 617 616 618
f 618 616 619
f 618 619 620
f 620 619 621
f 620 621 622
f 622 621 623
f 623 621 624
f 624 621 625
f 624 625 626
f 626 625 627
f 628 629 626
f 628 626 627
f 606 630 631
f 631 630 628
f 628 630 629
f 607 630 606
f 606 632 607
f 606 633 632
f 632 633 634
f 634 633 635
f 634 635 636
f 636 635 610
f 610 635 611
f 638 637 639
f 638 639 640
f 643 642 639
f 639 642 637
f 637 638 639
f 644 645 646
f 648 647 649
f 648 649 650
f 651 652 648
f 648 652 647
f 653 654 651
f 653 651 648
f 654 653 655
f 655 653 656
f 653 657 656
f 656 657 658
f 658 657 659
f 658 659 660
f 660 659 661
f 660 661 662
f 662 661 663
f 663 661 664
f 664 661 665
f 664 665 666
f 665 667 666
f 666 667 668
f 669 670 668
f 668 670 666
f 669 671 672
f 669 672 670
f 673 674 675
f 675 674 669
f 669 674 671
f 676 677 675
f 673 675 677
f 678 679 675
f 676 675 680
f 680 675 679
f 675 681 678
f 678 681 682
f 682 681 683
f 683 681 684
f 684 681 644
f 644 681 645
f 650 649 685
f 691 692 693
f 691 693 694
f 694 693 695
f 694 695 696
f 694 696 690
f 690 696 689
f 697 698 699
f 699 698 700
f 699 700 691
f 691 700 692
f 701 702 703
f 703 702 697
f 697 702 704
f 697 704 698
f 703 705 701
f 701 705 706
f 701 706 707
f 708 707 706
f 708 709 707
f 711 710 708
f 708 710 712
f 708 712 709
f 713 714 711
f 711 714 710
f 715 716 717
f 711 717 713
f 713 717 716
f 718 719 720
f 720 719 721
f 717 719 715
f 715 719 718
f 722 723 721
f 721 723 724
f 721 724 720
f 722 721 725
f 725 721 726
f 725 726 727
f 728 729 730
f 729 731 732
f 729 732 730
f 689 733 690
f 690 733 734
f 690 734 731
f 690 731 729
f 735 736 737
f 737 736 735
f 737 738 739
f 735 737 739
f 741 740 742
f 742 740 743
f 742 743 744
f 744 743 745
f 746 747 748
f 748 747 749
f 748 749 750
f 748 750 743
f 743 750 751
f 743 751 745
f 752 753 754
f 752 754 755
f 755 754 746
f 746 754 756
f 746 756 747
f 757 758 752
f 752 758 759
f 752 759 753
f 760 761 758
f 760 758 757
f 763 762 761
f 763 761 760
f 762 763 764
f 762 764 765
f 765 766 767
f 765 767 762
f 765 768 766
f 769 770 771
f 769 771 765
f 765 771 768
f 772 773 769
f 773 774 769
f 769 774 775
f 769 775 776
f 769 776 770
f 769 777 772
f 772 777 778
f 778 777 779
f 779 777 780
f 780 777 781
f 777 782 781
f 781 782 783
f 741 784 740
f 740 784 785
f 740 785 786
f 786 785 787
f 786 787 788
f 786 788 789
f 786 789 790
f 799 800 801
f 799 802 803
f 804 805 806
f 804 806 807
f 807 806 808
f 807 808 802
f 802 808 809
f 802 809 803
f 810 811 812
f 810 812 804
f 804 812 805
f 810 813 814
f 810 814 811
f 815 816 810
f 810 816 813
f 817 818 815
f 815 818 816
f 819 820 821
f 819 821 822
f 822 821 823
f 822 823 817
f 817 823 818
f 825 824 819
f 819 824 820
f 827 826 828
f 828 826 825
f 825 826 824
f 826 827 829
f 797 798 827
f 827 798 829
f 795 796 830
f 831 832 833
f 833 832 834
f 833 834 835
f 833 835 830
f 833 830 797
f 797 830 796
f 797 796 836
f 797 836 798
f 837 838 839
f 839 838 840
f 838 841 840
f 840 841 842
f 842 841 843
f 843 841 802
f 799 801 802
f 802 801 844
f 802 844 845
f 802 845 843
f 847 848 849
f 847 850 848
f 851 852 853
f 856 857 858
f 860 861 862
f 862 861 863
f 865 861 864
f 864 861 866
f 865 864 867
f 867 864 868
f 868 864 869
f 868 869 870
f 870 869 871
f 871 869 872
f 871 872 873
f 871 873 874
f 875 876 877
f 877 876 873
f 873 876 874
f 878 875 879
f 875 878 876
f 879 880 878
f 880 879 881
f 880 881 882
f 856 859 881
f 881 859 883
f 881 883 882
f 858 884 856
f 856 884 885
f 856 885 859
f 854 855 857
f 857 855 886
f 857 886 858
f 887 888 889
f 889 855 854
f 889 854 887
f 887 854 890
f 890 854 891
f 890 891 892
f 866 861 852
f 852 861 860
f 852 860 893
f 852 893 853
f 894 895 896
f 897 894 898
f 898 894 896
f 896 899 898
f 898 899 900
f 900 899 901
f 900 901 902
f 902 901 903
f 902 903 904
f 904 903 905
f 904 905 906
f 907 908 909
f 909 908 910
f 909 910 897
f 897 898 909
f 909 898 911
f 911 912 909
f 909 912 913
f 909 913 907
f 914 912 915
f 913 912 914
f 913 914 916
f 916 914 917
f 915 918 914
f 914 918 917
f 917 918 919
f 917 919 920
f 919 921 920
f 919 918 922
f 919 922 923
f 919 923 537
f 537 541 919
f 919 541 921
f 924 925 926
f 924 926 927
f 924 927 928
f 924 928 929
f 929 928 930
f 929 930 931
f 929 931 932
f 929 932 933
f 929 933 934
f 934 933 935
f 936 937 938
f 938 937 939
f 938 939 940
f 940 939 941
f 940 941 942
f 935 943 934
f 934 943 936
f 934 936 944
f 944 936 945
f 945 936 938
f 942 941 946
f 942 946 947
f 947 946 948
f 947 948 949
f 949 948 950
f 949 950 951
f 951 950 952
f 951 952 953
f 953 952 954
f 953 954 955
f 538 540 954
f 954 540 955
f 962 961 963
f 965 966 962
f 962 966 961
f 968 969 967
f 967 969 965
f 970 971 968
f 974 975 976
f 976 975 972
f 977 978 960
f 979 980 981
f 982 983 154
f 154 983 155
f 155 983 980
f 982 154 61
f 984 974 976
f 985 976 973
f 985 973 986
f 986 973 987
f 963 964 962
f 962 964 988
f 988 989 990
f 991 992 993
f 993 992 994
f 993 994 987
f 989 995 990
f 990 995 996
f 998 999 991
f 1001 1002 1000
f 1004 1005 998
f 998 1005 999
f 1001 1006 1002
f 1002 1006 1007
f 1002 1007 1008
f 1008 1007 1009
f 1007 1010 1009
f 1014 1015 1003
f 1003 1015 1016
f 1003 1016 1004
f 1017 1018 1011
f 1019 1020 1012
f 1019 1021 1022
f 1022 1021 1023
f 1023 1024 1025
f 1017 1026 1018
f 1018 1026 1027
f 1018 1027 1028
f 1028 1027 1029
f 1029 1030 1031
f 1025 1024 1033
f 1025 1033 1034
f 1033 1035 1036
f 1033 1036 1034
f 1032 1037 1038
f 1038 1037 1039
f 1037 1040 1039
f 1039 1040 1041
f 1039 1041 1042
f 958 959 1044
f 1044 959 958
f 1044 958 1045
f 1045 958 1046
f 1045 1046 1047
f 1050 1043 1051
f 1051 1052 1053
f 1055 1056 998
f 998 1056 1057
f 1059 1060 1061
f 1061 1060 1062
f 1062 1063 1064
f 1064 1063 1065
f 1065 1066 1067
f 1067 1066 1068
f 1067 1068 1069
f 1069 1068 1070
f 1046 1073 1074
f 1074 1075 1053
f 1074 1053 1075
f 1075 1053 957
f 971 970 973
f 973 970 1054
f 998 1057 1076
f 1076 1057 1003
f 1058 1059 1013
f 1013 1059 1061
f 1013 1061 1012
f 1012 1061 1062
f 1065 1067 1024
f 1024 1067 1069
f 1070 1071 959
f 959 1071 1072
f 959 1072 1073
f 959 1073 958
f 958 1073 1046
f 1048 1074 1075
f 1048 1075 1049
f 1049 1075 957
f 972 971 976
f 976 971 973
f 973 1054 987
f 987 1054 993
f 993 1055 991
f 991 1055 998
f 998 1076 1004
f 1004 1076 1003
f 1003 1058 1014
f 1014 1058 1013
f 1012 1062 1019
f 1019 1062 1064
f 1019 1064 1021
f 1021 1064 1065
f 1021 1065 1023
f 1023 1065 1024
f 1024 1069 1033
f 1033 1069 1070
f 1033 1070 1035
f 1035 1070 959
f 1047 1046 1074
f 1047 1074 1048
f 956 957 1053
f 965 962 967
f 967 962 988
f 967 988 1077
f 1077 988 1078
f 1078 1079 1080
f 1080 1079 1081
f 1080 1081 1056
f 1056 1081 1082
f 1083 1084 1085
f 1085 1084 1009
f 1085 1009 1086
f 1086 1009 1087
f 1088 1028 1089
f 1089 1028 1029
f 1089 1029 1090
f 1090 1029 1066
f 1091 1038 1092
f 1092 1038 1039
f 1072 1039 1093
f 1093 1050 1094
f 1094 1050 1053
f 1077 1078 1096
f 1096 1078 1080
f 1056 1082 1097
f 1097 1082 1083
f 1097 1083 1098
f 1098 1083 1085
f 1098 1085 1058
f 1058 1085 1086
f 1058 1086 1059
f 1059 1086 1087
f 1059 1087 1099
f 1099 1087 1088
f 1099 1088 1100
f 1100 1088 1089
f 1089 1090 1065
f 1065 1090 1066
f 1091 1092 1101
f 1101 1092 1039
f 1101 1039 1102
f 1102 1039 1072
f 1073 1093 1094
f 1095 979 977
f 977 979 978
f 968 967 970
f 970 967 1077
f 970 1077 1054
f 1054 1077 1096
f 1054 1096 993
f 993 1096 1080
f 993 1080 1055
f 1055 1080 1056
f 1056 1097 1057
f 1057 1097 1098
f 1057 1098 1003
f 1003 1098 1058
f 1059 1099 1060
f 1060 1099 1100
f 1060 1100 1062
f 1062 1100 1089
f 1062 1089 1063
f 1063 1089 1065
f 1066 1091 1068
f 1068 1091 1101
f 1068 1101 1070
f 1070 1101 1102
f 1070 1102 1071
f 1071 1102 1072
f 1072 1093 1073
f 1073 1094 1074
f 1074 1094 1053
f 1074 1053 1075
f 1053 1095 956
f 956 1095 977
f 956 977 960
f 1053 1052 1103
f 990 996 1079
f 1079 996 997
f 997 1000 1104
f 1104 1000 1002
f 1011 1018 1088
f 1088 1018 1028
f 1031 1032 1091
f 1091 1032 1038
f 1039 1042 1043
f 1039 1043 1093
f 1093 1043 1050
f 1053 1103 1095
f 1095 1103 979
f 988 990 1078
f 1078 990 1079
f 1079 997 1081
f 1081 997 1104
f 1081 1104 1082
f 1082 1104 1002
f 1082 1002 1083
f 1083 1002 1008
f 1083 1008 1084
f 1084 1008 1009
f 1009 1011 1087
f 1087 1011 1088
f 1029 1031 1066
f 1066 1031 1091
f 1050 1051 1053
f 1105 175 172
f 1052 273 1107
f 1052 1107 155
f 1052 155 1103
f 1103 155 979
f 979 155 980
f 155 1107 153
f 1107 151 157
f 1107 157 153
f 1106 148 1107
f 1107 148 151
f 147 148 1108
f 148 1106 1108
f 1109 144 1108
f 1108 144 147
f 1110 142 1111
f 1111 142 145
f 1111 145 1109
f 1109 145 144
f 142 1110 274
f 274 1110 1112
f 274 1112 276
f 1112 1113 276
f 276 1113 277
f 1043 241 240
f 1043 240 255
f 1051 1043 255
f 255 273 1052
f 255 1052 1051
f 1042 243 242
f 1042 242 1043
f 1043 242 241
f 1037 231 1040
f 1040 231 243
f 1040 243 1041
f 1041 243 1042
f 1032 231 1037
f 1114 1115 1030
f 1030 1115 1116
f 1030 1116 1031
f 1031 1116 1032
f 1032 1116 231
f 1117 1029 1118
f 1118 1029 1119
f 1117 1120 1029
f 1029 1120 1121
f 1029 1121 1030
f 1030 1121 1114
f 1119 1029 1122
f 1122 1029 1027
f 1122 1027 1123
f 1011 1124 1125
f 1027 1026 1123
f 1123 1026 1017
f 1123 1017 1011
f 1123 1011 1126
f 1126 1011 1125
f 1001 1127 1006
f 1006 1127 1128
f 1129 1010 1128
f 1128 1010 1007
f 1128 1007 1006
f 1011 1009 1124
f 1124 1009 1010
f 1124 1010 1129
f 997 1131 1000
f 1000 1131 1132
f 1000 1132 1001
f 1001 1132 1133
f 1001 1133 1130
f 1130 1134 1001
f 1001 1134 1135
f 1001 1135 1127
f 1135 1136 1127
f 1127 1136 1137
f 1127 1137 1138
f 1138 1137 1139
f 1138 1139 1140
f 1141 1142 1143
f 1144 1145 1146
f 1146 1145 1141
f 1146 1141 1147
f 1147 1141 1143
f 1140 1139 1148
f 1148 1139 1149
f 1148 1149 1144
f 1144 1149 1150
f 1144 1150 1145
f 222 223 1151
f 222 1151 221
f 172 219 1151
f 219 220 1151
f 220 221 1151
f 223 224 1151
f 1151 224 225
f 1152 1153 1154
f 1142 1141 1154
f 1154 1141 1155
f 1154 1155 1152
f 1156 1157 1158
f 1157 1159 1158
f 1158 1159 1160
f 225 226 1151
f 1151 226 1161
f 1151 1161 1162
f 1162 1161 1163
f 1162 1163 1164
f 1164 1163 1165
f 1164 1165 1166
f 1166 1165 1167
f 1166 1167 1160
f 1160 1167 1154
f 1160 1154 1158
f 1158 1154 1153
f 1158 1153 1156
f 1105 172 1168
f 172 1151 1169
f 172 1169 1168
f 989 1170 995
f 995 1170 1171
f 995 1171 996
f 1171 1172 996
f 996 1172 1173
f 996 1173 997
f 997 1173 1174
f 997 1174 1131
f 964 963 1175
f 1176 1177 988
f 1176 988 1178
f 964 1175 988
f 988 1175 1179
f 988 1179 1178
f 1177 1180 988
f 988 1180 1181
f 988 1181 989
f 989 1181 1182
f 989 1182 1170
f 1183 1184 1185
f 1186 1187 1188
f 170 174 171
f 181 179 1193
f 183 182 1194
f 1194 182 181
f 183 1195 207
f 1203 1168 1204
f 1203 1204 1205
f 1205 1206 1105
f 1206 1191 1105
f 170 176 1207
f 1207 176 158
f 167 169 1208
f 163 165 1209
f 1210 161 163
f 164 162 160
f 160 162 161
f 159 1211 177
f 177 1211 179
f 1195 183 1194
f 1195 1194 1212
f 1194 181 1193
f 1194 1193 1212
f 1213 1214 1193
f 1193 1214 1212
f 1215 1216 1213
f 1213 1216 1214
f 1217 1190 1218
f 1217 1218 1219
f 1219 1218 1215
f 1215 1218 1220
f 1215 1220 1216
f 1190 1217 1189
f 1221 1222 1223
f 1223 1222 1224
f 1223 1224 1225
f 1225 1224 1226
f 1225 1226 1227
f 1227 1226 1207
f 1227 1207 1228
f 1228 1207 158
f 1229 1230 1221
f 1221 1230 1231
f 1221 1231 1222
f 1233 1232 1234
f 1233 1234 1189
f 1189 1234 1190
f 1233 1235 1232
f 1232 1235 1236
f 1232 1236 1237
f 1237 1236 1238
f 1240 1239 1238
f 1238 1239 1241
f 1238 1241 1237
f 1239 1240 1242
f 1242 1240 1243
f 1230 1229 1244
f 1230 1244 1245
f 1245 1244 1246
f 1245 1246 1247
f 1245 1247 1248
f 1248 1247 1249
f 1248 1249 1250
f 1250 1249 1251
f 1250 1251 1252
f 1252 1251 1253
f 1252 1253 1254
f 1252 1254 1255
f 1255 1254 1256
f 1257 1258 1256
f 1256 1258 1259
f 1256 1259 1255
f 1260 1261 1262
f 1262 1261 1243
f 1243 1261 1263
f 1243 1263 1242
f 1264 1265 1266
f 1266 1265 1267
f 1266 1267 1268
f 1268 1267 1269
f 1268 1269 1270
f 1270 1269 1260
f 1260 1269 1271
f 1260 1271 1261
f 1258 1257 1272
f 1258 1272 1273
f 1273 1272 1274
f 1273 1274 1275
f 1275 1274 1276
f 1275 1276 1277
f 1277 1276 1278
f 1279 1280 1278
f 1278 1280 1281
f 1278 1281 1277
f 1264 1266 1188
f 1188 1266 1282
f 1188 1282 1186
f 1279 1283 1280
f 1280 1283 1284
f 1280 1284 1285
f 1285 1284 1286
f 1187 1186 1287
f 1287 1186 1288
f 1287 1288 1289
f 1289 1288 1290
f 1289 1290 1291
f 1284 1292 1286
f 1286 1292 1293
f 1294 1295 1293
f 1293 1295 1296
f 1293 1296 1286
f 1297 1298 1299
f 1299 1298 1300
f 1299 1300 1301
f 1301 1300 1302
f 1301 1302 1290
f 1290 1302 1303
f 1290 1303 1291
f 1294 1304 1295
f 1295 1304 1305
f 1295 1305 1306
f 1306 1305 1307
f 1305 1308 1307
f 1307 1308 1309
f 1307 1309 1310
f 1311 1312 1310
f 1310 1312 1313
f 1310 1313 1307
f 1315 1314 1316
f 1315 1316 1317
f 1317 1316 1318
f 1317 1318 1319
f 1319 1318 1320
f 1319 1320 1297
f 1297 1320 1321
f 1297 1321 1298
f 1311 1322 1312
f 1312 1322 1323
f 1312 1323 1324
f 1324 1323 1325
f 1324 1325 1326
f 1314 1315 1327
f 1327 1315 1328
f 1327 1328 1329
f 1325 1330 1326
f 1326 1330 1331
f 1326 1331 1332
f 1332 1331 1333
f 1333 1331 1334
f 1333 1334 1335
f 1336 1337 1335
f 1335 1337 1338
f 1335 1338 1333
f 1339 1340 1341
f 1341 1340 1342
f 1341 1342 1343
f 1343 1342 1344
f 1343 1344 1345
f 1345 1344 1346
f 1345 1346 1329
f 1329 1346 1347
f 1329 1347 1327
f 1348 1349 1339
f 1339 1349 1340
f 1336 1350 1337
f 1337 1350 1351
f 1337 1351 1352
f 1352 1351 1353
f 1351 1354 1353
f 1353 1354 1355
f 1353 1355 1356
f 1339 1357 1348
f 1348 1357 1358
f 1348 1358 1359
f 1359 1358 1360
f 1361 1362 1356
f 1356 1362 1363
f 1356 1363 1353
f 1362 1361 1364
f 1362 1364 1365
f 1365 1364 1366
f 1365 1366 1367
f 1368 1369 1370
f 1370 1369 1371
f 1370 1371 1372
f 1372 1371 1373
f 1372 1373 1374
f 1374 1373 1375
f 1374 1375 1376
f 1376 1375 1377
f 1376 1377 1360
f 1360 1377 1378
f 1360 1378 1359
f 1366 1379 1367
f 1367 1379 1380
f 1367 1380 1381
f 1381 1380 1382
f 1381 1382 1383
f 1383 1382 1384
f 1368 1370 1185
f 1185 1370 1385
f 1185 1385 1183
f 1382 1386 1384
f 1384 1386 1387
f 1384 1387 1388
f 1388 1387 1389
f 1184 1183 1390
f 1390 1183 1391
f 1390 1391 1392
f 1392 1391 1393
f 1392 1393 1394
f 1394 1393 1395
f 1394 1395 1396
f 1387 1397 1389
f 1389 1397 1398
f 1389 1398 1399
f 1399 1398 1400
f 1399 1400 1401
f 1401 1400 1402
f 1401 1402 1403
f 1404 1405 1406
f 1406 1405 1407
f 1407 1405 1408
f 1407 1408 1395
f 1395 1408 1396
f 1404 1409 1410
f 1404 1410 1405
f 1404 1411 1409
f 1412 1411 1413
f 1413 1411 1414
f 1413 1414 1415
f 1415 1416 1417
f 1415 1417 1418
f 1418 1417 1419
f 1418 1419 1420
f 1420 1419 1421
f 1420 1421 1422
f 1422 1421 1423
f 1422 1423 1424
f 1424 1423 1425
f 1425 1423 1426
f 1425 1426 1427
f 1425 1427 1428
f 1428 1427 47
f 47 1427 1196
f 1193 179 1211
f 1193 1211 1213
f 1213 1211 1429
f 1213 1429 1215
f 1215 1429 1430
f 1215 1430 1219
f 1219 1430 1217
f 1217 1430 1431
f 1217 1431 1189
f 1189 1431 1432
f 1189 1432 1233
f 1233 1432 1235
f 1235 1432 1433
f 1235 1433 1236
f 1236 1433 1434
f 1236 1434 1238
f 1238 1434 1435
f 1238 1435 1436
f 1238 1436 1240
f 1240 1436 1437
f 1240 1437 1243
f 1243 1437 1438
f 1243 1438 1262
f 1262 1438 1439
f 1262 1439 1260
f 1260 1439 1440
f 1260 1440 1270
f 1270 1440 1441
f 1270 1441 1268
f 1268 1441 1442
f 1268 1442 1266
f 1266 1442 1443
f 1266 1443 1282
f 1282 1443 1444
f 1282 1444 1186
f 1186 1444 1445
f 1186 1445 1288
f 1288 1445 1446
f 1288 1446 1290
f 1290 1446 1447
f 1290 1447 1301
f 1301 1447 1448
f 1301 1448 1299
f 1299 1448 1449
f 1299 1449 1297
f 1297 1449 1450
f 1297 1450 1319
f 1319 1450 1451
f 1319 1451 1317
f 1317 1451 1452
f 1317 1452 1315
f 1315 1452 1453
f 1315 1453 1328
f 1328 1453 1454
f 1328 1454 1329
f 1329 1454 1455
f 1329 1455 1345
f 1345 1455 1456
f 1345 1456 1343
f 1343 1456 1457
f 1343 1457 1341
f 1341 1457 1458
f 1341 1458 1339
f 1339 1458 1459
f 1339 1459 1357
f 1357 1459 1460
f 1357 1460 1358
f 1358 1460 1461
f 1358 1461 1360
f 1360 1461 1462
f 1360 1462 1376
f 1376 1462 1463
f 1376 1463 1374
f 1374 1463 1464
f 1374 1464 1372
f 1372 1464 1465
f 1372 1465 1370
f 1370 1465 1466
f 1370 1466 1385
f 1385 1466 1467
f 1385 1467 1183
f 1183 1467 1468
f 1183 1468 1391
f 1391 1468 1469
f 1391 1469 1393
f 1393 1469 1470
f 1393 1470 1395
f 1395 1470 1471
f 1395 1471 1407
f 1407 1471 1472
f 1407 1472 1406
f 1406 1472 1473
f 1406 1473 1404
f 1404 1473 1474
f 1404 1474 1411
f 1411 1474 1475
f 1411 1475 1476
f 1411 1476 1414
f 1414 1476 1416
f 1414 1416 1415
f 1415 1416 1417
f 1415 1417 1416
f 159 160 1211
f 1211 160 1477
f 1211 1477 1429
f 1429 1477 1478
f 1429 1478 1430
f 1430 1478 1479
f 1430 1479 1480
f 1430 1480 1431
f 1431 1480 1432
f 1432 1480 1481
f 1432 1481 1482
f 1432 1482 1483
f 1432 1483 1433
f 1433 1483 1484
f 1433 1484 1434
f 1434 1484 1485
f 1434 1485 1435
f 1435 1485 1486
f 1435 1486 1436
f 1436 1486 1487
f 1436 1487 1488
f 1436 1488 1437
f 1437 1488 1489
f 1437 1489 1438
f 1438 1489 1490
f 1438 1490 1439
f 1439 1490 1491
f 1439 1491 1440
f 1440 1491 1492
f 1440 1492 1441
f 1441 1492 1493
f 1441 1493 1442
f 1442 1493 1494
f 1442 1494 1443
f 1443 1494 1495
f 1443 1495 1444
f 1444 1495 1496
f 1444 1496 1445
f 1445 1496 1497
f 1445 1497 1446
f 1446 1497 1498
f 1446 1498 1447
f 1447 1498 1499
f 1447 1499 1448
f 1448 1499 1500
f 1448 1500 1449
f 1449 1500 1501
f 1449 1501 1450
f 1450 1501 1502
f 1450 1502 1451
f 1451 1502 1503
f 1451 1503 1452
f 1452 1503 1504
f 1452 1504 1453
f 1453 1504 1505
f 1453 1505 1454
f 1454 1505 1506
f 1454 1506 1455
f 1455 1506 1507
f 1455 1507 1456
f 1456 1507 1508
f 1456 1508 1457
f 1457 1508 1509
f 1457 1509 1458
f 1458 1509 1510
f 1458 1510 1459
f 1459 1510 1511
f 1459 1511 1460
f 1460 1511 1512
f 1460 1512 1461
f 1461 1512 1513
f 1461 1513 1462
f 1462 1513 1514
f 1462 1514 1463
f 1463 1514 1515
f 1463 1515 1464
f 1464 1515 1516
f 1464 1516 1465
f 1465 1516 1517
f 1465 1517 1466
f 1466 1517 1518
f 1466 1518 1467
f 1467 1518 1519
f 1467 1519 1468
f 1468 1519 1520
f 1468 1520 1469
f 1469 1520 1521
f 1469 1521 1470
f 1470 1521 1522
f 1470 1522 1471
f 1471 1522 1523
f 1471 1523 1472
f 1472 1523 1524
f 1472 1524 1473
f 1473 1524 1525
f 1473 1525 1474
f 1474 1525 1526
f 1474 1526 1475
f 1475 1526 1527
f 1475 1527 1476
f 1476 1527 1528
f 1476 1528 1416
f 1416 1528 1417
f 1417 1528 1529
f 1417 1529 1419
f 1419 1529 1530
f 1419 1530 1421
f 1426 1531 1427
f 1427 1531 1196
f 1196 1531 1197
f 163 1209 1210
f 1210 1209 1532
f 1532 1209 1533
f 1532 1533 1534
f 1534 1533 1535
f 1534 1535 1536
f 1536 1535 1537
f 1537 1535 1538
f 1538 1535 1539
f 1538 1539 1540
f 1540 1539 1541
f 1540 1541 1542
f 1542 1541 1543
f 1542 1543 1544
f 1544 1543 1545
f 1545 1543 1546
f 1545 1546 1547
f 1547 1546 1548
f 1547 1548 1549
f 1549 1548 1550
f 1549 1550 1551
f 1551 1550 1552
f 1551 1552 1553
f 1553 1552 1554
f 1553 1554 1555
f 1555 1554 1556
f 1555 1556 1557
f 1557 1556 1558
f 1557 1558 1559
f 1559 1558 1560
f 1559 1560 1561
f 1561 1560 1562
f 1561 1562 1563
f 1563 1562 1564
f 1563 1564 1565
f 1565 1564 1566
f 1565 1566 1567
f 1567 1566 1568
f 1567 1568 1569
f 1569 1568 1570
f 1569 1570 1571
f 1571 1570 1572
f 1571 1572 1573
f 1573 1572 1574
f 1573 1574 1575
f 1575 1574 1576
f 1575 1576 1577
f 1577 1576 1578
f 1577 1578 1579
f 1579 1578 1580
f 1579 1580 1581
f 1581 1580 1582
f 1581 1582 1583
f 1583 1582 1584
f 1583 1584 1585
f 1585 1584 1586
f 1585 1586 1587
f 1587 1586 1588
f 1587 1588 1589
f 1589 1588 1590
f 1589 1590 1591
f 1591 1590 1592
f 1591 1592 1593
f 1593 1592 1594
f 1593 1594 1595
f 1595 1594 1596
f 1595 1596 1597
f 1597 1596 1598
f 1597 1598 1599
f 1599 1598 1600
f 1599 1600 1601
f 1601 1600 1602
f 1601 1602 1603
f 1603 1602 1604
f 1603 1604 1605
f 1605 1604 1606
f 1605 1606 1607
f 1607 1606 1608
f 1607 1608 1609
f 1609 1608 1610
f 1609 1610 1611
f 1611 1610 1612
f 1611 1612 1613
f 1613 1612 1614
f 1613 1614 1615
f 1615 1614 1616
f 1616 1617 1618
f 1618 1617 1619
f 1618 1619 1620
f 1620 1619 1621
f 1621 1622 1526
f 1526 1622 1623
f 1526 1623 1624
f 1624 1623 1625
f 1624 1625 1528
f 1528 1625 1529
f 1531 1199 1197
f 1197 1199 1198
f 161 1210 160
f 160 1210 1477
f 1477 1210 1532
f 1477 1532 1478
f 1478 1532 1534
f 1478 1534 1479
f 1479 1534 1536
f 1479 1536 1480
f 1480 1536 1537
f 1480 1537 1538
f 1480 1538 1481
f 1481 1538 1540
f 1481 1540 1482
f 1482 1540 1542
f 1482 1542 1483
f 1483 1542 1484
f 1484 1542 1544
f 1484 1544 1545
f 1484 1545 1485
f 1485 1545 1486
f 1486 1545 1547
f 1486 1547 1487
f 1487 1547 1549
f 1487 1549 1488
f 1488 1549 1551
f 1488 1551 1489
f 1489 1551 1553
f 1489 1553 1490
f 1490 1553 1555
f 1490 1555 1491
f 1491 1555 1557
f 1491 1557 1492
f 1492 1557 1559
f 1492 1559 1493
f 1493 1559 1561
f 1493 1561 1494
f 1494 1561 1563
f 1494 1563 1495
f 1495 1563 1565
f 1495 1565 1496
f 1496 1565 1567
f 1496 1567 1497
f 1497 1567 1569
f 1497 1569 1498
f 1498 1569 1571
f 1498 1571 1499
f 1499 1571 1573
f 1499 1573 1500
f 1500 1573 1575
f 1500 1575 1501
f 1501 1575 1577
f 1501 1577 1502
f 1502 1577 1579
f 1502 1579 1503
f 1503 1579 1581
f 1503 1581 1504
f 1504 1581 1583
f 1504 1583 1505
f 1505 1583 1585
f 1505 1585 1506
f 1506 1585 1587
f 1506 1587 1507
f 1507 1587 1589
f 1507 1589 1508
f 1508 1589 1591
f 1508 1591 1509
f 1509 1591 1593
f 1509 1593 1510
f 1510 1593 1595
f 1510 1595 1511
f 1511 1595 1597
f 1511 1597 1512
f 1512 1597 1599
f 1512 1599 1513
f 1513 1599 1601
f 1513 1601 1514
f 1514 1601 1603
f 1514 1603 1515
f 1515 1603 1605
f 1515 1605 1516
f 1516 1605 1607
f 1516 1607 1517
f 1517 1607 1609
f 1517 1609 1518
f 1518 1609 1611
f 1518 1611 1519
f 1519 1611 1613
f 1519 1613 1520
f 1520 1613 1615
f 1520 1615 1521
f 1521 1615 1616
f 1521 1616 1522
f 1522 1616 1618
f 1522 1618 1523
f 1523 1618 1620
f 1523 1620 1524
f 1524 1620 1621
f 1524 1621 1525
f 1525 1621 1526
f 1526 1624 1527
f 1527 1624 1528
f 1421 1530 1626
f 1421 1626 1423
f 1423 1626 1627
f 1423 1627 1426
f 1426 1627 1531
f 172 174 168
f 168 174 1628
f 168 1628 1629
f 1629 1628 1630
f 1629 1630 1631
f 1631 1630 1632
f 1631 1632 1633
f 1633 1632 1634
f 1633 1634 1635
f 1633 1635 1636
f 1636 1635 1637
f 1636 1637 1638
f 1638 1637 1639
f 1638 1639 1640
f 1640 1639 1641
f 1640 1641 1642
f 1642 1641 1643
f 1642 1643 1644
f 1644 1643 1645
f 1644 1645 1646
f 1646 1645 1647
f 1647 1645 1648
f 1647 1648 1649
f 1649 1648 1650
f 1649 1650 1651
f 1651 1650 1652
f 1651 1652 1653
f 1653 1652 1654
f 1653 1654 1655
f 1655 1654 1656
f 1655 1656 1657
f 1657 1656 1658
f 1657 1658 1659
f 1659 1658 1660
f 1659 1660 1661
f 1661 1660 1662
f 1661 1662 1663
f 1663 1662 1664
f 1663 1664 1665
f 1665 1664 1666
f 1665 1666 1667
f 1667 1666 1668
f 1667 1668 1669
f 1669 1668 1670
f 1669 1670 1671
f 1671 1670 1672
f 1671 1672 1673
f 1673 1672 1674
f 1673 1674 1675
f 1675 1674 1676
f 1675 1676 1677
f 1677 1676 1678
f 1677 1678 1679
f 1679 1678 1680
f 1679 1680 1681
f 1681 1680 1682
f 1681 1682 1683
f 1683 1682 1684
f 1683 1684 1685
f 1685 1684 1686
f 1685 1686 1687
f 1687 1686 1688
f 1687 1688 1689
f 1689 1688 1690
f 1689 1690 1691
f 1691 1690 1692
f 1691 1692 1693
f 1693 1692 1694
f 1693 1694 1695
f 1695 1694 1696
f 1695 1696 1697
f 1697 1696 1698
f 1697 1698 1699
f 1699 1698 1700
f 1699 1700 1701
f 1701 1700 1702
f 1701 1702 1703
f 1703 1702 1704
f 1703 1704 1705
f 1705 1704 1706
f 1705 1706 1707
f 1707 1706 1708
f 1707 1708 1709
f 1709 1708 1710
f 1709 1710 1711
f 1711 1710 1712
f 1711 1712 1713
f 1713 1712 1714
f 1713 1714 1715
f 1715 1714 1716
f 1715 1716 1717
f 1717 1716 1718
f 1717 1718 1719
f 1719 1718 1720
f 1719 1720 1721
f 1721 1720 1722
f 1721 1722 1723
f 1723 1722 1724
f 1724 1722 1725
f 1724 1725 1726
f 1726 1725 1727
f 1726 1727 1728
f 1730 1731 1199
f 1199 1731 1200
f 169 168 1208
f 1208 168 1629
f 1208 1629 1732
f 1732 1629 1631
f 1732 1631 1633
f 1732 1633 1733
f 1733 1633 1636
f 1733 1636 1734
f 1734 1636 1638
f 1734 1638 1735
f 1735 1638 1640
f 1735 1640 1736
f 1736 1640 1642
f 1736 1642 1737
f 1737 1642 1644
f 1737 1644 1738
f 1738 1644 1646
f 1738 1646 1739
f 1739 1646 1647
f 1739 1647 1740
f 1740 1647 1649
f 1740 1649 1741
f 1741 1649 1651
f 1741 1651 1742
f 1742 1651 1653
f 1742 1653 1743
f 1743 1653 1655
f 1743 1655 1744
f 1744 1655 1657
f 1744 1657 1745
f 1745 1657 1659
f 1745 1659 1746
f 1746 1659 1661
f 1746 1661 1747
f 1747 1661 1663
f 1747 1663 1748
f 1748 1663 1665
f 1748 1665 1749
f 1749 1665 1667
f 1749 1667 1750
f 1750 1667 1669
f 1750 1669 1751
f 1751 1669 1671
f 1751 1671 1752
f 1752 1671 1673
f 1752 1673 1753
f 1753 1673 1675
f 1753 1675 1754
f 1754 1675 1677
f 1754 1677 1755
f 1755 1677 1679
f 1755 1679 1756
f 1756 1679 1681
f 1756 1681 1757
f 1757 1681 1683
f 1757 1683 1758
f 1758 1683 1685
f 1758 1685 1759
f 1759 1685 1687
f 1759 1687 1760
f 1760 1687 1689
f 1760 1689 1761
f 1761 1689 1691
f 1761 1691 1762
f 1762 1691 1693
f 1762 1693 1763
f 1763 1693 1695
f 1763 1695 1764
f 1764 1695 1697
f 1764 1697 1765
f 1765 1697 1699
f 1765 1699 1766
f 1766 1699 1701
f 1766 1701 1767
f 1767 1701 1703
f 1767 1703 1768
f 1768 1703 1705
f 1768 1705 1769
f 1769 1705 1707
f 1769 1707 1770
f 1770 1707 1709
f 1770 1709 1771
f 1771 1709 1711
f 1771 1711 1772
f 1772 1711 1713
f 1772 1713 1773
f 1773 1713 1715
f 1773 1715 1774
f 1774 1715 1717
f 1774 1717 1775
f 1775 1717 1719
f 1775 1719 1776
f 1776 1719 1721
f 1721 1723 1622
f 1622 1723 1724
f 1622 1724 1726
f 1622 1726 1777
f 1777 1726 1728
f 1777 1728 1625
f 165 167 1209
f 1209 167 1208
f 1209 1208 1732
f 1209 1732 1533
f 1533 1732 1733
f 1533 1733 1535
f 1535 1733 1734
f 1535 1734 1735
f 1535 1735 1539
f 1539 1735 1541
f 1541 1735 1736
f 1541 1736 1737
f 1541 1737 1543
f 1543 1737 1738
f 1543 1738 1739
f 1543 1739 1546
f 1546 1739 1740
f 1546 1740 1741
f 1546 1741 1548
f 1548 1741 1742
f 1548 1742 1550
f 1550 1742 1743
f 1550 1743 1552
f 1552 1743 1744
f 1552 1744 1554
f 1554 1744 1745
f 1554 1745 1556
f 1556 1745 1746
f 1556 1746 1558
f 1558 1746 1747
f 1558 1747 1560
f 1560 1747 1748
f 1560 1748 1562
f 1562 1748 1749
f 1562 1749 1564
f 1564 1749 1750
f 1564 1750 1566
f 1566 1750 1751
f 1566 1751 1568
f 1568 1751 1752
f 1568 1752 1570
f 1570 1752 1753
f 1570 1753 1572
f 1572 1753 1754
f 1572 1754 1574
f 1574 1754 1755
f 1574 1755 1576
f 1576 1755 1756
f 1576 1756 1578
f 1578 1756 1757
f 1578 1757 1580
f 1580 1757 1758
f 1580 1758 1582
f 1582 1758 1759
f 1582 1759 1584
f 1584 1759 1760
f 1584 1760 1586
f 1586 1760 1761
f 1586 1761 1588
f 1588 1761 1762
f 1588 1762 1590
f 1590 1762 1763
f 1590 1763 1592
f 1592 1763 1764
f 1592 1764 1594
f 1594 1764 1765
f 1594 1765 1596
f 1596 1765 1766
f 1596 1766 1598
f 1598 1766 1767
f 1598 1767 1600
f 1600 1767 1768
f 1600 1768 1602
f 1602 1768 1769
f 1602 1769 1604
f 1604 1769 1770
f 1604 1770 1606
f 1606 1770 1771
f 1606 1771 1608
f 1608 1771 1772
f 1608 1772 1610
f 1610 1772 1773
f 1610 1773 1612
f 1612 1773 1774
f 1612 1774 1614
f 1614 1774 1775
f 1614 1775 1616
f 1616 1775 1776
f 1616 1776 1617
f 1617 1776 1721
f 1617 1721 1619
f 1619 1721 1622
f 1619 1622 1621
f 1622 1777 1623
f 1623 1777 1625
f 1625 1728 1529
f 1529 1728 1530
f 1530 1728 1729
f 1530 1729 1626
f 1626 1729 1730
f 1626 1730 1627
f 1627 1730 1531
f 1531 1730 1199
f 1403 1402 1778
f 1403 1778 1779
f 1779 1778 1780
f 1780 1778 1781
f 1780 1781 1782
f 1780 1782 1727
f 1727 1782 1783
f 1731 1784 1785
f 1785 1784 1202
f 170 1207 174
f 174 1207 1628
f 1628 1207 1226
f 1628 1226 1630
f 1630 1226 1224
f 1630 1224 1632
f 1632 1224 1222
f 1632 1222 1634
f 1634 1222 1231
f 1634 1231 1635
f 1635 1231 1230
f 1635 1230 1637
f 1637 1230 1245
f 1637 1245 1639
f 1639 1245 1248
f 1639 1248 1641
f 1641 1248 1250
f 1641 1250 1643
f 1643 1250 1252
f 1643 1252 1645
f 1645 1252 1255
f 1645 1255 1648
f 1648 1255 1259
f 1648 1259 1650
f 1650 1259 1258
f 1650 1258 1652
f 1652 1258 1273
f 1652 1273 1654
f 1654 1273 1275
f 1654 1275 1656
f 1656 1275 1277
f 1656 1277 1658
f 1658 1277 1281
f 1658 1281 1660
f 1660 1281 1280
f 1660 1280 1662
f 1662 1280 1285
f 1662 1285 1664
f 1664 1285 1286
f 1664 1286 1666
f 1666 1286 1296
f 1666 1296 1668
f 1668 1296 1295
f 1668 1295 1670
f 1670 1295 1306
f 1670 1306 1672
f 1672 1306 1307
f 1672 1307 1674
f 1674 1307 1313
f 1674 1313 1676
f 1676 1313 1312
f 1676 1312 1678
f 1678 1312 1324
f 1678 1324 1680
f 1680 1324 1326
f 1680 1326 1682
f 1682 1326 1332
f 1682 1332 1684
f 1684 1332 1333
f 1684 1333 1686
f 1686 1333 1338
f 1686 1338 1688
f 1688 1338 1337
f 1688 1337 1690
f 1690 1337 1352
f 1690 1352 1692
f 1692 1352 1353
f 1692 1353 1694
f 1694 1353 1363
f 1694 1363 1696
f 1696 1363 1362
f 1696 1362 1698
f 1698 1362 1365
f 1698 1365 1700
f 1700 1365 1367
f 1700 1367 1702
f 1702 1367 1381
f 1702 1381 1704
f 1704 1381 1383
f 1704 1383 1706
f 1706 1383 1384
f 1706 1384 1708
f 1708 1384 1388
f 1708 1388 1710
f 1710 1388 1389
f 1710 1389 1712
f 1712 1389 1399
f 1712 1399 1714
f 1714 1399 1401
f 1714 1401 1716
f 1716 1401 1403
f 1716 1403 1718
f 1718 1403 1779
f 1718 1779 1720
f 1720 1779 1722
f 1722 1779 1780
f 1722 1780 1725
f 1725 1780 1727
f 1727 1783 1728
f 1728 1783 1729
f 1729 1783 1730
f 1730 1783 1731
f 1731 1785 1200
f 1200 1785 1202
f 1200 1202 1201
f 1786 1787 1788
f 1142 1154 1791
f 1792 1793 1794
f 1797 1798 1799
f 1140 1148 1800
f 1801 1802 1803
f 1127 1138 1804
f 1806 1807 1808
f 1809 1810 1811
f 1812 1813 1814
f 1816 1817 1818
f 1819 1820 1821
f 268 231 1822
f 1823 230 268
f 1823 268 1822
f 1824 229 230
f 1824 230 1823
f 227 254 1825
f 1825 254 1824
f 1824 254 229
f 1826 235 228
f 1826 228 1825
f 1825 228 227
f 1827 234 233
f 1827 233 235
f 1827 235 1826
f 1828 250 253
f 1828 253 1827
f 1827 253 234
f 250 1828 1829
f 250 1829 251
f 1830 249 251
f 1830 251 1829
f 249 1830 267
f 267 1830 1831
f 267 1831 266
f 1820 1831 1821
f 1821 1831 1830
f 1821 1830 1832
f 1832 1830 1829
f 1832 1829 1833
f 1833 1829 1828
f 1833 1828 1834
f 1834 1828 1827
f 1834 1827 1835
f 1835 1827 1826
f 1835 1826 1836
f 1836 1826 1825
f 1836 1825 1837
f 1837 1825 1824
f 1837 1824 1838
f 1838 1824 1823
f 1838 1823 1822
f 1116 1822 231
f 1817 1819 1818
f 1818 1819 1821
f 1818 1821 1839
f 1839 1821 1832
f 1839 1832 1840
f 1840 1832 1833
f 1840 1833 1841
f 1841 1833 1834
f 1841 1834 1842
f 1842 1834 1835
f 1842 1835 1843
f 1843 1835 1836
f 1843 1836 1844
f 1844 1836 1837
f 1844 1837 1845
f 1845 1837 1838
f 1845 1838 1846
f 1846 1838 1822
f 1846 1822 1115
f 1115 1822 1116
f 1847 1816 1818
f 1847 1818 1848
f 1848 1818 1839
f 1848 1839 1849
f 1849 1839 1840
f 1849 1840 1850
f 1850 1840 1841
f 1850 1841 1851
f 1851 1841 1842
f 1851 1842 1852
f 1852 1842 1843
f 1852 1843 1853
f 1853 1843 1844
f 1853 1844 1854
f 1854 1844 1845
f 1854 1845 1855
f 1855 1845 1846
f 1855 1846 1114
f 1114 1846 1115
f 1114 1121 1855
f 1855 1121 1815
f 1855 1815 1854
f 1854 1815 1856
f 1854 1856 1853
f 1853 1856 1857
f 1853 1857 1852
f 1852 1857 1858
f 1852 1858 1851
f 1851 1858 1859
f 1851 1859 1850
f 1850 1859 1860
f 1850 1860 1849
f 1849 1860 1861
f 1849 1861 1848
f 1848 1861 1862
f 1848 1862 1847
f 1847 1862 1863
f 1847 1863 1816
f 1864 1865 1863
f 1863 1865 1816
f 1866 1867 1868
f 1868 1867 1869
f 1868 1869 1870
f 1870 1869 1871
f 1870 1871 1872
f 1872 1871 1873
f 1872 1873 1874
f 1874 1873 1875
f 1874 1875 1876
f 1876 1875 1877
f 1876 1877 1878
f 1878 1877 1879
f 1878 1879 1880
f 1880 1879 1881
f 1880 1881 1882
f 1882 1881 1883
f 1882 1883 1117
f 1117 1883 1120
f 1121 1120 1815
f 1815 1120 1883
f 1815 1883 1856
f 1856 1883 1881
f 1856 1881 1857
f 1857 1881 1879
f 1857 1879 1858
f 1858 1879 1877
f 1858 1877 1859
f 1859 1877 1875
f 1859 1875 1860
f 1860 1875 1873
f 1860 1873 1861
f 1861 1873 1871
f 1861 1871 1862
f 1862 1871 1869
f 1862 1869 1863
f 1863 1869 1867
f 1863 1867 1864
f 1864 1867 1866
f 1864 1866 1884
f 1884 1866 1885
f 1886 1885 1887
f 1887 1885 1866
f 1887 1866 1888
f 1888 1866 1868
f 1888 1868 1889
f 1889 1868 1870
f 1889 1870 1890
f 1890 1870 1872
f 1890 1872 1891
f 1891 1872 1874
f 1891 1874 1892
f 1892 1874 1876
f 1892 1876 1893
f 1893 1876 1878
f 1893 1878 1894
f 1894 1878 1880
f 1894 1880 1895
f 1895 1880 1882
f 1895 1882 1118
f 1118 1882 1117
f 1813 1886 1814
f 1814 1886 1887
f 1814 1887 1896
f 1896 1887 1888
f 1896 1888 1897
f 1897 1888 1889
f 1897 1889 1898
f 1898 1889 1890
f 1898 1890 1899
f 1899 1890 1891
f 1899 1891 1900
f 1900 1891 1892
f 1900 1892 1901
f 1901 1892 1893
f 1901 1893 1902
f 1902 1893 1894
f 1902 1894 1903
f 1903 1894 1895
f 1903 1895 1119
f 1119 1895 1118
f 1904 1812 1905
f 1905 1812 1814
f 1905 1814 1906
f 1906 1814 1896
f 1906 1896 1907
f 1907 1896 1897
f 1907 1897 1908
f 1908 1897 1898
f 1908 1898 1909
f 1909 1898 1899
f 1909 1899 1910
f 1910 1899 1900
f 1910 1900 1911
f 1911 1900 1901
f 1911 1901 1912
f 1912 1901 1902
f 1912 1902 1913
f 1913 1902 1903
f 1913 1903 1122
f 1122 1903 1119
f 1810 1904 1811
f 1811 1904 1905
f 1811 1905 1914
f 1914 1905 1906
f 1914 1906 1915
f 1915 1906 1907
f 1915 1907 1916
f 1916 1907 1908
f 1916 1908 1917
f 1917 1908 1909
f 1917 1909 1918
f 1918 1909 1910
f 1918 1910 1919
f 1919 1910 1911
f 1919 1911 1920
f 1920 1911 1912
f 1920 1912 1921
f 1921 1912 1913
f 1921 1913 1123
f 1123 1913 1122
f 1807 1809 1808
f 1808 1809 1811
f 1808 1811 1922
f 1922 1811 1914
f 1922 1914 1923
f 1923 1914 1915
f 1923 1915 1924
f 1924 1915 1916
f 1924 1916 1925
f 1925 1916 1917
f 1925 1917 1926
f 1926 1917 1918
f 1926 1918 1927
f 1927 1918 1919
f 1927 1919 1928
f 1928 1919 1920
f 1928 1920 1929
f 1929 1920 1921
f 1930 1806 1931
f 1931 1806 1808
f 1931 1808 1932
f 1932 1808 1922
f 1932 1922 1933
f 1933 1922 1923
f 1933 1923 1934
f 1934 1923 1924
f 1934 1924 1935
f 1935 1924 1925
f 1935 1925 1936
f 1936 1925 1926
f 1936 1926 1937
f 1937 1926 1927
f 1937 1927 1938
f 1938 1927 1928
f 1938 1928 1939
f 1939 1928 1929
f 1124 1805 1125
f 1940 1930 1941
f 1941 1930 1931
f 1941 1931 1942
f 1942 1931 1932
f 1942 1932 1943
f 1943 1932 1933
f 1943 1933 1944
f 1944 1933 1934
f 1944 1934 1945
f 1945 1934 1935
f 1945 1935 1946
f 1946 1935 1936
f 1946 1936 1947
f 1947 1936 1937
f 1947 1937 1948
f 1948 1937 1938
f 1948 1938 1805
f 1805 1938 1939
f 1805 1939 1125
f 1125 1939 1929
f 1125 1929 1126
f 1126 1929 1921
f 1126 1921 1123
f 1949 1940 1950
f 1950 1940 1941
f 1950 1941 1951
f 1951 1941 1942
f 1951 1942 1952
f 1952 1942 1943
f 1952 1943 1953
f 1953 1943 1944
f 1953 1944 1954
f 1954 1944 1945
f 1954 1945 1955
f 1955 1945 1946
f 1955 1946 1956
f 1956 1946 1947
f 1956 1947 1957
f 1957 1947 1948
f 1957 1948 1958
f 1958 1948 1805
f 1958 1805 1129
f 1129 1805 1124
f 1802 1949 1803
f 1803 1949 1950
f 1803 1950 1959
f 1959 1950 1951
f 1959 1951 1960
f 1960 1951 1952
f 1960 1952 1961
f 1961 1952 1953
f 1961 1953 1962
f 1962 1953 1954
f 1962 1954 1963
f 1963 1954 1955
f 1963 1955 1964
f 1964 1955 1956
f 1964 1956 1965
f 1965 1956 1957
f 1965 1957 1966
f 1966 1957 1958
f 1966 1958 1128
f 1128 1958 1129
f 1967 1801 1968
f 1968 1801 1803
f 1968 1803 1969
f 1969 1803 1959
f 1969 1959 1970
f 1970 1959 1960
f 1970 1960 1971
f 1971 1960 1961
f 1971 1961 1972
f 1972 1961 1962
f 1972 1962 1973
f 1973 1962 1963
f 1973 1963 1974
f 1974 1963 1964
f 1974 1964 1975
f 1975 1964 1965
f 1975 1965 1804
f 1804 1965 1966
f 1804 1966 1127
f 1127 1966 1128
f 1798 1967 1799
f 1799 1967 1968
f 1799 1968 1976
f 1976 1968 1969
f 1976 1969 1977
f 1977 1969 1970
f 1977 1970 1978
f 1978 1970 1971
f 1978 1971 1979
f 1979 1971 1972
f 1979 1972 1980
f 1980 1972 1973
f 1980 1973 1981
f 1981 1973 1974
f 1981 1974 1982
f 1982 1974 1975
f 1982 1975 1983
f 1983 1975 1804
f 1983 1804 1140
f 1140 1804 1138
f 1984 1797 1985
f 1985 1797 1799
f 1985 1799 1986
f 1986 1799 1976
f 1986 1976 1987
f 1987 1976 1977
f 1987 1977 1988
f 1988 1977 1978
f 1988 1978 1989
f 1989 1978 1979
f 1989 1979 1990
f 1990 1979 1980
f 1990 1980 1991
f 1991 1980 1981
f 1991 1981 1992
f 1992 1981 1982
f 1992 1982 1800
f 1800 1982 1983
f 1800 1983 1140
f 1795 1984 1796
f 1796 1984 1985
f 1796 1985 1993
f 1993 1985 1986
f 1993 1986 1994
f 1994 1986 1987
f 1994 1987 1995
f 1995 1987 1988
f 1995 1988 1996
f 1996 1988 1989
f 1996 1989 1997
f 1997 1989 1990
f 1997 1990 1998
f 1998 1990 1991
f 1998 1991 1999
f 1999 1991 1992
f 1999 1992 2000
f 2000 1992 1800
f 2000 1800 1144
f 1144 1800 1148
f 2001 1795 2002
f 2002 1795 1796
f 2002 1796 2003
f 2003 1796 1993
f 2003 1993 2004
f 2004 1993 1994
f 2004 1994 2005
f 2005 1994 1995
f 2005 1995 2006
f 2006 1995 1996
f 2006 1996 2007
f 2007 1996 1997
f 2007 1997 2008
f 2008 1997 1998
f 2008 1998 2009
f 2009 1998 1999
f 2009 1999 2010
f 2010 1999 2000
f 2010 2000 1146
f 1146 2000 1144
f 1793 2001 1794
f 1794 2001 2002
f 1794 2002 2011
f 2011 2002 2003
f 2011 2003 2012
f 2012 2003 2004
f 2012 2004 2013
f 2013 2004 2005
f 2013 2005 2014
f 2014 2005 2006
f 2014 2006 2015
f 2015 2006 2007
f 2015 2007 2016
f 2016 2007 2008
f 2016 2008 2017
f 2017 2008 2009
f 2017 2009 2018
f 2018 2009 2010
f 2018 2010 1147
f 1147 2010 1146
f 2019 1792 2020
f 2020 1792 1794
f 2020 1794 2021
f 2021 1794 2011
f 2021 2011 2022
f 2022 2011 2012
f 2022 2012 2023
f 2023 2012 2013
f 2023 2013 2024
f 2024 2013 2014
f 2024 2014 2025
f 2025 2014 2015
f 2025 2015 2026
f 2026 2015 2016
f 2026 2016 2027
f 2027 2016 2017
f 2027 2017 2028
f 2028 2017 2018
f 2028 2018 1143
f 1143 2018 1147
f 1789 2019 1790
f 1790 2019 2020
f 1790 2020 2029
f 2029 2020 2021
f 2029 2021 2030
f 2030 2021 2022
f 2030 2022 2031
f 2031 2022 2023
f 2031 2023 2032
f 2032 2023 2024
f 2032 2024 2033
f 2033 2024 2025
f 2033 2025 2034
f 2034 2025 2026
f 2034 2026 2035
f 2035 2026 2027
f 2035 2027 1791
f 1791 2027 2028
f 1791 2028 1142
f 1142 2028 1143
f 1787 1789 1788
f 1788 1789 1790
f 1788 1790 2029
f 2036 2029 2030
f 2036 2030 2037
f 2037 2030 2031
f 2037 2031 2038
f 2038 2031 2032
f 2038 2032 2039
f 2039 2032 2033
f 2039 2033 2040
f 2040 2033 2034
f 2040 2034 2041
f 2041 2034 2035
f 2041 2035 2042
f 2042 2035 1791
f 2042 1791 1167
f 1167 1791 1154
f 2043 1788 2029
f 2043 2029 2036
f 2044 2036 2037
f 2044 2037 2045
f 2045 2037 2038
f 2045 2038 2046
f 2046 2038 2039
f 2046 2039 2047
f 2047 2039 2040
f 2047 2040 2048
f 2048 2040 2041
f 2048 2041 2049
f 2049 2041 2042
f 2049 2042 1165
f 1165 2042 1167
f 1165 1163 2049
f 2049 1163 2050
f 2049 2050 2048
f 2048 2050 2051
f 2048 2051 2047
f 2047 2051 2052
f 2047 2052 2046
f 2046 2052 2053
f 2046 2053 2045
f 2045 2053 2054
f 2045 2054 2044
f 2044 2054 2055
f 2044 2055 2036
f 2036 2055 2056
f 2036 2056 2043
f 2043 2056 2057
f 2043 2057 1788
f 1788 2057 2058
f 1788 2058 1786
f 2058 207 1786
f 2059 1161 226
f 226 218 2059
f 2059 218 217
f 2059 217 2060
f 2060 217 216
f 2060 216 2061
f 2061 216 215
f 2061 215 2062
f 2062 215 214
f 2062 214 2063
f 2063 214 213
f 2063 213 2064
f 213 212 2064
f 2064 212 211
f 2064 211 2065
f 211 210 2065
f 2065 210 2057
f 2057 210 209
f 2057 209 208
f 1163 1161 2050
f 2050 1161 2059
f 2050 2059 2051
f 2051 2059 2060
f 2051 2060 2052
f 2052 2060 2061
f 2052 2061 2053
f 2053 2061 2062
f 2053 2062 2054
f 2054 2062 2063
f 2054 2063 2055
f 2055 2063 2064
f 2055 2064 2056
f 2056 2064 2065
f 2056 2065 2057
f 2058 2057 208
f 2058 208 207
f 265 236 252
f 262 258 263
f 245 247 258
f 2069 2070 258
f 258 2070 245
f 262 2071 2072
f 262 2072 2069
f 2071 262 265
f 2075 2074 2067
f 2067 2068 2075
f 2075 2068 2078
f 2073 2074 2076
f 2076 2074 2075
f 2076 2075 2079
f 2079 2075 2078
f 2079 2080 2077
f 2079 2077 2076
f 2076 2077 2066
f 2076 2066 2073
f 266 2080 2081
f 2081 2080 2079
f 2081 2079 2082
f 2082 2079 2078
f 2082 2078 265
f 265 2078 2068
f 265 2068 2071
f 248 266 2081
f 248 2081 252
f 252 2081 2082
f 252 2082 265
f 258 262 2069
f 1107 273 399
f 273 244 399
f 399 244 369
f 245 370 244
f 244 370 369
f 2085 370 245
f 2070 2069 2086
f 2070 2086 2087
f 2085 245 2070
f 2085 2070 2087
f 2069 2072 2086
f 2086 2072 2071
f 2086 2071 2088
f 2088 2071 2068
f 2088 2068 2067
f 2088 2067 2074
f 2088 2074 2086
f 2089 2066 2090
f 2073 2066 2091
f 2091 2066 2089
f 2074 2073 2091
f 2074 2091 2092
f 2092 2093 2074
f 2074 2093 2094
f 2074 2094 2086
f 1107 399 2084
f 2083 1107 2084
f 1109 2095 2096
f 2096 2097 1109
f 1109 2097 2098
f 1109 2098 1111
f 1109 1108 2095
f 2095 1108 2083
f 2083 1108 1106
f 2083 1106 1107
f 2099 2100 1110
f 1111 2098 1110
f 1110 2098 2099
f 2100 2101 1113
f 2100 1113 1112
f 1112 1110 2100
f 1113 2101 404
f 1113 404 277
f 277 404 403
f 403 282 279
f 403 279 277
f 2102 361 2103
f 2105 2091 2089
f 2093 2092 2106
f 2086 376 2087
f 370 2085 364
f 370 364 383
f 365 364 376
f 377 398 355
f 373 366 361
f 2106 2092 2091
f 2106 2091 2107
f 2107 2091 2105
f 2108 2093 2106
f 2108 2106 2107
f 376 2086 2094
f 376 2094 398
f 398 2094 2093
f 398 2093 2109
f 2109 2093 2108
f 2109 2108 2103
f 2103 2108 2107
f 2103 2107 2102
f 2102 2107 2105
f 2102 2105 2104
f 2104 2105 2089
f 2104 2089 2090
f 364 2085 2087
f 364 2087 376
f 355 398 2109
f 355 2109 366
f 366 2109 2103
f 366 2103 361
f 2112 2113 2114
f 2115 2116 2117
f 2118 2119 2120
f 2121 2122 2123
f 2124 2125 2126
f 2127 2128 2129
f 360 361 2131
f 353 367 2132
f 2132 367 360
f 354 353 2133
f 354 2130 397
f 359 358 2134
f 2134 358 397
f 362 363 2135
f 2135 363 359
f 390 388 2136
f 2136 388 362
f 2137 392 390
f 2138 394 392
f 395 394 2139
f 360 2131 2132
f 2132 2131 2140
f 2132 2140 2141
f 2141 2140 2142
f 2141 2142 2143
f 2142 2144 2143
f 2143 2144 2145
f 2143 2145 2146
f 2147 2148 2149
f 2149 2148 2150
f 2149 2150 2151
f 2151 2150 2152
f 2151 2152 2139
f 2139 2152 395
f 2146 2145 2153
f 2146 2153 2154
f 2154 2153 2155
f 2156 2157 2147
f 2147 2157 2158
f 2147 2158 2148
f 2153 2159 2155
f 2155 2159 2160
f 2155 2160 2161
f 2161 2160 2162
f 2161 2162 2163
f 2162 2164 2163
f 2163 2164 2165
f 2163 2165 2166
f 2166 2165 2167
f 2166 2167 2168
f 2147 2169 2156
f 2156 2169 2170
f 2156 2170 2171
f 2171 2170 2172
f 2171 2172 2173
f 2173 2172 2174
f 2173 2174 2175
f 2175 2174 2176
f 2177 2178 2176
f 2176 2178 2175
f 2167 2179 2168
f 2168 2179 2180
f 2168 2180 2181
f 2181 2180 2182
f 2180 2183 2182
f 2182 2183 2184
f 2182 2184 2185
f 2185 2184 2186
f 2176 2187 2177
f 2177 2187 2188
f 2177 2188 2189
f 2189 2188 2190
f 2189 2190 2191
f 2191 2190 2192
f 2192 2190 2129
f 2129 2190 2193
f 2129 2193 2127
f 353 2132 2133
f 2133 2132 2141
f 2133 2141 2194
f 2194 2141 2143
f 2194 2143 2195
f 2195 2143 2146
f 2195 2146 2196
f 2196 2146 2154
f 2196 2154 2197
f 2197 2154 2155
f 2197 2155 2198
f 2198 2155 2161
f 2198 2161 2199
f 2199 2161 2163
f 2199 2163 2200
f 2200 2163 2166
f 2200 2166 2201
f 2201 2166 2168
f 2201 2168 2202
f 2202 2168 2181
f 2202 2181 2203
f 2203 2181 2182
f 2203 2182 2204
f 2204 2182 2185
f 2204 2185 2205
f 2205 2185 2206
f 2205 2206 2207
f 2207 2206 2208
f 2207 2208 2209
f 2209 2208 2210
f 2209 2210 2211
f 354 2133 2130
f 2130 2133 2194
f 2130 2194 2212
f 2212 2194 2195
f 2212 2195 2213
f 2213 2195 2196
f 2213 2196 2214
f 2214 2196 2197
f 2214 2197 2215
f 2215 2197 2198
f 2215 2198 2216
f 2216 2198 2199
f 2216 2199 2217
f 2217 2199 2200
f 2217 2200 2218
f 2218 2200 2201
f 2218 2201 2219
f 2219 2201 2202
f 2219 2202 2220
f 2220 2202 2203
f 2220 2203 2221
f 2221 2203 2204
f 2221 2204 2222
f 2222 2204 2205
f 2222 2205 2223
f 2223 2205 2207
f 2223 2207 2224
f 2224 2207 2209
f 2224 2209 2225
f 2225 2209 2211
f 2225 2211 2226
f 397 2130 2134
f 2134 2130 2212
f 2134 2212 2227
f 2227 2212 2213
f 2227 2213 2228
f 2228 2213 2214
f 2228 2214 2229
f 2229 2214 2215
f 2229 2215 2230
f 2230 2215 2216
f 2230 2216 2231
f 2231 2216 2217
f 2231 2217 2232
f 2232 2217 2218
f 2232 2218 2233
f 2233 2218 2219
f 2233 2219 2234
f 2234 2219 2220
f 2234 2220 2235
f 2235 2220 2221
f 2235 2221 2236
f 2236 2221 2222
f 2236 2222 2237
f 2237 2222 2223
f 2237 2223 2238
f 2238 2223 2224
f 2238 2224 2239
f 2239 2224 2225
f 2239 2225 2240
f 2240 2225 2226
f 2240 2226 2241
f 359 2134 2135
f 2135 2134 2227
f 2135 2227 2242
f 2242 2227 2228
f 2242 2228 2243
f 2243 2228 2229
f 2243 2229 2244
f 2244 2229 2230
f 2244 2230 2245
f 2245 2230 2231
f 2245 2231 2246
f 2246 2231 2232
f 2246 2232 2247
f 2247 2232 2233
f 2247 2233 2248
f 2248 2233 2234
f 2248 2234 2249
f 2249 2234 2235
f 2249 2235 2250
f 2250 2235 2236
f 2250 2236 2251
f 2251 2236 2237
f 2251 2237 2252
f 2252 2237 2238
f 2252 2238 2253
f 2253 2238 2239
f 2253 2239 2254
f 2254 2239 2240
f 2254 2240 2255
f 2255 2240 2241
f 2255 2241 2256
f 362 2135 2136
f 2136 2135 2242
f 2136 2242 2257
f 2257 2242 2243
f 2257 2243 2258
f 2258 2243 2244
f 2258 2244 2259
f 2259 2244 2245
f 2259 2245 2260
f 2260 2245 2246
f 2260 2246 2261
f 2261 2246 2247
f 2261 2247 2262
f 2262 2247 2248
f 2262 2248 2263
f 2263 2248 2249
f 2263 2249 2264
f 2264 2249 2250
f 2264 2250 2265
f 2265 2250 2251
f 2265 2251 2266
f 2266 2251 2252
f 2266 2252 2267
f 2267 2252 2253
f 2267 2253 2268
f 2268 2253 2254
f 2268 2254 2269
f 2269 2254 2255
f 2269 2255 2270
f 2270 2255 2256
f 2270 2256 2271
f 390 2136 2137
f 2137 2136 2257
f 2137 2257 2272
f 2272 2257 2258
f 2272 2258 2273
f 2273 2258 2259
f 2273 2259 2274
f 2274 2259 2260
f 2274 2260 2275
f 2275 2260 2261
f 2275 2261 2276
f 2276 2261 2262
f 2276 2262 2277
f 2277 2262 2263
f 2277 2263 2278
f 2278 2263 2264
f 2278 2264 2279
f 2279 2264 2265
f 2279 2265 2280
f 2280 2265 2266
f 2280 2266 2281
f 2281 2266 2267
f 2281 2267 2282
f 2282 2267 2268
f 2282 2268 2283
f 2283 2268 2269
f 2283 2269 2284
f 2284 2269 2270
f 2284 2270 2285
f 2285 2270 2271
f 2285 2271 2286
f 392 2137 2138
f 2138 2137 2272
f 2138 2272 2287
f 2287 2272 2273
f 2287 2273 2288
f 2288 2273 2274
f 2288 2274 2289
f 2289 2274 2275
f 2289 2275 2290
f 2290 2275 2276
f 2290 2276 2291
f 2291 2276 2277
f 2291 2277 2292
f 2292 2277 2278
f 2292 2278 2293
f 2293 2278 2279
f 2293 2279 2294
f 2294 2279 2280
f 2294 2280 2295
f 2295 2280 2281
f 2295 2281 2296
f 2296 2281 2282
f 2296 2282 2297
f 2297 2282 2283
f 2297 2283 2298
f 2298 2283 2284
f 2298 2284 2299
f 2299 2284 2285
f 2299 2285 2300
f 2300 2285 2286
f 2300 2286 2301
f 394 2138 2139
f 2139 2138 2287
f 2139 2287 2288
f 2139 2288 2151
f 2151 2288 2289
f 2151 2289 2149
f 2149 2289 2290
f 2149 2290 2147
f 2147 2290 2291
f 2147 2291 2169
f 2169 2291 2292
f 2169 2292 2170
f 2170 2292 2293
f 2170 2293 2172
f 2172 2293 2294
f 2172 2294 2174
f 2174 2294 2295
f 2174 2295 2176
f 2176 2295 2296
f 2176 2296 2187
f 2187 2296 2297
f 2187 2297 2188
f 2188 2297 2298
f 2188 2298 2190
f 2190 2298 2299
f 2190 2299 2193
f 2193 2299 2300
f 2193 2300 2127
f 2127 2300 2301
f 2127 2301 2302
f 2302 2303 2127
f 2127 2303 2304
f 2127 2304 2128
f 2305 2306 2307
f 2125 2303 2126
f 2126 2303 2302
f 2126 2302 2308
f 2308 2302 2301
f 2308 2301 2309
f 2309 2301 2286
f 2309 2286 2310
f 2310 2286 2271
f 2310 2271 2311
f 2311 2271 2256
f 2311 2256 2312
f 2312 2256 2241
f 2312 2241 2313
f 2313 2241 2226
f 2313 2226 2314
f 2314 2226 2211
f 2314 2211 2307
f 2307 2211 2210
f 2307 2210 2305
f 2305 2210 2208
f 2305 2208 2315
f 2315 2208 2206
f 2315 2206 2316
f 2316 2206 2185
f 2316 2185 2317
f 2317 2185 2186
f 2318 2124 2319
f 2319 2124 2126
f 2319 2126 2320
f 2320 2126 2308
f 2320 2308 2321
f 2321 2308 2309
f 2321 2309 2322
f 2322 2309 2310
f 2322 2310 2323
f 2323 2310 2311
f 2323 2311 2324
f 2324 2311 2312
f 2324 2312 2325
f 2325 2312 2313
f 2325 2313 2326
f 2326 2313 2314
f 2326 2314 2327
f 2327 2314 2307
f 2121 2123 2328
f 2329 2318 2330
f 2330 2318 2319
f 2330 2319 2331
f 2331 2319 2320
f 2331 2320 2332
f 2332 2320 2321
f 2332 2321 2333
f 2333 2321 2322
f 2333 2322 2334
f 2334 2322 2323
f 2334 2323 2335
f 2335 2323 2324
f 2335 2324 2336
f 2336 2324 2325
f 2336 2325 2337
f 2337 2325 2326
f 2337 2326 2123
f 2123 2326 2327
f 2123 2327 2328
f 2328 2327 2307
f 2328 2307 2338
f 2338 2307 2306
f 2122 2118 2123
f 2123 2118 2339
f 2123 2339 2337
f 2337 2339 2340
f 2337 2340 2336
f 2336 2340 2341
f 2336 2341 2335
f 2335 2341 2342
f 2335 2342 2334
f 2334 2342 2343
f 2334 2343 2333
f 2333 2343 2344
f 2333 2344 2332
f 2332 2344 2345
f 2332 2345 2331
f 2331 2345 2346
f 2331 2346 2330
f 2330 2346 2347
f 2330 2347 2329
f 2348 2349 2347
f 2347 2349 2350
f 2347 2350 2329
f 2351 2352 2353
f 2353 2352 2354
f 2353 2354 2355
f 2355 2354 2356
f 2355 2356 2357
f 2357 2356 2358
f 2357 2358 2359
f 2359 2358 2360
f 2359 2360 2361
f 2361 2360 2362
f 2361 2362 2363
f 2363 2362 2364
f 2363 2364 2365
f 2365 2364 2366
f 2365 2366 2367
f 2367 2366 2120
f 2367 2120 2368
f 2368 2120 2119
f 2369 2351 2370
f 2370 2351 2353
f 2370 2353 2371
f 2371 2353 2355
f 2371 2355 2372
f 2372 2355 2357
f 2372 2357 2373
f 2373 2357 2359
f 2373 2359 2374
f 2374 2359 2361
f 2374 2361 2375
f 2375 2361 2363
f 2375 2363 2376
f 2376 2363 2365
f 2376 2365 2117
f 2117 2365 2367
f 2117 2367 2115
f 2115 2367 2368
f 2377 2369 2378
f 2378 2369 2370
f 2378 2370 2379
f 2379 2370 2371
f 2379 2371 2380
f 2380 2371 2372
f 2380 2372 2381
f 2381 2372 2373
f 2381 2373 2382
f 2382 2373 2374
f 2382 2374 2383
f 2383 2374 2375
f 2383 2375 2384
f 2384 2375 2376
f 2384 2376 2385
f 2385 2376 2117
f 2385 2117 2112
f 2112 2117 2116
f 2386 2377 2387
f 2387 2377 2378
f 2387 2378 2388
f 2388 2378 2379
f 2388 2379 2389
f 2389 2379 2380
f 2389 2380 2390
f 2390 2380 2381
f 2390 2381 2391
f 2391 2381 2382
f 2391 2382 2392
f 2392 2382 2383
f 2392 2383 2384
f 2114 2384 2385
f 2114 2385 2112
f 2393 2386 2394
f 2394 2386 2387
f 2394 2387 2395
f 2395 2387 2388
f 2395 2388 2396
f 2396 2388 2389
f 2396 2389 2397
f 2397 2389 2390
f 2397 2390 2398
f 2398 2390 2391
f 2398 2391 2392
f 2399 2392 2384
f 2399 2384 2114
f 2400 2393 2401
f 2401 2393 2394
f 2401 2394 2402
f 2402 2394 2395
f 2402 2395 2403
f 2403 2395 2396
f 2403 2396 2404
f 2404 2396 2397
f 2404 2397 2405
f 2405 2397 2398
f 2405 2398 2406
f 2406 2398 2392
f 2406 2392 2407
f 2407 2392 2399
f 2407 2399 2111
f 2111 2399 2114
f 2111 2114 2110
f 2110 2114 2113
f 2339 2118 2120
f 2339 2120 2340
f 2340 2120 2366
f 2340 2366 2341
f 2341 2366 2364
f 2341 2364 2342
f 2342 2364 2362
f 2342 2362 2343
f 2343 2362 2360
f 2343 2360 2344
f 2344 2360 2358
f 2344 2358 2345
f 2345 2358 2356
f 2345 2356 2346
f 2346 2356 2354
f 2346 2354 2347
f 2347 2354 2352
f 2347 2352 2348
f 2348 2352 2351
f 2348 2351 2408
f 2408 2351 2369
f 2408 2369 2409
f 2409 2369 2377
f 2409 2377 2410
f 2410 2377 2386
f 2410 2386 2411
f 2411 2386 2393
f 2411 2393 2412
f 2412 2393 2400
f 2413 2414 2400
f 2400 2414 2415
f 2400 2415 2412
f 2407 350 349
f 2407 349 2416
f 349 302 2416
f 2416 302 2417
f 302 305 2417
f 2417 305 304
f 2417 304 2418
f 2418 304 308
f 2418 308 2419
f 308 307 2419
f 2419 307 311
f 2419 311 2420
f 2420 311 310
f 2420 310 2421
f 310 338 2421
f 2421 338 333
f 2421 333 2422
f 2422 333 332
f 2110 352 2111
f 2111 352 350
f 2111 350 2407
f 2406 2407 2416
f 2406 2416 2405
f 2405 2416 2417
f 2405 2417 2404
f 2404 2417 2418
f 2404 2418 2403
f 2403 2418 2419
f 2403 2419 2402
f 2402 2419 2420
f 2402 2420 2401
f 2401 2420 2421
f 2401 2421 2400
f 2400 2421 2422
f 2400 2422 2413
f 2413 2422 332
f 2413 332 331
f 2424 2425 2426
f 2428 2429 2430
f 2430 2429 2424
f 2424 2429 2423
f 2423 2429 2431
f 2423 2431 543
f 543 2431 2427
f 543 2432 2423
f 2430 2424 2426
f 2430 2426 2433
f 2433 2426 2434
f 2433 2434 2435
f 2435 2434 2436
f 2435 2436 2437
f 2437 2436 2438
f 2437 2438 2439
f 2439 2438 2440
f 2439 2440 2441
f 2441 2440 2442
f 2441 2442 2443
f 2443 2442 2444
f 2443 2444 2445
f 2445 2444 2446
f 2445 2446 2447
f 2447 2446 2448
f 2447 2448 2449
f 2450 2451 2452
f 2452 2451 2453
f 2452 2453 2454
f 2454 2453 2455
f 2454 2455 2456
f 2456 2455 2457
f 2456 2457 2458
f 2458 2457 2459
f 2458 2459 2460
f 2460 2459 2449
f 2460 2449 2448
f 2461 2462 2463
f 2463 2462 2464
f 2463 2464 2465
f 2465 2464 2466
f 2465 2466 2467
f 2465 2467 2468
f 2468 2467 2469
f 2468 2469 2470
f 2470 2469 2471
f 2470 2471 2472
f 2472 2471 2473
f 2472 2473 2474
f 2474 2473 2475
f 2474 2475 2450
f 2450 2475 2451
f 2463 2476 2461
f 2461 2476 2477
f 2477 2476 2478
f 2477 2478 2479
f 2479 2478 2480
f 2479 2480 2481
f 2481 2480 2482
f 2481 2482 2483
f 2483 2482 2484
f 2483 2484 2485
f 2485 2484 2486
f 2485 2486 2487
f 2487 2486 2488
f 2487 2488 2489
f 2488 2490 2489
f 2489 2490 2491
f 2489 2491 2492
f 2492 2491 2493
f 2492 2493 2494
f 2494 2493 2495
f 2494 2495 2496
f 2496 2495 2497
f 2496 2497 2498
f 2498 2497 2499
f 2500 2501 2502
f 2502 2501 2503
f 2497 2504 2499
f 2499 2504 2500
f 2500 2504 2505
f 2500 2505 2501
f 2506 2507 2503
f 2503 2507 2508
f 2503 2508 2502
f 2509 2510 2511
f 2511 2510 2507
f 2511 2507 2512
f 2512 2507 2506
f 2513 2514 2515
f 2516 2517 2511
f 2511 2517 2518
f 2511 2518 2509
f 2515 2519 2513
f 2513 2519 2517
f 2513 2517 2520
f 2520 2517 2516
f 2514 2513 2523
f 2523 2513 2524
f 2523 2524 2525
f 2525 2524 2522
f 2522 2524 2526
f 2522 2526 2521
f 2527 2528 2529
f 2529 2528 2530
f 2529 2530 2531
f 2531 2530 2532
f 2522 2521 2533
f 2522 2533 2534
f 2534 2533 2535
f 2532 2536 2531
f 2531 2536 2537
f 2531 2537 2538
f 2538 2537 2534
f 2538 2534 2539
f 2539 2534 2535
f 2437 2439 2540
f 2443 2445 2541
f 2449 2459 2542
f 2543 2544 2545
f 2455 2453 2546
f 2471 2469 2548
f 2549 2496 2498
f 2552 2553 2554
f 2555 2556 2557
f 2558 2559 2560
f 2561 2562 2563
f 2564 2565 2566
f 2569 2570 2571
f 2572 2573 2574
f 2575 2576 2577
f 2430 2433 2578
f 2428 2430 2579
f 2579 2430 2578
f 2579 2578 2580
f 2579 2580 2581
f 2581 2580 2582
f 2582 2580 2583
f 2582 2583 2584
f 2585 2586 2583
f 2583 2586 2587
f 2583 2587 2584
f 2585 2589 2590
f 2585 2590 2586
f 2577 2576 2591
f 2592 2593 2577
f 2577 2593 2575
f 2574 2573 2594
f 2573 2595 2594
f 2594 2595 2596
f 2594 2596 2592
f 2592 2596 2597
f 2592 2597 2593
f 2572 2574 2598
f 2599 2600 2601
f 2602 2603 2604
f 2604 2603 2605
f 2606 2607 2608
f 2608 2607 2609
f 2608 2609 2602
f 2602 2609 2603
f 883 859 2610
f 2610 859 885
f 2610 885 2606
f 2606 885 2607
f 2611 2612 2610
f 2610 2612 883
f 2617 2616 2618
f 2617 2618 2612
f 2619 2613 2620
f 2571 2570 2621
f 2621 2570 2622
f 2622 2623 2621
f 2621 2623 2624
f 2625 2626 2571
f 2571 2626 2627
f 2571 2627 2569
f 2625 2628 2626
f 2628 2629 2567
f 2568 2567 2630
f 2629 2628 2625
f 2631 2625 2571
f 2631 2571 2632
f 2633 2634 2621
f 2621 2634 2571
f 2571 2634 2632
f 823 2635 2624
f 2635 2636 2624
f 2624 2636 2621
f 2621 2636 2633
f 2641 2642 2638
f 2638 2642 2637
f 2641 2643 766
f 2641 766 2644
f 811 2641 2645
f 2645 2641 2644
f 2645 2644 2646
f 2645 2646 2647
f 2645 2647 2648
f 2648 2647 2649
f 2649 2647 770
f 2649 770 2650
f 2649 2650 2651
f 2651 2650 2652
f 2652 2653 2651
f 2651 2653 2654
f 2657 2656 2658
f 2657 2658 2659
f 2657 2659 2660
f 2660 2659 2661
f 2660 2661 762
f 762 2655 2660
f 2656 2657 2662
f 2662 2657 2663
f 2662 2663 2664
f 2665 2664 2666
f 2667 2668 2669
f 2669 2668 2665
f 2669 2665 2666
f 2670 2671 2672
f 2672 2673 2670
f 2670 2673 2674
f 2674 2673 2675
f 2676 2675 2677
f 2676 2677 2678
f 2669 710 2667
f 2671 2667 2672
f 2672 2667 714
f 714 2667 710
f 2666 2679 707
f 707 2680 2666
f 2680 2681 2666
f 2666 2681 2669
f 2669 2681 710
f 2666 2664 2663
f 2666 2663 2679
f 2679 2663 2683
f 2679 2683 2682
f 2684 2685 2683
f 2683 2685 2686
f 2686 2687 2683
f 2683 2687 2682
f 2688 2689 2690
f 2689 2691 2690
f 2690 2691 2685
f 672 2692 2688
f 672 2688 2690
f 2692 672 671
f 671 674 2692
f 2692 674 2693
f 2693 674 2694
f 2694 674 673
f 2695 2566 2696
f 2694 673 2695
f 2694 2695 2696
f 2566 2565 2696
f 2698 2697 2699
f 2700 2701 2698
f 2700 2698 2702
f 2702 2698 2699
f 2700 2703 2701
f 2690 2701 672
f 607 2705 2706
f 2706 2705 2704
f 2705 607 2707
f 2704 2705 2697
f 2707 607 2708
f 607 632 2708
f 2708 632 2709
f 2708 2709 2710
f 2709 634 2710
f 2710 634 2561
f 2561 634 2562
f 2711 2563 2562
f 2712 2713 2714
f 2714 2713 2715
f 2714 2715 2716
f 2716 2715 2717
f 2717 2704 2716
f 2716 2704 2698
f 2698 2704 2697
f 2720 2559 2721
f 2721 2559 2722
f 2721 2722 2719
f 2723 2724 2725
f 2724 2726 2725
f 2553 2729 2730
f 2552 2554 2551
f 2733 2734 2735
f 2735 2734 2731
f 2736 2733 2737
f 2738 2736 2737
f 2739 2738 2740
f 2530 2528 2739
f 2725 2741 2723
f 2723 2741 2742
f 2743 2744 2742
f 2742 2744 2745
f 2742 2745 2723
f 2746 2537 2747
f 2747 2537 2536
f 2747 2536 2748
f 2748 2536 2532
f 2748 2532 2749
f 2749 2532 2530
f 2749 2530 2740
f 2740 2530 2739
f 2746 2522 2534
f 2746 2534 2537
f 2743 2750 2744
f 2744 2750 2751
f 2744 2751 2752
f 2752 2751 2753
f 2752 2753 2754
f 2754 2753 2755
f 2754 2755 2756
f 2746 2757 2522
f 2522 2757 2758
f 2522 2758 2525
f 2525 2758 2759
f 2755 2760 2756
f 2756 2760 2761
f 2756 2761 2762
f 2762 2761 2763
f 2762 2763 2764
f 2765 2555 2766
f 2766 2555 2767
f 2766 2767 2768
f 2768 2767 2769
f 2768 2769 2770
f 2770 2769 2764
f 2770 2764 2771
f 2771 2764 2763
f 2726 2724 2728
f 2728 2724 2723
f 2728 2723 2772
f 2772 2723 2745
f 2772 2745 2773
f 2773 2745 2744
f 2773 2744 2774
f 2774 2744 2752
f 2774 2752 2775
f 2775 2752 2754
f 2775 2754 2776
f 2776 2754 2756
f 2776 2756 2777
f 2777 2756 2762
f 2777 2762 2778
f 2778 2762 2764
f 2778 2764 2779
f 2779 2764 2769
f 2779 2769 2780
f 2780 2769 2767
f 2780 2767 2557
f 2557 2767 2555
f 2727 2728 2730
f 2730 2728 2772
f 2730 2772 2781
f 2781 2772 2773
f 2781 2773 2782
f 2782 2773 2774
f 2782 2774 2783
f 2783 2774 2775
f 2783 2775 2784
f 2784 2775 2776
f 2784 2776 2785
f 2785 2776 2777
f 2785 2777 2786
f 2786 2777 2778
f 2786 2778 2787
f 2787 2778 2779
f 2787 2779 2788
f 2788 2779 2780
f 2788 2780 2789
f 2789 2780 2557
f 2789 2557 2560
f 2560 2557 2556
f 2560 2556 2558
f 2553 2730 2554
f 2554 2730 2781
f 2554 2781 2790
f 2790 2781 2782
f 2790 2782 2791
f 2791 2782 2783
f 2791 2783 2792
f 2792 2783 2784
f 2792 2784 2793
f 2793 2784 2785
f 2793 2785 2794
f 2794 2785 2786
f 2794 2786 2795
f 2795 2786 2787
f 2795 2787 2796
f 2796 2787 2788
f 2796 2788 2797
f 2797 2788 2789
f 2797 2789 2798
f 2798 2789 2560
f 2798 2560 2720
f 2720 2560 2559
f 2799 2519 2800
f 2800 2519 2515
f 2800 2515 2801
f 2801 2515 2514
f 2801 2514 2759
f 2759 2514 2523
f 2759 2523 2525
f 2551 2554 2790
f 2551 2790 2802
f 2802 2790 2791
f 2802 2791 2803
f 2803 2791 2792
f 2803 2792 2804
f 2804 2792 2793
f 2804 2793 2805
f 2805 2793 2794
f 2805 2794 2806
f 2806 2794 2795
f 2806 2795 2807
f 2807 2795 2796
f 2807 2796 2808
f 2808 2796 2797
f 2808 2797 2809
f 2809 2797 2798
f 2809 2798 2810
f 2810 2798 2720
f 2810 2720 2811
f 2811 2720 2721
f 2811 2721 2812
f 2812 2721 2719
f 2812 2719 2714
f 2714 2719 2718
f 2714 2718 2712
f 2813 2510 2814
f 2814 2510 2509
f 2814 2509 2815
f 2815 2509 2518
f 2815 2518 2799
f 2799 2518 2517
f 2799 2517 2519
f 2502 2508 2813
f 2813 2508 2507
f 2813 2507 2510
f 2813 2816 2502
f 2502 2816 2817
f 2502 2817 2500
f 2500 2817 2499
f 2550 2551 2732
f 2732 2551 2802
f 2732 2802 2818
f 2818 2802 2803
f 2818 2803 2819
f 2819 2803 2804
f 2819 2804 2820
f 2820 2804 2805
f 2820 2805 2821
f 2821 2805 2806
f 2821 2806 2822
f 2822 2806 2807
f 2822 2807 2823
f 2823 2807 2808
f 2823 2808 2824
f 2824 2808 2809
f 2824 2809 2825
f 2825 2809 2810
f 2825 2810 2826
f 2826 2810 2811
f 2826 2811 2827
f 2827 2811 2812
f 2827 2812 2828
f 2828 2812 2714
f 2828 2714 2829
f 2829 2714 2716
f 2829 2716 2830
f 2830 2716 2698
f 2830 2698 2831
f 2831 2698 2701
f 2831 2701 2832
f 2832 2701 2690
f 2832 2690 2684
f 2684 2690 2685
f 2499 2817 2498
f 2498 2817 2833
f 2498 2833 2549
f 2496 2549 2494
f 2494 2549 2834
f 2494 2834 2492
f 2492 2834 2835
f 2492 2835 2489
f 2731 2732 2735
f 2735 2732 2818
f 2735 2818 2836
f 2836 2818 2819
f 2836 2819 2837
f 2837 2819 2820
f 2837 2820 2838
f 2838 2820 2821
f 2838 2821 2839
f 2839 2821 2822
f 2839 2822 2840
f 2840 2822 2823
f 2840 2823 2841
f 2841 2823 2824
f 2841 2824 2842
f 2842 2824 2825
f 2842 2825 2843
f 2843 2825 2826
f 2843 2826 2844
f 2844 2826 2827
f 2844 2827 2845
f 2845 2827 2828
f 2845 2828 2846
f 2846 2828 2829
f 2846 2829 2847
f 2847 2829 2830
f 2847 2830 2848
f 2848 2830 2831
f 2848 2831 2849
f 2849 2831 2832
f 2849 2832 2850
f 2850 2832 2684
f 2850 2684 2851
f 2851 2684 2683
f 2851 2683 2852
f 2852 2683 2663
f 2852 2663 2853
f 2853 2663 2657
f 2853 2657 2854
f 2854 2657 2660
f 2854 2660 2855
f 2733 2735 2737
f 2737 2735 2836
f 2737 2836 2856
f 2856 2836 2837
f 2856 2837 2857
f 2857 2837 2838
f 2857 2838 2858
f 2858 2838 2839
f 2858 2839 2859
f 2859 2839 2840
f 2859 2840 2860
f 2860 2840 2841
f 2860 2841 2861
f 2861 2841 2842
f 2861 2842 2862
f 2862 2842 2843
f 2862 2843 2863
f 2863 2843 2844
f 2863 2844 2864
f 2864 2844 2845
f 2864 2845 2865
f 2865 2845 2846
f 2865 2846 2866
f 2866 2846 2847
f 2866 2847 2867
f 2867 2847 2848
f 2867 2848 2868
f 2868 2848 2849
f 2868 2849 2869
f 2869 2849 2850
f 2869 2850 2870
f 2870 2850 2851
f 2870 2851 2871
f 2871 2851 2852
f 2871 2852 2872
f 2872 2852 2853
f 2872 2853 2873
f 2873 2853 2854
f 2873 2854 2874
f 2874 2854 2855
f 2874 2855 2875
f 2738 2737 2740
f 2740 2737 2856
f 2740 2856 2749
f 2749 2856 2857
f 2749 2857 2748
f 2748 2857 2858
f 2748 2858 2747
f 2747 2858 2859
f 2747 2859 2746
f 2746 2859 2860
f 2746 2860 2757
f 2757 2860 2861
f 2757 2861 2758
f 2758 2861 2862
f 2758 2862 2759
f 2759 2862 2863
f 2759 2863 2801
f 2801 2863 2864
f 2801 2864 2800
f 2800 2864 2865
f 2800 2865 2799
f 2799 2865 2866
f 2799 2866 2815
f 2815 2866 2867
f 2815 2867 2814
f 2814 2867 2868
f 2814 2868 2813
f 2813 2868 2869
f 2813 2869 2816
f 2816 2869 2870
f 2816 2870 2817
f 2817 2870 2871
f 2817 2871 2833
f 2833 2871 2872
f 2833 2872 2549
f 2549 2872 2873
f 2549 2873 2834
f 2834 2873 2874
f 2834 2874 2835
f 2835 2874 2875
f 2835 2875 2876
f 2876 2485 2835
f 2835 2485 2487
f 2835 2487 2489
f 2655 2643 2641
f 2655 2641 2660
f 2660 2641 2638
f 2660 2638 2855
f 2855 2638 2877
f 2855 2877 2875
f 2875 2877 2878
f 2875 2878 2876
f 2876 2878 2879
f 2876 2879 2485
f 2479 2481 2879
f 2879 2481 2483
f 2879 2483 2485
f 2880 2881 2882
f 2882 2881 2883
f 2882 2883 2884
f 2884 2883 2885
f 2884 2885 2624
f 2624 2885 2640
f 2624 2640 823
f 2637 2639 2638
f 2638 2639 2640
f 2638 2640 2877
f 2877 2640 2885
f 2877 2885 2878
f 2878 2885 2883
f 2878 2883 2879
f 2879 2883 2881
f 2879 2881 2479
f 2479 2881 2880
f 2462 2461 2880
f 2880 2461 2477
f 2880 2477 2479
f 2886 2887 2888
f 2888 2887 2889
f 2888 2889 2890
f 2890 2889 2891
f 2890 2891 2614
f 2614 2891 2620
f 2614 2620 2613
f 2623 2619 2624
f 2624 2619 2620
f 2624 2620 2884
f 2884 2620 2891
f 2884 2891 2882
f 2882 2891 2889
f 2882 2889 2880
f 2880 2889 2887
f 2880 2887 2462
f 2462 2887 2886
f 2462 2886 2464
f 2464 2886 2466
f 2616 2617 2892
f 2616 2892 2615
f 2467 2466 2893
f 2893 2466 2886
f 2893 2886 2894
f 2894 2886 2888
f 2894 2888 2892
f 2892 2888 2890
f 2892 2890 2615
f 2615 2890 2614
f 2469 2467 2548
f 2548 2467 2893
f 2548 2893 2895
f 2895 2893 2894
f 2895 2894 2896
f 2896 2894 2892
f 2896 2892 2611
f 2611 2892 2617
f 2611 2617 2612
f 2473 2471 2897
f 2897 2471 2548
f 2897 2548 2898
f 2898 2548 2895
f 2898 2895 2899
f 2899 2895 2896
f 2899 2896 2900
f 2900 2896 2611
f 2900 2611 2901
f 2901 2611 2610
f 2901 2610 2902
f 2902 2610 2606
f 2902 2606 2903
f 2903 2606 2608
f 2903 2608 2904
f 2904 2608 2602
f 2904 2602 2905
f 2905 2602 2604
f 2475 2473 2906
f 2906 2473 2897
f 2906 2897 2907
f 2907 2897 2898
f 2907 2898 2908
f 2908 2898 2899
f 2908 2899 2909
f 2909 2899 2900
f 2909 2900 2910
f 2910 2900 2901
f 2910 2901 2911
f 2911 2901 2902
f 2911 2902 2912
f 2912 2902 2903
f 2912 2903 2913
f 2913 2903 2904
f 2913 2904 2914
f 2914 2904 2905
f 2451 2475 2547
f 2547 2475 2906
f 2547 2906 2915
f 2915 2906 2907
f 2915 2907 2916
f 2916 2907 2908
f 2916 2908 2917
f 2917 2908 2909
f 2917 2909 2918
f 2918 2909 2910
f 2918 2910 2919
f 2919 2910 2911
f 2919 2911 2920
f 2920 2911 2912
f 2920 2912 2921
f 2921 2912 2913
f 2921 2913 2922
f 2922 2913 2914
f 2453 2451 2546
f 2546 2451 2547
f 2546 2547 2923
f 2923 2547 2915
f 2923 2915 2924
f 2924 2915 2916
f 2924 2916 2925
f 2925 2916 2917
f 2925 2917 2926
f 2926 2917 2918
f 2926 2918 2927
f 2927 2918 2919
f 2927 2919 2928
f 2928 2919 2920
f 2928 2920 2929
f 2929 2920 2921
f 2929 2921 2930
f 2930 2921 2922
f 2457 2455 2931
f 2931 2455 2546
f 2931 2546 2932
f 2932 2546 2923
f 2932 2923 2933
f 2933 2923 2924
f 2933 2924 2934
f 2934 2924 2925
f 2934 2925 2935
f 2935 2925 2926
f 2935 2926 2936
f 2936 2926 2927
f 2936 2927 2937
f 2937 2927 2928
f 2937 2928 2938
f 2938 2928 2929
f 2938 2929 2939
f 2939 2929 2930
f 2459 2457 2542
f 2542 2457 2931
f 2542 2931 2940
f 2940 2931 2932
f 2940 2932 2941
f 2941 2932 2933
f 2941 2933 2942
f 2942 2933 2934
f 2942 2934 2943
f 2943 2934 2935
f 2943 2935 2944
f 2944 2935 2936
f 2944 2936 2945
f 2945 2936 2937
f 2945 2937 2946
f 2946 2937 2938
f 2946 2938 2947
f 2947 2938 2939
f 2543 2545 2948
f 2447 2449 2949
f 2949 2449 2542
f 2949 2542 2950
f 2950 2542 2940
f 2950 2940 2951
f 2951 2940 2941
f 2951 2941 2952
f 2952 2941 2942
f 2952 2942 2953
f 2953 2942 2943
f 2953 2943 2954
f 2954 2943 2944
f 2954 2944 2955
f 2955 2944 2945
f 2955 2945 2956
f 2956 2945 2946
f 2956 2946 2545
f 2545 2946 2947
f 2545 2947 2948
f 2948 2947 2939
f 2948 2939 2957
f 2957 2939 2930
f 2957 2930 2958
f 2958 2930 2922
f 2958 2922 2959
f 2959 2922 2914
f 2959 2914 2960
f 2960 2914 2905
f 2960 2905 2961
f 2961 2905 2604
f 2961 2604 2599
f 2599 2604 2605
f 2599 2605 2600
f 2445 2447 2541
f 2541 2447 2949
f 2541 2949 2962
f 2962 2949 2950
f 2962 2950 2963
f 2963 2950 2951
f 2963 2951 2964
f 2964 2951 2952
f 2964 2952 2965
f 2965 2952 2953
f 2965 2953 2966
f 2966 2953 2954
f 2966 2954 2967
f 2967 2954 2955
f 2967 2955 2968
f 2968 2955 2956
f 2968 2956 2969
f 2969 2956 2545
f 2969 2545 2970
f 2970 2545 2544
f 2441 2443 2971
f 2971 2443 2541
f 2971 2541 2972
f 2972 2541 2962
f 2972 2962 2973
f 2973 2962 2963
f 2973 2963 2974
f 2974 2963 2964
f 2974 2964 2975
f 2975 2964 2965
f 2975 2965 2976
f 2976 2965 2966
f 2976 2966 2977
f 2977 2966 2967
f 2977 2967 2978
f 2978 2967 2968
f 2978 2968 2979
f 2979 2968 2969
f 2979 2969 2980
f 2980 2969 2970
f 2439 2441 2540
f 2540 2441 2971
f 2540 2971 2981
f 2981 2971 2972
f 2981 2972 2982
f 2982 2972 2973
f 2982 2973 2983
f 2983 2973 2974
f 2983 2974 2984
f 2984 2974 2975
f 2984 2975 2985
f 2985 2975 2976
f 2985 2976 2986
f 2986 2976 2977
f 2986 2977 2987
f 2987 2977 2978
f 2987 2978 2988
f 2988 2978 2979
f 2988 2979 2989
f 2989 2979 2980
f 2435 2437 2990
f 2990 2437 2540
f 2990 2540 2991
f 2991 2540 2981
f 2991 2981 2992
f 2992 2981 2982
f 2992 2982 2993
f 2993 2982 2983
f 2993 2983 2591
f 2591 2983 2984
f 2591 2984 2577
f 2577 2984 2985
f 2577 2985 2592
f 2592 2985 2986
f 2592 2986 2594
f 2594 2986 2987
f 2594 2987 2574
f 2574 2987 2988
f 2574 2988 2598
f 2598 2988 2989
f 2433 2435 2578
f 2578 2435 2990
f 2578 2990 2580
f 2580 2990 2991
f 2580 2991 2583
f 2583 2991 2992
f 2583 2992 2585
f 2585 2992 2993
f 2585 2993 2589
f 2589 2993 2591
f 2589 2591 2588
f 2588 2591 2576
f 2995 2996 1396
f 2997 2998 1394
f 1291 1303 2999
f 1212 1214 3002
f 207 352 2110
f 207 2110 1786
f 2110 1787 1786
f 2115 1792 2116
f 2116 1792 2019
f 2116 2019 2112
f 2110 2113 1787
f 1787 2113 1789
f 1789 2113 2112
f 1789 2112 2019
f 2118 1795 2119
f 2119 1795 2001
f 2115 2368 1792
f 1792 2368 2119
f 1792 2119 1793
f 1793 2119 2001
f 1795 2118 2122
f 1795 2122 1984
f 266 1831 361
f 1984 2122 1797
f 1797 2122 2121
f 1797 2121 1798
f 1798 2121 2328
f 1798 2328 1967
f 1967 2328 2338
f 1967 2338 1801
f 1801 2338 2306
f 1801 2306 1802
f 1802 2306 2305
f 1802 2305 1949
f 1949 2305 2315
f 1949 2315 1940
f 1940 2315 2316
f 1940 2316 1930
f 1930 2316 2317
f 1930 2317 1806
f 1806 2317 2186
f 1806 2186 1807
f 1807 2186 2184
f 1807 2184 1809
f 1809 2184 2183
f 1809 2183 1810
f 1810 2183 2180
f 1810 2180 1904
f 1904 2180 2179
f 1904 2179 1812
f 1812 2179 2167
f 1812 2167 1813
f 1813 2167 2165
f 1813 2165 1886
f 1886 2165 2164
f 1886 2164 1885
f 1885 2164 2162
f 1885 2162 1884
f 1884 2162 2160
f 1884 2160 1864
f 1864 2160 2159
f 1864 2159 1865
f 1865 2159 2153
f 1865 2153 1816
f 1816 2153 2145
f 1816 2145 1817
f 1817 2145 2144
f 1817 2144 1819
f 1819 2144 2142
f 1819 2142 1820
f 1820 2142 2140
f 1820 2140 1831
f 1831 2140 2131
f 1831 2131 361
f 266 361 2102
f 266 2102 2080
f 2090 2066 2104
f 2104 2066 2102
f 2102 2066 2077
f 2102 2077 2080
f 1195 3003 351
f 1195 351 207
f 207 351 352
f 3003 1195 3002
f 3002 1195 1212
f 1214 3004 3002
f 1218 3005 3006
f 1218 3006 1220
f 3004 1214 1216
f 3004 1216 3006
f 3006 1216 1220
f 3005 1218 3001
f 3001 1218 1190
f 3007 3008 1234
f 1234 3008 3001
f 1234 3001 1190
f 3007 1234 1232
f 3007 1232 3009
f 3000 3009 1241
f 1232 1237 3009
f 3009 1237 1241
f 3000 1239 3010
f 3000 1241 1239
f 1242 3011 1239
f 1239 3011 3010
f 1263 3012 1242
f 1242 3012 3011
f 1271 3013 3014
f 1271 3014 1261
f 1261 3014 3012
f 1261 3012 1263
f 1264 3015 3016
f 1264 3016 1265
f 1265 3016 3017
f 1265 3017 3018
f 1271 1269 3013
f 3013 1269 3018
f 3018 1269 1267
f 3018 1267 1265
f 3015 1264 3019
f 3019 1264 1188
f 3019 1188 3020
f 3020 1188 1187
f 3020 1187 3021
f 3021 1187 1287
f 3021 1287 2999
f 2999 1287 1289
f 2999 1289 1291
f 3022 3023 1300
f 1300 3023 1302
f 1302 3023 3024
f 1302 3024 1303
f 1303 3024 3025
f 1303 3025 2999
f 1298 3026 1300
f 1300 3026 3027
f 1300 3027 3022
f 3028 3029 1320
f 1320 3029 3026
f 1320 3026 1321
f 1321 3026 1298
f 3028 1320 3030
f 3030 1320 1318
f 3030 1318 3031
f 3031 1318 3032
f 3032 1318 1316
f 3032 1316 1314
f 3032 1314 1327
f 3032 1327 3033
f 3033 1327 1347
f 3033 1347 3034
f 3034 1347 3035
f 3035 1347 1346
f 3035 1346 3036
f 3036 1346 1344
f 3036 1344 1342
f 3037 3038 1342
f 1342 3038 3039
f 1342 3039 3036
f 3040 3041 1378
f 1378 3041 1359
f 1342 1340 3037
f 3037 1340 1349
f 3037 1349 3041
f 3041 1349 1348
f 3041 1348 1359
f 3040 1378 3042
f 3042 1378 1377
f 3042 1377 3043
f 3043 1377 1375
f 3043 1375 1373
f 3044 3045 1369
f 1373 1371 3043
f 3043 1371 1369
f 3043 1369 3046
f 3046 1369 3045
f 1368 3047 3048
f 3048 3049 1368
f 1368 3049 3050
f 1368 3050 1369
f 1369 3050 3051
f 1369 3051 3044
f 1394 2998 1392
f 1368 1185 3047
f 3047 1185 1184
f 3047 1184 2998
f 2998 1184 1390
f 2998 1390 1392
f 2997 1394 2996
f 2996 1394 1396
f 2995 1396 3052
f 3052 1396 3053
f 3053 1396 1408
f 3053 1408 3054
f 1409 2994 1410
f 3054 1408 3055
f 3055 1408 1405
f 3055 1405 3056
f 3056 1405 2994
f 2994 1405 1410
f 2994 1409 1411
f 2994 1411 3057
f 3057 1411 1412
f 1415 3058 1413
f 1413 3058 3059
f 1413 3059 1412
f 1412 3059 3057
f 3058 1415 1418
f 1418 3060 3061
f 1418 3061 3058
f 3060 1418 3062
f 3062 1418 1420
f 3062 1420 3063
f 1420 1422 3063
f 1424 3064 3063
f 1424 3063 1422
f 3065 1425 1428
f 3065 1428 47
f 1425 3065 3066
f 1425 3066 3067
f 1425 3067 1424
f 1424 3067 3064
f 47 46 3065
f 3068 3069 3070
f 3071 3072 3073
f 3082 3083 3081
f 3085 3065 3084
f 351 3003 329
f 329 3003 328
f 330 328 3086
f 330 3086 314
f 288 287 3087
f 287 286 3087
f 3087 286 314
f 292 293 288
f 288 293 301
f 291 299 3088
f 3089 289 291
f 3090 294 290
f 296 295 3090
f 3090 295 294
f 3092 285 3093
f 3097 3096 3098
f 3097 3098 3091
f 328 3003 3086
f 3086 3003 3002
f 3086 3002 3004
f 3086 3004 3099
f 3099 3004 3006
f 3099 3006 3100
f 3100 3006 3005
f 3100 3005 3101
f 3101 3005 3001
f 3101 3001 3102
f 3102 3001 3103
f 3104 3105 3106
f 3106 3105 3093
f 3106 3093 3074
f 3074 3093 285
f 3074 285 296
f 3107 3108 3104
f 3104 3108 3105
f 3103 3001 3008
f 3103 3008 3007
f 3103 3007 3109
f 3109 3007 3110
f 3110 3007 3009
f 3110 3009 3111
f 3111 3009 3000
f 3104 3112 3107
f 3107 3112 3113
f 3107 3113 3114
f 3114 3113 3115
f 3114 3115 3116
f 3116 3115 3117
f 3116 3117 3118
f 3118 3117 3119
f 3118 3119 3120
f 3120 3119 3121
f 3120 3121 3122
f 3122 3121 3123
f 3122 3123 3124
f 3124 3123 3125
f 3111 3000 3010
f 3111 3010 3126
f 3127 3128 3125
f 3125 3128 3129
f 3125 3129 3124
f 3010 3011 3126
f 3126 3011 3012
f 3126 3012 3130
f 3130 3012 3131
f 3012 3014 3131
f 3131 3014 3013
f 3131 3013 3132
f 3132 3013 3133
f 3125 3134 3127
f 3127 3134 3135
f 3127 3135 3136
f 3136 3135 3137
f 3136 3137 3138
f 3138 3137 3139
f 3138 3139 3140
f 3140 3139 3141
f 3140 3141 3142
f 3142 3141 3143
f 3013 3018 3133
f 3133 3018 3017
f 3133 3017 3144
f 3144 3017 3016
f 3144 3016 3145
f 3145 3016 3015
f 3145 3015 3146
f 3146 3015 3019
f 3146 3019 3020
f 3021 3147 3020
f 3020 3147 3148
f 3020 3148 3146
f 3149 3150 3151
f 3151 3150 3152
f 3151 3152 3153
f 3153 3152 3154
f 3153 3154 3155
f 3155 3154 3156
f 3155 3156 3143
f 3143 3156 3157
f 3143 3157 3142
f 3158 3159 3149
f 3149 3159 3160
f 3149 3160 3150
f 3021 2999 3147
f 3147 2999 3025
f 3147 3025 3161
f 3161 3025 3024
f 3161 3024 3162
f 3149 3163 3158
f 3158 3163 3164
f 3158 3164 3165
f 3165 3164 3166
f 3024 3023 3162
f 3162 3023 3022
f 3162 3022 3167
f 3167 3022 3027
f 3167 3027 3168
f 3166 3164 3169
f 3169 3164 3170
f 3169 3170 3171
f 3027 3026 3168
f 3168 3026 3029
f 3168 3029 3172
f 3172 3029 3173
f 3174 3175 3176
f 3176 3175 3177
f 3176 3177 3178
f 3178 3177 3179
f 3178 3179 3171
f 3171 3179 3180
f 3171 3180 3169
f 3029 3028 3173
f 3173 3028 3030
f 3173 3030 3031
f 3032 3181 3031
f 3031 3181 3182
f 3031 3182 3173
f 3174 3176 3073
f 3073 3176 3183
f 3073 3183 3071
f 3072 3071 3184
f 3072 3184 3185
f 3032 3033 3181
f 3181 3033 3034
f 3181 3034 3186
f 3186 3034 3035
f 3186 3035 3187
f 3187 3035 3036
f 3187 3036 3188
f 3185 3184 3189
f 3189 3184 3190
f 3189 3190 3191
f 3189 3191 3192
f 3036 3039 3188
f 3188 3039 3038
f 3188 3038 3193
f 3193 3038 3037
f 3193 3037 3194
f 3194 3037 3195
f 3192 3191 3196
f 3196 3191 3197
f 3196 3197 3198
f 3198 3197 3199
f 3198 3199 3200
f 3200 3199 3201
f 3200 3201 3202
f 3037 3041 3195
f 3195 3041 3040
f 3195 3040 3203
f 3203 3040 3042
f 3043 3204 3042
f 3042 3204 3205
f 3042 3205 3203
f 3206 3207 3208
f 3208 3207 3209
f 3208 3209 3210
f 3210 3209 3211
f 3210 3211 3212
f 3212 3211 3213
f 3213 3211 3214
f 3213 3214 3201
f 3201 3214 3215
f 3201 3215 3202
f 3206 3208 3070
f 3070 3208 3216
f 3070 3216 3068
f 3043 3046 3204
f 3204 3046 3045
f 3204 3045 3217
f 3217 3045 3044
f 3217 3044 3218
f 3218 3044 3051
f 3218 3051 3219
f 3219 3051 3050
f 3219 3050 3220
f 3069 3068 3221
f 3221 3068 3222
f 3221 3222 3223
f 3223 3222 3224
f 3223 3224 3225
f 3050 3049 3220
f 3220 3049 3048
f 3220 3048 3226
f 3226 3048 3047
f 3226 3047 3227
f 3227 3047 2998
f 3227 2998 3228
f 2998 2997 3228
f 3228 2997 2996
f 3228 2996 3229
f 3225 3224 3230
f 3230 3224 3231
f 3230 3231 3232
f 3232 3231 3233
f 3232 3233 3234
f 3234 3233 3235
f 3234 3235 3236
f 2996 2995 3229
f 3229 2995 3052
f 3229 3052 3237
f 3052 3053 3237
f 3237 3053 3054
f 3237 3054 3238
f 3238 3054 3055
f 3238 3055 3239
f 3055 3056 3239
f 3239 3056 2994
f 3239 2994 3240
f 3240 2994 3241
f 3241 2994 3057
f 3241 3057 3242
f 3242 3057 3059
f 3242 3059 3058
f 3058 3061 3243
f 3243 3061 3060
f 3243 3060 3244
f 3060 3062 3244
f 3244 3062 3063
f 3244 3063 3245
f 3245 3063 3246
f 3246 3063 3064
f 3246 3064 3067
f 3067 3247 3246
f 3247 3067 3066
f 3247 3066 3085
f 3085 3066 3065
f 314 3086 3087
f 3087 3086 3099
f 3087 3099 3248
f 3248 3099 3100
f 3248 3100 3101
f 3248 3101 3249
f 3249 3101 3250
f 3250 3101 3102
f 3250 3102 3103
f 3250 3103 3251
f 3251 3103 3109
f 3251 3109 3110
f 3251 3110 3252
f 3252 3110 3111
f 3252 3111 3253
f 3253 3111 3254
f 3254 3111 3126
f 3254 3126 3255
f 3255 3126 3130
f 3255 3130 3256
f 3256 3130 3131
f 3256 3131 3257
f 3257 3131 3132
f 3257 3132 3258
f 3258 3132 3133
f 3258 3133 3259
f 3259 3133 3144
f 3259 3144 3260
f 3260 3144 3145
f 3260 3145 3261
f 3261 3145 3146
f 3261 3146 3262
f 3262 3146 3148
f 3262 3148 3263
f 3263 3148 3147
f 3263 3147 3264
f 3264 3147 3161
f 3264 3161 3265
f 3265 3161 3162
f 3265 3162 3266
f 3266 3162 3167
f 3266 3167 3267
f 3267 3167 3168
f 3267 3168 3268
f 3268 3168 3172
f 3268 3172 3269
f 3269 3172 3173
f 3269 3173 3270
f 3270 3173 3182
f 3270 3182 3271
f 3271 3182 3181
f 3271 3181 3272
f 3272 3181 3186
f 3272 3186 3273
f 3273 3186 3187
f 3273 3187 3274
f 3274 3187 3188
f 3274 3188 3275
f 3275 3188 3193
f 3275 3193 3276
f 3276 3193 3194
f 3276 3194 3277
f 3277 3194 3195
f 3277 3195 3278
f 3278 3195 3203
f 3278 3203 3279
f 3279 3203 3205
f 3279 3205 3280
f 3280 3205 3204
f 3280 3204 3281
f 3281 3204 3217
f 3281 3217 3282
f 3282 3217 3218
f 3282 3218 3283
f 3283 3218 3219
f 3283 3219 3284
f 3284 3219 3220
f 3284 3220 3285
f 3285 3220 3226
f 3285 3226 3286
f 3286 3226 3227
f 3286 3227 3287
f 3287 3227 3228
f 3287 3228 3288
f 3288 3228 3229
f 3288 3229 3289
f 3289 3229 3237
f 3289 3237 3290
f 3290 3237 3238
f 3290 3238 3291
f 3291 3238 3239
f 3239 3240 3292
f 3292 3240 3241
f 3292 3241 3242
f 3242 3058 3293
f 3293 3058 3243
f 288 3087 3248
f 288 3248 3294
f 3294 3248 3249
f 3294 3249 3250
f 3294 3250 3295
f 3295 3250 3296
f 3296 3250 3297
f 3297 3250 3251
f 3297 3251 3298
f 3298 3251 3252
f 3298 3252 3299
f 3299 3252 3300
f 3300 3252 3253
f 3300 3253 3254
f 3300 3254 3301
f 3301 3254 3302
f 3302 3254 3255
f 3302 3255 3303
f 3303 3255 3256
f 3303 3256 3304
f 3304 3256 3257
f 3304 3257 3305
f 3305 3257 3258
f 3305 3258 3306
f 3306 3258 3259
f 3306 3259 3307
f 3307 3259 3260
f 3307 3260 3308
f 3308 3260 3261
f 3308 3261 3309
f 3309 3261 3262
f 3309 3262 3310
f 3310 3262 3263
f 3310 3263 3311
f 3311 3263 3264
f 3311 3264 3312
f 3312 3264 3265
f 3312 3265 3313
f 3313 3265 3266
f 3313 3266 3314
f 3314 3266 3267
f 3314 3267 3315
f 3315 3267 3268
f 3315 3268 3316
f 3316 3268 3269
f 3316 3269 3317
f 3317 3269 3270
f 3317 3270 3318
f 3318 3270 3271
f 3318 3271 3319
f 3319 3271 3272
f 3319 3272 3320
f 3320 3272 3273
f 3320 3273 3321
f 3321 3273 3274
f 3321 3274 3322
f 3322 3274 3275
f 3322 3275 3323
f 3323 3275 3276
f 3323 3276 3324
f 3324 3276 3277
f 3324 3277 3325
f 3325 3277 3278
f 3325 3278 3326
f 3326 3278 3279
f 3326 3279 3327
f 3327 3279 3280
f 3327 3280 3328
f 3328 3280 3281
f 3328 3281 3329
f 3329 3281 3282
f 3329 3282 3330
f 3330 3282 3283
f 3330 3283 3331
f 3331 3283 3284
f 3331 3284 3332
f 3332 3284 3285
f 3332 3285 3333
f 3333 3285 3286
f 3333 3286 3334
f 3334 3286 3287
f 3334 3287 3335
f 3335 3287 3288
f 3335 3288 3336
f 3336 3288 3289
f 3336 3289 3337
f 3337 3289 3290
f 3337 3290 3338
f 3338 3290 3291
f 3338 3291 3339
f 3339 3291 3239
f 3339 3239 3340
f 3340 3239 3292
f 3340 3292 3341
f 3341 3292 3242
f 3341 3242 3342
f 3342 3242 3293
f 3343 3293 3243
f 3343 3243 3344
f 3344 3243 3244
f 3344 3244 3345
f 3345 3244 3245
f 3247 3085 3082
f 3082 3085 3084
f 3082 3084 3083
f 292 288 300
f 300 288 3294
f 300 3294 3346
f 3346 3294 3347
f 3347 3294 3295
f 3347 3295 3296
f 3347 3296 3348
f 3348 3296 3297
f 3348 3297 3349
f 3349 3297 3350
f 3350 3297 3351
f 3351 3297 3298
f 3351 3298 3299
f 3351 3299 3352
f 3352 3299 3300
f 3352 3300 3353
f 3353 3300 3354
f 3354 3300 3301
f 3354 3301 3355
f 3355 3301 3302
f 3355 3302 3356
f 3356 3302 3303
f 3356 3303 3357
f 3357 3303 3304
f 3357 3304 3358
f 3358 3304 3305
f 3358 3305 3359
f 3359 3305 3306
f 3359 3306 3360
f 3360 3306 3307
f 3360 3307 3361
f 3361 3307 3308
f 3361 3308 3362
f 3362 3308 3309
f 3362 3309 3363
f 3363 3309 3310
f 3363 3310 3364
f 3364 3310 3311
f 3364 3311 3365
f 3365 3311 3312
f 3365 3312 3366
f 3366 3312 3313
f 3366 3313 3367
f 3367 3313 3314
f 3367 3314 3368
f 3368 3314 3315
f 3368 3315 3369
f 3369 3315 3316
f 3369 3316 3370
f 3370 3316 3317
f 3370 3317 3371
f 3371 3317 3318
f 3371 3318 3372
f 3372 3318 3319
f 3372 3319 3373
f 3373 3319 3320
f 3373 3320 3374
f 3374 3320 3321
f 3374 3321 3375
f 3375 3321 3322
f 3375 3322 3376
f 3376 3322 3323
f 3376 3323 3377
f 3377 3323 3324
f 3377 3324 3378
f 3378 3324 3325
f 3378 3325 3379
f 3379 3325 3326
f 3379 3326 3380
f 3380 3326 3327
f 3380 3327 3381
f 3381 3327 3328
f 3381 3328 3382
f 3382 3328 3329
f 3382 3329 3383
f 3383 3329 3330
f 3383 3330 3384
f 3384 3330 3331
f 3384 3331 3385
f 3385 3331 3332
f 3385 3332 3386
f 3386 3332 3333
f 3386 3333 3387
f 3387 3333 3334
f 3387 3334 3388
f 3388 3334 3335
f 3388 3335 3389
f 3389 3335 3336
f 3389 3336 3390
f 3390 3336 3337
f 3390 3337 3391
f 3391 3337 3338
f 3391 3338 3392
f 3392 3338 3339
f 3392 3339 3393
f 3393 3339 3340
f 3393 3340 3394
f 3394 3340 3341
f 3394 3341 3395
f 3395 3341 3342
f 3395 3342 3396
f 3396 3342 3293
f 3396 3293 3343
f 3345 3245 3246
f 3345 3246 3397
f 3397 3246 3247
f 3397 3247 3398
f 3398 3247 3082
f 299 300 3346
f 299 3346 3088
f 3088 3346 3347
f 3088 3347 3399
f 3399 3347 3348
f 3399 3348 3400
f 3400 3348 3349
f 3400 3349 3401
f 3401 3349 3350
f 3401 3350 3402
f 3402 3350 3351
f 3402 3351 3403
f 3403 3351 3352
f 3403 3352 3404
f 3404 3352 3353
f 3404 3353 3405
f 3405 3353 3354
f 3405 3354 3406
f 3406 3354 3355
f 3406 3355 3407
f 3407 3355 3356
f 3407 3356 3408
f 3408 3356 3357
f 3408 3357 3409
f 3409 3357 3358
f 3409 3358 3410
f 3410 3358 3359
f 3410 3359 3411
f 3411 3359 3360
f 3411 3360 3412
f 3412 3360 3361
f 3412 3361 3413
f 3413 3361 3362
f 3413 3362 3414
f 3414 3362 3363
f 3414 3363 3415
f 3415 3363 3364
f 3415 3364 3416
f 3416 3364 3365
f 3416 3365 3417
f 3417 3365 3366
f 3417 3366 3418
f 3418 3366 3367
f 3418 3367 3419
f 3419 3367 3368
f 3419 3368 3420
f 3420 3368 3369
f 3420 3369 3421
f 3421 3369 3370
f 3421 3370 3422
f 3422 3370 3371
f 3422 3371 3423
f 3423 3371 3372
f 3423 3372 3424
f 3424 3372 3373
f 3424 3373 3425
f 3425 3373 3374
f 3425 3374 3426
f 3426 3374 3375
f 3426 3375 3427
f 3427 3375 3376
f 3427 3376 3428
f 3428 3376 3377
f 3428 3377 3429
f 3429 3377 3378
f 3429 3378 3430
f 3430 3378 3379
f 3430 3379 3431
f 3431 3379 3380
f 3431 3380 3432
f 3432 3380 3381
f 3432 3381 3433
f 3433 3381 3382
f 3433 3382 3434
f 3434 3382 3383
f 3434 3383 3435
f 3435 3383 3384
f 3435 3384 3436
f 3436 3384 3385
f 3436 3385 3437
f 3437 3385 3386
f 3437 3386 3438
f 3438 3386 3387
f 3438 3387 3439
f 3439 3387 3388
f 3439 3388 3440
f 3440 3388 3389
f 3440 3389 3441
f 3441 3389 3390
f 3441 3390 3442
f 3442 3390 3391
f 3442 3391 3443
f 3443 3391 3392
f 3443 3392 3444
f 3444 3392 3393
f 3444 3393 3445
f 3445 3393 3394
f 3445 3394 3446
f 3446 3394 3395
f 3446 3395 3447
f 3447 3395 3396
f 3448 3396 3343
f 3448 3343 3449
f 3449 3343 3344
f 291 3088 3089
f 3089 3088 3399
f 3089 3399 3450
f 3450 3399 3400
f 3450 3400 3451
f 3451 3400 3401
f 3451 3401 3452
f 3452 3401 3402
f 3452 3402 3453
f 3453 3402 3403
f 3453 3403 3454
f 3454 3403 3404
f 3454 3404 3455
f 3455 3404 3405
f 3455 3405 3456
f 3456 3405 3406
f 3456 3406 3457
f 3457 3406 3407
f 3457 3407 3458
f 3458 3407 3408
f 3458 3408 3459
f 3459 3408 3409
f 3459 3409 3460
f 3460 3409 3410
f 3460 3410 3461
f 3461 3410 3411
f 3461 3411 3462
f 3462 3411 3412
f 3462 3412 3463
f 3463 3412 3413
f 3463 3413 3464
f 3464 3413 3414
f 3464 3414 3465
f 3465 3414 3415
f 3465 3415 3466
f 3466 3415 3416
f 3466 3416 3467
f 3467 3416 3417
f 3467 3417 3468
f 3468 3417 3418
f 3468 3418 3469
f 3469 3418 3419
f 3469 3419 3470
f 3470 3419 3420
f 3470 3420 3471
f 3471 3420 3421
f 3471 3421 3472
f 3472 3421 3422
f 3472 3422 3473
f 3473 3422 3423
f 3473 3423 3474
f 3474 3423 3424
f 3474 3424 3475
f 3475 3424 3425
f 3475 3425 3476
f 3476 3425 3426
f 3476 3426 3477
f 3477 3426 3427
f 3477 3427 3478
f 3478 3427 3428
f 3478 3428 3479
f 3479 3428 3429
f 3479 3429 3480
f 3480 3429 3430
f 3480 3430 3481
f 3481 3430 3431
f 3481 3431 3482
f 3482 3431 3432
f 3482 3432 3483
f 3483 3432 3433
f 3483 3433 3484
f 3484 3433 3434
f 3484 3434 3485
f 3485 3434 3435
f 3485 3435 3486
f 3486 3435 3436
f 3486 3436 3487
f 3487 3436 3437
f 3487 3437 3488
f 3488 3437 3438
f 3488 3438 3489
f 3489 3438 3439
f 3489 3439 3490
f 3490 3439 3440
f 3490 3440 3491
f 3491 3440 3441
f 3491 3441 3492
f 3492 3441 3442
f 3492 3442 3493
f 3493 3442 3443
f 3493 3443 3494
f 3494 3443 3444
f 3494 3444 3495
f 3495 3444 3445
f 3495 3445 3496
f 3496 3445 3446
f 3446 3447 3497
f 3497 3447 3396
f 3497 3396 3498
f 3498 3396 3448
f 3498 3448 3449
f 3498 3449 3499
f 3499 3449 3344
f 3499 3344 3500
f 3500 3344 3345
f 3500 3345 3501
f 3501 3345 3397
f 3501 3397 3398
f 3501 3398 3079
f 3079 3398 3082
f 3079 3082 3080
f 3080 3082 3081
f 289 3089 290
f 290 3089 3502
f 3502 3089 3450
f 3502 3450 3503
f 3503 3450 3451
f 3503 3451 3504
f 3504 3451 3452
f 3504 3452 3505
f 3505 3452 3506
f 3506 3452 3453
f 3506 3453 3507
f 3507 3453 3454
f 3507 3454 3508
f 3508 3454 3455
f 3508 3455 3509
f 3509 3455 3456
f 3509 3456 3510
f 3510 3456 3457
f 3510 3457 3458
f 3510 3458 3511
f 3511 3458 3459
f 3511 3459 3512
f 3512 3459 3460
f 3512 3460 3513
f 3513 3460 3461
f 3513 3461 3514
f 3514 3461 3462
f 3514 3462 3515
f 3515 3462 3463
f 3515 3463 3516
f 3516 3463 3464
f 3516 3464 3517
f 3517 3464 3465
f 3517 3465 3518
f 3518 3465 3466
f 3518 3466 3519
f 3519 3466 3467
f 3519 3467 3520
f 3520 3467 3468
f 3520 3468 3521
f 3521 3468 3469
f 3521 3469 3522
f 3522 3469 3470
f 3522 3470 3523
f 3523 3470 3471
f 3523 3471 3524
f 3524 3471 3472
f 3524 3472 3525
f 3525 3472 3473
f 3525 3473 3526
f 3526 3473 3474
f 3526 3474 3527
f 3527 3474 3475
f 3527 3475 3528
f 3528 3475 3476
f 3528 3476 3529
f 3529 3476 3477
f 3529 3477 3530
f 3530 3477 3478
f 3530 3478 3531
f 3531 3478 3479
f 3531 3479 3532
f 3532 3479 3480
f 3532 3480 3533
f 3533 3480 3481
f 3533 3481 3534
f 3534 3481 3482
f 3534 3482 3535
f 3535 3482 3483
f 3535 3483 3536
f 3536 3483 3484
f 3536 3484 3537
f 3537 3484 3485
f 3537 3485 3538
f 3538 3485 3486
f 3538 3486 3539
f 3539 3486 3487
f 3539 3487 3540
f 3540 3487 3488
f 3540 3488 3541
f 3541 3488 3489
f 3541 3489 3542
f 3542 3489 3490
f 3542 3490 3543
f 3543 3490 3491
f 3543 3491 3544
f 3544 3491 3492
f 3544 3492 3545
f 3545 3492 3493
f 3545 3493 3546
f 3546 3493 3494
f 3546 3494 3547
f 3547 3494 3495
f 3547 3495 3548
f 3548 3495 3496
f 3548 3496 3549
f 3549 3496 3446
f 3549 3446 3497
f 3550 3497 3498
f 3550 3498 3551
f 3551 3498 3499
f 3079 3080 3077
f 290 3502 3090
f 3090 3502 3503
f 3090 3503 3552
f 3552 3503 3504
f 3552 3504 3553
f 3553 3504 3505
f 3553 3505 3554
f 3554 3505 3506
f 3554 3506 3555
f 3555 3506 3507
f 3555 3507 3508
f 3555 3508 3556
f 3556 3508 3509
f 3556 3509 3557
f 3557 3509 3510
f 3557 3510 3558
f 3558 3510 3559
f 3559 3510 3511
f 3559 3511 3560
f 3560 3511 3512
f 3560 3512 3561
f 3561 3512 3513
f 3561 3513 3562
f 3562 3513 3514
f 3562 3514 3563
f 3563 3514 3515
f 3563 3515 3564
f 3564 3515 3516
f 3564 3516 3565
f 3565 3516 3517
f 3565 3517 3566
f 3566 3517 3518
f 3566 3518 3567
f 3567 3518 3519
f 3567 3519 3568
f 3568 3519 3520
f 3568 3520 3569
f 3569 3520 3521
f 3569 3521 3570
f 3570 3521 3522
f 3570 3522 3571
f 3571 3522 3523
f 3571 3523 3572
f 3572 3523 3524
f 3572 3524 3573
f 3573 3524 3525
f 3573 3525 3574
f 3574 3525 3526
f 3574 3526 3575
f 3575 3526 3527
f 3575 3527 3576
f 3576 3527 3528
f 3576 3528 3577
f 3577 3528 3529
f 3577 3529 3578
f 3578 3529 3530
f 3578 3530 3579
f 3579 3530 3531
f 3579 3531 3580
f 3580 3531 3532
f 3580 3532 3581
f 3581 3532 3533
f 3581 3533 3582
f 3582 3533 3534
f 3582 3534 3583
f 3583 3534 3535
f 3583 3535 3584
f 3584 3535 3536
f 3584 3536 3585
f 3585 3536 3537
f 3585 3537 3586
f 3586 3537 3538
f 3586 3538 3587
f 3587 3538 3539
f 3587 3539 3588
f 3588 3539 3540
f 3588 3540 3589
f 3589 3540 3541
f 3589 3541 3590
f 3590 3541 3542
f 3590 3542 3591
f 3591 3542 3543
f 3591 3543 3592
f 3592 3543 3544
f 3592 3544 3593
f 3593 3544 3545
f 3593 3545 3594
f 3594 3545 3546
f 3594 3546 3595
f 3595 3546 3547
f 3595 3547 3596
f 3596 3547 3548
f 3596 3548 3597
f 3597 3548 3549
f 3597 3549 3598
f 3598 3549 3497
f 3598 3497 3599
f 3599 3497 3550
f 3550 3551 3600
f 3551 3499 3601
f 3601 3499 3500
f 3601 3500 3501
f 3602 3079 3077
f 3602 3077 3078
f 296 3090 3074
f 3074 3090 3552
f 3074 3552 3553
f 3074 3553 3106
f 3106 3553 3554
f 3106 3554 3104
f 3104 3554 3555
f 3104 3555 3112
f 3112 3555 3113
f 3113 3555 3556
f 3113 3556 3115
f 3115 3556 3557
f 3115 3557 3117
f 3117 3557 3558
f 3117 3558 3119
f 3119 3558 3559
f 3119 3559 3121
f 3121 3559 3560
f 3121 3560 3123
f 3123 3560 3561
f 3123 3561 3125
f 3125 3561 3562
f 3125 3562 3134
f 3134 3562 3563
f 3134 3563 3135
f 3135 3563 3564
f 3135 3564 3137
f 3137 3564 3565
f 3137 3565 3139
f 3139 3565 3566
f 3139 3566 3141
f 3141 3566 3567
f 3141 3567 3143
f 3143 3567 3568
f 3143 3568 3155
f 3155 3568 3569
f 3155 3569 3153
f 3153 3569 3570
f 3153 3570 3151
f 3151 3570 3571
f 3151 3571 3149
f 3149 3571 3572
f 3149 3572 3163
f 3163 3572 3573
f 3163 3573 3164
f 3164 3573 3574
f 3164 3574 3170
f 3170 3574 3575
f 3170 3575 3171
f 3171 3575 3576
f 3171 3576 3178
f 3178 3576 3577
f 3178 3577 3176
f 3176 3577 3578
f 3176 3578 3183
f 3183 3578 3579
f 3183 3579 3071
f 3071 3579 3580
f 3071 3580 3184
f 3184 3580 3581
f 3184 3581 3190
f 3190 3581 3582
f 3190 3582 3191
f 3191 3582 3583
f 3191 3583 3197
f 3197 3583 3584
f 3197 3584 3199
f 3199 3584 3585
f 3199 3585 3201
f 3201 3585 3586
f 3201 3586 3213
f 3213 3586 3587
f 3213 3587 3212
f 3212 3587 3588
f 3212 3588 3210
f 3210 3588 3589
f 3210 3589 3208
f 3208 3589 3590
f 3208 3590 3216
f 3216 3590 3591
f 3216 3591 3068
f 3068 3591 3592
f 3068 3592 3222
f 3222 3592 3593
f 3222 3593 3224
f 3224 3593 3594
f 3224 3594 3231
f 3231 3594 3595
f 3231 3595 3233
f 3233 3595 3596
f 3233 3596 3235
f 3235 3596 3597
f 3235 3597 3603
f 3603 3597 3598
f 3603 3598 3604
f 3604 3598 3599
f 3604 3599 3605
f 3605 3599 3550
f 3605 3550 3600
f 3605 3600 3606
f 3606 3600 3551
f 3606 3551 3601
f 3607 3601 3501
f 3607 3501 3079
f 3607 3079 3602
f 3602 3078 3075
f 3236 3235 3603
f 3236 3603 3608
f 3608 3603 3604
f 3608 3604 3609
f 3609 3604 3605
f 3609 3605 3610
f 3610 3605 3611
f 3611 3605 3606
f 3606 3601 3612
f 3612 3601 3607
f 3602 3075 3076
f 3613 3614 3615
f 3615 3616 3613
f 3613 3616 3617
f 3613 3618 3614
f 3618 3613 3619
f 3619 3613 3617
f 3619 3617 3620
f 3620 3617 2414
f 3620 2414 3621
f 3621 2414 2413
f 3621 2413 3622
f 316 290 3098
f 3098 290 297
f 323 322 3094
f 2413 331 3622
f 3622 331 326
f 3622 326 3094
f 3094 326 323
f 319 317 3098
f 322 321 3094
f 3094 321 319
f 3094 319 3098
f 3098 317 316
f 3623 3624 2409
f 2409 3624 3625
f 2409 3625 2408
f 3623 2409 3617
f 3617 2409 2410
f 3617 2410 2411
f 2411 2412 3617
f 3617 2412 2415
f 3617 2415 2414
f 2124 2318 3626
f 3626 2318 3627
f 3627 2318 2329
f 3627 2329 3628
f 3628 2329 2350
f 3628 2350 3629
f 3629 2350 2349
f 3629 2349 3625
f 3625 2349 2348
f 3625 2348 2408
f 3632 3633 2304
f 2304 3633 3634
f 3626 3635 2124
f 2124 3635 3636
f 2124 3636 2125
f 2125 3636 3632
f 2125 3632 2303
f 2303 3632 2304
f 3634 3630 3631
f 3630 3637 3631
f 3631 3637 3638
f 3638 3637 3639
f 3639 3637 3640
f 3639 3640 3641
f 3634 3631 2304
f 2304 3631 3642
f 2304 3642 3643
f 3644 2191 3645
f 3645 2191 2192
f 3645 2192 3646
f 3646 2192 2129
f 3646 2129 3643
f 3643 2129 2128
f 3643 2128 2304
f 3647 2178 3648
f 3648 2178 3649
f 3649 2178 2177
f 3649 2177 3644
f 3644 2177 2189
f 3644 2189 2191
f 2171 2173 3647
f 3647 2173 2175
f 3647 2175 2178
f 2148 2158 3650
f 3650 2158 2157
f 3650 2157 3647
f 3647 2157 2156
f 3647 2156 2171
f 3651 395 3652
f 395 2152 3652
f 3652 2152 3653
f 3653 2152 3650
f 3650 2152 2150
f 3650 2150 2148
f 385 3654 3655
f 385 386 3654
f 3654 386 3656
f 3656 386 3657
f 3657 386 395
f 3657 395 3651
f 371 3655 3658
f 3655 371 372
f 3655 372 384
f 3655 384 385
f 432 431 2084
f 2084 431 429
f 3659 3660 3661
f 3659 3662 3660
f 3660 433 3661
f 2084 3661 433
f 2084 433 432
f 2084 399 3661
f 3661 399 371
f 3661 371 3658
f 2095 426 424
f 2095 424 423
f 2095 423 2096
f 2084 429 2083
f 2083 429 426
f 2083 426 2095
f 423 420 2096
f 2096 420 2097
f 2097 420 421
f 421 408 2097
f 2097 408 2098
f 2098 408 414
f 2098 414 2099
f 2099 414 413
f 2099 413 2100
f 2100 413 412
f 2100 412 2101
f 2101 412 402
f 2101 402 404
f 3640 3663 3641
f 3641 3663 3664
f 3641 3664 3665
f 3665 3664 3666
f 3665 3666 3667
f 3667 3666 3668
f 3667 3668 3669
f 3669 3668 3670
f 3669 3670 3671
f 3669 3671 3672
f 3672 3671 3673
f 3673 3674 3672
f 3672 3674 3675
f 3672 3675 3676
f 3676 3675 3677
f 3676 3677 3678
f 3676 3678 3679
f 3676 3679 3680
f 3676 3680 3681
f 3681 3680 3682
f 3688 3644 3645
f 3690 3691 3692
f 3693 3695 3694
f 3697 3698 3699
f 3699 3698 3700
f 3700 3698 3696
f 3695 3701 3702
f 3702 3701 3696
f 3693 3694 3691
f 3682 3690 3692
f 62 434 3703
f 3703 434 3704
f 433 3660 3704
f 3704 434 433
f 3662 3705 3706
f 3705 3689 3706
f 3710 3669 3672
f 3672 3676 3692
f 3692 3676 3681
f 3692 3681 3682
f 3711 3712 3708
f 3708 3712 3709
f 3709 3713 3714
f 3714 3713 3715
f 3714 3715 3716
f 3717 3718 3716
f 3669 3710 3667
f 3718 3717 3719
f 3718 3719 3720
f 3639 3641 3665
f 3720 3722 3723
f 3723 3722 3724
f 3723 3724 3725
f 3643 3642 3726
f 3726 3642 3631
f 3726 3631 3721
f 3721 3631 3638
f 3721 3638 3639
f 3728 3729 3730
f 3646 3643 3645
f 3644 3688 3649
f 3649 3688 3731
f 3649 3731 3648
f 3648 3731 3647
f 3650 3647 3653
f 3730 3732 3733
f 3733 3732 3734
f 3734 3735 3736
f 3736 3735 3737
f 3735 3738 3737
f 3737 3738 3739
f 3737 3739 3740
f 3652 3741 3651
f 3708 3709 3742
f 3742 3709 3714
f 3714 3716 3743
f 3743 3716 3718
f 3718 3720 3744
f 3744 3720 3723
f 3723 3725 3745
f 3745 3725 3727
f 3728 3730 3746
f 3746 3730 3733
f 3746 3733 3747
f 3747 3733 3734
f 3747 3734 3748
f 3748 3734 3736
f 3736 3737 3749
f 3749 3737 3740
f 3749 3740 3750
f 3750 3740 3687
f 3698 3711 3708
f 3698 3708 3696
f 3696 3708 3702
f 3702 3708 3742
f 3718 3744 3751
f 3751 3744 3723
f 3745 3727 3752
f 3752 3727 3728
f 3752 3728 3753
f 3753 3728 3746
f 3748 3736 3754
f 3754 3736 3749
f 3750 3687 3755
f 3743 3718 3756
f 3756 3718 3751
f 3752 3753 3757
f 3757 3753 3746
f 3746 3747 3758
f 3758 3747 3748
f 3748 3754 3759
f 3759 3754 3749
f 3759 3749 3760
f 3760 3749 3750
f 3695 3702 3694
f 3694 3702 3742
f 3694 3742 3761
f 3761 3742 3714
f 3761 3714 3762
f 3762 3714 3743
f 3762 3743 3763
f 3763 3743 3756
f 3756 3751 3764
f 3764 3751 3723
f 3764 3723 3765
f 3765 3723 3745
f 3752 3757 3766
f 3766 3757 3746
f 3766 3746 3767
f 3767 3746 3758
f 3767 3758 3768
f 3768 3758 3748
f 3759 3760 3769
f 3769 3760 3750
f 3769 3750 3770
f 3770 3750 3755
f 3770 3755 3771
f 3761 3762 3772
f 3772 3762 3763
f 3756 3764 3773
f 3773 3764 3765
f 3773 3765 3774
f 3774 3765 3745
f 3774 3745 3775
f 3775 3745 3752
f 3775 3752 3776
f 3776 3752 3766
f 3776 3766 3777
f 3777 3766 3767
f 3777 3767 3778
f 3778 3767 3768
f 3768 3748 3779
f 3779 3748 3759
f 3769 3770 3780
f 3780 3770 3771
f 3780 3771 3781
f 3691 3694 3692
f 3692 3694 3761
f 3692 3761 3672
f 3672 3761 3772
f 3772 3763 3782
f 3782 3763 3756
f 3782 3756 3783
f 3783 3756 3773
f 3774 3775 3784
f 3784 3775 3776
f 3784 3776 3643
f 3643 3776 3777
f 3778 3768 3731
f 3731 3768 3779
f 3731 3779 3647
f 3647 3779 3759
f 3769 3780 3741
f 3741 3780 3781
f 3672 3772 3710
f 3710 3772 3782
f 3782 3783 3665
f 3665 3783 3773
f 3665 3773 3785
f 3785 3773 3774
f 3785 3774 3721
f 3721 3774 3784
f 3721 3784 3726
f 3726 3784 3643
f 3643 3777 3645
f 3645 3777 3778
f 3647 3759 3653
f 3653 3759 3769
f 3710 3782 3667
f 3667 3782 3665
f 3665 3785 3639
f 3639 3785 3721
f 3645 3778 3688
f 3688 3778 3731
f 3653 3769 3652
f 3652 3769 3741
f 3786 3781 3771
f 3786 3771 3755
f 3786 3755 3687
f 3654 3656 3781
f 3781 3656 3657
f 3781 3657 3741
f 3741 3657 3651
f 3655 3654 3787
f 3787 3654 3781
f 3787 3781 3786
f 3787 3786 3788
f 3788 3786 3789
f 3789 3786 3687
f 3790 3791 3792
f 3793 3655 3787
f 3792 3788 3789
f 3792 3789 3790
f 3794 3793 3787
f 3794 3787 3788
f 3794 3788 3795
f 3795 3788 3792
f 3686 3792 3791
f 3795 3792 3684
f 3684 3792 3686
f 3658 3655 3793
f 3658 3793 3683
f 3683 3793 3794
f 3683 3794 3796
f 3796 3794 3795
f 3796 3795 3685
f 3685 3795 3684
f 3661 3658 3683
f 3797 3683 3796
f 3797 3796 3685
f 3659 3661 3683
f 3659 3683 3798
f 3798 3683 3707
f 3707 3683 3797
f 3662 3659 3798
f 3662 3798 3705
f 3705 3798 3689
f 3689 3798 3707
f 3697 3799 976
f 3801 436 435
f 3802 3803 3804
f 3801 435 3805
f 3801 3805 3804
f 3804 3805 3802
f 3807 3806 3808
f 3807 3809 3806
f 3806 3809 3803
f 3803 3809 3804
f 3810 3811 3812
f 3812 3811 3808
f 3808 3811 3807
f 3813 3810 3812
f 1049 3815 1048
f 1048 3815 3814
f 3816 3684 3814
f 3813 3818 3810
f 3810 3818 3819
f 3819 3818 3820
f 3819 3820 3821
f 3821 3820 3822
f 3821 3822 3816
f 3816 3822 3817
f 3816 3817 3684
f 3817 3823 3684
f 3823 3824 3684
f 3684 3824 3685
f 1049 3825 3815
f 3825 1049 3800
f 3800 1049 957
f 3800 957 956
f 1048 3814 3684
f 1048 3684 1047
f 1047 3684 3686
f 3789 958 1044
f 1047 3686 1045
f 1045 3686 3791
f 1045 3791 1044
f 1044 3791 3790
f 1044 3790 3789
f 958 3789 959
f 959 3789 3687
f 959 3687 3740
f 959 3740 1035
f 1035 3740 3739
f 1035 3739 1036
f 1014 1013 3727
f 1036 3739 1034
f 1034 3739 3738
f 1034 3738 1025
f 1025 3738 3735
f 1025 3735 1023
f 1023 3735 3734
f 1023 3734 1022
f 1022 3734 3732
f 1022 3732 1019
f 1019 3732 3730
f 1019 3730 1020
f 1020 3730 3729
f 1020 3729 3728
f 3727 1013 3728
f 3728 1013 1012
f 3728 1012 1020
f 3727 3725 1014
f 1014 3725 3724
f 1014 3724 1015
f 1015 3724 1016
f 3724 3722 1016
f 1016 3722 3720
f 1016 3720 1004
f 1004 3720 3719
f 1004 3719 1005
f 1005 3719 999
f 999 3719 3717
f 994 992 3716
f 3716 992 991
f 3716 991 3717
f 3717 991 999
f 3716 3715 994
f 994 3715 3713
f 994 3713 987
f 987 3713 3709
f 987 3709 986
f 986 3709 985
f 976 3799 984
f 3826 3827 3828
f 3828 3827 3829
f 3828 3829 3799
f 3799 3829 3830
f 3799 3830 984
f 3709 3712 985
f 985 3712 3711
f 985 3711 976
f 976 3711 3698
f 976 3698 3697
f 3685 3824 3831
f 3685 3831 3797
f 3797 3831 3707
f 3831 3832 3707
f 2565 2564 3834
f 1386 1382 3835
f 2598 968 3836
f 3836 968 975
f 968 2598 2989
f 968 2989 2980
f 2980 2970 968
f 968 2970 2544
f 968 2544 2543
f 3837 3838 2601
f 2601 3838 3839
f 2601 3839 3840
f 2601 3840 2599
f 2599 3840 2961
f 2961 3840 2960
f 2948 3841 2543
f 2543 3841 3842
f 2543 3842 3843
f 2948 2957 3841
f 3841 2957 2958
f 3841 2958 3840
f 3840 2958 2959
f 3840 2959 2960
f 3844 3845 2543
f 3843 3846 2543
f 2543 3846 3847
f 2543 3847 3848
f 2543 3848 3844
f 3845 3849 2543
f 2543 3849 3850
f 3850 3851 2543
f 2543 3851 3852
f 2543 3852 968
f 968 3852 3853
f 3853 3854 968
f 968 3854 3855
f 3856 1175 963
f 963 961 3856
f 3856 961 3857
f 3856 3857 965
f 3855 3858 968
f 968 3858 3859
f 968 3859 3860
f 3860 3859 3856
f 3860 3856 965
f 1160 3861 3862
f 1160 3862 1166
f 2601 3863 3864
f 2601 3864 3837
f 2601 3865 3863
f 3863 3865 3866
f 3863 3866 3862
f 3862 3866 1164
f 3862 1164 1166
f 3866 3867 1164
f 1164 3867 3868
f 3868 3869 1164
f 1164 3869 3870
f 1164 3870 1162
f 1162 3870 1169
f 3870 1204 1168
f 3870 1168 1169
f 3871 3872 3873
f 1191 3870 3874
f 1191 3874 1192
f 1192 3874 3875
f 1192 3875 158
f 3870 1191 1206
f 3870 1206 1205
f 1204 3870 1205
f 158 3875 1228
f 1228 3875 1227
f 3875 849 1227
f 1227 849 1225
f 848 1223 849
f 849 1223 1225
f 1223 848 1221
f 1221 848 3876
f 1221 3876 1229
f 1229 3876 3871
f 3872 3879 3880
f 3878 3872 3880
f 3877 3872 3878
f 3872 3877 3881
f 3881 3882 3872
f 3872 3882 3873
f 3883 3880 3879
f 3885 3884 3886
f 3886 3887 3885
f 3887 3888 3885
f 3888 3889 3885
f 3885 3889 3890
f 3890 3889 3891
f 3890 3891 3892
f 3892 3891 3893
f 3892 3893 3894
f 3894 3893 3895
f 3894 3895 3896
f 1229 3871 3873
f 1244 3873 1246
f 1229 3873 1244
f 1256 1254 791
f 791 1254 1253
f 1246 3873 1247
f 1247 3873 1249
f 1249 3873 791
f 1253 1251 791
f 791 1251 1249
f 1256 791 1257
f 1257 791 3898
f 1257 3898 3897
f 1257 3897 3899
f 1257 3899 3900
f 1257 3900 4
f 4 3901 1257
f 3884 3885 3902
f 3901 3884 3903
f 3903 3884 3902
f 3905 3904 3906
f 3908 3907 3909
f 3909 3907 3906
f 3907 3910 3906
f 3906 3910 3905
f 3904 3905 3911
f 3900 3899 3904
f 3900 3904 3912
f 3911 3913 3904
f 3904 3913 3912
f 3915 3914 3916
f 3915 3916 3917
f 3901 3903 1257
f 1257 3903 3918
f 1257 3918 3919
f 1257 3919 3920
f 1257 3920 1272
f 1272 3920 1274
f 3921 1278 1276
f 1274 3920 1276
f 1276 3920 3921
f 1278 3921 1279
f 1279 3921 3922
f 3922 5 1279
f 1279 5 3923
f 3923 3924 1279
f 1279 3924 3914
f 3914 3915 3926
f 3925 1279 3927
f 3914 3926 1279
f 1279 3926 3927
f 1279 3925 3928
f 1279 3928 3929
f 3929 3930 1279
f 3930 641 1279
f 641 3931 1279
f 3931 3932 1279
f 1279 3932 3933
f 1279 3933 3934
f 1279 3934 3935
f 1279 3935 3938
f 3936 3939 3935
f 3936 3937 3940
f 3939 3936 3940
f 3935 3939 3941
f 3941 3942 3935
f 3942 3938 3935
f 1292 1284 3938
f 3938 1284 1283
f 3938 1283 1279
f 3938 3943 1292
f 1292 3943 600
f 1292 600 599
f 599 3945 1292
f 1292 3945 2768
f 2768 3945 3944
f 2768 3944 3946
f 3946 3947 2768
f 2768 3947 2765
f 2768 2765 2766
f 2768 2770 1292
f 1292 2770 2771
f 1292 2771 2763
f 1292 2763 1293
f 1293 2763 1294
f 2763 2761 1294
f 1294 2761 2760
f 1294 2760 1304
f 1304 2760 2755
f 2753 1308 2755
f 2755 1308 1305
f 2755 1305 1304
f 2753 2751 1308
f 1308 2751 2750
f 1308 2750 1309
f 1309 2750 2743
f 1309 2743 1310
f 1310 2743 1311
f 2743 2742 1311
f 1311 2742 2741
f 1311 2741 1322
f 1330 3948 1331
f 2725 3948 1330
f 2725 1330 1325
f 2725 1325 2741
f 2741 1325 1323
f 2741 1323 1322
f 3948 3949 1331
f 1331 3949 3950
f 1331 3950 1334
f 1334 3950 3951
f 1334 3951 1335
f 1335 3951 1336
f 3951 3952 1336
f 1336 3952 3953
f 1336 3953 1350
f 1350 3953 3954
f 1350 3954 1351
f 1351 3954 1354
f 3954 3955 1354
f 1354 3955 3956
f 1354 3956 1355
f 1355 3956 3957
f 1355 3957 1356
f 1356 3957 1361
f 1366 1364 3958
f 3957 3959 1361
f 1361 3959 3958
f 1361 3958 1364
f 3958 3960 1366
f 1366 3960 3961
f 1366 3961 3962
f 1382 1380 3962
f 3962 1380 1379
f 3962 1379 1366
f 3835 1382 3963
f 1382 3962 3964
f 1382 3964 3963
f 3965 1387 3835
f 3835 1387 1386
f 3965 3966 1387
f 1387 3966 3967
f 1387 3967 3968
f 1400 1398 3968
f 3968 1398 1397
f 3968 1397 1387
f 1400 3968 1402
f 1402 3968 3969
f 1402 3969 3970
f 1778 1402 3971
f 3971 1402 3970
f 3971 3970 1202
f 3971 1781 1778
f 3971 1202 1784
f 3971 1784 1781
f 1781 1784 1731
f 1781 1731 1783
f 1781 1783 1782
f 3972 3937 3973
f 3973 3937 3974
f 3973 3974 2711
f 2711 3974 2563
f 3975 2565 3834
f 3975 3834 3976
f 3976 3834 3977
f 3976 3977 3978
f 3978 3977 3979
f 3978 3979 3980
f 3980 3979 3915
f 3980 3915 3981
f 3981 3915 3917
f 3895 3982 3896
f 3896 3982 2676
f 3896 2676 2678
f 3983 2654 3833
f 3983 3833 3984
f 3985 3984 3986
f 3985 3986 3987
f 3987 3986 3988
f 3987 3988 3989
f 3989 3988 3990
f 3989 3990 3909
f 3909 3990 3908
f 3883 3879 3991
f 3991 3879 3992
f 3991 3992 3993
f 3993 3995 3994
f 3994 3995 2630
f 975 3996 3836
f 3836 3996 3830
f 3836 3830 3997
f 3997 3830 3998
f 3997 3998 3999
f 3999 4000 3997
f 3997 4000 4001
f 926 925 4002
f 4002 925 4003
f 4002 4003 4004
f 4002 4004 4001
f 4001 4004 3997
f 588 587 4005
f 4006 4007 576
f 576 4007 4008
f 576 4008 4009
f 4008 4010 4009
f 4010 4011 4009
f 4009 4011 4012
f 588 4005 578
f 576 584 4006
f 4006 584 585
f 4006 585 4005
f 4005 585 578
f 594 4013 589
f 589 4013 4014
f 589 4014 587
f 587 4014 4005
f 542 4015 4016
f 542 4016 4017
f 4017 4018 542
f 542 4018 595
f 595 4018 4019
f 4019 4020 595
f 595 4020 592
f 4013 594 592
f 4013 592 4020
f 4021 4022 4023
f 4022 4021 4024
f 4024 4021 4025
f 4024 4025 4026
f 4026 4027 4024
f 4028 4029 4030
f 4030 4029 4024
f 4029 4028 4031
f 4029 4031 4032
f 4032 4031 4033
f 4032 4033 4034
f 4032 4034 932
f 932 4034 935
f 4035 553 547
f 4035 547 4036
f 553 4035 542
f 542 4035 4038
f 542 4038 4037
f 4037 4039 542
f 542 4039 4040
f 4024 4027 4015
f 4024 4015 4030
f 4030 4015 542
f 4030 542 4040
f 4041 4042 4043
f 4022 4044 4023
f 4023 4044 4045
f 4023 4045 4046
f 4046 4045 4047
f 4046 4047 4042
f 4042 4047 4043
f 4041 4043 4048
f 4041 4048 4049
f 4049 4048 4011
f 4011 4048 4012
f 4050 948 4051
f 4050 4052 948
f 4052 4053 561
f 4051 948 946
f 4051 946 941
f 4051 941 4054
f 941 939 4054
f 4054 939 937
f 4054 937 936
f 4054 936 4055
f 4055 936 4034
f 4034 936 943
f 4034 943 935
f 4036 547 4056
f 4056 547 552
f 4056 552 4057
f 552 551 4057
f 4057 551 555
f 4057 555 4058
f 4058 555 4059
f 555 554 4059
f 4059 554 558
f 4059 558 4060
f 4060 558 4061
f 4061 558 562
f 4061 562 561
f 4061 561 4053
f 564 952 567
f 567 952 950
f 567 950 561
f 561 950 948
f 561 948 4052
f 563 954 952
f 563 952 564
f 569 539 538
f 954 563 569
f 954 569 538
f 4009 4062 576
f 576 4062 4063
f 576 4063 577
f 577 4063 4064
f 577 4064 575
f 575 4064 4065
f 4065 596 573
f 575 4065 571
f 571 4065 573
f 597 596 4066
f 4066 596 4065
f 4066 4065 4067
f 4067 4065 4064
f 4067 4064 4068
f 4068 4064 4063
f 4009 4069 4070
f 4009 4070 4062
f 4062 4070 4063
f 4063 4070 4068
f 4069 4009 4071
f 4071 4009 4012
f 4071 4012 4048
f 4071 4048 4072
f 4072 4048 4043
f 4072 4043 4073
f 4043 4047 4073
f 4073 4047 4045
f 4073 4045 4074
f 4074 4044 4073
f 4073 4044 4075
f 4075 4076 4073
f 4076 4077 4073
f 4077 4078 4073
f 4073 4078 4079
f 4079 4080 4073
f 4073 4080 4083
f 4083 4080 4081
f 4081 4080 4082
f 4084 4085 4086
f 4086 4085 4087
f 4086 4087 4088
f 4088 4087 4089
f 4088 4089 4090
f 4090 4089 4091
f 4091 4089 4092
f 4093 4094 4095
f 4095 4096 4093
f 4093 4096 4091
f 4093 4091 4097
f 4097 4091 4092
f 4098 4099 4100
f 4096 4101 4091
f 4091 4101 4098
f 4091 4098 4102
f 4102 4098 4100
f 4101 4103 4098
f 4098 4103 4104
f 4098 4104 4099
f 4099 4104 4105
f 4099 4105 4106
f 4106 4105 4107
f 4106 4107 4108
f 4109 4110 4111
f 4109 4111 4112
f 4111 598 4112
f 4108 4113 4111
f 4111 4113 572
f 4111 572 598
f 4110 4114 4111
f 4111 4114 4108
f 4108 4114 4106
f 4106 4114 4115
f 4106 4115 4099
f 4116 4117 4118
f 4116 4118 4120
f 4123 4124 4125
f 4127 4128 4129
f 4129 4128 4130
f 4129 4130 4131
f 4132 4133 4134
f 4133 4132 4135
f 4133 4135 4136
f 4136 4135 4137
f 4136 4137 4138
f 4138 4137 4139
f 4139 4137 4140
f 4140 4137 4141
f 4141 4137 4142
f 4141 4142 4143
f 4144 4145 4143
f 4143 4145 4141
f 4144 4143 4146
f 4146 4147 4144
f 4144 4147 4123
f 4144 4123 4126
f 4123 4125 4126
f 4121 4122 4124
f 4124 4122 4125
f 4121 4148 4122
f 4121 4149 4148
f 4148 4149 4150
f 4150 4149 4151
f 4151 4149 4152
f 4153 4154 4151
f 4152 4155 4156
f 4152 4156 4151
f 4151 4156 4157
f 4151 4157 4153
f 4156 4155 4158
f 4158 4155 4159
f 4159 4155 4160
f 4132 4134 4128
f 4132 4128 4127
f 4132 4127 4161
f 4132 4161 4162
f 4162 4161 4163
f 4170 4171 4172
f 4172 4171 4173
f 4174 4175 4176
f 4178 4177 4179
f 4179 4177 4180
f 4179 4180 4181
f 4181 4180 4174
f 4174 4180 4182
f 4174 4182 4175
f 4177 4178 4183
f 4177 4183 4184
f 4185 4186 4183
f 4183 4186 4184
f 4188 4187 4189
f 4188 4189 4185
f 4185 4189 4186
f 4187 4188 4190
f 4187 4190 4191
f 4168 4169 4190
f 4190 4169 4191
f 4168 4192 4169
f 4192 4168 4193
f 4193 4168 4194
f 4194 4168 4195
f 4195 4168 4196
f 4168 4197 4196
f 4196 4197 4198
f 4197 4199 4198
f 4198 4199 4200
f 4200 4199 4201
f 4199 4202 4201
f 4201 4202 4203
f 4203 4202 4204
f 4203 4204 4205
f 4204 4202 4206
f 4206 4202 4207
f 4202 4208 4207
f 4207 4208 4209
f 4209 4208 4210
f 4210 4208 4211
f 4210 4211 4212
f 4212 4211 4213
f 4176 4214 4174
f 4174 4214 4172
f 4174 4172 4173
f 4174 4173 4215
f 4215 4173 4216
f 4215 4216 4217
f 4215 4217 4218
f 4215 4218 4219
f 4220 4221 4222
f 4220 4222 4221
f 4221 4223 4220
f 4220 4223 4224
f 4225 4226 4227
f 4228 4229 4230
f 4230 4229 4231
f 4230 4231 4232
f 4228 4230 4233
f 4233 4230 4234
f 4234 4230 4235
f 4235 4230 4236
f 4236 4230 4237
f 4237 4230 4238
f 4237 4238 4239
f 4240 4241 4238
f 4238 4241 4242
f 4238 4242 4239
f 4243 4241 4240
f 4244 4245 4243
f 4243 4245 4241
f 4246 4247 4248
f 4246 4248 4249
f 4249 4248 4250
f 4249 4250 4244
f 4244 4250 4245
f 4252 4251 4253
f 4252 4253 4254
f 4254 4253 4246
f 4246 4253 4247
f 4252 4255 4251
f 4251 4255 4256
f 4256 4255 4257
f 4257 4255 4258
f 4257 4258 4259
f 4259 4258 4260
f 4260 4258 4227
f 4260 4227 4226
f 4225 4227 4261
f 4261 4227 4262
f 4261 4262 4263
f 4263 4262 4264
f 4264 4262 4265
f 4265 4262 4266
f 4268 4267 4269
f 4270 4271 4232
f 4232 4271 4269
f 4232 4269 4267
f 4231 4272 4232
f 4232 4272 4270
f 4280 4281 4282
f 4280 4282 4283
f 4283 4282 4284
f 4283 4284 4285
f 4281 4280 4286
f 4286 4280 4287
f 4287 4280 4288
f 4289 4290 4288
f 4288 4290 4287
f 4292 4291 4289
f 4292 4289 4288
f 4293 4294 4295
f 4291 4292 4294
f 4291 4294 4293
f 4279 4295 4278
f 4293 4295 4279
f 4276 4277 4278
f 4278 4277 4296
f 4278 4296 4279
f 4297 4277 4276
f 4297 4276 4298
f 4276 4299 4298
f 4298 4299 4300
f 4299 4301 4300
f 4300 4301 4302
f 4302 4301 4303
f 4303 4301 4304
f 4304 4301 4305
f 4301 4306 4305
f 4305 4306 4307
f 4307 4306 4308
f 4309 4310 4311
f 4306 4311 4308
f 4308 4311 4312
f 4312 4311 4310
f 4309 4311 4313
f 4313 4311 4314
f 4315 4316 4314
f 4314 4316 4313
f 4315 4314 4317
f 4319 4318 4320
f 4320 4318 4285
f 4320 4285 4321
f 4284 4322 4285
f 4285 4322 4323
f 4285 4323 4324
f 4324 4325 4285
f 4285 4325 4321
f 4327 4329 4330
f 4327 4330 4326
f 4330 4327 4326
f 4326 4331 4330
f 4330 4331 4332
f 4333 4334 4335
f 4338 4336 4339
f 4346 4347 4348
f 4346 4349 4347
f 4347 4349 4350
f 4349 4351 4350
f 4352 4353 4354
f 4353 4351 4354
f 4354 4351 4349
f 4354 4355 4352
f 4357 4356 4354
f 4354 4356 4355
f 4356 4357 4358
f 4358 4359 4356
f 4358 4360 4359
f 4343 4345 4360
f 4360 4345 4361
f 4360 4361 4359
f 4343 4344 4345
f 4341 4342 4343
f 4343 4342 4344
f 4338 4340 4341
f 4341 4340 4342
f 4338 4339 4340
f 4336 4337 4339
f 4362 4337 4336
f 4336 4363 4362
f 4362 4363 4364
f 4364 4363 4365
f 4365 4363 4366
f 4363 4367 4366
f 4366 4367 4368
f 4346 4369 4370
f 4370 4371 4346
f 4346 4371 4335
f 4346 4335 4334
f 4348 4372 4346
f 4346 4372 4373
f 4346 4373 4369
f 4374 4375 4376
f 4376 4375 4377
f 4374 4376 4379
f 4379 4376 4378
f 4378 4380 4379
f 4394 4393 4395
f 4394 4395 4396
f 4397 4398 4399
f 4399 4398 4393
f 4399 4393 4394
f 4399 4400 4397
f 4401 4402 4403
f 4403 4402 4404
f 4404 4402 4399
f 4399 4402 4405
f 4399 4405 4400
f 4403 4406 4401
f 4409 4406 4403
f 4407 4408 4409
f 4409 4408 4406
f 4407 4392 4408
f 4391 4392 4407
f 4389 4390 4391
f 4391 4390 4410
f 4391 4410 4392
f 4386 4388 4389
f 4389 4388 4390
f 4386 4387 4388
f 4383 4385 4386
f 4386 4385 4387
f 4383 4384 4411
f 4383 4411 4385
f 4381 4382 4383
f 4383 4382 4412
f 4383 4412 4384
f 4413 4414 4415
f 4413 4415 4381
f 4381 4415 4416
f 4381 4416 4382
f 4396 4395 4417
f 46 4418 3065
f 3065 4418 4419
f 3065 4419 4420
f 4420 4421 3065
f 3065 4421 4422
f 4422 4421 4423
f 4424 4425 4426
f 4427 2527 2529
f 4139 4428 4429
f 4430 4431 4432
f 4193 4433 4434
f 4441 4442 4425
f 4424 4443 4425
f 4425 4443 4444
f 4425 4444 4441
f 4445 4446 4412
f 4448 4447 4449
f 4450 4451 4452
f 4452 4451 4453
f 4454 4456 4455
f 4455 4456 4450
f 4450 4456 4457
f 4450 4457 4451
f 4459 4401 4458
f 4458 4401 4460
f 4460 4454 4458
f 4458 4454 4455
f 4459 4402 4401
f 4461 4400 4405
f 4461 4405 4462
f 4462 4405 4402
f 4462 4402 4463
f 4463 4402 4459
f 4463 4459 4464
f 4465 4466 4461
f 4461 4466 4400
f 4467 4468 4465
f 4465 4468 4469
f 4465 4469 4466
f 4464 4459 4458
f 4464 4458 4470
f 4471 4472 4455
f 4455 4472 4473
f 4455 4473 4458
f 4458 4473 4470
f 4474 4352 4475
f 4475 4352 4476
f 4475 4476 4477
f 4475 4477 4478
f 4475 4478 4471
f 4474 4351 4353
f 4474 4353 4352
f 4350 4351 4479
f 4480 4481 4482
f 4482 4481 4350
f 4482 4350 4483
f 4484 4485 4480
f 4480 4485 4486
f 4480 4486 4481
f 4483 4350 4479
f 4483 4479 4487
f 4351 4474 4479
f 4479 4474 4488
f 4479 4488 4487
f 4490 4491 4475
f 4475 4491 4492
f 4475 4492 4474
f 4474 4492 4493
f 4474 4493 4488
f 4494 4437 4495
f 4494 4495 4496
f 4494 4496 4497
f 4497 4496 4489
f 4438 4498 4499
f 4438 4291 4437
f 4438 4499 4291
f 4501 4502 4435
f 4435 4502 4282
f 4435 4282 4436
f 4503 4504 4500
f 4500 4504 4505
f 4500 4505 4436
f 4500 4506 4503
f 4503 4506 4286
f 4503 4286 4507
f 4507 4286 4508
f 4508 4286 4287
f 4508 4287 4509
f 4509 4287 4510
f 4510 4287 4498
f 4510 4498 4438
f 4510 4438 4511
f 4513 4512 4514
f 4514 4512 4515
f 4517 4241 4516
f 4516 4241 4518
f 4518 4519 4516
f 4516 4519 4514
f 4514 4519 4520
f 4520 4521 4514
f 4514 4521 4513
f 4517 4516 4522
f 4517 4522 4434
f 4434 4523 4517
f 4433 4239 4434
f 4434 4239 4523
f 4524 4433 4525
f 4524 4526 4433
f 4433 4526 4239
f 4527 4528 4235
f 4527 4235 4525
f 4525 4235 4529
f 4525 4529 4524
f 4531 4530 4532
f 4531 4532 4533
f 4533 4532 4534
f 4533 4534 4527
f 4527 4534 4528
f 4522 4535 4536
f 4522 4536 4537
f 4522 4537 4434
f 4434 4537 4193
f 4538 4184 4539
f 4184 4540 4539
f 4540 4189 4539
f 4539 4189 4535
f 4535 4189 4541
f 4542 4543 4544
f 4543 4545 4544
f 4544 4545 4539
f 4539 4545 4538
f 4546 4547 4542
f 4542 4547 4543
f 4549 4550 4551
f 4552 4550 4548
f 4552 4548 4553
f 4553 4548 4150
f 4150 4548 4546
f 4150 4546 4554
f 4554 4555 4556
f 4556 4555 4557
f 4556 4557 4558
f 4559 4560 4561
f 4560 4562 4561
f 4561 4562 4563
f 4561 4563 4557
f 4557 4563 4558
f 4559 4564 4560
f 4432 4431 4565
f 4565 4431 4564
f 4566 4567 4432
f 4432 4567 4430
f 4428 4566 4568
f 4568 4566 4432
f 4569 4138 4570
f 4570 4138 4429
f 4429 4138 4139
f 4571 4572 4573
f 4573 4574 4571
f 4571 4574 4569
f 4571 4569 4570
f 4575 4576 4577
f 4577 4578 4575
f 4575 4578 4572
f 4572 4578 4573
f 4581 4582 4579
f 4579 4582 4583
f 4584 4585 4581
f 4581 4585 4586
f 4581 4586 4582
f 4587 4588 4589
f 4589 4588 4584
f 4584 4588 4590
f 4584 4590 4585
f 4587 4589 4591
f 4591 4589 4592
f 4591 4592 4593
f 4594 4595 4085
f 4596 4597 4598
f 4599 4600 4089
f 4601 4602 4603
f 2425 4604 2426
f 2426 4604 4602
f 2426 4602 2434
f 4606 4607 4605
f 4605 4607 4427
f 4608 4606 4609
f 4610 4611 4612
f 4612 4611 4608
f 4614 4613 4615
f 4614 4615 4610
f 4616 4617 4618
f 4618 4617 4613
f 4619 4620 4621
f 4621 4620 4616
f 4622 4623 4624
f 4624 4623 4619
f 4440 4625 4626
f 4626 4625 4622
f 4440 4627 4439
f 4628 4629 4627
f 4627 4629 4439
f 4630 4631 4632
f 4632 4631 4628
f 4628 4631 4633
f 4628 4633 4629
f 4427 2529 4605
f 4605 2529 2531
f 4605 2531 4634
f 4634 2531 2538
f 4634 2538 4635
f 4635 2538 2539
f 4635 2539 4636
f 4636 2539 2535
f 4636 2535 4637
f 4637 2535 2533
f 4637 2533 4638
f 4622 4624 4626
f 4626 4624 4639
f 4626 4639 4640
f 4640 4639 4641
f 4640 4641 4642
f 4642 4641 4643
f 4642 4643 4644
f 4644 4643 4645
f 4644 4645 4646
f 4646 4645 4647
f 4646 4647 4648
f 4648 4647 4649
f 4648 4649 4650
f 4440 4626 4627
f 4627 4626 4640
f 4627 4640 4628
f 4628 4640 4642
f 4628 4642 4632
f 4632 4642 4644
f 4632 4644 4630
f 4630 4644 4646
f 4630 4646 4651
f 4651 4646 4648
f 4651 4648 4652
f 4652 4648 4650
f 4652 4650 4653
f 4653 4654 4652
f 4652 4654 4655
f 4652 4655 4651
f 4651 4655 4656
f 4651 4656 4630
f 4630 4656 4657
f 4630 4657 4631
f 4658 4659 4653
f 4653 4659 4654
f 4660 4661 4662
f 4662 4661 4663
f 4662 4663 4664
f 4664 4663 4665
f 4649 4665 4650
f 4650 4665 4663
f 4650 4663 4653
f 4653 4663 4661
f 4653 4661 4658
f 4658 4661 4660
f 2533 2521 4638
f 4638 2521 4666
f 4666 2521 2526
f 4666 2526 4667
f 4667 2526 2524
f 4667 2524 4668
f 4668 2524 2513
f 4668 2513 4669
f 4670 4671 4660
f 4660 4671 4658
f 4672 4673 4674
f 4412 4675 4445
f 4445 4675 4443
f 4445 4443 4674
f 4674 4443 4424
f 4674 4424 4672
f 4672 4424 4426
f 4664 4673 4662
f 4662 4673 4672
f 4662 4672 4660
f 4660 4672 4426
f 4660 4426 4670
f 4670 4426 4425
f 4670 4425 4676
f 4676 4425 4442
f 2513 2520 4669
f 4669 2520 2516
f 4669 2516 4677
f 4677 2516 4678
f 4616 4618 4621
f 4621 4618 4679
f 4621 4679 4680
f 4680 4679 4681
f 4680 4681 4682
f 4682 4681 4683
f 4682 4683 4684
f 4684 4683 4685
f 4684 4685 4686
f 4686 4685 4687
f 4686 4687 4688
f 4688 4687 4689
f 4688 4689 4690
f 4690 4689 4691
f 4690 4691 4692
f 4692 4691 4693
f 4692 4693 4694
f 4694 4693 4695
f 4694 4695 4696
f 4696 4695 4697
f 4696 4697 4698
f 4698 4697 4452
f 4698 4452 4448
f 4448 4452 4453
f 4448 4453 4447
f 4619 4621 4624
f 4624 4621 4680
f 4624 4680 4639
f 4639 4680 4682
f 4639 4682 4641
f 4641 4682 4684
f 4641 4684 4643
f 4643 4684 4686
f 4643 4686 4645
f 4645 4686 4688
f 4645 4688 4647
f 4647 4688 4690
f 4647 4690 4649
f 4649 4690 4692
f 4649 4692 4665
f 4665 4692 4694
f 4665 4694 4664
f 4664 4694 4696
f 4664 4696 4673
f 4673 4696 4698
f 4673 4698 4674
f 4674 4698 4448
f 4674 4448 4445
f 4445 4448 4449
f 4445 4449 4446
f 2516 2511 4678
f 4678 2511 2512
f 4678 2512 2506
f 2503 4699 2506
f 2506 4699 4700
f 2506 4700 4678
f 2503 2501 4699
f 4699 2501 2505
f 4699 2505 4701
f 4701 2505 4702
f 2505 2504 4702
f 4702 2504 2497
f 4613 4614 4618
f 4618 4614 4703
f 4618 4703 4679
f 4679 4703 4704
f 4679 4704 4681
f 4681 4704 4705
f 4681 4705 4683
f 4683 4705 4706
f 4683 4706 4685
f 4685 4706 4707
f 4685 4707 4687
f 4687 4707 4708
f 4687 4708 4689
f 4689 4708 4709
f 4689 4709 4691
f 4691 4709 4710
f 4691 4710 4693
f 4693 4710 4711
f 4693 4711 4695
f 4695 4711 4712
f 4695 4712 4697
f 4697 4712 4713
f 4697 4713 4452
f 4452 4713 4714
f 4452 4714 4450
f 4450 4714 4715
f 4450 4715 4455
f 4455 4715 4716
f 4455 4716 4471
f 4471 4716 4717
f 4471 4717 4475
f 4475 4717 4497
f 4475 4497 4490
f 4490 4497 4489
f 2495 4718 2497
f 2497 4718 4719
f 2497 4719 4702
f 4437 4494 4438
f 4438 4494 4515
f 4438 4515 4511
f 4511 4515 4512
f 2495 2493 4718
f 4718 2493 2491
f 4718 2491 4720
f 4720 2491 2490
f 2488 4721 2490
f 2490 4721 4722
f 2490 4722 4720
f 2488 2486 4721
f 4721 2486 2484
f 4721 2484 4723
f 4723 2484 4724
f 2484 2482 4724
f 4724 2482 2480
f 4724 2480 2478
f 2476 4725 2478
f 2478 4725 4726
f 2478 4726 4724
f 4554 4546 4555
f 4555 4546 4542
f 4555 4542 4557
f 4557 4542 4544
f 4557 4544 4561
f 4561 4544 4539
f 4725 2476 2463
f 4725 2463 4727
f 4606 4605 4609
f 4609 4605 4634
f 4609 4634 4728
f 4728 4634 4635
f 4728 4635 4729
f 4729 4635 4636
f 4729 4636 4730
f 4730 4636 4637
f 4730 4637 4731
f 4731 4637 4638
f 4731 4638 4732
f 4732 4638 4666
f 4732 4666 4733
f 4733 4666 4667
f 4733 4667 4734
f 4734 4667 4668
f 4734 4668 4735
f 4735 4668 4669
f 4735 4669 4736
f 4736 4669 4677
f 4736 4677 4737
f 4737 4677 4678
f 4737 4678 4738
f 4738 4678 4700
f 4738 4700 4739
f 4739 4700 4699
f 4739 4699 4740
f 4740 4699 4701
f 4740 4701 4741
f 4741 4701 4702
f 4741 4702 4742
f 4742 4702 4719
f 4742 4719 4743
f 4743 4719 4718
f 4743 4718 4744
f 4744 4718 4720
f 4744 4720 4745
f 4745 4720 4722
f 4745 4722 4746
f 4746 4722 4721
f 4746 4721 4747
f 4747 4721 4723
f 4747 4723 4748
f 4748 4723 4724
f 4748 4724 4749
f 4749 4724 4726
f 4749 4726 4750
f 4750 4726 4725
f 4750 4725 4751
f 4751 4725 4727
f 4751 4727 4752
f 4608 4609 4612
f 4612 4609 4728
f 4612 4728 4753
f 4753 4728 4729
f 4753 4729 4754
f 4754 4729 4730
f 4754 4730 4755
f 4755 4730 4731
f 4755 4731 4756
f 4756 4731 4732
f 4756 4732 4757
f 4757 4732 4733
f 4757 4733 4734
f 4757 4734 4758
f 4758 4734 4735
f 4758 4735 4759
f 4759 4735 4736
f 4759 4736 4760
f 4760 4736 4737
f 4760 4737 4761
f 4761 4737 4738
f 4761 4738 4762
f 4762 4738 4739
f 4762 4739 4763
f 4763 4739 4740
f 4763 4740 4764
f 4764 4740 4741
f 4764 4741 4765
f 4765 4741 4742
f 4765 4742 4766
f 4766 4742 4743
f 4766 4743 4767
f 4767 4743 4744
f 4767 4744 4768
f 4768 4744 4745
f 4768 4745 4769
f 4769 4745 4746
f 4769 4746 4770
f 4770 4746 4747
f 4770 4747 4771
f 4771 4747 4748
f 4771 4748 4772
f 4772 4748 4749
f 4772 4749 4773
f 4773 4749 4750
f 4773 4750 4774
f 4774 4750 4751
f 4774 4751 4775
f 4775 4751 4752
f 4775 4752 4565
f 4610 4612 4614
f 4614 4612 4753
f 4614 4753 4703
f 4703 4753 4754
f 4703 4754 4704
f 4704 4754 4755
f 4704 4755 4705
f 4705 4755 4756
f 4705 4756 4706
f 4706 4756 4757
f 4706 4757 4707
f 4707 4757 4708
f 4708 4757 4758
f 4708 4758 4709
f 4709 4758 4759
f 4709 4759 4710
f 4710 4759 4760
f 4710 4760 4711
f 4711 4760 4761
f 4711 4761 4712
f 4712 4761 4762
f 4712 4762 4713
f 4713 4762 4763
f 4713 4763 4714
f 4714 4763 4764
f 4714 4764 4715
f 4715 4764 4765
f 4715 4765 4716
f 4716 4765 4766
f 4716 4766 4717
f 4717 4766 4767
f 4717 4767 4497
f 4497 4767 4768
f 4497 4768 4494
f 4494 4768 4769
f 4494 4769 4515
f 4515 4769 4770
f 4515 4770 4514
f 4514 4770 4771
f 4514 4771 4516
f 4516 4771 4772
f 4516 4772 4522
f 4522 4772 4773
f 4522 4773 4535
f 4535 4773 4774
f 4535 4774 4539
f 4539 4774 4775
f 4539 4775 4561
f 4561 4775 4565
f 4561 4565 4559
f 4559 4565 4564
f 4776 4777 4778
f 4779 4776 4780
f 4777 2465 2468
f 4777 2468 4778
f 4778 2468 4781
f 4782 4576 4783
f 4783 4576 4575
f 4783 4575 4784
f 4784 4575 4572
f 4784 4572 4785
f 4785 4572 4571
f 4785 4571 4786
f 4786 4571 4570
f 4786 4570 4787
f 4787 4570 4429
f 2468 2470 4781
f 4781 2470 2472
f 4781 2472 2474
f 4787 4788 4786
f 4786 4788 4789
f 4786 4789 4785
f 4785 4789 4790
f 4785 4790 4784
f 4784 4790 4791
f 4784 4791 4783
f 4783 4791 4792
f 4783 4792 4782
f 2450 4793 2474
f 2474 4793 4794
f 2474 4794 4781
f 4795 4796 4792
f 4792 4796 4797
f 4792 4797 4782
f 4798 4799 4800
f 4801 4798 4802
f 4803 4801 4804
f 4805 4803 4806
f 2450 2452 4793
f 4793 2452 2454
f 4793 2454 4807
f 4807 2454 2456
f 4807 2456 4808
f 2456 2458 4808
f 4808 2458 2460
f 4808 2460 4809
f 4809 2460 4810
f 2460 2448 4810
f 4810 2448 2446
f 4810 2446 4811
f 4811 2446 4812
f 2446 2444 4812
f 4812 2444 2442
f 4812 2442 2440
f 4798 4800 4802
f 4802 4800 4813
f 4802 4813 4814
f 4814 4813 4815
f 4814 4815 4816
f 4816 4815 4817
f 4816 4817 4818
f 4816 4818 4819
f 4819 4818 4820
f 4819 4820 4821
f 4821 4820 4822
f 4821 4822 4823
f 4801 4802 4804
f 4804 4802 4814
f 4804 4814 4824
f 4824 4814 4816
f 4824 4816 4825
f 4825 4816 4826
f 4826 4816 4819
f 4826 4819 4827
f 4827 4819 4821
f 4827 4821 4828
f 4828 4821 4823
f 4828 4823 4829
f 4803 4804 4806
f 4806 4804 4824
f 4806 4824 4830
f 4830 4824 4825
f 4830 4825 4831
f 4831 4825 4826
f 4831 4826 4832
f 4832 4826 4827
f 4832 4827 4833
f 4833 4827 4828
f 4833 4828 4834
f 4834 4828 4829
f 4834 4829 4835
f 4805 4806 4836
f 4836 4806 4830
f 4836 4830 4837
f 4837 4830 4831
f 4837 4831 4838
f 4838 4831 4832
f 4838 4832 4833
f 4838 4833 4839
f 4839 4833 4834
f 4839 4834 4840
f 4840 4834 4835
f 4840 4835 4841
f 4788 4799 4789
f 4789 4799 4798
f 4789 4798 4790
f 4790 4798 4801
f 4790 4801 4791
f 4791 4801 4803
f 4791 4803 4792
f 4792 4803 4805
f 4792 4805 4795
f 4795 4805 4836
f 4795 4836 4842
f 4842 4836 4837
f 4842 4837 4843
f 4843 4837 4838
f 4843 4838 4844
f 4844 4838 4845
f 4845 4838 4839
f 4845 4839 4846
f 4846 4839 4840
f 4846 4840 4847
f 4847 4840 4841
f 4847 4841 4848
f 4848 4841 4580
f 2438 4849 2440
f 2440 4849 4850
f 2440 4850 4812
f 4579 4580 4841
f 4579 4841 4581
f 4581 4841 4835
f 4581 4835 4584
f 4584 4835 4829
f 4584 4829 4589
f 4589 4829 4823
f 4589 4823 4592
f 4592 4823 4822
f 2438 2436 4849
f 4849 2436 2434
f 4849 2434 4601
f 4601 2434 4602
f 4776 4778 4780
f 4780 4778 4781
f 4780 4781 4851
f 4851 4781 4794
f 4851 4794 4852
f 4852 4794 4793
f 4852 4793 4853
f 4853 4793 4807
f 4853 4807 4854
f 4854 4807 4808
f 4854 4808 4855
f 4855 4808 4809
f 4855 4809 4856
f 4856 4809 4810
f 4856 4810 4857
f 4857 4810 4811
f 4857 4811 4858
f 4858 4811 4812
f 4858 4812 4859
f 4859 4812 4850
f 4859 4850 4860
f 4860 4850 4849
f 4860 4849 4861
f 4861 4849 4601
f 4861 4601 4599
f 4599 4601 4603
f 4599 4603 4600
f 4779 4780 4862
f 4862 4780 4851
f 4862 4851 4863
f 4863 4851 4852
f 4863 4852 4864
f 4864 4852 4853
f 4864 4853 4865
f 4865 4853 4854
f 4865 4854 4866
f 4866 4854 4855
f 4866 4855 4867
f 4867 4855 4856
f 4867 4856 4868
f 4868 4856 4857
f 4868 4857 4858
f 4868 4858 4869
f 4869 4858 4859
f 4869 4859 4870
f 4870 4859 4860
f 4870 4860 4871
f 4871 4860 4861
f 4871 4861 4872
f 4872 4861 4599
f 4872 4599 4596
f 4596 4599 4089
f 4596 4089 4597
f 2463 2465 4727
f 4727 2465 4777
f 4727 4777 4752
f 4752 4777 4776
f 4752 4776 4565
f 4565 4776 4779
f 4565 4779 4432
f 4432 4779 4862
f 4432 4862 4568
f 4568 4862 4863
f 4568 4863 4873
f 4873 4863 4864
f 4873 4864 4874
f 4874 4864 4865
f 4874 4865 4875
f 4875 4865 4866
f 4875 4866 4876
f 4876 4866 4867
f 4876 4867 4877
f 4877 4867 4868
f 4877 4868 4878
f 4878 4868 4869
f 4878 4869 4879
f 4879 4869 4870
f 4879 4870 4880
f 4880 4870 4871
f 4880 4871 4881
f 4881 4871 4872
f 4881 4872 4882
f 4882 4872 4596
f 4882 4596 4595
f 4595 4596 4598
f 4595 4598 4085
f 4428 4568 4429
f 4429 4568 4873
f 4429 4873 4787
f 4787 4873 4874
f 4787 4874 4788
f 4788 4874 4875
f 4788 4875 4799
f 4799 4875 4876
f 4799 4876 4800
f 4800 4876 4877
f 4800 4877 4813
f 4813 4877 4878
f 4813 4878 4815
f 4815 4878 4817
f 4817 4878 4879
f 4817 4879 4818
f 4818 4879 4880
f 4818 4880 4820
f 4820 4880 4881
f 4820 4881 4822
f 4822 4881 4882
f 4822 4882 4592
f 4592 4882 4595
f 4592 4595 4593
f 4593 4595 4594
f 4883 4884 3196
f 4676 4442 3159
f 4886 4887 4888
f 4082 4080 4888
f 4888 4080 4886
f 4887 4886 4889
f 4887 4889 4890
f 4891 3799 4580
f 4580 3799 4892
f 4890 4891 4887
f 4887 4891 4893
f 4893 4891 4580
f 4894 3693 4895
f 4894 4895 3690
f 4894 3690 3680
f 3693 4894 4896
f 4896 4894 4897
f 4896 4897 3696
f 3696 4897 4898
f 3696 4898 4899
f 4898 4900 4899
f 4899 4900 4901
f 4900 4902 4901
f 4901 4902 4892
f 4902 4903 4892
f 4892 4903 4904
f 4905 4906 4580
f 4892 4904 4907
f 4892 4907 4580
f 4580 4907 4908
f 4908 4909 4580
f 4580 4909 4910
f 4910 4905 4580
f 4906 4911 4580
f 4580 4911 4912
f 4580 4912 4848
f 4848 4912 4847
f 4847 4912 4913
f 4847 4913 4846
f 4842 4843 4913
f 4913 4843 4844
f 4913 4844 4845
f 4913 4845 4846
f 4914 4782 4915
f 4915 4782 4797
f 4915 4797 4796
f 4915 4796 4913
f 4913 4796 4795
f 4913 4795 4842
f 4916 4577 4576
f 4576 4782 4916
f 4916 4782 4914
f 4916 4914 4917
f 4917 4914 4918
f 4919 4920 3619
f 4918 4921 4917
f 4917 4921 4922
f 4923 4917 3619
f 3619 4917 4922
f 3619 4922 4924
f 3619 4924 4919
f 3619 3620 4923
f 4923 3620 3621
f 4923 3621 4927
f 4927 3621 4928
f 4927 4928 4929
f 4926 4925 4931
f 4926 4931 3108
f 3108 4931 4932
f 3108 4932 4930
f 3105 3108 4117
f 3108 4930 4118
f 3108 4118 4117
f 4933 3093 3105
f 4933 3105 4117
f 4933 3092 3093
f 3091 4934 3097
f 3097 4934 3096
f 3092 4933 3091
f 3091 4933 4934
f 4928 4935 4936
f 4936 4935 3094
f 4936 3094 3095
f 3096 4934 3095
f 3095 4934 4936
f 4928 4936 4937
f 4928 4937 4929
f 4938 4885 4939
f 4938 4939 4940
f 4940 4939 4941
f 4940 4941 4942
f 4942 4941 4925
f 4942 4925 4926
f 3120 3122 4943
f 4943 3122 3124
f 3120 4943 4944
f 4944 4946 4945
f 4945 4946 4947
f 4949 4947 4950
f 4948 4947 4949
f 4947 4948 4945
f 4944 4945 4951
f 4952 3120 4951
f 4951 3120 4944
f 3120 4952 4953
f 3120 4953 4165
f 3120 4165 4954
f 4955 3116 3118
f 4955 3118 4954
f 3120 4954 3118
f 3116 4955 3114
f 4955 4956 3114
f 3114 4956 4957
f 3114 4957 3107
f 3107 4957 3108
f 3108 4957 4958
f 3108 4958 4926
f 4961 4960 4962
f 4961 4962 4963
f 4963 4962 4964
f 4963 4964 4950
f 4950 4964 4949
f 4966 4967 4965
f 4967 4968 4965
f 4968 4967 4969
f 4968 4969 3156
f 4969 4970 3156
f 3156 4970 4971
f 4971 3 3156
f 3156 3 4972
f 3156 4972 4973
f 3156 4973 3157
f 3157 4973 4974
f 3157 4974 3142
f 4974 4977 4976
f 4976 4977 4975
f 4978 4975 4979
f 4979 4980 4978
f 4981 4978 4982
f 4978 4980 4982
f 4975 4978 4976
f 4974 4976 4983
f 3140 4983 4984
f 4974 4983 3140
f 4974 3140 3142
f 3140 4984 1
f 4985 4986 3127
f 3124 3129 4943
f 4943 3129 3128
f 4943 3128 4986
f 4986 3128 3127
f 3136 4987 3127
f 3127 4987 4985
f 1 4987 3140
f 3140 4987 3138
f 3138 4987 3136
f 4981 4982 4988
f 4485 4484 4989
f 4989 4484 4990
f 4989 4990 4991
f 4991 4990 4992
f 4991 4992 4965
f 4965 4992 4993
f 4965 4993 4966
f 4502 4501 4994
f 4994 4501 4995
f 4994 4995 4996
f 4996 4995 4997
f 4996 4997 4998
f 4998 4997 4999
f 4998 4999 5000
f 5000 4999 5001
f 5000 5001 4982
f 4982 5001 4988
f 5003 5004 3159
f 4442 5003 3159
f 3159 5004 5005
f 3159 5005 5006
f 3159 5006 4377
f 3159 4377 4375
f 3159 4375 5007
f 5007 5008 3159
f 3159 5008 3160
f 5008 5009 3160
f 3160 5009 3150
f 3150 5009 3152
f 3152 5009 5010
f 3152 5010 3154
f 3154 5010 3156
f 3156 5010 5011
f 5011 5012 3156
f 3156 5012 5002
f 4468 4467 5013
f 5013 4467 5014
f 5013 5014 5002
f 5002 5015 5016
f 5002 5016 3156
f 5016 5017 3156
f 3156 5017 5018
f 3156 5018 5019
f 3156 5019 5020
f 5020 4328 3156
f 4328 5021 3156
f 3156 5021 5022
f 3156 5022 5023
f 5023 5024 3156
f 5024 5025 3156
f 3156 5025 4968
f 4676 3159 4670
f 4670 3159 3158
f 4670 3158 4671
f 3166 3169 4658
f 4658 3169 4659
f 3158 3165 4671
f 4671 3165 3166
f 4671 3166 4658
f 4654 3179 4655
f 4655 3179 3177
f 4655 3177 4656
f 3169 3180 4659
f 4659 3180 3179
f 4659 3179 4654
f 4631 3174 3073
f 3073 3072 4631
f 4631 3072 4633
f 3177 3175 4656
f 4656 3175 3174
f 4656 3174 4657
f 4657 3174 4631
f 4884 3189 3192
f 4884 3192 3196
f 4884 5026 3189
f 3189 5026 5027
f 3189 5027 4439
f 3189 4439 3185
f 3185 4439 3072
f 3072 4439 4629
f 3072 4629 4633
f 4883 3196 5028
f 5028 3196 3198
f 5028 3198 3200
f 3200 3202 5028
f 5028 3202 3215
f 5028 3215 5029
f 5029 3215 5030
f 5030 3215 3214
f 5030 3214 3211
f 3209 5031 3211
f 3211 5031 5032
f 3211 5032 5033
f 3211 5033 5030
f 3209 3207 5031
f 5031 3207 3206
f 5031 3206 5034
f 5034 3206 5035
f 3230 5036 3225
f 3225 5036 5037
f 3225 5037 3223
f 3223 5037 3221
f 3206 3070 5035
f 5035 3070 3069
f 5035 3069 5038
f 5038 3069 3221
f 5038 3221 5039
f 5039 3221 5037
f 3232 5040 3230
f 3230 5040 5041
f 3230 5041 5036
f 3236 5042 5040
f 3236 5040 3234
f 3234 5040 3232
f 3076 3612 3602
f 3602 3612 3607
f 3611 5043 3610
f 3610 5043 3609
f 3609 5043 3608
f 3608 5043 5044
f 3608 5044 3236
f 3236 5044 5045
f 3236 5045 5042
f 3606 3612 3611
f 3611 3612 3076
f 3611 3076 5043
f 5043 3076 3075
f 5043 3075 5044
f 5049 5050 5051
f 5052 5053 5054
f 5055 5056 5057
f 5063 3081 5065
f 3081 3083 5065
f 5065 3083 5064
f 5064 3083 3084
f 3077 5062 3078
f 5062 3077 5063
f 5063 3077 3080
f 5063 3080 3081
f 5062 3075 3078
f 5044 3075 5062
f 5060 5066 5027
f 5027 5066 4439
f 5068 5067 5060
f 5058 5069 5070
f 5069 5071 5070
f 5070 5071 5067
f 5073 5072 5058
f 5074 5075 5076
f 5076 5075 5072
f 5077 5078 5079
f 5079 5078 5080
f 5079 5080 5074
f 27 12 5077
f 5081 5082 40
f 5083 5084 5082
f 5082 5084 5085
f 5082 5085 40
f 5057 5056 5086
f 5057 5086 5087
f 5088 5089 5090
f 5090 5089 5091
f 5090 5091 5092
f 5054 5053 5093
f 5052 5054 5094
f 5094 5054 5095
f 5050 5096 5051
f 5051 5096 5097
f 5051 5097 5098
f 5098 5097 5095
f 5049 5051 5099
f 5101 5102 5103
f 5103 5102 5104
f 5103 5104 5099
f 5099 5104 5105
f 5099 5105 5100
f 5107 5108 5109
f 5109 5108 5110
f 5109 5110 5111
f 5113 5114 5115
f 5115 5114 5116
f 4422 4423 5116
f 5060 5027 5061
f 5061 5027 5026
f 5061 5026 5117
f 5117 5026 4884
f 5117 4884 5118
f 40 42 5081
f 5081 42 30
f 5081 30 5119
f 5119 30 27
f 5119 27 5120
f 5120 27 5077
f 4884 4883 5118
f 5118 4883 5028
f 5118 5028 5121
f 5074 5076 5079
f 5079 5076 5122
f 5079 5122 5123
f 5123 5122 5124
f 5123 5124 5125
f 5125 5124 5087
f 5125 5087 5126
f 5126 5087 5086
f 5077 5079 5120
f 5120 5079 5123
f 5120 5123 5119
f 5119 5123 5125
f 5119 5125 5081
f 5081 5125 5126
f 5081 5126 5082
f 5082 5126 5086
f 5082 5086 5083
f 5072 5073 5076
f 5076 5073 5127
f 5076 5127 5122
f 5122 5127 5128
f 5122 5128 5124
f 5124 5128 5129
f 5124 5129 5087
f 5087 5129 5090
f 5087 5090 5057
f 5057 5090 5092
f 5057 5092 5055
f 5028 5029 5121
f 5121 5029 5030
f 5121 5030 5130
f 5130 5030 5131
f 5058 5059 5073
f 5073 5059 5132
f 5073 5132 5127
f 5127 5132 5133
f 5127 5133 5128
f 5128 5133 5134
f 5128 5134 5129
f 5129 5134 5135
f 5129 5135 5090
f 5090 5135 5093
f 5090 5093 5088
f 5088 5093 5053
f 5030 5033 5131
f 5131 5033 5032
f 5032 5031 5136
f 5058 5070 5059
f 5059 5070 5137
f 5059 5137 5132
f 5132 5137 5138
f 5132 5138 5133
f 5133 5138 5139
f 5133 5139 5134
f 5134 5139 5140
f 5134 5140 5135
f 5135 5140 5141
f 5135 5141 5093
f 5093 5141 5142
f 5093 5142 5054
f 5054 5142 5098
f 5054 5098 5095
f 5031 5034 5136
f 5136 5034 5035
f 5136 5035 5143
f 5143 5035 5038
f 5143 5038 5046
f 5046 5038 5039
f 5046 5039 5037
f 5060 5061 5068
f 5068 5061 5117
f 5068 5117 5144
f 5144 5117 5118
f 5144 5118 5145
f 5145 5118 5121
f 5145 5121 5146
f 5146 5121 5130
f 5146 5130 5147
f 5147 5130 5131
f 5147 5131 5148
f 5148 5131 5032
f 5148 5032 5149
f 5149 5032 5136
f 5149 5136 5150
f 5150 5136 5143
f 5150 5143 5051
f 5051 5143 5046
f 5051 5046 5151
f 5151 5046 5037
f 5151 5037 5152
f 5067 5068 5070
f 5070 5068 5144
f 5070 5144 5137
f 5137 5144 5145
f 5137 5145 5138
f 5138 5145 5146
f 5138 5146 5139
f 5139 5146 5147
f 5139 5147 5140
f 5140 5147 5148
f 5140 5148 5141
f 5141 5148 5149
f 5141 5149 5142
f 5142 5149 5150
f 5142 5150 5098
f 5098 5150 5051
f 5051 5151 5099
f 5099 5151 5152
f 5099 5152 5103
f 5111 5101 5109
f 5109 5101 5153
f 5153 5101 5103
f 5153 5103 5154
f 5154 5103 5152
f 5154 5152 5037
f 5154 5037 5036
f 5112 5106 5048
f 5048 5106 5107
f 5048 5107 5155
f 5155 5107 5109
f 5155 5109 5153
f 5155 5153 5156
f 5156 5153 5154
f 5156 5154 5157
f 5042 5045 5040
f 5115 5047 5113
f 5113 5047 5048
f 5113 5048 5158
f 5158 5048 5155
f 5158 5155 5159
f 5159 5155 5156
f 5159 5156 5045
f 5045 5156 5157
f 5045 5157 5040
f 5040 5157 5154
f 5040 5154 5041
f 5041 5154 5036
f 5045 5044 5062
f 5045 5062 5159
f 5159 5062 5158
f 5158 5062 5063
f 5158 5063 5113
f 5113 5063 5065
f 5113 5065 5114
f 5114 5065 5064
f 5114 5064 5116
f 5116 5064 4422
f 4422 5064 3084
f 4422 3084 3065
f 3951 3950 5160
f 3954 3953 5161
f 3957 3956 5162
f 5164 5165 5166
f 1200 1201 5169
f 17 35 5170
f 5170 35 5171
f 5172 5173 5174
f 5174 5173 5171
f 5171 5173 5170
f 5172 5174 5175
f 5175 5174 5176
f 5175 5176 5177
f 5177 5176 5178
f 5178 5176 5179
f 5178 5179 5180
f 5180 5179 5181
f 5180 5181 5182
f 5182 5181 5183
f 5182 5183 5184
f 5185 5186 5183
f 5183 5186 5184
f 3948 2725 5187
f 5188 3949 3948
f 3948 5187 5189
f 3948 5189 5188
f 5188 5189 5185
f 5185 5189 5186
f 5169 1201 1202
f 1199 1200 5190
f 5190 1198 1199
f 5168 1196 1197
f 47 1196 48
f 49 48 5163
f 49 5163 5193
f 5193 5163 5167
f 5197 5196 5198
f 5198 5195 5197
f 5197 5195 5194
f 5197 5194 5163
f 5163 5194 5167
f 5201 5200 5202
f 5201 5202 5203
f 5204 5205 5206
f 5204 5206 5207
f 5209 5208 5210
f 5209 5210 5204
f 5204 5210 5205
f 5211 5212 5209
f 5209 5212 5213
f 5209 5213 5208
f 5216 5215 5217
f 5216 5217 5211
f 5211 5217 5218
f 5220 5219 5221
f 5220 5221 5214
f 5222 5223 5224
f 5224 5223 5225
f 5226 5227 5228
f 5228 5227 5166
f 5228 5166 5165
f 8 5229 5230
f 5230 5229 5231
f 5231 5232 5230
f 5230 5232 5164
f 5230 5164 5233
f 1202 3970 3968
f 3968 3970 3969
f 5234 5168 5192
f 5192 5168 1197
f 5197 5234 5235
f 5235 5234 5192
f 5235 5192 5191
f 5191 5192 1197
f 5191 1197 1198
f 5236 5196 5197
f 5234 5197 5163
f 5234 5163 5168
f 5168 5163 48
f 5168 48 1196
f 1198 5190 5191
f 5191 5190 5235
f 5235 5237 5197
f 5197 5237 5201
f 5197 5201 5236
f 5236 5201 5203
f 5190 5238 5235
f 5235 5238 5239
f 5235 5239 5237
f 5237 5239 5240
f 5237 5240 5201
f 5201 5240 5207
f 5201 5207 5200
f 5200 5207 5206
f 5200 5206 5199
f 3968 3967 5241
f 5241 3967 3966
f 5241 3966 5242
f 5242 3966 3965
f 5242 3965 5243
f 5243 3965 3835
f 5243 3835 3963
f 3964 5244 3963
f 3963 5244 5245
f 3963 5245 5243
f 3964 3962 5244
f 5244 3962 3961
f 5244 3961 5246
f 5246 3961 5247
f 5247 3961 3960
f 5247 3960 3958
f 5169 1202 3968
f 5169 3968 5248
f 5248 3968 5241
f 5248 5241 5249
f 5249 5241 5242
f 5242 5243 5207
f 5207 5243 5245
f 5207 5245 5250
f 5250 5245 5244
f 5250 5244 5251
f 5251 5244 5246
f 5251 5246 5252
f 5252 5246 5247
f 5252 5247 5253
f 1200 5169 5190
f 5190 5169 5248
f 5190 5248 5238
f 5238 5248 5249
f 5238 5249 5239
f 5239 5249 5242
f 5239 5242 5240
f 5240 5242 5207
f 5207 5250 5204
f 5204 5250 5251
f 5204 5251 5209
f 5209 5251 5252
f 5209 5252 5211
f 5211 5252 5253
f 5211 5253 5216
f 5220 5214 5215
f 5220 5215 5254
f 5254 5215 5216
f 5254 5216 5255
f 5255 5216 5253
f 5255 5253 3959
f 3959 5253 5247
f 3959 5247 3958
f 5224 5225 5219
f 5224 5219 5256
f 5256 5219 5220
f 5256 5220 5257
f 5257 5220 5254
f 5257 5254 5258
f 5258 5254 5255
f 5258 5255 5162
f 5162 5255 3959
f 5162 3959 3957
f 5226 5222 5227
f 5227 5222 5259
f 5259 5222 5224
f 5259 5224 5260
f 5260 5224 5256
f 5260 5256 5261
f 5261 5256 5257
f 5261 5257 5262
f 5262 5257 5258
f 5262 5258 5263
f 5263 5258 5162
f 5263 5162 3955
f 3955 5162 3956
f 5233 5164 5166
f 5233 5166 5264
f 5264 5166 5227
f 5264 5227 5265
f 5265 5227 5259
f 5265 5259 5266
f 5266 5259 5260
f 5266 5260 5267
f 5267 5260 5261
f 5267 5261 5268
f 5268 5261 5262
f 5268 5262 5161
f 5161 5262 5263
f 5161 5263 3954
f 3954 5263 3955
f 9 8 5269
f 5269 8 5230
f 5269 5230 5270
f 5270 5230 5233
f 5270 5233 5271
f 5271 5233 5264
f 5271 5264 5272
f 5272 5264 5265
f 5272 5265 5273
f 5273 5265 5266
f 5273 5266 5274
f 5274 5266 5267
f 5274 5267 5275
f 5275 5267 5268
f 5275 5268 5276
f 5276 5268 5161
f 5276 5161 3952
f 3952 5161 3953
f 37 9 5277
f 5277 9 5269
f 5277 5269 5278
f 5278 5269 5270
f 5278 5270 5279
f 5279 5270 5271
f 5279 5271 5280
f 5280 5271 5272
f 5280 5272 5281
f 5281 5272 5273
f 5281 5273 5282
f 5282 5273 5274
f 5282 5274 5283
f 5283 5274 5275
f 5283 5275 5160
f 5160 5275 5276
f 5160 5276 3951
f 3951 5276 3952
f 35 37 5171
f 5171 37 5277
f 5171 5277 5174
f 5174 5277 5278
f 5174 5278 5176
f 5176 5278 5279
f 5176 5279 5179
f 5179 5279 5280
f 5179 5280 5181
f 5181 5280 5281
f 5181 5281 5183
f 5183 5281 5282
f 5183 5282 5185
f 5185 5282 5283
f 5185 5283 5188
f 5188 5283 5160
f 5188 5160 3949
f 3949 5160 3950
f 4607 4606 5284
f 4617 4616 5285
f 5071 5069 5286
f 5075 5074 5287
f 5288 5289 12
f 12 5289 5077
f 5075 5287 5072
f 5058 5072 5290
f 4439 5066 4440
f 5060 5291 4440
f 5060 4440 5066
f 4619 4623 5292
f 5292 4623 4622
f 5292 4622 5291
f 5291 4622 4625
f 5291 4625 4440
f 4617 5285 4613
f 4613 5285 5293
f 4613 5293 4615
f 4608 4611 5294
f 5294 4611 5293
f 5293 4611 4610
f 5293 4610 4615
f 2527 4427 5295
f 5295 4427 5296
f 5288 5301 5302
f 4606 4608 5284
f 5284 4608 5294
f 5284 5294 5303
f 5303 5294 5293
f 5303 5293 5304
f 5304 5293 5285
f 5304 5285 5305
f 5305 5285 4616
f 5305 4616 4620
f 5289 5288 5302
f 5289 5302 5306
f 4427 4607 5307
f 5307 4607 5308
f 5308 4607 5284
f 5308 5284 5309
f 5309 5284 5303
f 5309 5303 5310
f 5310 5303 5304
f 5310 5304 5311
f 5311 5304 5305
f 5311 5305 5312
f 5074 5080 5287
f 5287 5080 5078
f 5287 5078 5306
f 5306 5078 5289
f 5289 5078 5077
f 5290 5072 5287
f 5290 5287 5313
f 5313 5287 5306
f 5313 5306 5314
f 5314 5306 5302
f 5314 5302 5299
f 5299 5302 5301
f 5299 5301 5300
f 5315 5058 5290
f 5315 5290 5316
f 5316 5290 5313
f 5316 5313 5317
f 5317 5313 5314
f 5317 5314 5318
f 5318 5314 5299
f 5318 5299 5297
f 5297 5299 5300
f 5297 5300 5298
f 5069 5058 5286
f 5286 5058 5315
f 5286 5315 5319
f 5319 5315 5316
f 5319 5316 5320
f 5320 5316 5317
f 5320 5317 5321
f 5321 5317 5318
f 5321 5318 5322
f 5322 5318 5297
f 5322 5297 5296
f 5296 5297 5298
f 5296 5298 5295
f 5296 4427 5307
f 5296 5307 5322
f 5322 5307 5308
f 5322 5308 5321
f 5321 5308 5309
f 5321 5309 5320
f 5320 5309 5310
f 5320 5310 5319
f 5319 5310 5311
f 5319 5311 5286
f 5286 5311 5312
f 5286 5312 5071
f 5071 5312 5067
f 5060 5067 5291
f 5291 5067 5312
f 5291 5312 5292
f 5292 5312 5305
f 5292 5305 4619
f 4619 5305 4620
f 2528 2527 5323
f 5323 2527 5295
f 5323 5295 5298
f 12 17 5288
f 5288 17 5324
f 5288 5324 5301
f 5301 5324 5325
f 5301 5325 5300
f 5300 5325 5326
f 5300 5326 5298
f 5298 5326 5327
f 5298 5327 5323
f 2728 2727 5331
f 2553 2552 5332
f 5333 2739 5334
f 5334 2739 2528
f 5334 2528 5323
f 5333 2738 2739
f 2732 2731 2734
f 2726 5187 2725
f 5189 5187 2726
f 5189 2726 5338
f 5189 5338 5186
f 5339 5340 5180
f 5341 5178 5340
f 5340 5178 5180
f 5342 5177 5341
f 5341 5177 5178
f 5173 5172 5342
f 5342 5172 5175
f 5342 5175 5177
f 17 5170 5324
f 5324 5170 5343
f 5327 5330 5323
f 5334 5323 5330
f 5334 5330 5333
f 5333 5330 5344
f 5333 5344 2738
f 2738 5344 5345
f 2738 5345 2736
f 2736 5345 5346
f 2736 5346 2733
f 2733 5346 5335
f 2733 5335 2734
f 5327 5326 5330
f 5330 5326 5329
f 5330 5329 5344
f 5344 5329 5347
f 5344 5347 5345
f 5345 5347 5348
f 5345 5348 5346
f 5346 5348 5349
f 5346 5349 5335
f 5335 5349 5350
f 5335 5350 2734
f 2734 5350 5336
f 2734 5336 2732
f 2732 5336 2550
f 5326 5325 5329
f 5329 5325 5328
f 5329 5328 5347
f 5347 5328 5351
f 5347 5351 5348
f 5348 5351 5352
f 5348 5352 5349
f 5349 5352 5353
f 5349 5353 5350
f 5350 5353 5354
f 5350 5354 5336
f 5336 5354 5355
f 5336 5355 2550
f 2550 5355 5332
f 2550 5332 2551
f 2551 5332 2552
f 5325 5324 5328
f 5328 5324 5343
f 5328 5343 5351
f 5351 5343 5356
f 5351 5356 5352
f 5352 5356 5357
f 5352 5357 5353
f 5353 5357 5358
f 5353 5358 5354
f 5354 5358 5359
f 5354 5359 5355
f 5355 5359 5360
f 5355 5360 5332
f 5332 5360 5337
f 5332 5337 2553
f 2553 5337 2729
f 5343 5170 5173
f 5343 5173 5356
f 5356 5173 5357
f 5357 5173 5342
f 5357 5342 5358
f 5358 5342 5341
f 5358 5341 5359
f 5359 5341 5340
f 5359 5340 5360
f 5360 5340 5339
f 5360 5339 5337
f 5337 5339 5361
f 5337 5361 2729
f 2729 5361 5331
f 2729 5331 2730
f 2730 5331 2727
f 5180 5182 5339
f 5339 5182 5184
f 5339 5184 5361
f 5361 5184 5186
f 5361 5186 5331
f 5331 5186 5338
f 5331 5338 2728
f 2728 5338 2726
f 5362 5363 5364
f 5365 5366 5363
f 5363 5366 5367
f 5363 5367 5364
f 5368 5369 5365
f 5365 5369 5370
f 5365 5370 5366
f 5371 5372 5373
f 5373 5372 5374
f 5373 5374 5368
f 5368 5374 5369
f 5371 5373 5375
f 5375 5373 5376
f 5375 5376 5377
f 5377 5376 5378
f 5378 5376 5379
f 5378 5379 5380
f 5380 5379 5381
f 5381 5379 5382
f 5381 5382 5383
f 5384 5385 5382
f 5382 5385 5386
f 5382 5386 5383
f 5387 5388 5384
f 5384 5388 5389
f 5384 5389 5385
f 5390 5391 5387
f 5387 5391 5392
f 5387 5392 5388
f 5393 5394 5395
f 5395 5394 5396
f 5395 5396 5390
f 5390 5396 5391
f 5393 5395 5397
f 5397 5395 5398
f 5397 5398 5399
f 5399 5398 5400
f 5400 5398 5401
f 5400 5401 5402
f 5402 5401 5403
f 5403 5401 5404
f 5403 5404 5405
f 5406 5407 5404
f 5404 5407 5408
f 5404 5408 5405
f 5409 5410 5406
f 5406 5410 5411
f 5406 5411 5407
f 5413 5412 5414
f 5413 5414 5409
f 5409 5414 5415
f 5409 5415 5410
f 5412 5413 5416
f 5416 5413 5417
f 5416 5417 5418
f 5418 5417 5419
f 5419 5417 5420
f 5419 5420 5421
f 5421 5420 5422
f 5422 5420 5423
f 5422 5423 5424
f 5424 5423 5425
f 5424 5425 5426
f 5427 5428 5425
f 5425 5428 5429
f 5425 5429 5426
f 5430 5431 5427
f 5427 5431 5432
f 5427 5432 5428
f 5433 5434 5435
f 5435 5434 5436
f 5435 5436 5430
f 5430 5436 5437
f 5430 5437 5431
f 5433 5435 5438
f 5438 5435 5439
f 5438 5439 5440
f 5440 5439 5441
f 5441 5439 5442
f 5441 5442 5443
f 5443 5442 5444
f 5444 5442 5445
f 5444 5445 5446
f 5447 5448 5445
f 5445 5448 5446
f 5449 5450 5447
f 5447 5450 5451
f 5447 5451 5448
f 5452 5453 5449
f 5449 5453 5454
f 5449 5454 5450
f 5455 5456 5457
f 5457 5456 5458
f 5457 5458 5452
f 5452 5458 5459
f 5452 5459 5453
f 5455 5457 5460
f 5460 5457 5461
f 5460 5461 5462
f 5462 5461 5463
f 5463 5461 5464
f 5463 5464 5465
f 5465 5464 5466
f 5466 5464 5467
f 5466 5467 5468
f 5469 5470 5467
f 5467 5470 5468
f 5471 5472 5469
f 5469 5472 5473
f 5469 5473 5470
f 5364 5474 5362
f 5362 5474 5475
f 5362 5475 5471
f 5471 5475 5476
f 5471 5476 5472
f 5477 5478 5479
f 5483 5484 5485
f 5486 5487 5488
f 5489 5490 5491
f 5494 5495 5496
f 5497 5498 5499
f 5502 5503 5504
f 5507 5508 5509
f 5512 5410 5513
f 5465 5466 5514
f 5462 5463 5515
f 5455 5460 5516
f 5437 5436 5517
f 5432 5431 5518
f 5415 5414 5519
f 5403 5405 5520
f 5392 5391 5521
f 5381 5383 5386
f 5371 5375 5522
f 5374 5372 5523
f 5366 5370 5524
f 5378 5380 5381
f 5392 5521 5388
f 5397 5399 5400
f 5400 5402 5525
f 5411 5410 5512
f 5411 5512 5407
f 5407 5512 5408
f 5526 5426 5429
f 5527 5434 5433
f 5528 5448 5451
f 5450 5454 5453
f 5462 5515 5460
f 5465 5514 5463
f 5468 5470 5529
f 5529 5470 5473
f 5476 5475 5472
f 5530 5513 5531
f 5531 5513 5410
f 5531 5410 5519
f 5519 5410 5415
f 5532 5530 5531
f 5532 5531 5533
f 5533 5531 5519
f 5533 5519 5412
f 5412 5519 5414
f 5534 5532 5535
f 5535 5532 5536
f 5536 5532 5533
f 5536 5533 5537
f 5537 5533 5412
f 5537 5412 5416
f 5538 5534 5539
f 5539 5534 5535
f 5539 5535 5536
f 5539 5536 5540
f 5540 5536 5537
f 5540 5537 5541
f 5541 5537 5416
f 5541 5416 5418
f 5541 5418 5419
f 5542 5543 5544
f 5545 5538 5546
f 5546 5538 5539
f 5546 5539 5547
f 5547 5539 5548
f 5548 5539 5540
f 5548 5540 5549
f 5549 5540 5541
f 5549 5541 5550
f 5550 5541 5422
f 5422 5541 5419
f 5422 5419 5421
f 5551 5545 5546
f 5551 5546 5552
f 5552 5546 5547
f 5552 5547 5553
f 5553 5547 5548
f 5553 5548 5554
f 5554 5548 5549
f 5554 5549 5550
f 5554 5550 5555
f 5555 5550 5422
f 5555 5422 5424
f 5556 5551 5557
f 5557 5551 5552
f 5557 5552 5558
f 5558 5552 5553
f 5558 5553 5559
f 5559 5553 5554
f 5559 5554 5560
f 5560 5554 5555
f 5560 5555 5561
f 5561 5555 5424
f 5561 5424 5526
f 5526 5424 5426
f 5562 5556 5563
f 5563 5556 5557
f 5563 5557 5564
f 5564 5557 5558
f 5564 5558 5565
f 5565 5558 5559
f 5565 5559 5566
f 5566 5559 5567
f 5567 5559 5560
f 5567 5560 5568
f 5568 5560 5561
f 5568 5561 5569
f 5569 5561 5526
f 5569 5526 5428
f 5428 5526 5429
f 5570 5562 5571
f 5571 5562 5563
f 5571 5563 5572
f 5572 5563 5564
f 5572 5564 5573
f 5573 5564 5565
f 5573 5565 5574
f 5574 5565 5566
f 5574 5566 5575
f 5575 5566 5567
f 5575 5567 5576
f 5576 5567 5568
f 5576 5568 5569
f 5576 5569 5518
f 5518 5569 5428
f 5518 5428 5432
f 5577 5570 5578
f 5578 5570 5571
f 5578 5571 5579
f 5579 5571 5572
f 5579 5572 5580
f 5580 5572 5573
f 5580 5573 5581
f 5581 5573 5582
f 5582 5573 5574
f 5582 5574 5583
f 5583 5574 5575
f 5583 5575 5584
f 5584 5575 5576
f 5584 5576 5585
f 5585 5576 5518
f 5585 5518 5586
f 5586 5518 5517
f 5517 5518 5431
f 5517 5431 5437
f 5587 5577 5588
f 5588 5577 5578
f 5588 5578 5579
f 5588 5579 5589
f 5589 5579 5580
f 5589 5580 5590
f 5590 5580 5581
f 5590 5581 5591
f 5591 5581 5582
f 5591 5582 5583
f 5591 5583 5592
f 5592 5583 5584
f 5592 5584 5593
f 5593 5584 5585
f 5593 5585 5594
f 5594 5585 5586
f 5594 5586 5527
f 5527 5586 5517
f 5527 5517 5436
f 5527 5436 5434
f 5523 5595 5596
f 5596 5595 5597
f 5597 5598 5599
f 5599 5598 5600
f 5599 5600 5601
f 5601 5600 5602
f 5601 5602 5603
f 5603 5602 5604
f 5604 5605 5606
f 5606 5605 5607
f 5606 5607 5608
f 5608 5607 5609
f 5608 5609 5610
f 5610 5609 5611
f 5611 5612 5613
f 5613 5612 5614
f 5613 5614 5615
f 5402 5403 5525
f 5525 5403 5520
f 5525 5520 5616
f 5616 5520 5512
f 5616 5512 5617
f 5617 5512 5618
f 5617 5618 5619
f 5619 5618 5620
f 5620 5621 5622
f 5622 5621 5623
f 5622 5623 5624
f 5624 5623 5625
f 5625 5545 5626
f 5626 5545 5627
f 5626 5627 5628
f 5628 5627 5629
f 5628 5629 5630
f 5630 5629 5631
f 5631 5570 5632
f 5632 5570 5633
f 5632 5633 5634
f 5635 5587 5636
f 5636 5587 5588
f 5636 5588 5637
f 5637 5588 5589
f 5637 5589 5638
f 5638 5589 5590
f 5638 5590 5639
f 5639 5590 5591
f 5639 5591 5640
f 5640 5591 5592
f 5640 5592 5641
f 5641 5592 5593
f 5641 5593 5642
f 5642 5593 5594
f 5642 5594 5643
f 5643 5594 5644
f 5644 5594 5527
f 5644 5527 5645
f 5645 5527 5438
f 5438 5527 5433
f 5370 5369 5524
f 5524 5369 5374
f 5524 5374 5646
f 5646 5374 5523
f 5646 5523 5647
f 5647 5523 5596
f 5596 5597 5648
f 5648 5597 5599
f 5648 5599 5649
f 5649 5599 5601
f 5649 5601 5650
f 5650 5601 5603
f 5603 5604 5651
f 5651 5604 5606
f 5651 5606 5652
f 5652 5606 5608
f 5652 5608 5653
f 5653 5608 5610
f 5610 5611 5654
f 5654 5611 5613
f 5654 5613 5655
f 5655 5613 5615
f 5655 5615 5656
f 5525 5616 5657
f 5657 5616 5617
f 5617 5619 5658
f 5658 5619 5620
f 5658 5620 5659
f 5659 5620 5622
f 5659 5622 5660
f 5660 5622 5624
f 5624 5625 5661
f 5661 5625 5626
f 5661 5626 5662
f 5662 5626 5628
f 5662 5628 5663
f 5663 5628 5630
f 5630 5631 5664
f 5664 5631 5632
f 5664 5632 5665
f 5665 5632 5634
f 5665 5634 5666
f 5667 5635 5636
f 5667 5636 5668
f 5668 5636 5637
f 5668 5637 5669
f 5669 5637 5638
f 5669 5638 5670
f 5670 5638 5639
f 5670 5639 5671
f 5671 5639 5640
f 5671 5640 5672
f 5672 5640 5641
f 5672 5641 5673
f 5673 5641 5642
f 5673 5642 5674
f 5674 5642 5643
f 5674 5643 5644
f 5674 5644 5675
f 5675 5644 5645
f 5675 5645 5676
f 5676 5645 5438
f 5676 5438 5677
f 5677 5438 5440
f 5677 5440 5441
f 5366 5524 5678
f 5678 5524 5646
f 5678 5646 5679
f 5679 5646 5647
f 5647 5596 5680
f 5680 5596 5648
f 5680 5648 5681
f 5681 5648 5649
f 5681 5649 5682
f 5682 5649 5650
f 5650 5603 5683
f 5683 5603 5651
f 5683 5651 5684
f 5684 5651 5652
f 5684 5652 5685
f 5685 5652 5653
f 5653 5610 5686
f 5686 5610 5654
f 5686 5654 5687
f 5687 5654 5655
f 5687 5655 5688
f 5688 5655 5656
f 5688 5656 5689
f 5393 5397 5690
f 5690 5397 5400
f 5690 5400 5691
f 5691 5400 5525
f 5691 5525 5692
f 5692 5525 5657
f 5657 5617 5693
f 5693 5617 5658
f 5693 5658 5694
f 5694 5658 5659
f 5694 5659 5695
f 5695 5659 5660
f 5660 5624 5696
f 5696 5624 5661
f 5696 5661 5697
f 5697 5661 5662
f 5697 5662 5698
f 5698 5662 5663
f 5663 5630 5699
f 5699 5630 5664
f 5699 5664 5700
f 5700 5664 5665
f 5700 5665 5701
f 5701 5665 5666
f 5701 5666 5702
f 5703 5667 5704
f 5704 5667 5705
f 5705 5667 5668
f 5705 5668 5706
f 5706 5668 5669
f 5706 5669 5707
f 5707 5669 5670
f 5707 5670 5708
f 5708 5670 5671
f 5708 5671 5709
f 5709 5671 5672
f 5709 5672 5710
f 5710 5672 5673
f 5710 5673 5711
f 5711 5673 5674
f 5711 5674 5712
f 5712 5674 5713
f 5713 5674 5675
f 5713 5675 5676
f 5713 5676 5714
f 5714 5676 5677
f 5714 5677 5444
f 5444 5677 5441
f 5444 5441 5443
f 5364 5367 5366
f 5364 5366 5715
f 5715 5366 5678
f 5715 5678 5716
f 5716 5678 5679
f 5716 5679 5717
f 5717 5679 5647
f 5717 5647 5718
f 5718 5647 5680
f 5718 5680 5719
f 5719 5680 5681
f 5719 5681 5720
f 5720 5681 5682
f 5682 5650 5721
f 5721 5650 5683
f 5721 5683 5722
f 5722 5683 5684
f 5722 5684 5723
f 5723 5684 5685
f 5685 5653 5724
f 5724 5653 5686
f 5724 5686 5725
f 5725 5686 5687
f 5687 5688 5726
f 5726 5688 5689
f 5726 5689 5727
f 5394 5393 5690
f 5394 5690 5728
f 5728 5690 5691
f 5728 5691 5729
f 5729 5691 5692
f 5692 5657 5730
f 5730 5657 5693
f 5730 5693 5731
f 5731 5693 5694
f 5731 5694 5732
f 5732 5694 5695
f 5695 5660 5733
f 5733 5660 5696
f 5733 5696 5734
f 5734 5696 5697
f 5734 5697 5735
f 5735 5697 5698
f 5698 5663 5736
f 5736 5663 5699
f 5736 5699 5737
f 5737 5699 5700
f 5737 5700 5738
f 5738 5700 5701
f 5738 5701 5739
f 5739 5701 5702
f 5740 5703 5741
f 5741 5703 5704
f 5741 5704 5742
f 5742 5704 5705
f 5742 5705 5743
f 5743 5705 5706
f 5743 5706 5744
f 5744 5706 5707
f 5744 5707 5745
f 5745 5707 5708
f 5745 5708 5746
f 5746 5708 5709
f 5746 5709 5747
f 5747 5709 5710
f 5747 5710 5748
f 5748 5710 5711
f 5748 5711 5749
f 5749 5711 5712
f 5749 5712 5750
f 5750 5712 5713
f 5750 5713 5751
f 5751 5713 5752
f 5752 5713 5714
f 5752 5714 5753
f 5753 5714 5444
f 5753 5444 5446
f 5475 5474 5756
f 5756 5474 5364
f 5756 5364 5757
f 5757 5364 5715
f 5757 5715 5758
f 5758 5715 5716
f 5758 5716 5759
f 5759 5716 5717
f 5759 5717 5760
f 5760 5717 5718
f 5760 5718 5761
f 5761 5718 5719
f 5761 5719 5762
f 5762 5719 5720
f 5720 5682 5763
f 5763 5682 5721
f 5763 5721 5764
f 5764 5721 5722
f 5764 5722 5765
f 5765 5722 5723
f 5723 5685 5766
f 5766 5685 5724
f 5766 5724 5767
f 5767 5724 5725
f 5767 5725 5768
f 5768 5725 5687
f 5768 5687 5769
f 5769 5687 5726
f 5770 5771 5772
f 5396 5394 5773
f 5773 5394 5728
f 5773 5728 5774
f 5774 5728 5729
f 5774 5729 5775
f 5775 5729 5692
f 5775 5692 5776
f 5776 5692 5730
f 5776 5730 5777
f 5777 5730 5731
f 5777 5731 5778
f 5778 5731 5732
f 5732 5695 5779
f 5779 5695 5733
f 5779 5733 5780
f 5780 5733 5734
f 5780 5734 5781
f 5781 5734 5735
f 5735 5698 5782
f 5782 5698 5736
f 5782 5736 5783
f 5783 5736 5737
f 5737 5738 5784
f 5784 5738 5739
f 5784 5739 5491
f 5491 5739 5702
f 5491 5702 5785
f 5485 5740 5741
f 5485 5741 5788
f 5788 5741 5742
f 5788 5742 5789
f 5789 5742 5743
f 5789 5743 5744
f 5789 5744 5790
f 5790 5744 5745
f 5790 5745 5791
f 5791 5745 5746
f 5791 5746 5792
f 5792 5746 5747
f 5792 5747 5793
f 5793 5747 5748
f 5793 5748 5794
f 5794 5748 5749
f 5794 5749 5795
f 5795 5749 5750
f 5795 5750 5796
f 5796 5750 5751
f 5796 5751 5752
f 5796 5752 5797
f 5797 5752 5753
f 5797 5753 5528
f 5528 5753 5446
f 5528 5446 5448
f 5798 5755 5754
f 5800 5801 5799
f 5800 5799 5802
f 5802 5799 5754
f 5802 5754 5803
f 5803 5754 5755
f 5803 5755 5804
f 5506 5805 5806
f 5806 5805 5807
f 5807 5802 5808
f 5808 5802 5809
f 5808 5809 5810
f 5810 5809 5811
f 5810 5811 5812
f 5812 5811 5813
f 5812 5813 5814
f 5814 5813 5815
f 5815 5816 5817
f 5817 5816 5818
f 5817 5818 5819
f 5819 5818 5820
f 5819 5820 5821
f 5821 5820 5822
f 5823 5502 5824
f 5824 5502 5504
f 5824 5504 5825
f 5825 5504 5826
f 5825 5826 5827
f 5827 5826 5828
f 5827 5828 5829
f 5829 5828 5830
f 5829 5830 5831
f 5831 5830 5832
f 5831 5832 5833
f 5833 5832 5834
f 5834 5835 5836
f 5836 5835 5837
f 5836 5837 5838
f 5838 5837 5839
f 5838 5839 5840
f 5840 5839 5841
f 5841 5842 5843
f 5843 5842 5542
f 5843 5542 5844
f 5844 5542 5544
f 5845 5771 5770
f 5845 5770 5846
f 5847 5846 5848
f 5848 5846 5770
f 5770 5772 5849
f 5375 5377 5522
f 5522 5377 5850
f 5850 5851 5852
f 5852 5851 5853
f 5852 5853 5600
f 5600 5853 5854
f 5600 5854 5855
f 5855 5854 5856
f 5855 5856 5857
f 5857 5856 5858
f 5857 5858 5605
f 5605 5858 5859
f 5859 5860 5861
f 5861 5860 5862
f 5861 5862 5863
f 5863 5862 5864
f 5863 5864 5612
f 5612 5864 5865
f 5865 5866 5867
f 5867 5866 5868
f 5867 5868 5869
f 5869 5868 5870
f 5869 5870 5871
f 5871 5870 5872
f 5871 5872 5848
f 5848 5872 5873
f 5848 5873 5874
f 5874 5873 5875
f 5874 5875 5876
f 5876 5875 5496
f 5386 5385 5877
f 5877 5385 5878
f 5877 5878 5879
f 5879 5878 5880
f 5879 5880 5881
f 5881 5880 5882
f 5881 5882 5883
f 5883 5882 5884
f 5883 5884 5885
f 5885 5884 5886
f 5885 5886 5887
f 5887 5886 5888
f 5888 5889 5890
f 5890 5889 5891
f 5890 5891 5892
f 5892 5891 5893
f 5892 5893 5894
f 5894 5893 5895
f 5895 5896 5897
f 5897 5896 5898
f 5897 5898 5899
f 5899 5898 5900
f 5899 5900 5901
f 5901 5900 5902
f 5901 5902 5903
f 5903 5902 5904
f 5903 5904 5905
f 5905 5904 5906
f 5905 5906 5492
f 5492 5906 5907
f 5908 5787 5909
f 5909 5787 5786
f 5909 5786 5910
f 5911 5910 5912
f 5912 5910 5786
f 5786 5787 5913
f 5914 5915 5916
f 5916 5915 5917
f 5916 5917 5918
f 5918 5917 5919
f 5918 5919 5920
f 5920 5919 5921
f 5920 5921 5922
f 5922 5921 5923
f 5922 5923 5924
f 5922 5924 5925
f 5925 5924 5926
f 5925 5926 5927
f 5927 5926 5511
f 5927 5511 5928
f 5915 5929 5917
f 5917 5929 5930
f 5917 5930 5919
f 5919 5930 5931
f 5919 5931 5921
f 5921 5931 5932
f 5921 5932 5923
f 5923 5932 5933
f 5923 5933 5924
f 5924 5933 5934
f 5924 5934 5926
f 5926 5934 5935
f 5926 5935 5511
f 5511 5935 5510
f 5936 5937 5938
f 5929 5816 5939
f 5929 5939 5930
f 5930 5939 5940
f 5930 5940 5931
f 5931 5940 5932
f 5932 5940 5941
f 5932 5941 5933
f 5933 5941 5934
f 5934 5941 5936
f 5934 5936 5935
f 5935 5936 5938
f 5816 5943 5939
f 5939 5943 5944
f 5939 5944 5940
f 5940 5944 5945
f 5940 5945 5946
f 5940 5946 5941
f 5941 5946 5942
f 5941 5942 5936
f 5936 5942 5937
f 5943 5947 5944
f 5944 5947 5948
f 5944 5948 5945
f 5945 5948 5949
f 5945 5949 5946
f 5946 5949 5509
f 5946 5509 5942
f 5942 5509 5508
f 5947 5804 5948
f 5948 5804 5755
f 5948 5755 5949
f 5949 5755 5509
f 5509 5755 5798
f 5509 5798 5950
f 5509 5950 5507
f 5799 5951 5754
f 5754 5951 5952
f 5754 5952 5798
f 5798 5952 5953
f 5798 5953 5950
f 5805 5800 5807
f 5807 5800 5802
f 5802 5803 5809
f 5809 5803 5804
f 5809 5804 5811
f 5811 5804 5947
f 5811 5947 5813
f 5813 5947 5943
f 5813 5943 5815
f 5815 5943 5816
f 5816 5929 5818
f 5818 5929 5915
f 5818 5915 5820
f 5820 5915 5914
f 5820 5914 5822
f 5805 5506 5954
f 5503 5505 5504
f 5504 5505 5506
f 5504 5506 5955
f 5955 5506 5806
f 5955 5806 5956
f 5956 5806 5807
f 5956 5807 5830
f 5830 5807 5808
f 5830 5808 5957
f 5957 5808 5810
f 5957 5810 5958
f 5958 5810 5812
f 5958 5812 5959
f 5959 5812 5814
f 5814 5815 5960
f 5960 5815 5817
f 5960 5817 5961
f 5961 5817 5819
f 5961 5819 5842
f 5842 5819 5821
f 5821 5822 5543
f 5543 5542 5821
f 5821 5542 5842
f 5842 5841 5961
f 5961 5841 5839
f 5961 5839 5960
f 5960 5839 5837
f 5960 5837 5814
f 5814 5837 5835
f 5814 5835 5959
f 5959 5835 5834
f 5959 5834 5958
f 5958 5834 5832
f 5958 5832 5957
f 5957 5832 5830
f 5830 5828 5956
f 5956 5828 5826
f 5956 5826 5955
f 5955 5826 5504
f 5962 5963 5964
f 5964 5963 5823
f 5964 5823 5965
f 5965 5823 5824
f 5965 5824 5966
f 5966 5824 5825
f 5966 5825 5967
f 5967 5825 5827
f 5967 5827 5968
f 5968 5827 5829
f 5968 5829 5969
f 5969 5829 5831
f 5969 5831 5970
f 5970 5831 5833
f 5833 5834 5971
f 5971 5834 5836
f 5971 5836 5972
f 5972 5836 5838
f 5972 5838 5973
f 5973 5838 5840
f 5840 5841 5974
f 5974 5841 5843
f 5974 5843 5975
f 5975 5843 5844
f 5975 5844 5976
f 5976 5844 5544
f 5976 5544 5977
f 5963 5978 5823
f 5501 5962 5964
f 5501 5964 5769
f 5769 5964 5965
f 5769 5965 5979
f 5979 5965 5966
f 5979 5966 5980
f 5980 5966 5967
f 5967 5968 5981
f 5981 5968 5969
f 5981 5969 5765
f 5765 5969 5970
f 5970 5833 5982
f 5982 5833 5971
f 5982 5971 5983
f 5983 5971 5972
f 5983 5972 5984
f 5984 5972 5973
f 5973 5840 5985
f 5985 5840 5974
f 5985 5974 5759
f 5759 5974 5975
f 5759 5975 5758
f 5758 5975 5976
f 5758 5976 5986
f 5986 5976 5977
f 5986 5977 5756
f 5987 5500 5727
f 5727 5500 5501
f 5727 5501 5726
f 5726 5501 5769
f 5769 5979 5768
f 5768 5979 5980
f 5768 5980 5767
f 5767 5980 5967
f 5767 5967 5766
f 5766 5967 5981
f 5766 5981 5723
f 5723 5981 5765
f 5765 5970 5764
f 5764 5970 5982
f 5764 5982 5763
f 5763 5982 5983
f 5763 5983 5720
f 5720 5983 5984
f 5720 5984 5762
f 5762 5984 5973
f 5762 5973 5761
f 5761 5973 5985
f 5761 5985 5760
f 5760 5985 5759
f 5758 5986 5757
f 5757 5986 5756
f 5614 5988 5615
f 5615 5988 5989
f 5615 5989 5656
f 5656 5989 5990
f 5656 5990 5689
f 5689 5990 5727
f 5727 5990 5499
f 5727 5499 5498
f 5727 5498 5987
f 5988 5849 5989
f 5989 5849 5772
f 5989 5772 5990
f 5990 5772 5771
f 5990 5771 5499
f 5499 5771 5991
f 5499 5991 5497
f 5847 5992 5846
f 5846 5992 5993
f 5846 5993 5845
f 5771 5845 5994
f 5771 5994 5991
f 5876 5847 5874
f 5874 5847 5848
f 5848 5770 5871
f 5871 5770 5849
f 5871 5849 5869
f 5869 5849 5988
f 5869 5988 5867
f 5867 5988 5614
f 5867 5614 5865
f 5865 5614 5612
f 5612 5611 5863
f 5863 5611 5609
f 5863 5609 5861
f 5861 5609 5607
f 5861 5607 5859
f 5859 5607 5605
f 5605 5604 5857
f 5857 5604 5602
f 5857 5602 5855
f 5855 5602 5600
f 5600 5598 5852
f 5852 5598 5597
f 5852 5597 5850
f 5850 5597 5595
f 5850 5595 5522
f 5522 5595 5523
f 5522 5523 5371
f 5371 5523 5372
f 5496 5495 5876
f 5876 5495 5995
f 5493 5494 5496
f 5496 5875 5996
f 5996 5875 5873
f 5996 5873 5997
f 5997 5873 5872
f 5872 5870 5998
f 5998 5870 5868
f 5998 5868 5894
f 5894 5868 5866
f 5894 5866 5999
f 5999 5866 5865
f 5999 5865 6000
f 6000 5865 5864
f 6000 5864 6001
f 6001 5864 5862
f 6001 5862 5887
f 5887 5862 5860
f 5860 5859 6002
f 6002 5859 5858
f 6002 5858 5881
f 5881 5858 5856
f 5881 5856 6003
f 6003 5856 5854
f 5854 5853 6004
f 6004 5853 5851
f 6004 5851 5381
f 5381 5851 5850
f 5381 5850 5378
f 5378 5850 5377
f 5381 5386 6004
f 6004 5386 5877
f 6004 5877 5854
f 5854 5877 5879
f 5854 5879 6003
f 6003 5879 5881
f 5881 5883 6002
f 6002 5883 5885
f 6002 5885 5860
f 5860 5885 5887
f 5887 5888 6001
f 6001 5888 5890
f 6001 5890 6000
f 6000 5890 5892
f 6000 5892 5999
f 5999 5892 5894
f 5894 5895 5998
f 5998 5895 5897
f 5998 5897 5872
f 5872 5897 5899
f 5872 5899 5997
f 5997 5899 5901
f 5997 5901 5996
f 5996 5901 5903
f 5996 5903 5496
f 5496 5903 5905
f 5496 5905 5493
f 5493 5905 5492
f 6006 5907 6007
f 6007 5907 5906
f 6007 5906 6008
f 6008 5906 5904
f 6008 5904 6009
f 6009 5904 5902
f 5902 5900 6010
f 6010 5900 5898
f 6010 5898 6011
f 6011 5898 5896
f 5896 5895 6012
f 6012 5895 5893
f 6012 5893 6013
f 6013 5893 5891
f 6013 5891 6014
f 6014 5891 5889
f 5889 5888 6015
f 6015 5888 5886
f 6015 5886 6016
f 6016 5886 5884
f 6016 5884 6017
f 6017 5884 5882
f 6017 5882 6018
f 6018 5882 5880
f 6018 5880 5521
f 5521 5880 5878
f 5521 5878 5388
f 5388 5878 5385
f 5388 5385 5389
f 6006 6019 5907
f 5907 6019 6020
f 5907 6020 5492
f 5490 6005 5491
f 5491 6005 6006
f 5491 6006 5784
f 5784 6006 6007
f 6007 6008 6021
f 6021 6008 6009
f 6021 6009 6022
f 6022 6009 5902
f 6022 5902 6023
f 6023 5902 6010
f 6023 6010 5781
f 5781 6010 6011
f 6011 5896 6024
f 6024 5896 6012
f 6024 6012 6025
f 6025 6012 6013
f 6025 6013 5778
f 5778 6013 6014
f 5778 6014 6026
f 6026 6014 5889
f 6026 5889 6027
f 6027 5889 6015
f 6027 6015 6028
f 6028 6015 6016
f 6017 6018 6029
f 6029 6018 5521
f 6030 5489 5785
f 5785 5489 5491
f 5784 6007 5737
f 5737 6007 6021
f 5737 6021 5783
f 5783 6021 6022
f 5783 6022 5782
f 5782 6022 6023
f 5782 6023 5735
f 5735 6023 5781
f 5781 6011 5780
f 5780 6011 6024
f 5780 6024 5779
f 5779 6024 6025
f 5779 6025 5732
f 5732 6025 5778
f 5778 6026 5777
f 5777 6026 6027
f 5777 6027 5776
f 5776 6027 6028
f 5776 6028 5775
f 5775 6028 6016
f 5775 6016 5774
f 5774 6016 6017
f 5774 6017 5773
f 5773 6017 6029
f 5773 6029 5396
f 5396 6029 5521
f 5396 5521 5391
f 5633 6031 5634
f 5634 6031 6032
f 5634 6032 5666
f 5666 6032 6033
f 5666 6033 5702
f 5702 6033 5488
f 5702 5488 5785
f 5785 5488 5487
f 5785 5487 6030
f 6031 5913 6032
f 6032 5913 5787
f 6032 5787 6033
f 6033 5787 5488
f 5488 5787 5908
f 5488 5908 5486
f 5910 6034 5909
f 5909 6034 6035
f 5909 6035 5908
f 5908 6035 6036
f 5484 5911 5485
f 5485 5911 5740
f 5740 5911 5912
f 5740 5912 5703
f 5703 5912 5786
f 5703 5786 5667
f 5667 5786 5913
f 5667 5913 5635
f 5635 5913 6031
f 5635 6031 5587
f 5587 6031 5633
f 5587 5633 5577
f 5577 5633 5570
f 5570 5631 5562
f 5562 5631 5629
f 5562 5629 5556
f 5556 5629 5627
f 5556 5627 5551
f 5551 5627 5545
f 5545 5625 5538
f 5538 5625 5623
f 5538 5623 5534
f 5534 5623 5621
f 5534 5621 5532
f 5532 5621 5620
f 5532 5620 5530
f 5530 5620 5618
f 5530 5618 5513
f 5513 5618 5512
f 5512 5520 5408
f 5408 5520 5405
f 5451 5450 5528
f 5528 5450 6037
f 5528 6037 6038
f 5528 6038 5797
f 5797 6038 6039
f 5797 6039 5796
f 5796 6039 6040
f 5796 6040 6041
f 5796 6041 5795
f 5795 6041 6042
f 5795 6042 5794
f 5794 6042 6043
f 5794 6043 5793
f 5793 6043 6044
f 5793 6044 5792
f 5792 6044 6045
f 5792 6045 5791
f 5791 6045 6046
f 5791 6046 5790
f 5790 6046 6047
f 5790 6047 5789
f 5789 6047 6048
f 5789 6048 6049
f 5789 6049 5788
f 5788 6049 6050
f 5788 6050 5485
f 5485 6050 6051
f 5485 6051 5483
f 5450 5453 6054
f 5450 6054 6037
f 6037 6054 6055
f 6037 6055 6038
f 6038 6055 6039
f 6039 6055 6056
f 6039 6056 6040
f 6040 6056 6057
f 6040 6057 6041
f 6041 6057 6058
f 6041 6058 6042
f 6042 6058 6059
f 6042 6059 6043
f 6043 6059 6060
f 6043 6060 6044
f 6044 6060 6061
f 6044 6061 6045
f 6045 6061 6062
f 6045 6062 6046
f 6046 6062 6063
f 6046 6063 6047
f 6047 6063 6064
f 6047 6064 6048
f 6048 6064 6065
f 6048 6065 6049
f 6049 6065 6066
f 6049 6066 6050
f 6050 6066 6052
f 6050 6052 6051
f 6051 6052 6053
f 5453 5459 6069
f 5453 6069 6054
f 6054 6069 6070
f 6054 6070 6055
f 6055 6070 6071
f 6055 6071 6056
f 6056 6071 6072
f 6056 6072 6057
f 6057 6072 6073
f 6057 6073 6058
f 6058 6073 6074
f 6058 6074 6059
f 6059 6074 6075
f 6059 6075 6060
f 6060 6075 6076
f 6060 6076 6061
f 6061 6076 6077
f 6061 6077 6062
f 6062 6077 6078
f 6062 6078 6063
f 6063 6078 6064
f 6064 6078 6079
f 6064 6079 6065
f 6065 6079 6066
f 6066 6079 6067
f 6066 6067 6052
f 5458 5456 5459
f 5459 5456 6080
f 5459 6080 6069
f 6069 6080 6081
f 6069 6081 6070
f 6070 6081 6082
f 6070 6082 6071
f 6071 6082 6083
f 6071 6083 6084
f 6071 6084 6072
f 6072 6084 6085
f 6072 6085 6073
f 6073 6085 6086
f 6073 6086 6074
f 6074 6086 6087
f 6074 6087 6075
f 6075 6087 6088
f 6075 6088 6076
f 6076 6088 6089
f 6076 6089 6077
f 6077 6089 6090
f 6077 6090 6078
f 6078 6090 6091
f 6078 6091 6092
f 6078 6092 6079
f 6079 6092 5482
f 6079 5482 6067
f 6067 5482 6068
f 5455 5516 5456
f 5456 5516 6080
f 6080 5516 6093
f 6080 6093 6081
f 6081 6093 6082
f 6082 6093 6094
f 6082 6094 6083
f 6083 6094 6095
f 6083 6095 6084
f 6084 6095 6096
f 6084 6096 6085
f 6085 6096 6097
f 6085 6097 6086
f 6086 6097 6098
f 6086 6098 6087
f 6087 6098 6099
f 6087 6099 6088
f 6088 6099 6100
f 6088 6100 6089
f 6089 6100 6101
f 6089 6101 6090
f 6090 6101 6102
f 6090 6102 6091
f 6091 6102 6103
f 6091 6103 6092
f 6092 6103 6104
f 6092 6104 5482
f 5482 6104 6105
f 5482 6105 5481
f 6106 6107 6108
f 5460 5515 5516
f 5516 5515 6109
f 5516 6109 6110
f 5516 6110 6093
f 6093 6110 6111
f 6093 6111 6094
f 6094 6111 6112
f 6094 6112 6095
f 6095 6112 6113
f 6095 6113 6096
f 6096 6113 6114
f 6096 6114 6115
f 6096 6115 6097
f 6097 6115 6116
f 6097 6116 6098
f 6098 6116 6117
f 6098 6117 6099
f 6099 6117 6118
f 6099 6118 6119
f 6099 6119 6100
f 6100 6119 6120
f 6100 6120 6101
f 6101 6120 6121
f 6101 6121 6102
f 6102 6121 6122
f 6102 6122 6103
f 6103 6122 6104
f 6104 6122 6106
f 6104 6106 6108
f 6104 6108 6105
f 6123 6124 6125
f 5463 5514 5515
f 5515 5514 6109
f 6109 5514 6126
f 6109 6126 6110
f 6110 6126 6127
f 6110 6127 6111
f 6111 6127 6128
f 6111 6128 6112
f 6112 6128 6129
f 6112 6129 6113
f 6113 6129 6114
f 6114 6129 6130
f 6114 6130 6115
f 6115 6130 6131
f 6115 6131 6116
f 6116 6131 6132
f 6116 6132 6117
f 6117 6132 6118
f 6118 6132 6133
f 6118 6133 6119
f 6119 6133 6134
f 6119 6134 6120
f 6120 6134 6135
f 6120 6135 6121
f 6121 6135 6136
f 6121 6136 6122
f 6122 6136 6123
f 6122 6123 6106
f 6106 6123 6125
f 6106 6125 6107
f 5466 5468 5514
f 5514 5468 6137
f 5514 6137 6138
f 5514 6138 6126
f 6126 6138 6139
f 6126 6139 6140
f 6126 6140 6127
f 6127 6140 6141
f 6127 6141 6128
f 6128 6141 6142
f 6128 6142 6129
f 6129 6142 6143
f 6129 6143 6130
f 6130 6143 6144
f 6130 6144 6131
f 6131 6144 6145
f 6131 6145 6132
f 6132 6145 6146
f 6132 6146 6133
f 6133 6146 6147
f 6133 6147 6134
f 6134 6147 6148
f 6134 6148 6135
f 6135 6148 6149
f 6135 6149 6136
f 6136 6149 6123
f 6123 6149 5480
f 6123 5480 6124
f 5468 5529 6150
f 5468 6150 6137
f 6137 6150 6151
f 6137 6151 6138
f 6138 6151 6152
f 6138 6152 6139
f 6139 6152 6140
f 6140 6152 6153
f 6140 6153 6141
f 6141 6153 6154
f 6141 6154 6142
f 6142 6154 6155
f 6142 6155 6143
f 6143 6155 6156
f 6143 6156 6144
f 6144 6156 6157
f 6144 6157 6145
f 6145 6157 6158
f 6145 6158 6146
f 6146 6158 6159
f 6146 6159 6147
f 6147 6159 6148
f 6148 6159 6160
f 6148 6160 6149
f 6149 6160 5479
f 6149 5479 5480
f 5480 5479 5478
f 5473 5472 5529
f 5529 5472 6161
f 5529 6161 6150
f 6150 6161 6162
f 6150 6162 6151
f 6151 6162 6152
f 6152 6162 6163
f 6152 6163 6164
f 6152 6164 6153
f 6153 6164 6165
f 6153 6165 6154
f 6154 6165 6166
f 6154 6166 6155
f 6155 6166 6167
f 6155 6167 6156
f 6156 6167 6168
f 6156 6168 6157
f 6157 6168 6169
f 6157 6169 6158
f 6158 6169 6170
f 6158 6170 6159
f 6159 6170 6171
f 6159 6171 6172
f 6159 6172 6160
f 6160 6172 6173
f 6160 6173 6174
f 6160 6174 5479
f 5479 6174 5477
f 5472 5475 6177
f 5472 6177 6161
f 6161 6177 6178
f 6161 6178 6162
f 6162 6178 6179
f 6162 6179 6180
f 6162 6180 6163
f 6163 6180 6181
f 6163 6181 6164
f 6164 6181 6182
f 6164 6182 6165
f 6165 6182 6183
f 6165 6183 6166
f 6166 6183 6184
f 6166 6184 6167
f 6167 6184 6185
f 6167 6185 6168
f 6168 6185 6186
f 6168 6186 6169
f 6169 6186 6187
f 6169 6187 6170
f 6170 6187 6188
f 6170 6188 6171
f 6171 6188 6189
f 6171 6189 6172
f 6172 6189 6190
f 6172 6190 6173
f 6173 6190 6175
f 6173 6175 6174
f 6174 6175 6176
f 5475 5756 6177
f 6177 5756 5977
f 6177 5977 6178
f 6178 5977 5544
f 6178 5544 6179
f 6179 5544 6180
f 6180 5544 5543
f 6180 5543 6181
f 6181 5543 5822
f 6181 5822 6182
f 6182 5822 5914
f 6182 5914 6183
f 6183 5914 5916
f 6183 5916 6184
f 6184 5916 5918
f 6184 5918 6185
f 6185 5918 5920
f 6185 5920 6186
f 6186 5920 5922
f 6186 5922 6187
f 6187 5922 6188
f 6188 5922 5925
f 6188 5925 6189
f 6189 5925 5927
f 6189 5927 6190
f 6190 5927 6175
f 6175 5927 5928
f 5805 5954 5095
f 5962 43 41
f 43 5962 44
f 44 5962 5501
f 44 5501 31
f 5501 5500 31
f 31 5500 5987
f 31 5987 32
f 32 5987 5498
f 32 5498 28
f 28 5498 5497
f 28 5497 29
f 29 5497 5991
f 29 5991 13
f 13 5991 5994
f 13 5994 14
f 14 5994 5845
f 14 5845 22
f 5845 5993 22
f 22 5993 5992
f 22 5992 23
f 23 5992 5847
f 23 5847 10
f 10 5847 11
f 11 5847 5876
f 11 5876 15
f 15 5876 5995
f 15 5995 16
f 16 5995 5495
f 16 5495 18
f 5495 5494 18
f 18 5494 5493
f 18 5493 19
f 19 5493 5492
f 19 5492 20
f 20 5492 21
f 21 5492 6020
f 21 6020 24
f 24 6020 6019
f 24 6019 25
f 25 6019 6006
f 25 6006 26
f 26 6006 6005
f 26 6005 33
f 33 6005 5490
f 33 5490 34
f 5490 5489 34
f 34 5489 6030
f 34 6030 36
f 36 6030 5487
f 36 5487 38
f 38 5487 5486
f 38 5486 39
f 39 5486 5908
f 39 5908 7
f 7 5908 6036
f 7 6036 8
f 6034 5164 5232
f 6034 5232 6035
f 6035 5232 5231
f 6035 5231 6036
f 6036 5231 5229
f 6036 5229 8
f 5483 5225 5484
f 5484 5225 5911
f 5911 5225 5223
f 5911 5223 5222
f 5911 5222 5226
f 5911 5226 5228
f 5911 5228 5910
f 5910 5228 6034
f 6034 5228 5165
f 6034 5165 5164
f 6051 5219 5483
f 5483 5219 5225
f 6053 5214 6051
f 6051 5214 5221
f 6051 5221 5219
f 5217 5215 6053
f 6053 5215 5214
f 5217 6053 5218
f 5218 6053 6052
f 5218 6052 5211
f 5211 6052 6067
f 5211 6067 5212
f 5212 6067 6068
f 5212 6068 5213
f 5481 5205 5210
f 5481 5210 5482
f 5482 5210 5208
f 5482 5208 6068
f 6068 5208 5213
f 6107 5196 5236
f 5203 5202 6108
f 6107 5236 6108
f 6108 5236 5203
f 5202 5200 6108
f 6108 5200 6105
f 6105 5200 5199
f 6105 5199 5481
f 5481 5199 5206
f 5481 5206 5205
f 6124 5167 6125
f 6125 5167 5194
f 5194 5195 6125
f 6125 5195 5198
f 6125 5198 6107
f 6107 5198 5196
f 5048 5047 5507
f 5047 5115 5507
f 5507 5115 5116
f 5507 5116 5508
f 5508 5116 5942
f 5942 5116 4423
f 5942 4423 5937
f 5937 4423 4421
f 5937 4421 5938
f 5938 4421 5935
f 5935 4421 4420
f 5935 4420 5510
f 5510 4420 4419
f 5510 4419 5511
f 5511 4419 4418
f 5511 4418 5928
f 5928 4418 46
f 5928 46 6175
f 6175 46 45
f 6175 45 6176
f 6176 45 6174
f 6174 45 52
f 6174 52 5477
f 5477 52 51
f 5477 51 5478
f 5478 51 50
f 5478 50 5480
f 5480 50 49
f 5480 49 6124
f 6124 49 5193
f 6124 5193 5167
f 5108 5107 5953
f 5953 5107 5106
f 5953 5106 5950
f 5950 5106 5112
f 5950 5112 5507
f 5507 5112 5048
f 5951 5104 5102
f 5102 5101 5951
f 5951 5101 5952
f 5952 5101 5111
f 5952 5111 5953
f 5953 5111 5110
f 5953 5110 5108
f 5800 5050 5049
f 5799 5100 5951
f 5951 5100 5105
f 5951 5105 5104
f 5049 5099 5800
f 5800 5099 5100
f 5800 5100 5801
f 5801 5100 5799
f 5805 5095 5097
f 5805 5097 5800
f 5800 5097 5096
f 5800 5096 5050
f 5088 5053 5505
f 5505 5053 5506
f 5506 5053 5052
f 5506 5052 5954
f 5954 5052 5094
f 5954 5094 5095
f 5056 5055 5502
f 5502 5055 5092
f 5502 5092 5503
f 5503 5092 5091
f 5503 5091 5505
f 5505 5091 5089
f 5505 5089 5088
f 5083 5086 5978
f 41 40 5962
f 5962 40 5085
f 5962 5085 5963
f 5963 5085 5084
f 5963 5084 5978
f 5978 5084 5083
f 5056 5502 5086
f 5086 5502 5823
f 5086 5823 5978
f 6191 6192 6193
f 6193 6192 6194
f 6195 6193 6196
f 6196 6193 6197
f 6198 6199 6200
f 6201 6202 6192
f 6192 6202 6203
f 6192 6203 6194
f 6204 6205 6206
f 6206 6205 6200
f 6206 6200 6207
f 6207 6200 6199
f 6204 6206 6192
f 6192 6206 6208
f 6192 6208 6209
f 6210 6211 6193
f 6193 6211 6212
f 6193 6212 6197
f 6195 6213 6193
f 6193 6213 6214
f 6193 6214 6215
f 6216 6217 6218
f 6218 6217 6219
f 6216 6220 6217
f 6217 6220 6221
f 6217 6221 6200
f 6200 6221 6222
f 6200 6222 6198
f 6209 6223 6192
f 6192 6223 6224
f 6192 6224 6201
f 6225 6226 6227
f 6227 6226 6228
f 6227 6228 6229
f 6215 6230 6193
f 6193 6230 6231
f 6193 6231 6191
f 6225 6232 6226
f 6226 6232 6233
f 6226 6233 6234
f 6210 6235 6211
f 6211 6235 6227
f 6211 6227 6236
f 6236 6227 6229
f 6237 6202 6238
f 6238 6202 6201
f 6238 6201 6239
f 6239 6201 6224
f 6239 6224 6240
f 6240 6224 6223
f 6240 6223 6241
f 6241 6223 6209
f 6241 6209 6242
f 6242 6209 6208
f 6242 6208 6243
f 6243 6208 6206
f 6243 6206 6244
f 6244 6206 6207
f 6244 6207 6245
f 6245 6207 6199
f 6245 6199 6246
f 6246 6199 6198
f 6246 6198 6247
f 6247 6198 6222
f 6247 6222 6248
f 6248 6222 6221
f 6248 6221 6249
f 6249 6221 6220
f 6249 6220 6250
f 6250 6220 6216
f 6250 6216 6251
f 6251 6216 6218
f 6251 6218 6252
f 6252 6218 6219
f 6252 6219 6253
f 6253 6219 6217
f 6253 6217 6254
f 6254 6217 6200
f 6254 6200 6255
f 6255 6200 6205
f 6255 6205 6256
f 6256 6205 6204
f 6256 6204 6257
f 6257 6204 6192
f 6257 6192 6258
f 6258 6192 6191
f 6258 6191 6259
f 6259 6191 6231
f 6259 6231 6260
f 6260 6231 6230
f 6260 6230 6261
f 6261 6230 6215
f 6261 6215 6262
f 6262 6215 6214
f 6262 6214 6263
f 6263 6214 6213
f 6263 6213 6264
f 6264 6213 6195
f 6264 6195 6265
f 6265 6195 6196
f 6265 6196 6266
f 6266 6196 6197
f 6266 6197 6267
f 6267 6197 6212
f 6267 6212 6268
f 6268 6212 6211
f 6268 6211 6269
f 6269 6211 6236
f 6269 6236 6270
f 6270 6236 6229
f 6270 6229 6271
f 6271 6229 6228
f 6271 6228 6272
f 6272 6228 6226
f 6272 6226 6273
f 6273 6226 6234
f 6273 6234 6274
f 6274 6234 6233
f 6274 6233 6275
f 6275 6233 6232
f 6275 6232 6276
f 6276 6232 6225
f 6276 6225 6277
f 6277 6225 6227
f 6277 6227 6278
f 6278 6227 6235
f 6278 6235 6279
f 6279 6235 6210
f 6279 6210 6280
f 6280 6210 6193
f 6280 6193 6281
f 6281 6193 6194
f 6281 6194 6282
f 6282 6194 6203
f 6282 6203 6237
f 6237 6203 6202
f 6283 6284 6279
f 6285 6286 6274
f 6287 6288 6269
f 6291 6292 6257
f 6293 6294 6250
f 6295 6296 6245
f 6297 6239 6298
f 6298 6239 6240
f 6298 6240 6299
f 6299 6240 6300
f 6300 6240 6241
f 6300 6241 6301
f 6301 6241 6302
f 6302 6241 6242
f 6302 6242 6303
f 6243 6304 6305
f 6243 6305 6242
f 6242 6305 6306
f 6242 6306 6303
f 6304 6243 6307
f 6307 6243 6244
f 6307 6244 6308
f 6245 6296 6244
f 6244 6296 6309
f 6244 6309 6308
f 6295 6245 6310
f 6310 6245 6246
f 6310 6246 6311
f 6248 6312 6313
f 6248 6313 6247
f 6313 6314 6247
f 6247 6314 6315
f 6247 6315 6246
f 6246 6315 6316
f 6246 6316 6311
f 6312 6248 6317
f 6317 6248 6249
f 6317 6249 6318
f 6250 6294 6249
f 6249 6294 6319
f 6249 6319 6318
f 6293 6250 6320
f 6320 6250 6251
f 6320 6251 6321
f 6253 6322 6323
f 6253 6323 6252
f 6323 6324 6252
f 6252 6324 6325
f 6252 6325 6251
f 6251 6325 6326
f 6251 6326 6321
f 6322 6253 6327
f 6327 6253 6254
f 6327 6254 6328
f 6255 6329 6254
f 6254 6329 6330
f 6254 6330 6328
f 6329 6255 6331
f 6331 6255 6256
f 6331 6256 6332
f 6257 6292 6256
f 6256 6292 6333
f 6256 6333 6332
f 6291 6257 6334
f 6334 6257 6258
f 6334 6258 6335
f 6335 6258 6336
f 6336 6258 6259
f 6336 6259 6337
f 6260 6338 6259
f 6259 6338 6339
f 6259 6339 6337
f 6338 6260 6340
f 6340 6260 6261
f 6340 6261 6341
f 6262 6290 6261
f 6261 6290 6342
f 6261 6342 6341
f 6290 6262 6343
f 6343 6262 6263
f 6343 6263 6344
f 6265 6345 6346
f 6265 6346 6264
f 6346 6347 6264
f 6264 6347 6348
f 6264 6348 6263
f 6263 6348 6349
f 6263 6349 6344
f 6345 6265 6350
f 6350 6265 6266
f 6350 6266 6351
f 6267 6289 6266
f 6266 6289 6352
f 6266 6352 6351
f 6289 6267 6353
f 6353 6267 6268
f 6353 6268 6354
f 6269 6288 6268
f 6268 6288 6355
f 6268 6355 6354
f 6287 6269 6356
f 6356 6269 6270
f 6356 6270 6357
f 6357 6270 6358
f 6358 6270 6271
f 6358 6271 6359
f 6272 6360 6361
f 6272 6361 6271
f 6271 6361 6362
f 6271 6362 6359
f 6360 6272 6363
f 6363 6272 6273
f 6363 6273 6364
f 6274 6286 6273
f 6273 6286 6365
f 6273 6365 6364
f 6285 6274 6366
f 6366 6274 6275
f 6366 6275 6367
f 6367 6275 6368
f 6368 6275 6276
f 6368 6276 6369
f 6277 6370 6371
f 6277 6371 6276
f 6276 6371 6372
f 6276 6372 6369
f 6370 6277 6373
f 6373 6277 6278
f 6373 6278 6374
f 6279 6284 6278
f 6278 6284 6375
f 6278 6375 6374
f 6283 6279 6376
f 6376 6279 6280
f 6376 6280 6377
f 6282 6378 6379
f 6282 6379 6281
f 6379 6380 6281
f 6281 6380 6381
f 6281 6381 6280
f 6280 6381 6382
f 6280 6382 6377
f 6378 6282 6383
f 6383 6282 6237
f 6383 6237 6384
f 6297 6385 6239
f 6239 6385 6386
f 6239 6386 6238
f 6238 6386 6387
f 6238 6387 6237
f 6237 6387 6388
f 6237 6388 6384
f 6389 6390 6391
f 6392 6393 6394
f 6395 6396 6397
f 6400 6401 6402
f 6403 6404 6405
f 6406 6407 6408
f 6409 6410 6411
f 6412 6413 6414
f 6415 6416 6417
f 6418 6419 6420
f 6421 6422 6423
f 6424 6425 6426
f 6427 6428 6429
f 6432 6433 6434
f 6435 6436 6437
f 6438 6439 6440
f 6445 6446 6447
f 6448 6449 6450
f 6451 6452 6453
f 6458 6459 6460
f 6461 6462 6463
f 6464 6465 6466
f 6467 6468 6469
f 6388 6387 6470
f 6384 6388 6471
f 6378 6383 6472
f 6381 6380 6473
f 6377 6382 6474
f 6284 6283 6475
f 6370 6373 6476
f 6369 6372 6477
f 6367 6368 6478
f 6286 6285 6479
f 6359 6362 6480
f 6357 6358 6481
f 6288 6287 6482
f 6345 6350 6484
f 6348 6347 6485
f 6344 6349 6486
f 6337 6339 6488
f 6335 6336 6489
f 6292 6291 6490
f 6328 6330 6491
f 6322 6327 6492
f 6325 6324 6493
f 6294 6293 6494
f 6312 6317 6495
f 6315 6314 6496
f 6311 6316 6497
f 6296 6295 6498
f 6303 6306 6499
f 6301 6302 6500
f 6298 6299 6501
f 6387 6386 6502
f 6502 6386 6385
f 6385 6297 6503
f 6503 6297 6298
f 6299 6300 6504
f 6504 6300 6301
f 6303 6499 6302
f 6306 6305 6505
f 6505 6305 6304
f 6304 6307 6506
f 6506 6307 6308
f 6308 6309 6507
f 6507 6309 6296
f 6295 6310 6508
f 6508 6310 6311
f 6315 6496 6316
f 6314 6313 6509
f 6509 6313 6312
f 6317 6318 6510
f 6510 6318 6319
f 6510 6319 6294
f 6293 6320 6511
f 6511 6320 6321
f 6321 6326 6512
f 6512 6326 6325
f 6324 6323 6513
f 6513 6323 6322
f 6328 6491 6327
f 6330 6329 6514
f 6329 6331 6515
f 6515 6331 6332
f 6332 6333 6516
f 6516 6333 6292
f 6291 6334 6517
f 6517 6334 6335
f 6337 6488 6336
f 6339 6338 6518
f 6338 6340 6519
f 6519 6340 6341
f 6341 6342 6520
f 6520 6342 6290
f 6290 6343 6521
f 6521 6343 6344
f 6348 6485 6349
f 6347 6346 6522
f 6522 6346 6345
f 6350 6351 6523
f 6523 6351 6352
f 6523 6352 6289
f 6289 6353 6524
f 6524 6353 6354
f 6354 6355 6525
f 6525 6355 6288
f 6287 6356 6526
f 6526 6356 6357
f 6359 6480 6358
f 6362 6361 6527
f 6527 6361 6360
f 6360 6363 6528
f 6528 6363 6364
f 6364 6365 6529
f 6529 6365 6286
f 6285 6366 6530
f 6530 6366 6367
f 6369 6477 6368
f 6372 6371 6531
f 6531 6371 6370
f 6373 6374 6532
f 6532 6374 6375
f 6532 6375 6284
f 6283 6376 6533
f 6533 6376 6377
f 6381 6473 6382
f 6380 6379 6534
f 6534 6379 6378
f 6384 6471 6383
f 6387 6502 6470
f 6470 6502 6535
f 6470 6535 6536
f 6536 6535 6537
f 6536 6537 6538
f 6538 6537 6539
f 6538 6539 6540
f 6540 6539 6541
f 6540 6541 6542
f 6542 6541 6543
f 6542 6543 6544
f 6544 6543 6545
f 6544 6545 6546
f 6546 6545 6547
f 6546 6547 6548
f 6548 6547 6549
f 6548 6549 6550
f 6550 6549 6551
f 6550 6551 6552
f 6552 6551 6553
f 6552 6553 6554
f 6554 6553 6469
f 6554 6469 6555
f 6555 6469 6468
f 6555 6468 6556
f 6385 6503 6502
f 6502 6503 6557
f 6502 6557 6535
f 6535 6557 6558
f 6535 6558 6537
f 6537 6558 6559
f 6537 6559 6539
f 6539 6559 6560
f 6539 6560 6541
f 6541 6560 6561
f 6541 6561 6543
f 6543 6561 6562
f 6543 6562 6545
f 6545 6562 6563
f 6545 6563 6547
f 6547 6563 6564
f 6547 6564 6549
f 6549 6564 6565
f 6549 6565 6551
f 6551 6565 6566
f 6551 6566 6553
f 6553 6566 6466
f 6553 6466 6469
f 6469 6466 6465
f 6469 6465 6467
f 6298 6501 6503
f 6503 6501 6567
f 6503 6567 6557
f 6557 6567 6568
f 6557 6568 6558
f 6558 6568 6569
f 6558 6569 6559
f 6559 6569 6570
f 6559 6570 6560
f 6560 6570 6571
f 6560 6571 6561
f 6561 6571 6572
f 6561 6572 6562
f 6562 6572 6573
f 6562 6573 6563
f 6563 6573 6574
f 6563 6574 6564
f 6564 6574 6575
f 6564 6575 6565
f 6565 6575 6576
f 6565 6576 6566
f 6566 6576 6463
f 6566 6463 6466
f 6466 6463 6462
f 6466 6462 6464
f 6299 6504 6501
f 6501 6504 6577
f 6501 6577 6567
f 6567 6577 6578
f 6567 6578 6568
f 6568 6578 6579
f 6568 6579 6569
f 6569 6579 6580
f 6569 6580 6570
f 6570 6580 6581
f 6570 6581 6571
f 6571 6581 6582
f 6571 6582 6572
f 6572 6582 6583
f 6572 6583 6573
f 6573 6583 6584
f 6573 6584 6574
f 6574 6584 6585
f 6574 6585 6575
f 6575 6585 6586
f 6575 6586 6576
f 6576 6586 6460
f 6576 6460 6463
f 6463 6460 6459
f 6463 6459 6461
f 6301 6500 6504
f 6504 6500 6587
f 6504 6587 6577
f 6577 6587 6588
f 6577 6588 6578
f 6578 6588 6589
f 6578 6589 6579
f 6579 6589 6590
f 6579 6590 6580
f 6580 6590 6591
f 6580 6591 6581
f 6581 6591 6592
f 6581 6592 6582
f 6582 6592 6593
f 6582 6593 6583
f 6583 6593 6594
f 6583 6594 6584
f 6584 6594 6595
f 6584 6595 6585
f 6585 6595 6596
f 6585 6596 6586
f 6586 6596 6597
f 6586 6597 6460
f 6460 6597 6598
f 6460 6598 6458
f 6599 6600 6601
f 6302 6499 6500
f 6500 6499 6602
f 6500 6602 6587
f 6587 6602 6603
f 6587 6603 6588
f 6588 6603 6604
f 6588 6604 6589
f 6589 6604 6605
f 6589 6605 6590
f 6590 6605 6606
f 6590 6606 6591
f 6591 6606 6607
f 6591 6607 6592
f 6592 6607 6608
f 6592 6608 6593
f 6593 6608 6609
f 6593 6609 6594
f 6594 6609 6610
f 6594 6610 6595
f 6595 6610 6611
f 6595 6611 6596
f 6596 6611 6599
f 6596 6599 6597
f 6597 6599 6601
f 6597 6601 6598
f 6612 6613 6614
f 6306 6505 6499
f 6499 6505 6615
f 6499 6615 6602
f 6602 6615 6616
f 6602 6616 6603
f 6603 6616 6617
f 6603 6617 6604
f 6604 6617 6618
f 6604 6618 6605
f 6605 6618 6619
f 6605 6619 6606
f 6606 6619 6620
f 6606 6620 6607
f 6607 6620 6621
f 6607 6621 6608
f 6608 6621 6622
f 6608 6622 6609
f 6609 6622 6623
f 6609 6623 6610
f 6610 6623 6624
f 6610 6624 6611
f 6611 6624 6612
f 6611 6612 6599
f 6599 6612 6614
f 6599 6614 6600
f 6625 6626 6627
f 6304 6506 6505
f 6505 6506 6628
f 6505 6628 6615
f 6615 6628 6629
f 6615 6629 6616
f 6616 6629 6630
f 6616 6630 6617
f 6617 6630 6631
f 6617 6631 6618
f 6618 6631 6632
f 6618 6632 6619
f 6619 6632 6633
f 6619 6633 6620
f 6620 6633 6634
f 6620 6634 6621
f 6621 6634 6635
f 6621 6635 6622
f 6622 6635 6636
f 6622 6636 6623
f 6623 6636 6637
f 6623 6637 6624
f 6624 6637 6625
f 6624 6625 6612
f 6612 6625 6627
f 6612 6627 6613
f 6308 6507 6506
f 6506 6507 6640
f 6506 6640 6628
f 6628 6640 6641
f 6628 6641 6629
f 6629 6641 6642
f 6629 6642 6630
f 6630 6642 6643
f 6630 6643 6631
f 6631 6643 6644
f 6631 6644 6632
f 6632 6644 6645
f 6632 6645 6633
f 6633 6645 6646
f 6633 6646 6634
f 6634 6646 6647
f 6634 6647 6635
f 6635 6647 6648
f 6635 6648 6636
f 6636 6648 6649
f 6636 6649 6637
f 6637 6649 6638
f 6637 6638 6625
f 6625 6638 6639
f 6625 6639 6626
f 6650 6651 6652
f 6296 6498 6507
f 6507 6498 6653
f 6507 6653 6640
f 6640 6653 6654
f 6640 6654 6641
f 6641 6654 6655
f 6641 6655 6642
f 6642 6655 6656
f 6642 6656 6643
f 6643 6656 6657
f 6643 6657 6644
f 6644 6657 6658
f 6644 6658 6645
f 6645 6658 6659
f 6645 6659 6646
f 6646 6659 6660
f 6646 6660 6647
f 6647 6660 6661
f 6647 6661 6648
f 6648 6661 6662
f 6648 6662 6649
f 6649 6662 6650
f 6649 6650 6638
f 6638 6650 6652
f 6638 6652 6639
f 6295 6508 6498
f 6498 6508 6663
f 6498 6663 6653
f 6653 6663 6664
f 6653 6664 6654
f 6654 6664 6665
f 6654 6665 6655
f 6655 6665 6666
f 6655 6666 6656
f 6656 6666 6667
f 6656 6667 6657
f 6657 6667 6668
f 6657 6668 6658
f 6658 6668 6669
f 6658 6669 6659
f 6659 6669 6670
f 6659 6670 6660
f 6660 6670 6671
f 6660 6671 6661
f 6661 6671 6672
f 6661 6672 6662
f 6662 6672 6457
f 6662 6457 6650
f 6650 6457 6456
f 6650 6456 6651
f 6311 6497 6508
f 6508 6497 6673
f 6508 6673 6663
f 6663 6673 6674
f 6663 6674 6664
f 6664 6674 6675
f 6664 6675 6665
f 6665 6675 6676
f 6665 6676 6666
f 6666 6676 6677
f 6666 6677 6667
f 6667 6677 6678
f 6667 6678 6668
f 6668 6678 6679
f 6668 6679 6669
f 6669 6679 6680
f 6669 6680 6670
f 6670 6680 6681
f 6670 6681 6671
f 6671 6681 6682
f 6671 6682 6672
f 6672 6682 6455
f 6672 6455 6457
f 6457 6455 6454
f 6457 6454 6456
f 6316 6496 6497
f 6497 6496 6683
f 6497 6683 6673
f 6673 6683 6684
f 6673 6684 6674
f 6674 6684 6685
f 6674 6685 6675
f 6675 6685 6686
f 6675 6686 6676
f 6676 6686 6687
f 6676 6687 6677
f 6677 6687 6688
f 6677 6688 6678
f 6678 6688 6689
f 6678 6689 6679
f 6679 6689 6690
f 6679 6690 6680
f 6680 6690 6691
f 6680 6691 6681
f 6681 6691 6692
f 6681 6692 6682
f 6682 6692 6453
f 6682 6453 6455
f 6455 6453 6452
f 6455 6452 6454
f 6314 6509 6496
f 6496 6509 6693
f 6496 6693 6683
f 6683 6693 6694
f 6683 6694 6684
f 6684 6694 6695
f 6684 6695 6685
f 6685 6695 6696
f 6685 6696 6686
f 6686 6696 6697
f 6686 6697 6687
f 6687 6697 6698
f 6687 6698 6688
f 6688 6698 6699
f 6688 6699 6689
f 6689 6699 6700
f 6689 6700 6690
f 6690 6700 6701
f 6690 6701 6691
f 6691 6701 6702
f 6691 6702 6692
f 6692 6702 6450
f 6692 6450 6453
f 6453 6450 6449
f 6453 6449 6451
f 6312 6495 6509
f 6509 6495 6703
f 6509 6703 6693
f 6693 6703 6704
f 6693 6704 6694
f 6694 6704 6705
f 6694 6705 6695
f 6695 6705 6706
f 6695 6706 6696
f 6696 6706 6707
f 6696 6707 6697
f 6697 6707 6708
f 6697 6708 6698
f 6698 6708 6709
f 6698 6709 6699
f 6699 6709 6710
f 6699 6710 6700
f 6700 6710 6711
f 6700 6711 6701
f 6701 6711 6712
f 6701 6712 6702
f 6702 6712 6447
f 6702 6447 6450
f 6450 6447 6446
f 6450 6446 6448
f 6317 6510 6495
f 6495 6510 6713
f 6495 6713 6703
f 6703 6713 6714
f 6703 6714 6704
f 6704 6714 6715
f 6704 6715 6705
f 6705 6715 6716
f 6705 6716 6706
f 6706 6716 6717
f 6706 6717 6707
f 6707 6717 6718
f 6707 6718 6708
f 6708 6718 6719
f 6708 6719 6709
f 6709 6719 6720
f 6709 6720 6710
f 6710 6720 6721
f 6710 6721 6711
f 6711 6721 6722
f 6711 6722 6712
f 6712 6722 6723
f 6712 6723 6447
f 6447 6723 6724
f 6447 6724 6445
f 6725 6726 6727
f 6294 6494 6510
f 6510 6494 6728
f 6510 6728 6713
f 6713 6728 6729
f 6713 6729 6714
f 6714 6729 6730
f 6714 6730 6715
f 6715 6730 6731
f 6715 6731 6716
f 6716 6731 6732
f 6716 6732 6717
f 6717 6732 6733
f 6717 6733 6718
f 6718 6733 6734
f 6718 6734 6719
f 6719 6734 6735
f 6719 6735 6720
f 6720 6735 6736
f 6720 6736 6721
f 6721 6736 6737
f 6721 6737 6722
f 6722 6737 6725
f 6722 6725 6723
f 6723 6725 6727
f 6723 6727 6724
f 6738 6739 6740
f 6293 6511 6494
f 6494 6511 6741
f 6494 6741 6728
f 6728 6741 6742
f 6728 6742 6729
f 6729 6742 6743
f 6729 6743 6730
f 6730 6743 6744
f 6730 6744 6731
f 6731 6744 6745
f 6731 6745 6732
f 6732 6745 6746
f 6732 6746 6733
f 6733 6746 6747
f 6733 6747 6734
f 6734 6747 6748
f 6734 6748 6735
f 6735 6748 6749
f 6735 6749 6736
f 6736 6749 6750
f 6736 6750 6737
f 6737 6750 6738
f 6737 6738 6725
f 6725 6738 6740
f 6725 6740 6726
f 6751 6752 6753
f 6321 6512 6511
f 6511 6512 6754
f 6511 6754 6741
f 6741 6754 6755
f 6741 6755 6742
f 6742 6755 6756
f 6742 6756 6743
f 6743 6756 6757
f 6743 6757 6744
f 6744 6757 6758
f 6744 6758 6745
f 6745 6758 6759
f 6745 6759 6746
f 6746 6759 6760
f 6746 6760 6747
f 6747 6760 6761
f 6747 6761 6748
f 6748 6761 6762
f 6748 6762 6749
f 6749 6762 6763
f 6749 6763 6750
f 6750 6763 6751
f 6750 6751 6738
f 6738 6751 6753
f 6738 6753 6739
f 6764 6765 6766
f 6325 6493 6512
f 6512 6493 6767
f 6512 6767 6754
f 6754 6767 6768
f 6754 6768 6755
f 6755 6768 6769
f 6755 6769 6756
f 6756 6769 6770
f 6756 6770 6757
f 6757 6770 6771
f 6757 6771 6758
f 6758 6771 6772
f 6758 6772 6759
f 6759 6772 6773
f 6759 6773 6760
f 6760 6773 6774
f 6760 6774 6761
f 6761 6774 6775
f 6761 6775 6762
f 6762 6775 6776
f 6762 6776 6763
f 6763 6776 6764
f 6763 6764 6751
f 6751 6764 6766
f 6751 6766 6752
f 6777 6778 6779
f 6324 6513 6493
f 6493 6513 6780
f 6493 6780 6767
f 6767 6780 6781
f 6767 6781 6768
f 6768 6781 6782
f 6768 6782 6769
f 6769 6782 6783
f 6769 6783 6770
f 6770 6783 6784
f 6770 6784 6771
f 6771 6784 6785
f 6771 6785 6772
f 6772 6785 6786
f 6772 6786 6773
f 6773 6786 6787
f 6773 6787 6774
f 6774 6787 6788
f 6774 6788 6775
f 6775 6788 6789
f 6775 6789 6776
f 6776 6789 6777
f 6776 6777 6764
f 6764 6777 6779
f 6764 6779 6765
f 6322 6492 6513
f 6513 6492 6790
f 6513 6790 6780
f 6780 6790 6791
f 6780 6791 6781
f 6781 6791 6792
f 6781 6792 6782
f 6782 6792 6793
f 6782 6793 6783
f 6783 6793 6794
f 6783 6794 6784
f 6784 6794 6795
f 6784 6795 6785
f 6785 6795 6796
f 6785 6796 6786
f 6786 6796 6797
f 6786 6797 6787
f 6787 6797 6798
f 6787 6798 6788
f 6788 6798 6799
f 6788 6799 6789
f 6789 6799 6444
f 6789 6444 6777
f 6777 6444 6443
f 6777 6443 6778
f 6327 6491 6492
f 6492 6491 6800
f 6492 6800 6790
f 6790 6800 6801
f 6790 6801 6791
f 6791 6801 6802
f 6791 6802 6792
f 6792 6802 6803
f 6792 6803 6793
f 6793 6803 6804
f 6793 6804 6794
f 6794 6804 6805
f 6794 6805 6795
f 6795 6805 6806
f 6795 6806 6796
f 6796 6806 6807
f 6796 6807 6797
f 6797 6807 6808
f 6797 6808 6798
f 6798 6808 6809
f 6798 6809 6799
f 6799 6809 6442
f 6799 6442 6444
f 6444 6442 6441
f 6444 6441 6443
f 6330 6514 6491
f 6491 6514 6810
f 6491 6810 6800
f 6800 6810 6811
f 6800 6811 6801
f 6801 6811 6812
f 6801 6812 6802
f 6802 6812 6813
f 6802 6813 6803
f 6803 6813 6814
f 6803 6814 6804
f 6804 6814 6815
f 6804 6815 6805
f 6805 6815 6816
f 6805 6816 6806
f 6806 6816 6817
f 6806 6817 6807
f 6807 6817 6818
f 6807 6818 6808
f 6808 6818 6819
f 6808 6819 6809
f 6809 6819 6440
f 6809 6440 6442
f 6442 6440 6439
f 6442 6439 6441
f 6329 6515 6514
f 6514 6515 6820
f 6514 6820 6810
f 6810 6820 6821
f 6810 6821 6811
f 6811 6821 6822
f 6811 6822 6812
f 6812 6822 6823
f 6812 6823 6813
f 6813 6823 6824
f 6813 6824 6814
f 6814 6824 6825
f 6814 6825 6815
f 6815 6825 6826
f 6815 6826 6816
f 6816 6826 6827
f 6816 6827 6817
f 6817 6827 6828
f 6817 6828 6818
f 6818 6828 6829
f 6818 6829 6819
f 6819 6829 6437
f 6819 6437 6440
f 6440 6437 6436
f 6440 6436 6438
f 6332 6516 6515
f 6515 6516 6830
f 6515 6830 6820
f 6820 6830 6831
f 6820 6831 6821
f 6821 6831 6832
f 6821 6832 6822
f 6822 6832 6833
f 6822 6833 6823
f 6823 6833 6834
f 6823 6834 6824
f 6824 6834 6835
f 6824 6835 6825
f 6825 6835 6836
f 6825 6836 6826
f 6826 6836 6837
f 6826 6837 6827
f 6827 6837 6838
f 6827 6838 6828
f 6828 6838 6839
f 6828 6839 6829
f 6829 6839 6434
f 6829 6434 6437
f 6437 6434 6433
f 6437 6433 6435
f 6292 6490 6516
f 6516 6490 6840
f 6516 6840 6830
f 6830 6840 6841
f 6830 6841 6831
f 6831 6841 6842
f 6831 6842 6832
f 6832 6842 6843
f 6832 6843 6833
f 6833 6843 6844
f 6833 6844 6834
f 6834 6844 6845
f 6834 6845 6835
f 6835 6845 6846
f 6835 6846 6836
f 6836 6846 6847
f 6836 6847 6837
f 6837 6847 6848
f 6837 6848 6838
f 6838 6848 6849
f 6838 6849 6839
f 6839 6849 6850
f 6839 6850 6434
f 6434 6850 6851
f 6434 6851 6432
f 6852 6853 6854
f 6291 6517 6490
f 6490 6517 6855
f 6490 6855 6840
f 6840 6855 6856
f 6840 6856 6841
f 6841 6856 6857
f 6841 6857 6842
f 6842 6857 6858
f 6842 6858 6843
f 6843 6858 6859
f 6843 6859 6844
f 6844 6859 6860
f 6844 6860 6845
f 6845 6860 6861
f 6845 6861 6846
f 6846 6861 6862
f 6846 6862 6847
f 6847 6862 6863
f 6847 6863 6848
f 6848 6863 6864
f 6848 6864 6849
f 6849 6864 6852
f 6849 6852 6850
f 6850 6852 6854
f 6850 6854 6851
f 6865 6866 6867
f 6335 6489 6517
f 6517 6489 6868
f 6517 6868 6855
f 6855 6868 6869
f 6855 6869 6856
f 6856 6869 6870
f 6856 6870 6857
f 6857 6870 6871
f 6857 6871 6858
f 6858 6871 6872
f 6858 6872 6859
f 6859 6872 6873
f 6859 6873 6860
f 6860 6873 6874
f 6860 6874 6861
f 6861 6874 6875
f 6861 6875 6862
f 6862 6875 6876
f 6862 6876 6863
f 6863 6876 6877
f 6863 6877 6864
f 6864 6877 6865
f 6864 6865 6852
f 6852 6865 6867
f 6852 6867 6853
f 6878 6879 6880
f 6336 6488 6489
f 6489 6488 6881
f 6489 6881 6868
f 6868 6881 6882
f 6868 6882 6869
f 6869 6882 6883
f 6869 6883 6870
f 6870 6883 6884
f 6870 6884 6871
f 6871 6884 6885
f 6871 6885 6872
f 6872 6885 6886
f 6872 6886 6873
f 6873 6886 6887
f 6873 6887 6874
f 6874 6887 6888
f 6874 6888 6875
f 6875 6888 6889
f 6875 6889 6876
f 6876 6889 6890
f 6876 6890 6877
f 6877 6890 6878
f 6877 6878 6865
f 6865 6878 6880
f 6865 6880 6866
f 6891 6892 6893
f 6339 6518 6488
f 6488 6518 6894
f 6488 6894 6881
f 6881 6894 6895
f 6881 6895 6882
f 6882 6895 6896
f 6882 6896 6883
f 6883 6896 6897
f 6883 6897 6884
f 6884 6897 6898
f 6884 6898 6885
f 6885 6898 6899
f 6885 6899 6886
f 6886 6899 6900
f 6886 6900 6887
f 6887 6900 6901
f 6887 6901 6888
f 6888 6901 6902
f 6888 6902 6889
f 6889 6902 6903
f 6889 6903 6890
f 6890 6903 6891
f 6890 6891 6878
f 6878 6891 6893
f 6878 6893 6879
f 6338 6519 6518
f 6518 6519 6906
f 6518 6906 6894
f 6894 6906 6907
f 6894 6907 6895
f 6895 6907 6908
f 6895 6908 6896
f 6896 6908 6909
f 6896 6909 6897
f 6897 6909 6910
f 6897 6910 6898
f 6898 6910 6911
f 6898 6911 6899
f 6899 6911 6912
f 6899 6912 6900
f 6900 6912 6913
f 6900 6913 6901
f 6901 6913 6914
f 6901 6914 6902
f 6902 6914 6915
f 6902 6915 6903
f 6903 6915 6904
f 6903 6904 6891
f 6891 6904 6905
f 6891 6905 6892
f 6341 6520 6519
f 6519 6520 6916
f 6519 6916 6906
f 6906 6916 6917
f 6906 6917 6907
f 6907 6917 6918
f 6907 6918 6908
f 6908 6918 6919
f 6908 6919 6909
f 6909 6919 6920
f 6909 6920 6910
f 6910 6920 6921
f 6910 6921 6911
f 6911 6921 6922
f 6911 6922 6912
f 6912 6922 6923
f 6912 6923 6913
f 6913 6923 6924
f 6913 6924 6914
f 6914 6924 6925
f 6914 6925 6915
f 6915 6925 6431
f 6915 6431 6904
f 6904 6431 6430
f 6904 6430 6905
f 6290 6487 6520
f 6520 6487 6926
f 6520 6926 6916
f 6916 6926 6927
f 6916 6927 6917
f 6917 6927 6928
f 6917 6928 6918
f 6918 6928 6929
f 6918 6929 6919
f 6919 6929 6930
f 6919 6930 6920
f 6920 6930 6931
f 6920 6931 6921
f 6921 6931 6932
f 6921 6932 6922
f 6922 6932 6933
f 6922 6933 6923
f 6923 6933 6934
f 6923 6934 6924
f 6924 6934 6935
f 6924 6935 6925
f 6925 6935 6429
f 6925 6429 6431
f 6431 6429 6428
f 6431 6428 6430
f 6290 6521 6487
f 6487 6521 6936
f 6487 6936 6926
f 6926 6936 6937
f 6926 6937 6927
f 6927 6937 6938
f 6927 6938 6928
f 6928 6938 6939
f 6928 6939 6929
f 6929 6939 6940
f 6929 6940 6930
f 6930 6940 6941
f 6930 6941 6931
f 6931 6941 6942
f 6931 6942 6932
f 6932 6942 6943
f 6932 6943 6933
f 6933 6943 6944
f 6933 6944 6934
f 6934 6944 6945
f 6934 6945 6935
f 6935 6945 6426
f 6935 6426 6429
f 6429 6426 6425
f 6429 6425 6427
f 6344 6486 6521
f 6521 6486 6946
f 6521 6946 6936
f 6936 6946 6947
f 6936 6947 6937
f 6937 6947 6948
f 6937 6948 6938
f 6938 6948 6949
f 6938 6949 6939
f 6939 6949 6950
f 6939 6950 6940
f 6940 6950 6951
f 6940 6951 6941
f 6941 6951 6952
f 6941 6952 6942
f 6942 6952 6953
f 6942 6953 6943
f 6943 6953 6954
f 6943 6954 6944
f 6944 6954 6955
f 6944 6955 6945
f 6945 6955 6423
f 6945 6423 6426
f 6426 6423 6422
f 6426 6422 6424
f 6349 6485 6486
f 6486 6485 6956
f 6486 6956 6946
f 6946 6956 6957
f 6946 6957 6947
f 6947 6957 6958
f 6947 6958 6948
f 6948 6958 6959
f 6948 6959 6949
f 6949 6959 6960
f 6949 6960 6950
f 6950 6960 6961
f 6950 6961 6951
f 6951 6961 6962
f 6951 6962 6952
f 6952 6962 6963
f 6952 6963 6953
f 6953 6963 6964
f 6953 6964 6954
f 6954 6964 6965
f 6954 6965 6955
f 6955 6965 6420
f 6955 6420 6423
f 6423 6420 6419
f 6423 6419 6421
f 6347 6522 6485
f 6485 6522 6966
f 6485 6966 6956
f 6956 6966 6967
f 6956 6967 6957
f 6957 6967 6968
f 6957 6968 6958
f 6958 6968 6969
f 6958 6969 6959
f 6959 6969 6970
f 6959 6970 6960
f 6960 6970 6971
f 6960 6971 6961
f 6961 6971 6972
f 6961 6972 6962
f 6962 6972 6973
f 6962 6973 6963
f 6963 6973 6974
f 6963 6974 6964
f 6964 6974 6975
f 6964 6975 6965
f 6965 6975 6976
f 6965 6976 6420
f 6420 6976 6977
f 6420 6977 6418
f 6978 6979 6980
f 6345 6484 6522
f 6522 6484 6981
f 6522 6981 6966
f 6966 6981 6982
f 6966 6982 6967
f 6967 6982 6983
f 6967 6983 6968
f 6968 6983 6984
f 6968 6984 6969
f 6969 6984 6985
f 6969 6985 6970
f 6970 6985 6986
f 6970 6986 6971
f 6971 6986 6987
f 6971 6987 6972
f 6972 6987 6988
f 6972 6988 6973
f 6973 6988 6989
f 6973 6989 6974
f 6974 6989 6990
f 6974 6990 6975
f 6975 6990 6978
f 6975 6978 6976
f 6976 6978 6980
f 6976 6980 6977
f 6991 6992 6993
f 6350 6523 6484
f 6484 6523 6994
f 6484 6994 6981
f 6981 6994 6995
f 6981 6995 6982
f 6982 6995 6996
f 6982 6996 6983
f 6983 6996 6997
f 6983 6997 6984
f 6984 6997 6998
f 6984 6998 6985
f 6985 6998 6999
f 6985 6999 6986
f 6986 6999 7000
f 6986 7000 6987
f 6987 7000 7001
f 6987 7001 6988
f 6988 7001 7002
f 6988 7002 6989
f 6989 7002 7003
f 6989 7003 6990
f 6990 7003 6991
f 6990 6991 6978
f 6978 6991 6993
f 6978 6993 6979
f 7004 7005 7006
f 6289 6483 6523
f 6523 6483 7007
f 6523 7007 6994
f 6994 7007 7008
f 6994 7008 6995
f 6995 7008 7009
f 6995 7009 6996
f 6996 7009 7010
f 6996 7010 6997
f 6997 7010 7011
f 6997 7011 6998
f 6998 7011 7012
f 6998 7012 6999
f 6999 7012 7013
f 6999 7013 7000
f 7000 7013 7014
f 7000 7014 7001
f 7001 7014 7015
f 7001 7015 7002
f 7002 7015 7016
f 7002 7016 7003
f 7003 7016 7004
f 7003 7004 6991
f 6991 7004 7006
f 6991 7006 6992
f 6289 6524 6483
f 6483 6524 7019
f 6483 7019 7007
f 7007 7019 7020
f 7007 7020 7008
f 7008 7020 7021
f 7008 7021 7009
f 7009 7021 7022
f 7009 7022 7010
f 7010 7022 7023
f 7010 7023 7011
f 7011 7023 7024
f 7011 7024 7012
f 7012 7024 7025
f 7012 7025 7013
f 7013 7025 7026
f 7013 7026 7014
f 7014 7026 7027
f 7014 7027 7015
f 7015 7027 7028
f 7015 7028 7016
f 7016 7028 7017
f 7016 7017 7004
f 7004 7017 7018
f 7004 7018 7005
f 6354 6525 6524
f 6524 6525 7031
f 6524 7031 7019
f 7019 7031 7032
f 7019 7032 7020
f 7020 7032 7033
f 7020 7033 7021
f 7021 7033 7034
f 7021 7034 7022
f 7022 7034 7035
f 7022 7035 7023
f 7023 7035 7036
f 7023 7036 7024
f 7024 7036 7037
f 7024 7037 7025
f 7025 7037 7038
f 7025 7038 7026
f 7026 7038 7039
f 7026 7039 7027
f 7027 7039 7040
f 7027 7040 7028
f 7028 7040 7029
f 7028 7029 7017
f 7017 7029 7030
f 7017 7030 7018
f 6288 6482 6525
f 6525 6482 7041
f 6525 7041 7031
f 7031 7041 7042
f 7031 7042 7032
f 7032 7042 7043
f 7032 7043 7033
f 7033 7043 7044
f 7033 7044 7034
f 7034 7044 7045
f 7034 7045 7035
f 7035 7045 7046
f 7035 7046 7036
f 7036 7046 7047
f 7036 7047 7037
f 7037 7047 7048
f 7037 7048 7038
f 7038 7048 7049
f 7038 7049 7039
f 7039 7049 7050
f 7039 7050 7040
f 7040 7050 6417
f 7040 6417 7029
f 7029 6417 6416
f 7029 6416 7030
f 6287 6526 6482
f 6482 6526 7051
f 6482 7051 7041
f 7041 7051 7052
f 7041 7052 7042
f 7042 7052 7053
f 7042 7053 7043
f 7043 7053 7054
f 7043 7054 7044
f 7044 7054 7055
f 7044 7055 7045
f 7045 7055 7056
f 7045 7056 7046
f 7046 7056 7057
f 7046 7057 7047
f 7047 7057 7058
f 7047 7058 7048
f 7048 7058 7059
f 7048 7059 7049
f 7049 7059 7060
f 7049 7060 7050
f 7050 7060 6414
f 7050 6414 6417
f 6417 6414 6413
f 6417 6413 6415
f 6357 6481 6526
f 6526 6481 7061
f 6526 7061 7051
f 7051 7061 7062
f 7051 7062 7052
f 7052 7062 7063
f 7052 7063 7053
f 7053 7063 7064
f 7053 7064 7054
f 7054 7064 7065
f 7054 7065 7055
f 7055 7065 7066
f 7055 7066 7056
f 7056 7066 7067
f 7056 7067 7057
f 7057 7067 7068
f 7057 7068 7058
f 7058 7068 7069
f 7058 7069 7059
f 7059 7069 7070
f 7059 7070 7060
f 7060 7070 6411
f 7060 6411 6414
f 6414 6411 6410
f 6414 6410 6412
f 6358 6480 6481
f 6481 6480 7071
f 6481 7071 7061
f 7061 7071 7072
f 7061 7072 7062
f 7062 7072 7073
f 7062 7073 7063
f 7063 7073 7074
f 7063 7074 7064
f 7064 7074 7075
f 7064 7075 7065
f 7065 7075 7076
f 7065 7076 7066
f 7066 7076 7077
f 7066 7077 7067
f 7067 7077 7078
f 7067 7078 7068
f 7068 7078 7079
f 7068 7079 7069
f 7069 7079 7080
f 7069 7080 7070
f 7070 7080 6408
f 7070 6408 6411
f 6411 6408 6407
f 6411 6407 6409
f 6362 6527 6480
f 6480 6527 7081
f 6480 7081 7071
f 7071 7081 7082
f 7071 7082 7072
f 7072 7082 7083
f 7072 7083 7073
f 7073 7083 7084
f 7073 7084 7074
f 7074 7084 7085
f 7074 7085 7075
f 7075 7085 7086
f 7075 7086 7076
f 7076 7086 7087
f 7076 7087 7077
f 7077 7087 7088
f 7077 7088 7078
f 7078 7088 7089
f 7078 7089 7079
f 7079 7089 7090
f 7079 7090 7080
f 7080 7090 6405
f 7080 6405 6408
f 6408 6405 6404
f 6408 6404 6406
f 6360 6528 6527
f 6527 6528 7091
f 6527 7091 7081
f 7081 7091 7092
f 7081 7092 7082
f 7082 7092 7093
f 7082 7093 7083
f 7083 7093 7094
f 7083 7094 7084
f 7084 7094 7095
f 7084 7095 7085
f 7085 7095 7096
f 7085 7096 7086
f 7086 7096 7097
f 7086 7097 7087
f 7087 7097 7098
f 7087 7098 7088
f 7088 7098 7099
f 7088 7099 7089
f 7089 7099 7100
f 7089 7100 7090
f 7090 7100 7101
f 7090 7101 6405
f 6405 7101 7102
f 6405 7102 6403
f 7103 7104 7105
f 6364 6529 6528
f 6528 6529 7106
f 6528 7106 7091
f 7091 7106 7107
f 7091 7107 7092
f 7092 7107 7108
f 7092 7108 7093
f 7093 7108 7109
f 7093 7109 7094
f 7094 7109 7110
f 7094 7110 7095
f 7095 7110 7111
f 7095 7111 7096
f 7096 7111 7112
f 7096 7112 7097
f 7097 7112 7113
f 7097 7113 7098
f 7098 7113 7114
f 7098 7114 7099
f 7099 7114 7115
f 7099 7115 7100
f 7100 7115 7103
f 7100 7103 7101
f 7101 7103 7105
f 7101 7105 7102
f 7116 7117 7118
f 6286 6479 6529
f 6529 6479 7119
f 6529 7119 7106
f 7106 7119 7120
f 7106 7120 7107
f 7107 7120 7121
f 7107 7121 7108
f 7108 7121 7122
f 7108 7122 7109
f 7109 7122 7123
f 7109 7123 7110
f 7110 7123 7124
f 7110 7124 7111
f 7111 7124 7125
f 7111 7125 7112
f 7112 7125 7126
f 7112 7126 7113
f 7113 7126 7127
f 7113 7127 7114
f 7114 7127 7128
f 7114 7128 7115
f 7115 7128 7116
f 7115 7116 7103
f 7103 7116 7118
f 7103 7118 7104
f 7129 7130 7131
f 6285 6530 6479
f 6479 6530 7132
f 6479 7132 7119
f 7119 7132 7133
f 7119 7133 7120
f 7120 7133 7134
f 7120 7134 7121
f 7121 7134 7135
f 7121 7135 7122
f 7122 7135 7136
f 7122 7136 7123
f 7123 7136 7137
f 7123 7137 7124
f 7124 7137 7138
f 7124 7138 7125
f 7125 7138 7139
f 7125 7139 7126
f 7126 7139 7140
f 7126 7140 7127
f 7127 7140 7141
f 7127 7141 7128
f 7128 7141 7129
f 7128 7129 7116
f 7116 7129 7131
f 7116 7131 7117
f 6367 6478 6530
f 6530 6478 7144
f 6530 7144 7132
f 7132 7144 7145
f 7132 7145 7133
f 7133 7145 7146
f 7133 7146 7134
f 7134 7146 7147
f 7134 7147 7135
f 7135 7147 7148
f 7135 7148 7136
f 7136 7148 7149
f 7136 7149 7137
f 7137 7149 7150
f 7137 7150 7138
f 7138 7150 7151
f 7138 7151 7139
f 7139 7151 7152
f 7139 7152 7140
f 7140 7152 7153
f 7140 7153 7141
f 7141 7153 7142
f 7141 7142 7129
f 7129 7142 7143
f 7129 7143 7130
f 6368 6477 6478
f 6478 6477 7156
f 6478 7156 7144
f 7144 7156 7157
f 7144 7157 7145
f 7145 7157 7158
f 7145 7158 7146
f 7146 7158 7159
f 7146 7159 7147
f 7147 7159 7160
f 7147 7160 7148
f 7148 7160 7161
f 7148 7161 7149
f 7149 7161 7162
f 7149 7162 7150
f 7150 7162 7163
f 7150 7163 7151
f 7151 7163 7164
f 7151 7164 7152
f 7152 7164 7165
f 7152 7165 7153
f 7153 7165 7154
f 7153 7154 7142
f 7142 7154 7155
f 7142 7155 7143
f 6372 6531 6477
f 6477 6531 7166
f 6477 7166 7156
f 7156 7166 7167
f 7156 7167 7157
f 7157 7167 7168
f 7157 7168 7158
f 7158 7168 7169
f 7158 7169 7159
f 7159 7169 7170
f 7159 7170 7160
f 7160 7170 7171
f 7160 7171 7161
f 7161 7171 7172
f 7161 7172 7162
f 7162 7172 7173
f 7162 7173 7163
f 7163 7173 7174
f 7163 7174 7164
f 7164 7174 7175
f 7164 7175 7165
f 7165 7175 6402
f 7165 6402 7154
f 7154 6402 6401
f 7154 6401 7155
f 6370 6476 6531
f 6531 6476 7176
f 6531 7176 7166
f 7166 7176 7177
f 7166 7177 7167
f 7167 7177 7178
f 7167 7178 7168
f 7168 7178 7179
f 7168 7179 7169
f 7169 7179 7180
f 7169 7180 7170
f 7170 7180 7181
f 7170 7181 7171
f 7171 7181 7182
f 7171 7182 7172
f 7172 7182 7183
f 7172 7183 7173
f 7173 7183 7184
f 7173 7184 7174
f 7174 7184 7185
f 7174 7185 7175
f 7175 7185 6399
f 7175 6399 6402
f 6402 6399 6398
f 6402 6398 6400
f 6373 6532 6476
f 6476 6532 7186
f 6476 7186 7176
f 7176 7186 7187
f 7176 7187 7177
f 7177 7187 7188
f 7177 7188 7178
f 7178 7188 7189
f 7178 7189 7179
f 7179 7189 7190
f 7179 7190 7180
f 7180 7190 7191
f 7180 7191 7181
f 7181 7191 7192
f 7181 7192 7182
f 7182 7192 7193
f 7182 7193 7183
f 7183 7193 7194
f 7183 7194 7184
f 7184 7194 7195
f 7184 7195 7185
f 7185 7195 6397
f 7185 6397 6399
f 6399 6397 6396
f 6399 6396 6398
f 6284 6475 6532
f 6532 6475 7196
f 6532 7196 7186
f 7186 7196 7197
f 7186 7197 7187
f 7187 7197 7198
f 7187 7198 7188
f 7188 7198 7199
f 7188 7199 7189
f 7189 7199 7200
f 7189 7200 7190
f 7190 7200 7201
f 7190 7201 7191
f 7191 7201 7202
f 7191 7202 7192
f 7192 7202 7203
f 7192 7203 7193
f 7193 7203 7204
f 7193 7204 7194
f 7194 7204 7205
f 7194 7205 7195
f 7195 7205 6394
f 7195 6394 6397
f 6397 6394 6393
f 6397 6393 6395
f 6283 6533 6475
f 6475 6533 7206
f 6475 7206 7196
f 7196 7206 7207
f 7196 7207 7197
f 7197 7207 7208
f 7197 7208 7198
f 7198 7208 7209
f 7198 7209 7199
f 7199 7209 7210
f 7199 7210 7200
f 7200 7210 7211
f 7200 7211 7201
f 7201 7211 7212
f 7201 7212 7202
f 7202 7212 7213
f 7202 7213 7203
f 7203 7213 7214
f 7203 7214 7204
f 7204 7214 7215
f 7204 7215 7205
f 7205 7215 6391
f 7205 6391 6394
f 6394 6391 6390
f 6394 6390 6392
f 6377 6474 6533
f 6533 6474 7216
f 6533 7216 7206
f 7206 7216 7217
f 7206 7217 7207
f 7207 7217 7218
f 7207 7218 7208
f 7208 7218 7219
f 7208 7219 7209
f 7209 7219 7220
f 7209 7220 7210
f 7210 7220 7221
f 7210 7221 7211
f 7211 7221 7222
f 7211 7222 7212
f 7212 7222 7223
f 7212 7223 7213
f 7213 7223 7224
f 7213 7224 7214
f 7214 7224 7225
f 7214 7225 7215
f 7215 7225 7226
f 7215 7226 6391
f 6391 7226 7227
f 6391 7227 6389
f 7228 7229 7230
f 6382 6473 6474
f 6474 6473 7231
f 6474 7231 7216
f 7216 7231 7232
f 7216 7232 7217
f 7217 7232 7233
f 7217 7233 7218
f 7218 7233 7234
f 7218 7234 7219
f 7219 7234 7235
f 7219 7235 7220
f 7220 7235 7236
f 7220 7236 7221
f 7221 7236 7237
f 7221 7237 7222
f 7222 7237 7238
f 7222 7238 7223
f 7223 7238 7239
f 7223 7239 7224
f 7224 7239 7240
f 7224 7240 7225
f 7225 7240 7228
f 7225 7228 7226
f 7226 7228 7230
f 7226 7230 7227
f 7241 7242 7243
f 6380 6534 6473
f 6473 6534 7244
f 6473 7244 7231
f 7231 7244 7245
f 7231 7245 7232
f 7232 7245 7246
f 7232 7246 7233
f 7233 7246 7247
f 7233 7247 7234
f 7234 7247 7248
f 7234 7248 7235
f 7235 7248 7249
f 7235 7249 7236
f 7236 7249 7250
f 7236 7250 7237
f 7237 7250 7251
f 7237 7251 7238
f 7238 7251 7252
f 7238 7252 7239
f 7239 7252 7253
f 7239 7253 7240
f 7240 7253 7241
f 7240 7241 7228
f 7228 7241 7243
f 7228 7243 7229
f 7254 7255 7256
f 6378 6472 6534
f 6534 6472 7257
f 6534 7257 7244
f 7244 7257 7258
f 7244 7258 7245
f 7245 7258 7259
f 7245 7259 7246
f 7246 7259 7260
f 7246 7260 7247
f 7247 7260 7261
f 7247 7261 7248
f 7248 7261 7262
f 7248 7262 7249
f 7249 7262 7263
f 7249 7263 7250
f 7250 7263 7264
f 7250 7264 7251
f 7251 7264 7265
f 7251 7265 7252
f 7252 7265 7266
f 7252 7266 7253
f 7253 7266 7254
f 7253 7254 7241
f 7241 7254 7256
f 7241 7256 7242
f 7267 7268 7269
f 6383 6471 6472
f 6472 6471 7270
f 6472 7270 7257
f 7257 7270 7271
f 7257 7271 7258
f 7258 7271 7272
f 7258 7272 7259
f 7259 7272 7273
f 7259 7273 7260
f 7260 7273 7274
f 7260 7274 7261
f 7261 7274 7275
f 7261 7275 7262
f 7262 7275 7276
f 7262 7276 7263
f 7263 7276 7277
f 7263 7277 7264
f 7264 7277 7278
f 7264 7278 7265
f 7265 7278 7279
f 7265 7279 7266
f 7266 7279 7267
f 7266 7267 7254
f 7254 7267 7269
f 7254 7269 7255
f 6388 6470 6471
f 6471 6470 6536
f 6471 6536 7270
f 7270 6536 6538
f 7270 6538 7271
f 7271 6538 6540
f 7271 6540 7272
f 7272 6540 6542
f 7272 6542 7273
f 7273 6542 6544
f 7273 6544 7274
f 7274 6544 6546
f 7274 6546 7275
f 7275 6546 6548
f 7275 6548 7276
f 7276 6548 6550
f 7276 6550 7277
f 7277 6550 6552
f 7277 6552 7278
f 7278 6552 6554
f 7278 6554 7279
f 7279 6554 6555
f 7279 6555 7267
f 7267 6555 6556
f 7267 6556 7268
f 6468 7280 7281
f 6468 6467 7280
f 7280 6467 6465
f 7280 6465 7282
f 6465 6464 7282
f 7282 6464 6462
f 7282 6462 7283
f 6462 6461 7283
f 7283 6461 6459
f 7283 6459 7284
f 7284 6459 6458
f 7284 6458 7285
f 7285 6458 6598
f 6598 6601 7285
f 7285 6601 6600
f 7285 6600 7286
f 6600 6614 7286
f 7286 6614 6613
f 7286 6613 7287
f 6613 6627 7287
f 7287 6627 6626
f 7287 6626 7288
f 6652 7289 6639
f 6639 7289 7288
f 6639 7288 6626
f 6652 6651 7289
f 7289 6651 6456
f 7289 6456 7290
f 7290 6456 6454
f 7290 6454 7291
f 7291 6454 6452
f 7291 6452 7292
f 6452 6451 7292
f 7292 6451 6449
f 7292 6449 7293
f 6449 6448 7293
f 7293 6448 6446
f 7293 6446 7294
f 7294 6446 6445
f 7294 6445 7295
f 7295 6445 6724
f 6724 6727 7295
f 7295 6727 6726
f 7295 6726 7296
f 6726 6740 7296
f 7296 6740 6739
f 7296 6739 7297
f 6739 6753 7297
f 7297 6753 6752
f 7297 6752 7298
f 6779 7299 6765
f 6765 7299 7298
f 6765 7298 6766
f 6766 7298 6752
f 6779 6778 7299
f 7299 6778 6443
f 7299 6443 7300
f 7300 6443 6441
f 7300 6441 7301
f 7301 6441 6439
f 7301 6439 7302
f 6439 6438 7302
f 7302 6438 6436
f 7302 6436 7303
f 7303 6436 6435
f 7303 6435 7304
f 6435 6433 7304
f 7304 6433 6432
f 7304 6432 7305
f 7305 6432 6851
f 6851 6854 7305
f 7305 6854 6853
f 7305 6853 7306
f 6853 6867 7306
f 7306 6867 6866
f 7306 6866 7307
f 6866 6880 7307
f 7307 6880 6879
f 7307 6879 7308
f 6879 6893 7308
f 7308 6893 6892
f 7308 6892 7309
f 6430 7310 6905
f 6905 7310 7309
f 6905 7309 6892
f 7310 6430 6428
f 7310 6428 7311
f 6428 6427 7311
f 7311 6427 6425
f 7311 6425 7312
f 6425 6424 7312
f 7312 6424 6422
f 7312 6422 7313
f 7313 6422 6421
f 7313 6421 7314
f 7314 6421 6419
f 6419 6418 7314
f 7314 6418 6977
f 7314 6977 7315
f 6977 6980 7315
f 7315 6980 6979
f 7315 6979 7316
f 6979 6993 7316
f 7316 6993 6992
f 7316 6992 7317
f 6992 7006 7317
f 7317 7006 7005
f 7317 7005 7318
f 7005 7018 7318
f 7318 7018 7319
f 6416 7320 7030
f 7030 7320 7319
f 7030 7319 7018
f 6416 6415 7320
f 7320 6415 6413
f 7320 6413 7321
f 6413 6412 7321
f 7321 6412 6410
f 7321 6410 7322
f 6410 6409 7322
f 7322 6409 6407
f 7322 6407 7323
f 7323 6407 6406
f 7323 6406 7324
f 7324 6406 6404
f 6404 6403 7324
f 7324 6403 7102
f 7324 7102 7325
f 7102 7105 7325
f 7325 7105 7104
f 7325 7104 7326
f 7104 7118 7326
f 7326 7118 7117
f 7326 7117 7327
f 7117 7131 7327
f 7327 7131 7130
f 7327 7130 7328
f 7130 7143 7328
f 7328 7143 7329
f 6401 7330 7155
f 7155 7330 7329
f 7155 7329 7143
f 6401 6400 7330
f 7330 6400 6398
f 7330 6398 7331
f 7331 6398 6396
f 7331 6396 7332
f 6396 6395 7332
f 7332 6395 6393
f 7332 6393 7333
f 7333 6393 6392
f 7333 6392 7334
f 7334 6392 6390
f 6390 6389 7334
f 7334 6389 7227
f 7334 7227 7335
f 7227 7230 7335
f 7335 7230 7229
f 7335 7229 7336
f 7229 7243 7336
f 7336 7243 7242
f 7336 7242 7337
f 7242 7256 7337
f 7337 7256 7255
f 7337 7255 7338
f 7255 7269 7338
f 7338 7269 7268
f 7338 7268 7281
f 7281 7268 6556
f 7281 6556 6468
f 7338 7339 7337
f 7337 7339 7340
f 7337 7340 7336
f 7336 7340 7341
f 7336 7341 7335
f 7335 7341 7342
f 7335 7342 7334
f 7334 7342 7343
f 7334 7343 7333
f 7333 7343 7344
f 7333 7344 7332
f 7332 7344 7345
f 7332 7345 7331
f 7331 7345 7346
f 7331 7346 7330
f 7330 7346 7347
f 7330 7347 7329
f 7329 7347 7348
f 7329 7348 7328
f 7328 7348 7349
f 7328 7349 7327
f 7327 7349 7350
f 7327 7350 7326
f 7326 7350 7351
f 7326 7351 7325
f 7325 7351 7352
f 7325 7352 7324
f 7324 7352 7353
f 7324 7353 7323
f 7323 7353 7354
f 7323 7354 7322
f 7322 7354 7355
f 7322 7355 7321
f 7321 7355 7356
f 7321 7356 7320
f 7320 7356 7357
f 7320 7357 7319
f 7319 7357 7358
f 7319 7358 7318
f 7318 7358 7359
f 7318 7359 7317
f 7317 7359 7360
f 7317 7360 7316
f 7316 7360 7361
f 7316 7361 7315
f 7315 7361 7362
f 7315 7362 7314
f 7314 7362 7363
f 7314 7363 7313
f 7313 7363 7364
f 7313 7364 7312
f 7312 7364 7365
f 7312 7365 7311
f 7311 7365 7366
f 7311 7366 7310
f 7310 7366 7367
f 7310 7367 7309
f 7309 7367 7368
f 7309 7368 7308
f 7308 7368 7369
f 7308 7369 7307
f 7307 7369 7370
f 7307 7370 7306
f 7306 7370 7371
f 7306 7371 7305
f 7305 7371 7372
f 7305 7372 7304
f 7304 7372 7373
f 7304 7373 7303
f 7303 7373 7374
f 7303 7374 7302
f 7302 7374 7375
f 7302 7375 7301
f 7301 7375 7376
f 7301 7376 7300
f 7300 7376 7377
f 7300 7377 7299
f 7299 7377 7378
f 7299 7378 7298
f 7298 7378 7379
f 7298 7379 7297
f 7297 7379 7380
f 7297 7380 7296
f 7296 7380 7381
f 7296 7381 7295
f 7295 7381 7382
f 7295 7382 7294
f 7294 7382 7383
f 7294 7383 7293
f 7293 7383 7384
f 7293 7384 7292
f 7292 7384 7385
f 7292 7385 7291
f 7291 7385 7386
f 7291 7386 7290
f 7290 7386 7387
f 7290 7387 7289
f 7289 7387 7388
f 7289 7388 7288
f 7288 7388 7389
f 7288 7389 7287
f 7287 7389 7390
f 7287 7390 7286
f 7286 7390 7391
f 7286 7391 7285
f 7285 7391 7392
f 7285 7392 7284
f 7284 7392 7393
f 7284 7393 7283
f 7283 7393 7394
f 7283 7394 7282
f 7282 7394 7395
f 7282 7395 7280
f 7280 7395 7396
f 7280 7396 7281
f 7281 7396 7397
f 7281 7397 7338
f 7338 7397 7339
f 7339 7398 7340
f 7340 7398 7399
f 7340 7399 7341
f 7341 7399 7400
f 7341 7400 7342
f 7342 7400 7401
f 7342 7401 7343
f 7343 7401 7402
f 7343 7402 7344
f 7344 7402 7403
f 7344 7403 7345
f 7345 7403 7404
f 7345 7404 7346
f 7346 7404 7405
f 7346 7405 7347
f 7347 7405 7406
f 7347 7406 7348
f 7348 7406 7407
f 7348 7407 7349
f 7349 7407 7408
f 7349 7408 7350
f 7350 7408 7409
f 7350 7409 7351
f 7351 7409 7410
f 7351 7410 7352
f 7352 7410 7411
f 7352 7411 7353
f 7353 7411 7412
f 7353 7412 7354
f 7354 7412 7413
f 7354 7413 7355
f 7355 7413 7414
f 7355 7414 7356
f 7356 7414 7415
f 7356 7415 7357
f 7357 7415 7416
f 7357 7416 7358
f 7358 7416 7417
f 7358 7417 7359
f 7359 7417 7418
f 7359 7418 7360
f 7360 7418 7419
f 7360 7419 7361
f 7361 7419 7420
f 7361 7420 7362
f 7362 7420 7421
f 7362 7421 7363
f 7363 7421 7422
f 7363 7422 7364
f 7364 7422 7423
f 7364 7423 7365
f 7365 7423 7424
f 7365 7424 7366
f 7366 7424 7425
f 7366 7425 7367
f 7367 7425 7426
f 7367 7426 7368
f 7368 7426 7427
f 7368 7427 7369
f 7369 7427 7428
f 7369 7428 7370
f 7370 7428 7429
f 7370 7429 7371
f 7371 7429 7430
f 7371 7430 7372
f 7372 7430 7431
f 7372 7431 7373
f 7373 7431 7432
f 7373 7432 7374
f 7374 7432 7433
f 7374 7433 7375
f 7375 7433 7434
f 7375 7434 7376
f 7376 7434 7435
f 7376 7435 7377
f 7377 7435 7436
f 7377 7436 7378
f 7378 7436 7437
f 7378 7437 7379
f 7379 7437 7438
f 7379 7438 7380
f 7380 7438 7439
f 7380 7439 7381
f 7381 7439 7440
f 7381 7440 7382
f 7382 7440 7441
f 7382 7441 7383
f 7383 7441 7442
f 7383 7442 7384
f 7384 7442 7443
f 7384 7443 7385
f 7385 7443 7444
f 7385 7444 7386
f 7386 7444 7445
f 7386 7445 7387
f 7387 7445 7446
f 7387 7446 7388
f 7388 7446 7447
f 7388 7447 7389
f 7389 7447 7448
f 7389 7448 7390
f 7390 7448 7449
f 7390 7449 7391
f 7391 7449 7450
f 7391 7450 7392
f 7392 7450 7451
f 7392 7451 7393
f 7393 7451 7452
f 7393 7452 7394
f 7394 7452 7453
f 7394 7453 7395
f 7395 7453 7454
f 7395 7454 7396
f 7396 7454 7455
f 7396 7455 7397
f 7397 7455 7456
f 7397 7456 7339
f 7339 7456 7398
f 7398 7457 7399
f 7399 7457 7458
f 7399 7458 7400
f 7400 7458 7459
f 7400 7459 7401
f 7401 7459 7460
f 7401 7460 7402
f 7402 7460 7461
f 7402 7461 7403
f 7403 7461 7462
f 7403 7462 7404
f 7404 7462 7463
f 7404 7463 7405
f 7405 7463 7464
f 7405 7464 7406
f 7406 7464 7465
f 7406 7465 7407
f 7407 7465 7466
f 7407 7466 7408
f 7408 7466 7467
f 7408 7467 7409
f 7409 7467 7468
f 7409 7468 7410
f 7410 7468 7469
f 7410 7469 7411
f 7411 7469 7470
f 7411 7470 7412
f 7412 7470 7471
f 7412 7471 7413
f 7413 7471 7472
f 7413 7472 7414
f 7414 7472 7473
f 7414 7473 7415
f 7415 7473 7474
f 7415 7474 7416
f 7416 7474 7475
f 7416 7475 7417
f 7417 7475 7476
f 7417 7476 7418
f 7418 7476 7477
f 7418 7477 7419
f 7419 7477 7478
f 7419 7478 7420
f 7420 7478 7479
f 7420 7479 7421
f 7421 7479 7480
f 7421 7480 7422
f 7422 7480 7481
f 7422 7481 7423
f 7423 7481 7482
f 7423 7482 7424
f 7424 7482 7483
f 7424 7483 7425
f 7425 7483 7484
f 7425 7484 7426
f 7426 7484 7485
f 7426 7485 7427
f 7427 7485 7486
f 7427 7486 7428
f 7428 7486 7487
f 7428 7487 7429
f 7429 7487 7488
f 7429 7488 7430
f 7430 7488 7489
f 7430 7489 7431
f 7431 7489 7490
f 7431 7490 7432
f 7432 7490 7491
f 7432 7491 7433
f 7433 7491 7492
f 7433 7492 7434
f 7434 7492 7493
f 7434 7493 7435
f 7435 7493 7494
f 7435 7494 7436
f 7436 7494 7495
f 7436 7495 7437
f 7437 7495 7496
f 7437 7496 7438
f 7438 7496 7497
f 7438 7497 7439
f 7439 7497 7498
f 7439 7498 7440
f 7440 7498 7499
f 7440 7499 7441
f 7441 7499 7500
f 7441 7500 7442
f 7442 7500 7501
f 7442 7501 7443
f 7443 7501 7502
f 7443 7502 7444
f 7444 7502 7503
f 7444 7503 7445
f 7445 7503 7504
f 7445 7504 7446
f 7446 7504 7505
f 7446 7505 7447
f 7447 7505 7506
f 7447 7506 7448
f 7448 7506 7507
f 7448 7507 7449
f 7449 7507 7508
f 7449 7508 7450
f 7450 7508 7509
f 7450 7509 7451
f 7451 7509 7510
f 7451 7510 7452
f 7452 7510 7511
f 7452 7511 7453
f 7453 7511 7512
f 7453 7512 7454
f 7454 7512 7513
f 7454 7513 7455
f 7455 7513 7514
f 7455 7514 7456
f 7456 7514 7515
f 7456 7515 7398
f 7398 7515 7457
f 7457 7516 7458
f 7458 7516 7517
f 7458 7517 7459
f 7459 7517 7518
f 7459 7518 7460
f 7460 7518 7519
f 7460 7519 7461
f 7461 7519 7520
f 7461 7520 7462
f 7462 7520 7521
f 7462 7521 7463
f 7463 7521 7522
f 7463 7522 7464
f 7464 7522 7523
f 7464 7523 7465
f 7465 7523 7524
f 7465 7524 7466
f 7466 7524 7525
f 7466 7525 7467
f 7467 7525 7526
f 7467 7526 7468
f 7468 7526 7527
f 7468 7527 7469
f 7469 7527 7528
f 7469 7528 7470
f 7470 7528 7529
f 7470 7529 7471
f 7471 7529 7530
f 7471 7530 7472
f 7472 7530 7531
f 7472 7531 7473
f 7473 7531 7532
f 7473 7532 7474
f 7474 7532 7533
f 7474 7533 7475
f 7475 7533 7534
f 7475 7534 7476
f 7476 7534 7535
f 7476 7535 7477
f 7477 7535 7536
f 7477 7536 7478
f 7478 7536 7537
f 7478 7537 7479
f 7479 7537 7538
f 7479 7538 7480
f 7480 7538 7539
f 7480 7539 7481
f 7481 7539 7540
f 7481 7540 7482
f 7482 7540 7541
f 7482 7541 7483
f 7483 7541 7542
f 7483 7542 7484
f 7484 7542 7543
f 7484 7543 7485
f 7485 7543 7544
f 7485 7544 7486
f 7486 7544 7545
f 7486 7545 7487
f 7487 7545 7546
f 7487 7546 7488
f 7488 7546 7547
f 7488 7547 7489
f 7489 7547 7548
f 7489 7548 7490
f 7490 7548 7549
f 7490 7549 7491
f 7491 7549 7550
f 7491 7550 7492
f 7492 7550 7551
f 7492 7551 7493
f 7493 7551 7552
f 7493 7552 7494
f 7494 7552 7553
f 7494 7553 7495
f 7495 7553 7554
f 7495 7554 7496
f 7496 7554 7555
f 7496 7555 7497
f 7497 7555 7556
f 7497 7556 7498
f 7498 7556 7557
f 7498 7557 7499
f 7499 7557 7558
f 7499 7558 7500
f 7500 7558 7559
f 7500 7559 7501
f 7501 7559 7560
f 7501 7560 7502
f 7502 7560 7561
f 7502 7561 7503
f 7503 7561 7562
f 7503 7562 7504
f 7504 7562 7563
f 7504 7563 7505
f 7505 7563 7564
f 7505 7564 7506
f 7506 7564 7565
f 7506 7565 7507
f 7507 7565 7566
f 7507 7566 7508
f 7508 7566 7567
f 7508 7567 7509
f 7509 7567 7568
f 7509 7568 7510
f 7510 7568 7569
f 7510 7569 7511
f 7511 7569 7570
f 7511 7570 7512
f 7512 7570 7571
f 7512 7571 7513
f 7513 7571 7572
f 7513 7572 7514
f 7514 7572 7573
f 7514 7573 7515
f 7515 7573 7574
f 7515 7574 7457
f 7457 7574 7516
f 7516 7575 7517
f 7517 7575 7576
f 7517 7576 7518
f 7518 7576 7577
f 7518 7577 7519
f 7519 7577 7578
f 7519 7578 7520
f 7520 7578 7579
f 7520 7579 7521
f 7521 7579 7580
f 7521 7580 7522
f 7522 7580 7581
f 7522 7581 7523
f 7523 7581 7582
f 7523 7582 7524
f 7524 7582 7583
f 7524 7583 7525
f 7525 7583 7584
f 7525 7584 7526
f 7526 7584 7585
f 7526 7585 7527
f 7527 7585 7586
f 7527 7586 7528
f 7528 7586 7587
f 7528 7587 7529
f 7529 7587 7588
f 7529 7588 7530
f 7530 7588 7589
f 7530 7589 7531
f 7531 7589 7590
f 7531 7590 7532
f 7532 7590 7591
f 7532 7591 7533
f 7533 7591 7592
f 7533 7592 7534
f 7534 7592 7593
f 7534 7593 7535
f 7535 7593 7594
f 7535 7594 7536
f 7536 7594 7595
f 7536 7595 7537
f 7537 7595 7596
f 7537 7596 7538
f 7538 7596 7597
f 7538 7597 7539
f 7539 7597 7598
f 7539 7598 7540
f 7540 7598 7599
f 7540 7599 7541
f 7541 7599 7600
f 7541 7600 7542
f 7542 7600 7601
f 7542 7601 7543
f 7543 7601 7602
f 7543 7602 7544
f 7544 7602 7603
f 7544 7603 7545
f 7545 7603 7604
f 7545 7604 7546
f 7546 7604 7605
f 7546 7605 7547
f 7547 7605 7606
f 7547 7606 7548
f 7548 7606 7607
f 7548 7607 7549
f 7549 7607 7608
f 7549 7608 7550
f 7550 7608 7609
f 7550 7609 7551
f 7551 7609 7610
f 7551 7610 7552
f 7552 7610 7611
f 7552 7611 7553
f 7553 7611 7612
f 7553 7612 7554
f 7554 7612 7613
f 7554 7613 7555
f 7555 7613 7614
f 7555 7614 7556
f 7556 7614 7615
f 7556 7615 7557
f 7557 7615 7616
f 7557 7616 7558
f 7558 7616 7617
f 7558 7617 7559
f 7559 7617 7618
f 7559 7618 7560
f 7560 7618 7619
f 7560 7619 7561
f 7561 7619 7620
f 7561 7620 7562
f 7562 7620 7621
f 7562 7621 7563
f 7563 7621 7622
f 7563 7622 7564
f 7564 7622 7623
f 7564 7623 7565
f 7565 7623 7624
f 7565 7624 7566
f 7566 7624 7625
f 7566 7625 7567
f 7567 7625 7626
f 7567 7626 7568
f 7568 7626 7627
f 7568 7627 7569
f 7569 7627 7628
f 7569 7628 7570
f 7570 7628 7629
f 7570 7629 7571
f 7571 7629 7630
f 7571 7630 7572
f 7572 7630 7631
f 7572 7631 7573
f 7573 7631 7632
f 7573 7632 7574
f 7574 7632 7633
f 7574 7633 7516
f 7516 7633 7575
f 7575 7634 7576
f 7576 7634 7635
f 7576 7635 7577
f 7577 7635 7636
f 7577 7636 7578
f 7578 7636 7637
f 7578 7637 7579
f 7579 7637 7638
f 7579 7638 7580
f 7580 7638 7639
f 7580 7639 7581
f 7581 7639 7640
f 7581 7640 7582
f 7582 7640 7641
f 7582 7641 7583
f 7583 7641 7642
f 7583 7642 7584
f 7584 7642 7643
f 7584 7643 7585
f 7585 7643 7644
f 7585 7644 7586
f 7586 7644 7645
f 7586 7645 7587
f 7587 7645 7646
f 7587 7646 7588
f 7588 7646 7647
f 7588 7647 7589
f 7589 7647 7648
f 7589 7648 7590
f 7590 7648 7649
f 7590 7649 7591
f 7591 7649 7650
f 7591 7650 7592
f 7592 7650 7651
f 7592 7651 7593
f 7593 7651 7652
f 7593 7652 7594
f 7594 7652 7653
f 7594 7653 7595
f 7595 7653 7654
f 7595 7654 7596
f 7596 7654 7655
f 7596 7655 7597
f 7597 7655 7656
f 7597 7656 7598
f 7598 7656 7657
f 7598 7657 7599
f 7599 7657 7658
f 7599 7658 7600
f 7600 7658 7659
f 7600 7659 7601
f 7601 7659 7660
f 7601 7660 7602
f 7602 7660 7661
f 7602 7661 7603
f 7603 7661 7662
f 7603 7662 7604
f 7604 7662 7663
f 7604 7663 7605
f 7605 7663 7664
f 7605 7664 7606
f 7606 7664 7665
f 7606 7665 7607
f 7607 7665 7666
f 7607 7666 7608
f 7608 7666 7667
f 7608 7667 7609
f 7609 7667 7668
f 7609 7668 7610
f 7610 7668 7669
f 7610 7669 7611
f 7611 7669 7670
f 7611 7670 7612
f 7612 7670 7671
f 7612 7671 7613
f 7613 7671 7672
f 7613 7672 7614
f 7614 7672 7673
f 7614 7673 7615
f 7615 7673 7674
f 7615 7674 7616
f 7616 7674 7675
f 7616 7675 7617
f 7617 7675 7676
f 7617 7676 7618
f 7618 7676 7677
f 7618 7677 7619
f 7619 7677 7678
f 7619 7678 7620
f 7620 7678 7679
f 7620 7679 7621
f 7621 7679 7680
f 7621 7680 7622
f 7622 7680 7681
f 7622 7681 7623
f 7623 7681 7682
f 7623 7682 7624
f 7624 7682 7683
f 7624 7683 7625
f 7625 7683 7684
f 7625 7684 7626
f 7626 7684 7685
f 7626 7685 7627
f 7627 7685 7686
f 7627 7686 7628
f 7628 7686 7687
f 7628 7687 7629
f 7629 7687 7688
f 7629 7688 7630
f 7630 7688 7689
f 7630 7689 7631
f 7631 7689 7690
f 7631 7690 7632
f 7632 7690 7691
f 7632 7691 7633
f 7633 7691 7692
f 7633 7692 7575
f 7575 7692 7634
f 7634 7693 7635
f 7635 7693 7694
f 7635 7694 7636
f 7636 7694 7695
f 7636 7695 7637
f 7637 7695 7696
f 7637 7696 7638
f 7638 7696 7697
f 7638 7697 7639
f 7639 7697 7698
f 7639 7698 7640
f 7640 7698 7699
f 7640 7699 7641
f 7641 7699 7700
f 7641 7700 7642
f 7642 7700 7701
f 7642 7701 7643
f 7643 7701 7702
f 7643 7702 7644
f 7644 7702 7703
f 7644 7703 7645
f 7645 7703 7704
f 7645 7704 7646
f 7646 7704 7705
f 7646 7705 7647
f 7647 7705 7706
f 7647 7706 7648
f 7648 7706 7707
f 7648 7707 7649
f 7649 7707 7708
f 7649 7708 7650
f 7650 7708 7709
f 7650 7709 7651
f 7651 7709 7710
f 7651 7710 7652
f 7652 7710 7711
f 7652 7711 7653
f 7653 7711 7712
f 7653 7712 7654
f 7654 7712 7713
f 7654 7713 7655
f 7655 7713 7714
f 7655 7714 7656
f 7656 7714 7715
f 7656 7715 7657
f 7657 7715 7716
f 7657 7716 7658
f 7658 7716 7717
f 7658 7717 7659
f 7659 7717 7718
f 7659 7718 7660
f 7660 7718 7719
f 7660 7719 7661
f 7661 7719 7720
f 7661 7720 7662
f 7662 7720 7721
f 7662 7721 7663
f 7663 7721 7722
f 7663 7722 7664
f 7664 7722 7723
f 7664 7723 7665
f 7665 7723 7724
f 7665 7724 7666
f 7666 7724 7725
f 7666 7725 7667
f 7667 7725 7726
f 7667 7726 7668
f 7668 7726 7727
f 7668 7727 7669
f 7669 7727 7728
f 7669 7728 7670
f 7670 7728 7729
f 7670 7729 7671
f 7671 7729 7730
f 7671 7730 7672
f 7672 7730 7731
f 7672 7731 7673
f 7673 7731 7732
f 7673 7732 7674
f 7674 7732 7733
f 7674 7733 7675
f 7675 7733 7734
f 7675 7734 7676
f 7676 7734 7735
f 7676 7735 7677
f 7677 7735 7736
f 7677 7736 7678
f 7678 7736 7737
f 7678 7737 7679
f 7679 7737 7738
f 7679 7738 7680
f 7680 7738 7739
f 7680 7739 7681
f 7681 7739 7740
f 7681 7740 7682
f 7682 7740 7741
f 7682 7741 7683
f 7683 7741 7742
f 7683 7742 7684
f 7684 7742 7743
f 7684 7743 7685
f 7685 7743 7744
f 7685 7744 7686
f 7686 7744 7745
f 7686 7745 7687
f 7687 7745 7746
f 7687 7746 7688
f 7688 7746 7747
f 7688 7747 7689
f 7689 7747 7748
f 7689 7748 7690
f 7690 7748 7749
f 7690 7749 7691
f 7691 7749 7750
f 7691 7750 7692
f 7692 7750 7751
f 7692 7751 7634
f 7634 7751 7693
f 7693 7752 7694
f 7694 7752 7753
f 7694 7753 7695
f 7695 7753 7754
f 7695 7754 7696
f 7696 7754 7755
f 7696 7755 7697
f 7697 7755 7756
f 7697 7756 7698
f 7698 7756 7757
f 7698 7757 7699
f 7699 7757 7758
f 7699 7758 7700
f 7700 7758 7759
f 7700 7759 7701
f 7701 7759 7760
f 7701 7760 7702
f 7702 7760 7761
f 7702 7761 7703
f 7703 7761 7762
f 7703 7762 7704
f 7704 7762 7763
f 7704 7763 7705
f 7705 7763 7764
f 7705 7764 7706
f 7706 7764 7765
f 7706 7765 7707
f 7707 7765 7766
f 7707 7766 7708
f 7708 7766 7767
f 7708 7767 7709
f 7709 7767 7768
f 7709 7768 7710
f 7710 7768 7769
f 7710 7769 7711
f 7711 7769 7770
f 7711 7770 7712
f 7712 7770 7771
f 7712 7771 7713
f 7713 7771 7772
f 7713 7772 7714
f 7714 7772 7773
f 7714 7773 7715
f 7715 7773 7774
f 7715 7774 7716
f 7716 7774 7775
f 7716 7775 7717
f 7717 7775 7776
f 7717 7776 7718
f 7718 7776 7777
f 7718 7777 7719
f 7719 7777 7778
f 7719 7778 7720
f 7720 7778 7779
f 7720 7779 7721
f 7721 7779 7780
f 7721 7780 7722
f 7722 7780 7781
f 7722 7781 7723
f 7723 7781 7782
f 7723 7782 7724
f 7724 7782 7783
f 7724 7783 7725
f 7725 7783 7784
f 7725 7784 7726
f 7726 7784 7785
f 7726 7785 7727
f 7727 7785 7786
f 7727 7786 7728
f 7728 7786 7787
f 7728 7787 7729
f 7729 7787 7788
f 7729 7788 7730
f 7730 7788 7789
f 7730 7789 7731
f 7731 7789 7790
f 7731 7790 7732
f 7732 7790 7791
f 7732 7791 7733
f 7733 7791 7792
f 7733 7792 7734
f 7734 7792 7793
f 7734 7793 7735
f 7735 7793 7794
f 7735 7794 7736
f 7736 7794 7795
f 7736 7795 7737
f 7737 7795 7796
f 7737 7796 7738
f 7738 7796 7797
f 7738 7797 7739
f 7739 7797 7798
f 7739 7798 7740
f 7740 7798 7799
f 7740 7799 7741
f 7741 7799 7800
f 7741 7800 7742
f 7742 7800 7801
f 7742 7801 7743
f 7743 7801 7802
f 7743 7802 7744
f 7744 7802 7803
f 7744 7803 7745
f 7745 7803 7804
f 7745 7804 7746
f 7746 7804 7805
f 7746 7805 7747
f 7747 7805 7806
f 7747 7806 7748
f 7748 7806 7807
f 7748 7807 7749
f 7749 7807 7808
f 7749 7808 7750
f 7750 7808 7809
f 7750 7809 7751
f 7751 7809 7810
f 7751 7810 7693
f 7693 7810 7752
f 5413 7782 5417
f 5417 7782 7781
f 5417 7781 5420
f 5382 7798 5384
f 5384 7798 7797
f 5384 7797 5387
f 5427 7774 5430
f 5430 7774 7773
f 5430 7773 5435
f 7781 7780 5420
f 5420 7780 7779
f 5420 7779 5423
f 5423 7779 7778
f 5423 7778 5425
f 7773 7772 5435
f 5435 7772 7771
f 5435 7771 5439
f 5439 7771 7770
f 5439 7770 5442
f 7778 7777 5425
f 5425 7777 7776
f 5425 7776 5427
f 5427 7776 7775
f 5427 7775 7774
f 5406 7785 5409
f 5409 7785 7784
f 5409 7784 5413
f 5413 7784 7783
f 5413 7783 7782
f 5376 7801 5379
f 5379 7801 7800
f 5379 7800 5382
f 5382 7800 7799
f 5382 7799 7798
f 5390 7793 5395
f 5395 7793 7792
f 5395 7792 5398
f 7797 7796 5387
f 5387 7796 7795
f 5387 7795 5390
f 5390 7795 7794
f 5390 7794 7793
f 5365 7806 5368
f 5368 7806 7805
f 5368 7805 5373
f 5467 7755 5469
f 5469 7755 7754
f 5469 7754 5471
f 5445 7766 5447
f 5447 7766 7765
f 5447 7765 5449
f 5404 7787 5406
f 5406 7787 7786
f 5406 7786 7785
f 7792 7791 5398
f 5398 7791 7790
f 5398 7790 5401
f 5401 7790 7789
f 5401 7789 5404
f 5404 7789 7788
f 5404 7788 7787
f 7805 7804 5373
f 5373 7804 7803
f 5373 7803 5376
f 5376 7803 7802
f 5376 7802 7801
f 5461 7758 5464
f 5464 7758 7757
f 5464 7757 5467
f 5467 7757 7756
f 5467 7756 7755
f 7765 7764 5449
f 5449 7764 7763
f 5449 7763 5452
f 5452 7763 7762
f 5452 7762 5457
f 5362 7809 5363
f 5363 7809 7808
f 5363 7808 5365
f 5365 7808 7807
f 5365 7807 7806
f 7770 7769 5442
f 5442 7769 7768
f 5442 7768 5445
f 5445 7768 7767
f 5445 7767 7766
f 7762 7761 5457
f 5457 7761 7760
f 5457 7760 5461
f 5461 7760 7759
f 5461 7759 7758
f 7754 7753 5471
f 5471 7753 7752
f 5471 7752 5362
f 5362 7752 7810
f 5362 7810 7809
f 3937 3972 3940
f 3940 3972 3973
f 3940 3973 7811
f 3940 7811 614
f 614 7812 3940
f 7812 614 613
f 3973 2711 7811
f 7811 2711 614
f 614 2711 7813
f 614 7813 610
f 614 610 612
f 2722 7815 620
f 2717 629 630
f 610 7813 636
f 2709 632 634
f 607 2706 2704
f 629 2717 626
f 626 2717 2715
f 2715 2713 7816
f 7816 2713 2712
f 620 622 623
f 2722 2559 2719
f 2722 2718 2719
f 2704 630 607
f 7815 618 620
f 2558 2722 2559
f 2559 2722 2719
f 2718 623 2712
f 2712 623 7816
f 618 7815 617
f 620 2718 2722
f 7817 2722 2558
f 7817 2558 2556
f 7818 2556 7819
f 7819 2556 2555
f 2715 7816 624
f 624 7816 623
f 623 2718 620
f 7815 7814 617
f 617 7814 2556
f 617 2556 7814
f 7814 2556 608
f 626 2715 624
f 617 7814 615
f 615 7814 608
f 7815 2722 7814
f 7814 2722 7817
f 7814 7817 2556
f 2555 2765 7819
f 7819 2765 7818
f 7818 2765 7820
f 7820 608 7818
f 7818 608 2556
f 634 636 2562
f 2562 636 7813
f 2562 7813 2711
f 630 2704 2717
f 608 7820 609
f 7820 3947 7821
f 3947 7820 2765
f 3979 3926 3915
f 684 646 7822
f 646 7823 7822
f 7822 7823 3926
f 684 644 646
f 7822 3977 684
f 684 3977 683
f 7822 3926 3979
f 7822 3979 3977
f 2564 3977 3834
f 3977 2564 683
f 678 682 683
f 679 678 683
f 679 683 2564
f 651 654 7824
f 679 2564 680
f 677 676 680
f 2701 670 672
f 658 660 656
f 660 2699 2697
f 7825 2700 2702
f 2702 2699 660
f 2564 2566 680
f 680 2566 2695
f 7825 2702 662
f 662 2702 660
f 656 2697 2705
f 670 2701 2703
f 660 2697 656
f 656 2705 655
f 680 2695 677
f 677 2695 673
f 666 670 2703
f 666 2703 2700
f 2700 7825 663
f 663 7825 662
f 666 2700 664
f 664 2700 663
f 654 655 7824
f 7824 655 2705
f 7824 2705 2708
f 2708 2705 2707
f 7824 2708 2710
f 2710 2561 7826
f 2710 7826 7824
f 7824 7826 7827
f 7824 7827 652
f 7824 652 651
f 2561 2563 7826
f 7826 2563 7828
f 7826 7828 7827
f 7827 7828 652
f 652 7828 647
f 650 685 7829
f 7829 685 7830
f 7829 7830 7831
f 7829 7831 7832
f 3936 7833 7831
f 7831 7833 7832
f 685 649 647
f 685 647 7828
f 2563 7831 7828
f 7828 7831 7830
f 7828 7830 685
f 7831 3937 3936
f 7831 2563 3974
f 7831 3974 3937
f 726 7834 725
f 3902 7835 7836
f 725 7834 7836
f 7836 7834 3902
f 727 726 725
f 723 725 7837
f 7837 725 7836
f 7837 7836 3892
f 3892 7836 7835
f 724 723 7838
f 7838 723 7837
f 7837 3892 3894
f 723 722 725
f 3892 7835 3890
f 3890 7835 3902
f 3890 3902 3885
f 3896 2678 3894
f 3894 2678 7837
f 7837 2678 2677
f 7837 2677 7839
f 7837 7839 7838
f 7838 7839 724
f 724 7839 718
f 724 718 720
f 7839 7841 718
f 2672 714 710
f 713 716 714
f 709 712 710
f 700 698 692
f 2692 2693 7842
f 2689 2688 7842
f 7842 2688 2692
f 695 693 7843
f 7843 693 692
f 718 7840 715
f 715 7840 716
f 716 2673 714
f 710 2681 709
f 701 2687 702
f 702 2687 704
f 698 2689 692
f 692 7842 7843
f 7843 7842 695
f 695 7844 696
f 696 7844 689
f 698 2691 2689
f 2693 2694 7845
f 7845 2694 2696
f 7845 2696 7846
f 7846 2696 2565
f 7845 695 2693
f 2693 695 7842
f 2686 2685 2687
f 2682 707 2679
f 2680 707 2681
f 2673 716 2675
f 2675 716 7841
f 2675 7841 2677
f 2677 7841 7839
f 7846 2565 7847
f 7846 7847 7848
f 2685 2691 698
f 7845 7846 689
f 689 7846 7848
f 718 7841 7840
f 7840 7841 716
f 2673 2672 714
f 714 2672 710
f 2681 707 709
f 707 2682 701
f 704 2685 698
f 695 7845 7844
f 7844 7845 689
f 689 7848 733
f 701 2682 2687
f 2687 2685 704
f 692 2689 7842
f 7850 728 3980
f 7850 3980 3917
f 3917 3980 3981
f 728 730 732
f 3978 3980 7851
f 7851 3980 7852
f 7852 3980 728
f 3976 3978 7851
f 3976 7851 7852
f 3976 7852 7853
f 7853 7852 731
f 734 733 731
f 732 731 7852
f 732 7852 728
f 7849 728 7850
f 731 733 7848
f 731 7848 7853
f 7848 7847 7853
f 7853 7847 2565
f 7853 2565 3976
f 3976 2565 3975
f 3990 3907 3908
f 7854 3907 3990
f 7855 3990 7856
f 7855 7854 3990
f 783 7855 7856
f 782 7855 783
f 780 781 783
f 780 783 7856
f 780 7856 7857
f 7857 7856 3990
f 7857 3990 3986
f 3990 3988 3986
f 778 779 780
f 778 780 7858
f 7858 780 7857
f 7858 7857 3984
f 3984 7857 3986
f 2654 3984 3833
f 3984 2654 7859
f 3984 7859 7858
f 7858 7859 778
f 778 7859 772
f 772 7859 773
f 742 744 7860
f 2654 2653 7859
f 2650 770 2652
f 773 7859 774
f 774 7859 7861
f 774 7861 775
f 770 776 775
f 770 2647 771
f 2644 766 2646
f 756 754 747
f 2667 751 7862
f 2667 7862 2668
f 2668 7862 2665
f 750 749 751
f 2670 2674 2671
f 2671 751 2667
f 771 2647 2646
f 771 2646 768
f 768 2646 766
f 2658 2656 2662
f 762 2661 2659
f 7863 2658 2662
f 754 2664 2665
f 762 2659 761
f 2662 2664 754
f 751 2671 7860
f 2653 7864 775
f 775 7864 770
f 2643 2655 762
f 761 2659 2658
f 7863 2662 753
f 753 2662 754
f 7859 2653 7861
f 7861 2653 775
f 766 2643 767
f 767 2643 762
f 754 2665 747
f 7860 744 745
f 2674 2675 2676
f 2674 2676 742
f 742 7860 2674
f 2674 7860 2671
f 770 7864 2652
f 2652 7864 2653
f 7860 745 751
f 751 749 7862
f 7862 749 747
f 7862 747 2665
f 753 759 7863
f 7863 759 758
f 7863 758 2658
f 2658 758 761
f 7865 790 789
f 7865 7866 3889
f 3889 7866 3891
f 787 7867 788
f 7865 789 788
f 3893 3891 7866
f 3893 7866 7867
f 7867 7866 788
f 788 7866 7865
f 3895 3893 7867
f 3895 7867 7868
f 741 742 784
f 784 7867 785
f 785 7867 787
f 7867 784 7868
f 7868 784 742
f 7868 742 3895
f 3982 3895 742
f 3982 742 2676
f 7869 3880 7871
f 7869 832 831
f 3991 7871 3883
f 3883 7871 3880
f 835 834 832
f 835 832 7872
f 830 835 7872
f 3993 3994 2630
f 3991 3993 7872
f 3991 7872 7871
f 3993 2630 7873
f 3993 7873 7872
f 7871 7872 7870
f 7871 7870 7869
f 2630 795 7873
f 7873 795 830
f 7873 830 7872
f 7870 7872 832
f 7870 832 7869
f 2630 7874 795
f 796 795 7874
f 826 829 798
f 821 820 823
f 820 2636 2635
f 823 2640 2639
f 2642 2641 811
f 812 811 805
f 806 808 805
f 805 808 806
f 808 806 809
f 2630 2567 7874
f 7874 2567 2629
f 2629 2625 836
f 836 2625 2631
f 2633 2636 824
f 824 2636 820
f 814 2642 811
f 811 2645 7875
f 2645 2648 7876
f 7876 2648 809
f 809 2649 7877
f 823 2639 818
f 7878 2637 2642
f 7878 2642 814
f 836 2631 798
f 798 2631 2632
f 2634 2633 824
f 818 2639 2637
f 818 2637 816
f 816 2637 7878
f 816 7878 813
f 813 7878 814
f 7875 2645 7876
f 7875 7876 806
f 806 7876 809
f 798 2632 2634
f 826 2634 824
f 805 7875 806
f 809 7877 800
f 7874 2629 7879
f 7879 2629 836
f 798 2634 826
f 820 2635 823
f 811 7875 805
f 7874 7879 796
f 796 7879 836
f 803 809 800
f 2651 2654 7880
f 2648 2649 809
f 7877 2649 2651
f 2651 7880 7877
f 7877 7880 7881
f 7877 7881 800
f 800 7881 801
f 799 803 800
f 3983 3984 7882
f 7883 3909 839
f 839 3909 837
f 3989 3909 7883
f 7884 7883 839
f 7884 839 842
f 842 839 840
f 3985 3987 3989
f 3985 3989 7883
f 3985 7883 7884
f 845 7884 842
f 845 842 843
f 3984 3985 7882
f 7882 3985 7885
f 7885 3985 845
f 845 3985 7884
f 7881 845 801
f 801 845 844
f 2654 3983 7880
f 7880 3983 7882
f 7880 7882 7881
f 7881 7882 7885
f 7881 7885 845
f 7889 3868 3867
f 7889 7888 892
f 7889 892 891
f 3865 7888 3867
f 3867 7888 7889
f 7888 7887 7886
f 7888 7886 892
f 3867 3866 3865
f 3865 2601 7887
f 3865 7887 7888
f 7890 7886 2600
f 2600 7886 7887
f 2600 7887 2601
f 7886 7890 888
f 890 892 7886
f 890 7886 887
f 887 7886 888
f 2570 2569 2627
f 880 882 883
f 889 888 7890
f 889 7890 7891
f 7891 7890 2600
f 7891 2600 2605
f 855 889 7891
f 855 7891 2603
f 2603 7891 2605
f 886 855 2609
f 2609 855 2603
f 884 858 886
f 884 886 885
f 885 886 2607
f 2607 886 2609
f 883 859 2612
f 2612 859 883
f 880 883 2612
f 2616 878 2618
f 2612 2618 878
f 2612 878 880
f 876 878 2616
f 2616 878 2615
f 2615 878 2616
f 7892 876 2616
f 7892 2616 2614
f 2614 2616 2615
f 874 876 2613
f 2613 876 7892
f 2613 7892 2614
f 2613 2619 874
f 2619 2623 2622
f 870 871 2619
f 2619 871 874
f 2619 2622 7893
f 2619 7893 870
f 868 870 7893
f 868 7893 2622
f 2570 2627 2622
f 867 868 2627
f 2627 868 2622
f 865 867 7894
f 7894 867 2627
f 7894 2627 2626
f 861 865 7894
f 861 7894 7895
f 7895 7894 2626
f 7895 2626 2628
f 7895 2628 7896
f 7895 7896 861
f 2568 2630 862
f 2568 862 2567
f 2567 862 7897
f 7897 862 7898
f 2628 2567 7897
f 2628 7897 7898
f 2628 7898 7896
f 7896 7898 861
f 861 7898 863
f 863 7898 862
f 851 853 893
f 3992 7900 3993
f 7899 851 893
f 7899 893 860
f 7899 860 3992
f 7899 3992 851
f 851 3992 3879
f 3992 860 7900
f 7900 860 862
f 7900 862 3993
f 3995 3993 862
f 3995 862 2630
f 4396 4417 7901
f 7901 4417 5012
f 5012 4417 7902
f 5012 7902 5013
f 5013 5002 5012
f 4468 5013 7902
f 4468 7902 4417
f 4468 4417 7903
f 7903 4417 4393
f 4393 4417 4395
f 7904 4442 4441
f 4441 4444 4415
f 4415 4444 4443
f 4414 4413 4415
f 4443 4675 4412
f 4382 4416 4412
f 4412 4446 4411
f 4412 4411 4384
f 4446 4449 4411
f 4411 4449 4447
f 4388 4387 4385
f 4457 4392 4410
f 4392 4457 4408
f 4408 4457 4456
f 4408 4456 4406
f 4447 4453 4388
f 4454 4460 4406
f 4406 4460 4401
f 4388 4453 4451
f 4411 4447 4385
f 4385 4447 4388
f 7904 4441 4413
f 4413 4441 4415
f 4415 4443 4412
f 4390 4388 4451
f 4390 4451 4410
f 4410 4451 4457
f 4416 4415 4412
f 4456 4454 4406
f 4398 4397 4400
f 4398 4400 4466
f 4393 4398 7903
f 7903 4398 4468
f 4468 4398 4466
f 4468 4466 4469
f 5003 7904 7905
f 7904 5003 4442
f 4333 4335 4371
f 7906 4333 7907
f 7907 4333 4371
f 7906 7907 4968
f 4991 4968 7907
f 4965 4968 4991
f 4989 4991 7907
f 4989 7907 4371
f 4989 4371 4370
f 4370 4369 4373
f 4373 4372 4370
f 4370 4372 4485
f 4370 4485 4989
f 4364 4365 7908
f 4364 7908 7909
f 7909 7908 4465
f 4465 7908 4467
f 4337 4362 7910
f 7910 4362 4364
f 7910 4364 7909
f 7910 7909 4461
f 4461 7909 4465
f 7910 4461 4462
f 4462 4463 4464
f 4462 4464 7910
f 7910 4464 7911
f 7910 7911 4339
f 7910 4339 4337
f 4340 4339 4473
f 4473 4339 7911
f 4473 7911 4470
f 4470 7911 4464
f 4473 4472 4344
f 4473 4344 4340
f 4340 4344 4342
f 4345 4344 7912
f 7912 4344 4472
f 4471 7912 4472
f 7912 4471 4478
f 7912 4478 7913
f 7912 7913 4345
f 4345 7913 4361
f 4356 4359 4477
f 4477 4359 4478
f 7913 4478 4361
f 4361 4478 4359
f 4477 4476 4355
f 4477 4355 4356
f 4352 4355 4476
f 4350 4481 7914
f 4348 4347 7914
f 7914 4347 4350
f 4486 4485 4348
f 4348 4485 4372
f 4481 4486 4348
f 4481 4348 7914
f 7915 7916 7917
f 7915 7917 5002
f 7918 4368 7919
f 7918 7919 7915
f 7915 7919 7916
f 4368 4367 7919
f 4467 7915 5014
f 5014 7915 5002
f 4365 4366 4368
f 4365 4368 7908
f 7908 4368 7918
f 7908 7918 7915
f 7908 7915 4467
f 4320 4318 4319
f 4320 7921 4318
f 7922 4980 7921
f 7922 7921 4320
f 7920 4980 7922
f 4996 7920 7922
f 4996 7922 7923
f 7923 7922 4320
f 7923 4320 4325
f 4320 4321 4325
f 7924 7923 4325
f 7924 4325 4324
f 4323 4322 4324
f 4324 4322 7924
f 4322 7925 7924
f 7924 7925 7923
f 7925 7926 7923
f 7923 7926 4502
f 4996 7923 4994
f 4994 7923 4502
f 4982 4980 5000
f 5000 4980 7920
f 5000 7920 4998
f 4998 7920 4996
f 4484 4480 7927
f 4312 4310 7928
f 4308 4312 4482
f 4308 4482 4307
f 4482 4483 4487
f 4307 4482 4305
f 4305 4482 4304
f 4303 4304 4302
f 4488 4493 4492
f 4300 4302 4492
f 4492 4297 4298
f 4492 4298 4300
f 4287 4290 4289
f 4282 4500 4436
f 4304 4488 7929
f 7929 4488 4492
f 7927 4480 7930
f 7930 4480 4482
f 4492 4298 4297
f 4297 4298 4490
f 4277 4297 4489
f 4277 4489 4496
f 4277 4496 7931
f 4277 7931 4296
f 4296 7931 4496
f 4496 4495 4293
f 4286 4506 4500
f 4286 4500 4281
f 4282 4502 7926
f 4490 4298 4491
f 4491 4298 4492
f 4488 4304 4487
f 4487 4304 4482
f 4282 7926 7925
f 4282 4281 4500
f 4498 4289 4499
f 4499 4289 4291
f 4291 4293 4437
f 4437 4293 4495
f 4489 4297 4490
f 4492 4302 7929
f 7929 4302 4304
f 4482 4312 7930
f 7930 4312 7928
f 7930 7928 7927
f 4282 7925 4322
f 4498 4287 4289
f 4293 4279 4496
f 4496 4279 4296
f 4282 4322 4284
f 4967 4966 4993
f 4993 7933 4967
f 4993 4317 7933
f 4317 7934 7933
f 4316 4315 4317
f 4316 4317 7932
f 7932 4317 4993
f 7932 4990 7936
f 7932 7936 4313
f 7932 4313 4316
f 4993 4992 7935
f 7935 4992 4990
f 7935 4990 7932
f 7935 7932 4993
f 4990 4484 7936
f 7936 4484 7927
f 7927 7928 7936
f 7936 7928 4313
f 4313 7928 4310
f 4310 4309 4313
f 4231 4229 7937
f 4950 4947 4963
f 4268 7938 4267
f 7939 7938 4268
f 4963 7940 7938
f 4963 7938 7939
f 4963 4947 7940
f 4268 4269 4271
f 4268 4271 7939
f 7939 4271 7941
f 7939 7941 4963
f 4963 7941 4961
f 4271 4272 7942
f 4271 7942 7941
f 7941 7942 4959
f 7941 4959 4961
f 4960 4961 4959
f 4271 4270 4272
f 4231 7937 4272
f 4272 7937 7942
f 4530 4959 7937
f 7937 4959 7942
f 4436 4505 4435
f 4435 4505 4260
f 4435 4260 4501
f 4259 4260 7943
f 4257 4259 7944
f 4507 4508 4503
f 4505 4504 4503
f 4257 7944 4256
f 4256 7944 7945
f 4256 7945 4251
f 4512 4510 4511
f 4510 4253 4251
f 4239 4526 4524
f 4524 4529 4236
f 4236 4529 4235
f 4235 4528 4534
f 4239 4524 4237
f 4237 4524 4236
f 4245 4519 4241
f 4259 7943 7944
f 7944 4508 7945
f 7945 4508 4251
f 4241 4523 4242
f 4242 4523 4239
f 4234 4235 4233
f 4233 4532 4228
f 4260 4505 7943
f 4505 4503 7944
f 7944 4503 4508
f 4508 4509 7945
f 7945 4509 4510
f 4510 4512 4253
f 4513 4521 4520
f 4532 4530 7937
f 4532 4528 4534
f 4534 4528 4235
f 4518 4241 4519
f 4513 4253 4512
f 7943 4505 7944
f 4508 7945 4251
f 4251 7945 4510
f 4253 4513 4247
f 4520 4519 4245
f 4241 4517 4523
f 4235 4528 4233
f 4233 4528 4532
f 4245 4250 4520
f 4520 4250 4248
f 4520 4248 4513
f 4513 4248 4247
f 4532 7937 4228
f 4228 7937 4229
f 4265 4266 7946
f 4988 7947 7946
f 7947 4264 7946
f 4264 4265 7946
f 4988 5001 7947
f 7947 5001 4999
f 7947 4999 4997
f 4261 4263 7948
f 7948 4263 4264
f 7948 4264 7947
f 4225 4261 7948
f 4225 7948 7949
f 7949 7948 4995
f 4995 4501 4260
f 7947 4997 7948
f 7948 4997 4995
f 4995 4260 7949
f 7949 4260 4225
f 4225 4260 4226
f 4218 7951 4219
f 4926 7950 4942
f 4940 4942 7953
f 7953 4942 7950
f 4217 4216 4218
f 4885 4938 4940
f 4885 4940 7954
f 7954 4940 7953
f 7954 7953 4173
f 4218 4216 7953
f 7953 4216 4173
f 4218 7953 7952
f 4218 7952 7951
f 7952 7953 7950
f 7952 7950 7951
f 7951 7950 4926
f 4173 4171 7954
f 7954 4171 4885
f 4885 4171 4549
f 4205 7955 4531
f 4531 4533 7956
f 7956 4533 7957
f 7957 4201 4203
f 4533 4527 7957
f 7957 4527 4525
f 7957 4198 4200
f 7957 4200 4201
f 4195 4196 4198
f 4193 4194 4195
f 4535 4541 4189
f 7957 4525 7958
f 7958 4525 4433
f 4537 4536 7959
f 4187 4535 4189
f 4184 4538 4177
f 4177 4538 4545
f 7958 4433 7960
f 7960 4433 4193
f 4193 4537 4192
f 4192 4537 7959
f 4536 4535 4187
f 4531 7956 4201
f 4201 7956 7957
f 4192 7959 4169
f 4169 7959 4536
f 4169 4536 4191
f 4191 4536 4187
f 4177 4545 4543
f 7957 7958 4196
f 4196 7958 7960
f 4196 7960 4195
f 4195 7960 4193
f 4177 4543 4180
f 4205 4531 4201
f 4189 4540 4184
f 4205 4201 4203
f 4203 4201 7957
f 7957 4196 4198
f 4198 4196 4195
f 4186 4189 4184
f 4182 4180 4175
f 4175 4180 4543
f 4175 4543 4547
f 4176 4175 4547
f 4176 4547 4546
f 7961 4176 4548
f 4548 4176 4546
f 7961 4548 4176
f 4176 4548 4172
f 4176 4172 4214
f 4550 4549 4170
f 4549 4171 4170
f 4548 4550 4170
f 4548 4170 4172
f 4960 4959 7962
f 4949 4964 7963
f 4949 7963 4213
f 4213 7963 4212
f 7964 7963 4962
f 4962 7963 4964
f 4209 4210 4212
f 4209 4212 7964
f 7964 4212 7963
f 4206 7964 4962
f 4206 4962 7965
f 7965 4962 7962
f 7962 4962 4960
f 4206 4207 4209
f 4206 4209 7964
f 7955 4206 7965
f 7955 7965 4531
f 4531 7965 7962
f 4531 7962 4530
f 4530 7962 4959
f 4205 4204 4206
f 4205 4206 7955
f 7967 4916 4923
f 7968 7969 4163
f 4163 7969 4162
f 4929 7969 4927
f 4927 7969 4923
f 4163 7966 7968
f 7968 7966 7967
f 4917 4923 4916
f 4163 4161 7966
f 7966 4161 4127
f 7966 4127 4129
f 7966 4129 7970
f 7966 7970 7967
f 7967 7970 7971
f 7968 7967 4923
f 7968 4923 7969
f 4577 4916 7967
f 4577 7967 7971
f 4157 4549 4551
f 4551 4550 4552
f 4154 4153 7972
f 7972 4153 4157
f 4553 4150 4552
f 4151 4154 4150
f 4150 4554 7973
f 7973 4554 4556
f 4558 4563 4562
f 7974 4125 4122
f 4560 4126 4125
f 4564 4431 4430
f 4145 4430 4567
f 4566 4428 4139
f 4566 4139 4140
f 4566 4140 4141
f 4138 4139 4136
f 4136 4139 4138
f 4136 4138 4133
f 4133 4138 4134
f 4578 4574 4573
f 4558 4562 7975
f 4560 4564 7976
f 4569 4574 4128
f 4128 4574 4578
f 4128 4578 4573
f 4573 4578 7977
f 4157 4551 7972
f 7972 4551 4552
f 7973 7978 4122
f 4122 7978 4558
f 4141 4145 4566
f 4122 4558 7975
f 4134 4573 4128
f 4128 4573 7977
f 7972 4552 4154
f 4154 4552 4150
f 4122 7975 7974
f 7974 7975 4562
f 7974 4562 4125
f 4125 4562 4560
f 4126 4560 4144
f 4130 7977 4131
f 4578 4577 7977
f 7977 4577 7971
f 4573 4134 4128
f 4128 4134 4569
f 4566 4145 4567
f 4430 4145 4144
f 4430 4144 4564
f 4564 4144 7976
f 4558 7978 4556
f 4556 7978 7973
f 7971 7970 7977
f 7977 4130 4128
f 4128 4130 4134
f 4569 4134 4138
f 7976 4144 4560
f 4122 4148 7973
f 7973 4148 4150
f 7977 7970 4131
f 4131 7970 4129
f 4128 4134 4130
f 4925 4941 4160
f 4160 4941 7979
f 7980 4156 4941
f 4156 7979 4941
f 4159 4160 4158
f 4941 4939 4885
f 4549 4157 4885
f 4885 4157 7980
f 4885 7980 4941
f 7980 4157 4156
f 4160 7979 4158
f 4158 7979 4156
f 7981 7982 7983
f 7984 7983 7982
f 7986 7985 7987
f 7986 7987 7982
f 7982 7987 7988
f 7982 7988 7984
f 7986 7989 7985
f 7989 7986 7985
f 7990 7991 7992
f 7992 7993 7990
f 7990 7993 7994
f 7990 7994 7986
f 7986 7994 7995
f 7986 7995 7985
f 7990 7996 7991
f 7997 7998 7990
f 7990 7998 7996
f 7998 7997 7981
f 7981 7997 7982
f 7999 8000 8001
f 8003 8002 8004
f 8003 8004 8002
f 8005 8006 8007
f 8007 8006 8003
f 8003 8006 8008
f 8003 8008 8004
f 8005 8007 8009
f 8009 8007 8010
f 8010 8007 8011
f 8010 8011 8012
f 8012 8011 8013
f 8013 8014 8012
f 8015 8014 8013
f 8004 8016 8003
f 8003 8016 8017
f 8003 8017 8013
f 8013 8017 8018
f 8013 8018 8015
f 8019 8020 8021
f 8024 8023 8025
f 8025 8023 8026
f 8025 8026 8027
f 8027 8026 8028
f 8028 8026 8029
f 8028 8029 8030
f 8028 8030 8031
f 8031 8030 8032
f 8030 1174 8032
f 1174 8030 1131
f 1131 8030 8034
f 8034 8030 8033
f 8033 8035 8034
f 8034 8035 8036
f 8036 8035 1133
f 1133 8035 8037
f 8037 8038 1133
f 8038 8037 1130
f 1130 8037 8039
f 1130 8039 1134
f 1135 1134 8039
f 1135 8039 8040
f 1135 8040 1136
f 8040 8041 1136
f 8022 1137 8041
f 1136 8041 1137
f 1137 8022 8042
f 8042 8022 8043
f 8043 8044 8042
f 8042 8044 1139
f 1139 8044 8045
f 8045 8044 8046
f 8046 8044 8047
f 8047 1150 8046
f 1150 8047 8048
f 1150 8048 8049
f 8048 8050 8049
f 8050 8051 8052
f 8050 8052 1145
f 8050 1145 8049
f 8054 8053 8055
f 8054 8055 8056
f 8055 8053 3625
f 3625 8053 8057
f 8057 8053 8058
f 8057 8058 3628
f 3628 8058 8059
f 8060 8061 8059
f 8059 8061 8062
f 8062 3628 8059
f 8060 3626 8061
f 3626 8060 3636
f 3636 8060 8063
f 8063 8064 3636
f 3636 8064 3632
f 3632 8064 3633
f 3633 8064 8065
f 8065 3634 3633
f 3634 8065 3630
f 3630 8065 8066
f 3630 8066 3637
f 8066 8067 3637
f 8067 8066 8068
f 8067 8068 3640
f 3640 8068 8069
f 3640 8069 8070
f 8069 8071 8070
f 8070 8071 8072
f 8070 8072 8073
f 8073 8072 3666
f 3666 8072 8074
f 8074 8072 8075
f 8074 8075 3668
f 8075 8076 3668
f 3668 8076 8077
f 8078 8079 8080
f 8078 8080 8076
f 8076 8080 3671
f 8076 3671 8077
f 4919 3618 4920
f 4919 3614 3618
f 3614 4919 8081
f 3614 8081 8082
f 8082 8081 8083
f 8083 8081 8084
f 8083 8084 3615
f 8085 3616 8086
f 8086 3616 3615
f 8086 3615 8084
f 3616 8085 8088
f 8088 8085 8087
f 8087 8085 8089
f 8090 8087 8054
f 8090 8054 8056
f 8053 8054 8091
f 8091 8054 8087
f 8087 8089 8091
f 8084 8081 8092
f 4919 4924 8093
f 8093 8092 8081
f 8093 8081 4919
f 8093 8095 8092
f 8092 8095 8096
f 8097 8096 8095
f 8099 8098 8097
f 8097 8098 8100
f 8097 8100 8096
f 8099 8101 8098
f 4924 4922 8093
f 4915 8105 8106
f 4915 8106 4914
f 4914 8106 4918
f 4921 4918 4922
f 4913 8107 4915
f 4915 8107 8105
f 8107 4913 4912
f 4912 4911 4906
f 4922 4918 8097
f 8102 4912 4906
f 8097 4918 8099
f 8099 4918 8106
f 8099 8106 8105
f 8099 8105 8101
f 8101 8105 8107
f 8101 8107 8094
f 8094 8107 4912
f 8094 4912 8102
f 4906 4905 8104
f 8095 8093 4922
f 8095 4922 8097
f 8102 4906 8103
f 8103 4906 8104
f 8108 8104 8110
f 8110 8104 4905
f 4910 8110 4905
f 8109 8108 8110
f 8109 8110 4910
f 8114 8113 8115
f 8114 8115 8113
f 8112 8116 8075
f 8075 8116 8115
f 8113 8078 8115
f 8078 8076 8115
f 8115 8076 8075
f 8071 8069 8072
f 8069 8111 8072
f 8072 8111 8112
f 8072 8112 8075
f 8118 8119 8123
f 4910 4909 8109
f 8124 8122 8109
f 8125 8124 8109
f 8125 8109 4909
f 8121 8122 8125
f 8125 8122 8124
f 8125 4909 4907
f 4907 4909 4908
f 8126 8121 8125
f 8126 8125 4904
f 4904 8125 4907
f 8120 8121 8127
f 8127 8121 8126
f 8127 8126 4903
f 4903 8126 4904
f 8123 8119 8120
f 8123 8120 8128
f 8128 8120 8127
f 8128 8127 4903
f 8128 4903 4902
f 8129 8123 8128
f 8129 8128 8130
f 8130 8128 4902
f 8130 4902 4900
f 8131 8117 8118
f 8131 8118 8132
f 8132 8118 8123
f 8132 8123 8133
f 8133 8123 8129
f 8129 8130 4898
f 4898 8130 4900
f 8078 8113 8131
f 8131 8113 8117
f 8132 8133 8134
f 8134 8133 8129
f 8134 8129 4898
f 8134 4898 4897
f 8135 8132 8136
f 8079 8078 8131
f 8137 3674 8131
f 8131 3674 8138
f 8131 8138 8079
f 8137 8131 8132
f 8137 8132 8139
f 8132 8135 8139
f 8140 8141 8136
f 8136 8141 8142
f 8136 8142 8135
f 8136 8143 8140
f 8140 8143 8134
f 8140 8134 3678
f 8134 3679 3678
f 4894 3679 8134
f 4894 3680 3679
f 8136 8132 8143
f 8143 8132 8134
f 4894 8134 4897
f 1175 3856 1179
f 1179 3856 8144
f 1179 8144 1178
f 1178 8144 1176
f 1176 8144 8145
f 1176 8145 8146
f 8146 8145 8147
f 8146 8147 8148
f 8148 8147 8149
f 8148 8149 8150
f 8150 8149 8151
f 8151 8149 8152
f 8152 8149 8153
f 8152 8153 8154
f 8154 8153 8023
f 8154 8023 8024
f 8149 8147 8144
f 8144 8147 8145
f 8144 3856 3859
f 8159 8160 8161
f 8155 8163 8164
f 8144 3859 3858
f 8149 8144 8165
f 8023 8153 8156
f 8156 8153 8157
f 8153 8149 8160
f 8153 8160 8157
f 8157 8160 8158
f 8158 8160 8159
f 8149 8166 8160
f 8149 8165 8166
f 8166 8165 8167
f 8166 8167 8160
f 8160 8167 8161
f 8161 8167 8168
f 8161 8168 8169
f 8161 8169 8162
f 8162 8169 8170
f 8162 8170 8155
f 8155 8170 8163
f 3858 3855 8171
f 8171 3855 3854
f 3850 3849 3845
f 8171 3854 8167
f 8167 3854 3853
f 8167 3853 3852
f 3852 3851 8169
f 8169 3851 3850
f 8169 3850 8172
f 8172 3850 3845
f 8163 3845 3844
f 8144 3858 8165
f 8165 3858 8171
f 8167 3852 8168
f 8168 3852 8169
f 8172 3845 8163
f 8165 8171 8167
f 8169 8172 8170
f 8170 8172 8163
f 8173 8175 8174
f 8173 3848 8175
f 8174 8163 8173
f 3844 3848 8173
f 3844 8173 8163
f 8176 8030 8029
f 8026 8023 8029
f 8029 8023 8156
f 8178 8180 8179
f 8184 8183 8181
f 8181 8183 8182
f 8186 8185 8183
f 8186 8183 8184
f 8187 8185 8186
f 8185 8187 8188
f 3848 8177 8175
f 8177 3848 3847
f 8177 3847 3846
f 3843 3842 3841
f 3843 3841 8189
f 8189 3841 3840
f 8189 3840 8190
f 8190 3840 3839
f 3839 3838 8191
f 8180 8177 3846
f 8180 3846 3843
f 8190 3839 8186
f 8186 3839 8191
f 3838 3837 8191
f 8191 3837 8188
f 8180 3843 8178
f 8178 3843 8189
f 8178 8189 8181
f 8181 8189 8190
f 8181 8190 8184
f 8184 8190 8186
f 8186 8191 8188
f 8175 8177 8179
f 8179 8177 8180
f 8179 8180 8178
f 8187 8186 8188
f 8193 8194 8195
f 8192 8197 8051
f 8192 8051 8050
f 8198 8199 8192
f 8192 8199 8197
f 1158 1156 8195
f 8195 1156 1153
f 1158 8195 8200
f 1158 8200 8201
f 8196 1159 8202
f 8202 1159 1157
f 8202 1157 8200
f 8200 1157 8201
f 3863 3862 8196
f 8196 3862 3861
f 8196 3861 1159
f 8198 8192 1153
f 1153 8192 8195
f 8203 8195 8194
f 8192 8193 8195
f 8203 8185 8204
f 8204 8185 8188
f 8204 8188 3864
f 3864 8188 3837
f 8195 8203 8200
f 8200 8203 8204
f 8200 8204 8202
f 8202 8204 3864
f 8202 3864 8196
f 8196 3864 3863
f 3828 4890 3826
f 4891 4890 3828
f 3828 3799 4891
f 4901 4892 3799
f 4901 3799 8205
f 8205 3799 3697
f 3693 3691 3690
f 3701 3695 3693
f 3682 3680 3690
f 3693 4896 3701
f 3701 4896 3696
f 3690 4895 3693
f 3697 3699 3700
f 3697 3700 8205
f 8205 3700 3696
f 8205 3696 4901
f 4901 3696 4899
f 8079 8138 3674
f 3673 8079 3674
f 8139 3675 8137
f 8137 3675 3674
f 8142 8141 8135
f 8135 8141 3675
f 8135 3675 8139
f 8141 8140 3678
f 3675 8141 8140
f 8140 8141 3678
f 3675 8140 3677
f 3677 8140 3678
f 3671 8080 8079
f 3671 8079 3673
f 3671 3670 3668
f 3671 3668 8077
f 3666 8074 3668
f 3666 3664 8070
f 3666 8070 8073
f 3664 3663 3640
f 3664 3640 8070
f 8067 3640 3637
f 3636 3632 3635
f 3635 3632 3636
f 3626 3636 3635
f 8062 8061 3626
f 8062 3626 3627
f 3627 3628 8062
f 3625 8057 3628
f 3625 3628 3629
f 3625 3624 8056
f 3625 8056 8055
f 3614 8082 8083
f 8083 3615 3616
f 3614 8083 3615
f 3615 8083 3616
f 3616 8088 8087
f 3616 8087 3623
f 3616 3623 3617
f 3624 3623 8087
f 3624 8087 8056
f 8056 8087 8090
f 4935 4928 3621
f 3094 4935 3622
f 3622 4935 3621
f 3619 4920 3618
f 3091 3098 3092
f 3092 3098 285
f 297 285 3098
f 3094 3098 3096
f 3094 3096 3095
f 1105 158 175
f 1192 158 1191
f 1191 158 1105
f 1168 1203 1205
f 1168 1205 1105
f 1160 1159 3861
f 1151 1162 1169
f 8051 8197 8199
f 8051 8199 1155
f 8198 1153 1156
f 1158 8201 1156
f 8199 8198 1153
f 1153 8198 1156
f 1156 8201 1157
f 1153 1152 8199
f 8199 1152 1155
f 1145 8052 8051
f 1145 8051 1155
f 1145 1155 1141
f 1145 1150 8049
f 8046 1150 1149
f 1149 1139 8046
f 8046 1139 8045
f 1139 1137 8042
f 1133 8038 1130
f 1133 1132 8036
f 1131 8034 8036
f 1131 8036 1132
f 8031 8032 1174
f 8031 1174 1173
f 8028 8031 1173
f 8028 1173 1172
f 8025 8027 8206
f 1172 1171 8028
f 8028 1171 8206
f 8028 8206 8027
f 8024 8025 8206
f 8024 8206 1182
f 1182 8206 1171
f 1182 1171 1170
f 8148 8150 8146
f 8151 8152 8150
f 8152 8154 8024
f 1176 8146 8148
f 8148 8146 8150
f 8152 8024 1182
f 8150 8152 8207
f 8207 8152 1182
f 8148 8150 1180
f 1180 8150 8207
f 1180 8207 1181
f 1181 8207 1182
f 1176 8148 1177
f 1177 8148 1180
f 975 974 984
f 975 984 8208
f 975 8208 3996
f 968 971 975
f 975 971 972
f 3860 965 968
f 968 965 969
f 961 966 965
f 961 965 3857
f 4000 3999 3829
f 4000 3829 3827
f 3830 3829 3999
f 3830 3999 3998
f 984 3830 8208
f 8208 3830 3996
f 8071 8069 8068
f 8115 8116 8075
f 8116 8112 8075
f 8119 8118 8123
f 8099 8098 8101
f 8100 8098 8213
f 8095 8096 8213
f 8213 8096 8100
f 8095 8092 8096
f 8081 8084 8095
f 8095 8084 8092
f 8089 8085 8216
f 8216 8091 8089
f 8065 8064 8217
f 8218 8068 8066
f 8224 8222 8219
f 8224 8219 8211
f 8053 8223 8058
f 8058 8223 8221
f 8058 8221 8059
f 8225 8222 8224
f 8210 8220 8226
f 8226 8220 8091
f 8226 8091 8216
f 8216 8085 8086
f 8221 8227 8059
f 8059 8227 8060
f 8221 8212 8227
f 8060 8227 8228
f 8060 8228 8063
f 8053 8091 8220
f 8053 8220 8223
f 8223 8220 8210
f 8223 8210 8221
f 8221 8210 8209
f 8221 8209 8212
f 8225 8224 8230
f 8224 8211 8231
f 8217 8064 8228
f 8228 8064 8063
f 8065 8217 8228
f 8232 8228 8227
f 8228 8232 8233
f 8233 8232 8227
f 8233 8227 8212
f 8235 8234 8065
f 8235 8065 8236
f 8236 8065 8228
f 8236 8228 8237
f 8237 8228 8233
f 8238 8229 8225
f 8238 8225 8239
f 8239 8225 8230
f 8230 8224 8231
f 8234 8066 8065
f 8234 8218 8066
f 8240 8229 8241
f 8241 8229 8238
f 8242 8238 8239
f 8239 8230 8243
f 8243 8230 8231
f 8068 8218 8071
f 8071 8218 8072
f 8071 8072 8069
f 8244 8240 8245
f 8245 8240 8241
f 8241 8238 8246
f 8246 8238 8242
f 8246 8242 8239
f 8246 8239 8242
f 8242 8239 8243
f 8243 8231 8247
f 8247 8231 8211
f 8247 8211 8209
f 8075 8112 8111
f 8075 8111 8072
f 8072 8111 8069
f 8115 8075 8072
f 8248 8072 8218
f 8248 8218 8234
f 8248 8234 8249
f 8249 8234 8235
f 8249 8235 8236
f 8250 8237 8233
f 8115 8072 8251
f 8251 8072 8248
f 8251 8248 8252
f 8252 8248 8253
f 8253 8248 8249
f 8253 8249 8236
f 8078 8113 8115
f 8078 8115 8254
f 8254 8115 8251
f 8254 8251 8255
f 8255 8251 8252
f 8255 8252 8253
f 8253 8236 8256
f 8256 8236 8237
f 8256 8237 8250
f 8250 8233 8212
f 8117 8113 8078
f 8257 8078 8254
f 8257 8254 8255
f 8255 8253 8258
f 8258 8253 8259
f 8259 8253 8256
f 8259 8256 8260
f 8260 8256 8250
f 8260 8250 8212
f 8261 8118 8117
f 8261 8117 8131
f 8131 8117 8078
f 8131 8078 8257
f 8262 8260 8212
f 8262 8212 8209
f 8263 8244 8264
f 8264 8244 8245
f 8245 8241 8265
f 8265 8241 8246
f 8246 8242 8266
f 8266 8242 8243
f 8267 8247 8209
f 8268 8263 8269
f 8269 8263 8264
f 8264 8245 8270
f 8270 8245 8265
f 8265 8246 8266
f 8271 8266 8243
f 8271 8243 8247
f 8271 8247 8267
f 8209 8210 8226
f 8226 8216 8272
f 8272 8216 8086
f 8272 8086 8273
f 8273 8086 8084
f 8273 8084 8081
f 8081 8095 8274
f 8213 8098 8099
f 8123 8120 8119
f 8275 8268 8269
f 8269 8264 8276
f 8276 8264 8270
f 8276 8270 8277
f 8277 8270 8265
f 8277 8265 8278
f 8278 8265 8279
f 8279 8265 8266
f 8279 8266 8271
f 8280 8271 8267
f 8214 8121 8120
f 8275 8269 8281
f 8281 8269 8282
f 8282 8269 8276
f 8276 8277 8278
f 8278 8279 8283
f 8283 8279 8271
f 8283 8271 8280
f 8280 8267 8226
f 8262 8209 8211
f 8267 8209 8226
f 8226 8272 8283
f 8283 8272 8273
f 8273 8081 8284
f 8284 8081 8274
f 8284 8274 8095
f 8284 8095 8276
f 8276 8095 8213
f 8276 8213 8282
f 8282 8213 8099
f 8282 8099 8285
f 8285 8099 8101
f 8124 8122 8121
f 8124 8121 8214
f 8118 8261 8123
f 8123 8261 8120
f 8120 8261 8286
f 8120 8286 8214
f 8124 8214 8287
f 8124 8287 8122
f 8262 8211 8219
f 8288 8219 8222
f 8289 8222 8225
f 8289 8225 8290
f 8290 8225 8229
f 8291 8240 8244
f 8291 8244 8292
f 8292 8244 8263
f 8292 8263 8268
f 8268 8275 8215
f 8102 8215 8094
f 8094 8215 8275
f 8094 8275 8101
f 8101 8275 8281
f 8101 8281 8285
f 8285 8281 8282
f 8284 8276 8278
f 8284 8278 8273
f 8273 8278 8283
f 8283 8280 8226
f 8108 8109 8287
f 8287 8109 8122
f 8293 8287 8214
f 8293 8214 8286
f 8293 8286 8294
f 8294 8286 8261
f 8132 8261 8131
f 8132 8131 8295
f 8295 8131 8257
f 8296 8257 8255
f 8296 8255 8258
f 8262 8259 8260
f 8108 8287 8297
f 8297 8287 8293
f 8297 8293 8298
f 8298 8293 8294
f 8299 8294 8261
f 8261 8132 8300
f 8300 8132 8295
f 8295 8257 8301
f 8301 8257 8296
f 8301 8296 8302
f 8302 8296 8258
f 8302 8258 8303
f 8303 8258 8259
f 8303 8259 8304
f 8304 8259 8262
f 8103 8104 8108
f 8103 8108 8305
f 8305 8108 8306
f 8306 8108 8297
f 8306 8297 8298
f 8307 8298 8294
f 8307 8294 8308
f 8308 8294 8299
f 8308 8299 8309
f 8309 8299 8261
f 8309 8261 8300
f 8300 8295 8310
f 8310 8295 8301
f 8310 8301 8302
f 8302 8303 8304
f 8306 8298 8311
f 8311 8298 8307
f 8311 8307 8312
f 8312 8307 8308
f 8312 8308 8309
f 8313 8309 8300
f 8313 8300 8289
f 8289 8300 8314
f 8314 8300 8310
f 8314 8310 8288
f 8288 8310 8302
f 8315 8103 8305
f 8316 8312 8309
f 8316 8309 8317
f 8317 8309 8313
f 8317 8313 8290
f 8290 8313 8289
f 8289 8314 8288
f 8288 8302 8304
f 8102 8103 8215
f 8215 8103 8315
f 8215 8315 8268
f 8268 8315 8305
f 8268 8305 8306
f 8268 8306 8292
f 8292 8306 8311
f 8292 8311 8291
f 8291 8311 8312
f 8291 8312 8240
f 8240 8312 8316
f 8240 8316 8229
f 8229 8316 8317
f 8229 8317 8290
f 8222 8289 8288
f 8219 8288 8304
f 8219 8304 8262
f 8033 8030 8325
f 8033 8325 8035
f 8326 8040 8039
f 8050 8048 8047
f 8328 8182 8183
f 8155 8164 8174
f 8174 8164 8163
f 8329 8162 8155
f 8330 8159 8161
f 8332 8323 8333
f 8334 8321 8335
f 8335 8321 8320
f 8335 8320 8336
f 8336 8320 8324
f 8319 8318 8324
f 8337 8047 8327
f 8327 8047 8044
f 8337 8338 8324
f 8050 8047 8337
f 8339 8337 8324
f 8340 8050 8339
f 8050 8340 8192
f 8341 8192 8340
f 8341 8340 8339
f 8342 8332 8333
f 8333 8323 8322
f 8343 8334 8344
f 8344 8334 8335
f 8041 8331 8345
f 8345 8331 8346
f 8346 8331 8319
f 8346 8319 8338
f 8338 8319 8324
f 8338 8337 8346
f 8346 8337 8327
f 8346 8327 8345
f 8345 8327 8043
f 8345 8043 8041
f 8041 8043 8022
f 8044 8043 8327
f 8339 8050 8337
f 8347 8193 8192
f 8347 8192 8332
f 8342 8333 8349
f 8333 8322 8350
f 8351 8352 8353
f 8354 8343 8355
f 8355 8343 8344
f 8331 8041 8326
f 8326 8041 8040
f 8356 8348 8342
f 8356 8342 8357
f 8357 8342 8349
f 8357 8349 8333
f 8352 8351 8358
f 8355 8344 8335
f 8355 8335 8360
f 8360 8335 8336
f 8361 8331 8362
f 8362 8326 8037
f 8037 8326 8039
f 8362 8331 8326
f 8363 8356 8364
f 8364 8356 8357
f 8357 8333 8365
f 8365 8333 8350
f 8366 8352 8367
f 8367 8352 8358
f 8367 8358 8359
f 8030 8359 8368
f 8368 8359 8354
f 8368 8354 8355
f 8360 8369 8370
f 8370 8371 8368
f 8368 8371 8035
f 8368 8035 8325
f 8360 8361 8362
f 8360 8362 8369
f 8369 8362 8370
f 8370 8362 8037
f 8370 8037 8371
f 8371 8037 8035
f 8372 8363 8373
f 8373 8363 8364
f 8373 8364 8357
f 8374 8357 8365
f 8365 8350 8322
f 8365 8322 8375
f 8375 8322 8324
f 8153 8366 8023
f 8023 8366 8367
f 8023 8367 8359
f 8030 8368 8325
f 8368 8355 8370
f 8370 8355 8360
f 8360 8336 8361
f 8319 8331 8361
f 8319 8361 8318
f 8318 8361 8336
f 8318 8336 8324
f 8376 8372 8377
f 8377 8372 8373
f 8373 8357 8378
f 8378 8357 8374
f 8030 8176 8359
f 8359 8176 8029
f 8359 8029 8023
f 8023 8029 8156
f 8023 8156 8153
f 8153 8156 8157
f 8153 8157 8366
f 8185 8187 8328
f 8379 8376 8380
f 8380 8376 8377
f 8377 8373 8381
f 8381 8373 8378
f 8378 8374 8365
f 8353 8352 8382
f 8382 8352 8383
f 8383 8352 8366
f 8383 8366 8384
f 8384 8366 8157
f 8384 8157 8330
f 8330 8157 8158
f 8330 8158 8159
f 8385 8379 8386
f 8386 8379 8387
f 8387 8379 8380
f 8380 8377 8388
f 8388 8377 8381
f 8388 8381 8389
f 8389 8381 8378
f 8390 8378 8365
f 8390 8365 8391
f 8391 8365 8392
f 8392 8365 8375
f 8392 8375 8320
f 8320 8375 8324
f 8321 8353 8382
f 8393 8384 8330
f 8181 8182 8328
f 8181 8328 8394
f 8170 8385 8395
f 8395 8385 8386
f 8395 8386 8387
f 8395 8387 8396
f 8387 8380 8397
f 8397 8380 8388
f 8397 8388 8398
f 8398 8388 8389
f 8398 8389 8399
f 8399 8389 8378
f 8399 8378 8390
f 8399 8390 8391
f 8391 8392 8320
f 8320 8321 8391
f 8391 8321 8382
f 8382 8383 8400
f 8400 8383 8384
f 8400 8384 8393
f 8400 8393 8397
f 8397 8393 8330
f 8397 8330 8396
f 8396 8330 8161
f 8396 8161 8162
f 8396 8162 8329
f 8401 8178 8394
f 8394 8178 8181
f 8324 8322 8323
f 8332 8342 8402
f 8402 8342 8348
f 8402 8348 8403
f 8403 8348 8356
f 8403 8356 8404
f 8404 8356 8363
f 8404 8363 8405
f 8405 8363 8372
f 8405 8372 8406
f 8406 8372 8376
f 8406 8376 8407
f 8407 8376 8379
f 8407 8379 8385
f 8408 8385 8170
f 8391 8382 8399
f 8399 8382 8400
f 8399 8400 8398
f 8398 8400 8397
f 8387 8397 8396
f 8395 8396 8329
f 8395 8329 8170
f 8170 8329 8155
f 8179 8180 8401
f 8401 8180 8178
f 8409 8401 8394
f 8328 8183 8185
f 8410 8179 8401
f 8410 8401 8411
f 8411 8401 8409
f 8409 8394 8328
f 8203 8187 8185
f 8174 8175 8179
f 8174 8179 8412
f 8412 8179 8410
f 8412 8410 8413
f 8413 8410 8411
f 8413 8411 8414
f 8414 8411 8409
f 8414 8409 8415
f 8415 8409 8328
f 8415 8328 8416
f 8416 8328 8187
f 8416 8187 8417
f 8417 8187 8203
f 8203 8194 8402
f 8203 8402 8417
f 8416 8417 8415
f 8408 8174 8412
f 8408 8412 8407
f 8407 8412 8406
f 8406 8412 8413
f 8406 8413 8405
f 8405 8413 8414
f 8405 8414 8404
f 8404 8414 8415
f 8404 8415 8403
f 8403 8415 8417
f 8403 8417 8418
f 8418 8417 8402
f 8402 8194 8332
f 8332 8194 8347
f 8347 8194 8193
f 8170 8155 8174
f 8170 8174 8408
f 8385 8408 8407
f 8403 8418 8402
f 8332 8192 8323
f 8323 8192 8341
f 8323 8341 8339
f 8323 8339 8324
f 8354 8359 8358
f 8354 8358 8343
f 8343 8358 8351
f 8343 8351 8334
f 8334 8351 8353
f 8334 8353 8321
f 3997 4004 8419
f 902 904 8423
f 902 8423 8424
f 8423 8425 8424
f 8426 8421 8423
f 8423 8421 8425
f 8428 8427 8422
f 8428 925 8427
f 8429 2573 3836
f 3836 2573 2598
f 2596 2595 8420
f 8420 2595 8429
f 8429 2595 2573
f 8420 2597 2596
f 8430 8431 2597
f 8432 8431 8430
f 8430 906 8432
f 8430 8426 8423
f 8430 8423 906
f 906 8423 904
f 4004 4003 8419
f 8419 4003 925
f 8419 925 8433
f 8433 925 8428
f 8433 8428 8422
f 8433 8422 8434
f 3836 3997 8429
f 8429 3997 8419
f 8429 8419 8420
f 8420 8419 8433
f 8420 8433 2597
f 2597 8433 8434
f 2597 8434 8430
f 8430 8434 8422
f 8430 8422 8426
f 8426 8422 8421
f 940 942 947
f 568 565 8436
f 546 544 548
f 955 540 537
f 925 924 8427
f 8427 924 8437
f 8438 8421 8422
f 8438 8422 8437
f 8437 8422 8427
f 8425 8421 8438
f 8425 8438 900
f 900 8424 8425
f 8424 900 902
f 895 8439 2427
f 8440 2427 8439
f 8439 544 8440
f 894 897 8441
f 544 8439 548
f 548 8439 8442
f 548 8442 549
f 549 8442 8443
f 549 8443 8444
f 8444 8443 8445
f 8444 8445 8446
f 549 8444 557
f 557 8444 8446
f 559 556 8446
f 8446 556 557
f 557 550 549
f 560 559 8446
f 560 8446 8447
f 8447 8446 8448
f 8448 8446 8445
f 897 910 8441
f 8441 910 908
f 908 907 8449
f 8449 907 913
f 8449 913 8448
f 8448 913 916
f 8448 916 920
f 920 916 917
f 8448 8450 8447
f 8447 8450 8451
f 8447 8451 560
f 560 8451 8436
f 560 8436 566
f 566 8436 565
f 568 8436 8451
f 568 8451 8450
f 8439 8441 8442
f 8442 8441 8443
f 8443 8452 8445
f 8445 8452 8448
f 568 8450 541
f 953 955 537
f 918 915 8453
f 918 8453 922
f 895 894 8439
f 8439 894 8441
f 8441 908 8443
f 8443 908 8449
f 8448 920 8450
f 8450 920 921
f 537 923 953
f 953 923 922
f 8443 8449 8452
f 8452 8449 8448
f 8450 921 541
f 922 8453 8454
f 8454 8453 915
f 8454 915 8455
f 953 922 8454
f 951 953 8454
f 947 8454 8455
f 951 8454 949
f 949 8454 947
f 912 8435 915
f 938 940 947
f 938 947 8456
f 8456 947 8457
f 8457 947 8455
f 8457 8455 8458
f 8458 8455 915
f 8458 915 8435
f 912 911 8435
f 8435 911 8459
f 8435 8459 8458
f 8458 8459 8457
f 8457 8459 945
f 8457 945 8456
f 8456 945 938
f 934 944 945
f 8437 934 8438
f 8438 934 8460
f 8438 8460 8461
f 8438 8461 900
f 900 8461 8462
f 900 8462 898
f 911 898 8459
f 8459 898 8462
f 8459 8462 8461
f 8459 8461 945
f 945 8461 8460
f 945 8460 934
f 934 8437 929
f 929 8437 924
f 586 8463 591
f 598 597 4066
f 4088 4090 8464
f 8465 8466 8467
f 8467 8466 4090
f 4090 8466 8464
f 8467 8468 8465
f 8468 8467 8469
f 8469 8467 8470
f 4081 4082 8470
f 8470 4082 8469
f 8471 544 546
f 8471 546 8472
f 8474 8473 544
f 2432 8473 8474
f 4094 2432 4095
f 4101 4096 8475
f 8475 4096 4095
f 593 590 591
f 4101 8475 4103
f 4107 4105 4104
f 586 581 8463
f 8463 581 580
f 8463 580 8476
f 8476 580 579
f 8476 579 583
f 583 582 570
f 546 593 8472
f 8472 593 591
f 544 8471 8474
f 8474 8471 8472
f 8474 8472 8477
f 8477 8472 591
f 8477 591 8478
f 8478 591 8463
f 8463 8476 8479
f 8479 8476 583
f 8474 8477 8475
f 8475 8477 8478
f 8478 8463 8480
f 8480 8463 8479
f 8479 583 8481
f 8481 583 570
f 8481 570 8482
f 8480 8479 8483
f 8483 8479 8481
f 8482 570 572
f 4067 598 4066
f 4070 8484 4068
f 4067 4068 8485
f 8485 4068 8484
f 4109 4067 8485
f 4109 8485 8484
f 2432 8474 4095
f 4095 8474 8475
f 8475 8478 4103
f 4103 8478 8480
f 4103 8480 4104
f 4104 8480 8483
f 4104 8483 8486
f 8486 8483 8481
f 8482 572 4113
f 4109 8484 4110
f 4104 8486 4107
f 4107 8486 8481
f 4107 8481 4108
f 4108 8481 8482
f 598 4067 4112
f 4112 4067 4109
f 4109 4110 4114
f 4114 4110 4109
f 8482 4113 4108
f 4115 8487 8488
f 8488 8487 8484
f 8488 8484 8489
f 8489 8484 4071
f 4071 8484 4069
f 4070 4069 8484
f 8484 8487 4110
f 4110 8487 4114
f 4114 8487 4115
f 4100 4099 4115
f 8490 4100 8491
f 8491 4100 8492
f 8491 8492 8493
f 8493 8492 8494
f 8494 8492 8495
f 8494 8495 4073
f 4073 8495 8496
f 4073 8496 4072
f 4072 8496 4071
f 4071 8496 8495
f 4071 8495 8489
f 8489 8495 8492
f 8489 8492 8488
f 8488 8492 4100
f 8488 4100 4115
f 4100 8490 4102
f 4102 8490 4091
f 4090 4091 8490
f 4090 8490 8467
f 8467 8490 8491
f 8467 8491 8493
f 8467 8493 8494
f 8467 8494 8470
f 8470 8494 4073
f 8470 4073 4081
f 4081 4073 4083
f 4887 4893 8497
f 4084 4086 8499
f 8469 4082 8500
f 8500 8468 8469
f 8501 8465 8468
f 8465 8501 8466
f 8466 8501 8499
f 8499 8464 8466
f 8464 8499 4088
f 4088 8499 4086
f 8502 8503 4084
f 8502 8504 8503
f 8505 4585 8506
f 8506 4585 8504
f 8506 8504 8502
f 4585 8498 4586
f 4586 8498 4582
f 4582 8498 4583
f 4583 8498 8497
f 4583 8497 4580
f 4580 8497 4893
f 4084 8499 8502
f 8502 8499 8501
f 8502 8501 8506
f 8506 8501 8468
f 8506 8468 8505
f 8505 8468 8500
f 8505 8500 8507
f 8507 8500 4082
f 8507 4082 4887
f 4887 4082 4888
f 8498 4585 8505
f 8498 8505 8497
f 8497 8505 8507
f 8497 8507 4887
f 8509 7987 8510
f 8510 7987 8508
f 7988 7987 8509
f 8511 7988 8512
f 4034 4033 8512
f 4034 8512 4055
f 4055 8512 8513
f 4055 8513 4054
f 4054 8513 8509
f 4054 8509 4051
f 4033 8515 8512
f 8513 8512 7988
f 8513 7988 8509
f 4051 8509 8510
f 4051 8510 8514
f 8514 8510 8508
f 8512 8515 8511
f 8511 8515 7983
f 7988 8511 7984
f 7984 8511 7983
f 7985 8508 7987
f 7981 7983 8516
f 8516 7983 8515
f 8516 8515 4031
f 4031 8515 4033
f 8516 4031 4028
f 7985 8508 8514
f 7989 8514 8508
f 4061 4053 8514
f 8514 4053 4052
f 8514 4052 4050
f 8514 4050 4051
f 7985 8514 7989
f 7985 7989 8508
f 4028 4030 8517
f 4028 8517 8516
f 8516 8517 7998
f 8516 7998 7981
f 7992 7991 8518
f 8518 7991 4035
f 7993 7992 8518
f 4036 4056 4057
f 4035 4036 4057
f 4060 4058 4059
f 7995 7993 4058
f 7995 4058 4060
f 8518 4035 7993
f 7993 4035 4057
f 7993 4057 4058
f 4060 4061 7995
f 7995 4061 8514
f 7995 8514 8508
f 7995 8508 7985
f 7994 7993 7995
f 8517 4030 4040
f 8517 4040 4039
f 7998 8517 4039
f 7998 4039 7996
f 7996 4039 4035
f 7996 4035 7991
f 4038 4035 4039
f 4038 4039 4037
f 4005 8017 8016
f 8519 8016 8004
f 8018 8017 4005
f 8520 4005 4014
f 8520 4014 4013
f 8521 8018 8522
f 4006 4005 8016
f 4006 8016 8519
f 4013 4020 8522
f 4013 8522 8520
f 8520 8522 8018
f 8520 8018 4005
f 8522 4020 8521
f 8521 4020 8014
f 8018 8521 8015
f 8015 8521 8014
f 8012 8014 4017
f 4017 8014 4020
f 4017 4020 4018
f 4018 4020 4019
f 8010 8012 4017
f 8523 8010 4017
f 8523 4017 4016
f 4015 8523 4016
f 8002 8004 8524
f 8002 8524 8519
f 8519 4011 4008
f 4008 4011 4010
f 4008 4007 8519
f 8519 4007 4006
f 8004 8002 8519
f 4015 4027 8525
f 4015 8525 8523
f 8523 8525 8009
f 8523 8009 8010
f 8526 4021 8527
f 8006 8005 8527
f 8527 8005 8526
f 4021 4023 4046
f 4046 4042 8527
f 4046 8527 4021
f 8006 8527 4042
f 4049 4042 4041
f 8008 8006 8528
f 8528 8006 4049
f 4049 8006 4042
f 4049 4011 8528
f 8528 4011 8008
f 8008 4011 8519
f 8008 8519 8524
f 8008 8524 8004
f 8525 4025 4021
f 8525 4021 8526
f 8009 8525 8526
f 8009 8526 8005
f 4025 8525 4026
f 4026 8525 4027
f 8001 8530 8529
f 8529 8530 7997
f 8001 8529 8530
f 8530 8529 7997
f 8529 8530 8001
f 8001 8530 7999
f 7999 8530 8529
f 7999 8529 7997
f 7999 7997 8531
f 8531 7997 7986
f 7997 7990 7986
f 7982 7997 8532
f 8532 7997 8529
f 8532 8529 8001
f 8532 8001 8000
f 8000 8533 8532
f 8000 7999 8533
f 8533 7999 8532
f 8532 7999 8531
f 8532 8531 7982
f 8531 7986 7982
f 8021 8535 8534
f 8534 8535 8011
f 8021 8535 8534
f 8011 8535 8534
f 8534 8535 8021
f 8021 8534 8019
f 8019 8534 8536
f 8536 8534 8011
f 8011 8007 8536
f 8011 8003 8013
f 8011 8537 8003
f 8537 8011 8020
f 8020 8011 8534
f 8534 8535 8020
f 8020 8535 8021
f 8019 8536 8538
f 8019 8538 8020
f 8020 8538 8536
f 8536 8537 8020
f 8537 8536 8007
f 8537 8007 8003
f 8539 4024 4029
f 4029 8540 8539
f 8539 8540 3827
f 8539 3827 3826
f 932 935 933
f 928 927 8541
f 8541 927 926
f 8541 926 4002
f 928 8541 4029
f 932 933 4032
f 932 931 930
f 4029 930 928
f 930 4029 4032
f 930 4032 932
f 932 4032 933
f 4029 8541 8540
f 8540 8541 4000
f 4002 4001 4000
f 3827 8540 4000
f 4000 8541 4002
f 4045 4044 4074
f 4074 4044 4022
f 4074 4022 4044
f 4044 4022 4076
f 4076 4075 4044
f 4077 4076 4024
f 4077 8542 4078
f 4078 8542 4079
f 4886 4080 8542
f 8542 4080 4079
f 4022 4024 4076
f 4024 8542 4077
f 8539 3826 4890
f 8542 4890 4886
f 4886 4890 4889
f 4890 8542 4024
f 4890 4024 8539
f 4583 4580 4579
f 4579 4583 4582
f 4579 4582 4583
f 4582 4586 4585
f 4582 4585 4586
f 4585 4590 4588
f 4585 4588 8504
f 4084 8503 4591
f 4588 4591 8504
f 8504 4591 8503
f 4588 4587 4591
f 4591 4593 4594
f 4591 4594 8543
f 4591 8543 4084
f 8543 4594 4085
f 4600 4603 4089
f 4598 4597 4089
f 4085 4598 4087
f 4087 4598 4089
f 4602 4604 4097
f 4089 4603 4092
f 4092 4603 4097
f 4604 2425 4097
f 4097 2425 4093
f 4097 4603 4602
f 4085 4084 8543
f 2425 2424 4093
f 4093 2424 4094
f 545 546 544
f 544 8473 2432
f 2432 543 544
f 2432 4094 2424
f 2423 2432 2424
f 2572 2598 2573
f 2595 2573 2572
f 2595 2572 2573
f 2595 2597 2596
f 2595 2596 2597
f 2597 8431 2575
f 2597 2575 2593
f 8431 8432 2588
f 8431 2588 2575
f 2575 2588 2576
f 2590 2589 2588
f 2590 2588 8544
f 8544 2588 906
f 906 2588 8432
f 2582 2584 2587
f 2586 2590 2587
f 896 2428 2579
f 896 2579 899
f 2587 2590 8544
f 899 2579 2581
f 2582 2587 2586
f 2586 2587 8544
f 2586 8544 906
f 899 2581 8545
f 8545 2581 2582
f 2582 2586 905
f 905 2586 906
f 899 8545 901
f 901 8545 2582
f 901 2582 903
f 903 2582 905
f 2429 2428 895
f 895 2428 896
f 546 545 544
f 8440 544 2427
f 2427 2431 2429
f 544 543 2427
f 2429 895 2427
f 3935 7833 3936
f 3932 3931 3933
f 3933 3931 8547
f 8548 3935 3934
f 7833 7832 3936
f 3936 7832 7833
f 8548 7833 3935
f 8549 8548 3934
f 8549 3934 8547
f 8547 3934 3933
f 8550 8548 8549
f 8550 8549 8551
f 8551 8549 8547
f 8551 8547 3931
f 8551 3931 8552
f 8552 3931 640
f 640 3931 641
f 8553 8548 8550
f 650 7829 8546
f 8546 7829 7832
f 8546 7832 8554
f 8554 7832 7833
f 8554 7833 8553
f 8553 7833 8548
f 639 8552 640
f 650 8546 8554
f 8555 8550 8551
f 8555 8551 637
f 637 8551 8552
f 637 8552 639
f 661 659 8561
f 653 648 8564
f 8565 643 8566
f 8566 643 642
f 8566 642 643
f 8567 8565 8568
f 8568 8565 8566
f 8566 643 639
f 8569 8567 8568
f 8570 8569 8571
f 8571 8569 8568
f 8566 639 638
f 646 8572 8573
f 8573 8572 8570
f 8573 8570 8571
f 8573 8571 8574
f 8574 8571 8568
f 8574 8568 8575
f 8575 8568 8566
f 8575 8566 638
f 8564 8576 8554
f 8555 637 8577
f 8578 8577 8579
f 8580 8579 8581
f 8580 8581 8561
f 8561 8581 661
f 661 8581 8582
f 637 642 8577
f 8579 8577 8583
f 8579 8583 8580
f 8579 8580 8581
f 8581 8584 8582
f 8582 8584 668
f 8582 668 667
f 8554 8576 650
f 8564 648 8576
f 8576 648 650
f 8585 8564 8554
f 8563 653 8564
f 8563 8564 8585
f 8585 8554 8553
f 657 653 8562
f 8562 653 8563
f 8562 8563 8586
f 8586 8563 8585
f 8587 8585 8553
f 8587 8553 8550
f 657 8562 8586
f 8586 8585 8587
f 8555 8587 8550
f 8561 659 657
f 8561 657 8588
f 8588 657 8586
f 8578 8586 8587
f 8589 8561 8588
f 8588 8586 8578
f 8578 8587 8555
f 8555 8577 8578
f 8578 8579 8588
f 8588 8579 8580
f 8588 8580 8589
f 8589 8580 8561
f 667 665 8582
f 8582 665 661
f 8582 668 8584
f 8581 8580 8590
f 8590 8580 8583
f 669 668 8560
f 8560 668 8582
f 8560 8582 8591
f 8591 8582 8584
f 8591 8584 8592
f 8592 8584 8581
f 8592 8581 8590
f 8590 8583 8593
f 8593 8583 8577
f 8593 8577 642
f 8559 669 8560
f 8590 8593 642
f 675 669 8558
f 8558 669 8559
f 8558 8559 8560
f 8558 8560 8594
f 8594 8560 8591
f 8591 8592 8590
f 8595 8590 642
f 675 8558 8596
f 8596 8558 8597
f 8597 8558 8594
f 8597 8594 8591
f 8597 8591 8598
f 8598 8591 8595
f 8595 8591 8590
f 8557 675 8596
f 8599 8598 8595
f 681 675 8556
f 8556 675 8557
f 8556 8557 8596
f 8597 8598 8599
f 8600 8556 8596
f 8599 8595 642
f 645 681 8556
f 8601 8556 8600
f 8601 8600 8569
f 8569 8600 8596
f 8569 8596 8567
f 8567 8596 8597
f 8567 8597 8602
f 8602 8597 8599
f 646 645 8572
f 8572 645 8556
f 8572 8556 8570
f 8570 8556 8601
f 8570 8601 8569
f 8567 8602 8565
f 8565 8602 8599
f 8565 8599 643
f 643 8599 642
f 3929 3928 8603
f 8603 3928 8604
f 8603 3930 3929
f 646 3926 7823
f 3928 3925 3927
f 3927 3926 7823
f 7823 3926 646
f 8604 3928 3927
f 8573 3927 7823
f 641 3930 640
f 640 3930 8603
f 8574 8604 3927
f 8574 3927 8573
f 646 8573 7823
f 8574 8603 8604
f 8575 8603 8574
f 638 640 8575
f 8575 640 8603
f 5 6 3923
f 3923 6 8607
f 3923 8607 3924
f 8605 686 8606
f 3917 3916 7850
f 7850 3916 8608
f 3914 8608 3916
f 7849 7850 8609
f 8609 7850 8608
f 8609 8608 3914
f 8609 3914 8610
f 8610 3914 8607
f 8607 3914 3924
f 8611 8607 6
f 8606 8607 8611
f 8606 8611 6
f 8606 8610 8607
f 8605 8606 6
f 8612 8609 8613
f 8613 8609 8610
f 8613 8610 8614
f 8614 8610 8606
f 8612 7849 8609
f 8612 8609 8615
f 8615 8609 8612
f 8615 8612 8613
f 8614 8606 687
f 687 8606 686
f 697 699 8619
f 699 691 8620
f 691 694 8622
f 694 690 8623
f 687 8624 688
f 8624 687 686
f 8626 8625 8627
f 8627 8625 8624
f 8628 8626 8627
f 8629 8628 8627
f 8631 8630 8629
f 8631 8629 8632
f 8632 8629 8627
f 8632 8627 8633
f 8633 8627 8624
f 8633 8624 686
f 8634 729 8635
f 8636 687 8637
f 8638 8637 8639
f 8640 8639 8641
f 8640 8641 8619
f 8619 8641 697
f 697 8641 8642
f 687 688 8637
f 8639 8637 8643
f 8639 8643 8640
f 8639 8640 8641
f 8612 8635 7849
f 7849 8635 729
f 7849 729 728
f 690 729 8634
f 8623 690 8634
f 8623 8634 8635
f 8635 8612 8615
f 8644 8623 8635
f 8622 694 8623
f 8622 8623 8644
f 8644 8635 8615
f 8621 691 8622
f 8621 8622 8645
f 8645 8622 8644
f 8646 8644 8615
f 8646 8615 8613
f 8620 691 8621
f 8620 8621 8647
f 8647 8621 8645
f 8645 8644 8646
f 8636 8646 8613
f 8636 8613 8614
f 8636 8614 687
f 8619 699 8620
f 8619 8620 8647
f 8638 8645 8646
f 8620 8619 8647
f 8647 8645 8638
f 8638 8646 8636
f 8636 8637 8638
f 8638 8639 8647
f 8647 8639 8640
f 8647 8640 8620
f 8620 8640 8619
f 705 703 8642
f 8642 703 697
f 8648 705 8642
f 8642 8641 8649
f 8649 8641 8640
f 8649 8640 8650
f 8650 8640 8643
f 706 705 8618
f 8618 705 8648
f 8618 8648 8651
f 8651 8648 8642
f 8651 8642 8649
f 8650 8643 8652
f 8652 8643 8637
f 8652 8637 688
f 708 706 8618
f 708 8618 8653
f 8653 8618 8651
f 8654 8650 8652
f 8654 8652 688
f 8651 8649 8654
f 8654 8649 8650
f 8617 711 708
f 8617 708 8655
f 8655 708 8656
f 8656 708 8653
f 8656 8653 8651
f 8656 8651 8657
f 8657 8651 8654
f 717 711 8616
f 8616 711 8617
f 8616 8617 8655
f 8658 8657 8654
f 719 717 8616
f 8656 8657 8658
f 8658 8654 688
f 721 719 8616
f 8659 8616 8655
f 8659 8655 8656
f 8659 8656 8660
f 8660 8656 8658
f 8661 721 8616
f 8661 8616 8662
f 8662 8616 8659
f 8662 8659 8628
f 8628 8659 8626
f 8626 8659 8660
f 8626 8660 8658
f 8663 8658 688
f 726 721 8630
f 8630 721 8661
f 8630 8661 8662
f 8630 8662 8628
f 8625 8626 8658
f 8625 8658 8624
f 8624 8658 8663
f 8631 726 8630
f 8629 8630 8628
f 8624 8663 688
f 3920 8664 3921
f 3922 3921 5
f 5 3921 6
f 3903 3902 3918
f 3920 3919 3918
f 8665 3918 3902
f 8664 3920 3918
f 8664 3918 8665
f 3921 8664 8666
f 8666 8664 8665
f 7834 8665 3902
f 6 3921 8667
f 8667 3921 8666
f 8605 6 8667
f 686 8605 8633
f 8633 8605 8667
f 8633 8667 8632
f 8632 8667 8666
f 8632 8666 8631
f 8631 8666 8665
f 8631 8665 726
f 726 8665 7834
f 737 735 736
f 4 8668 8670
f 8670 3901 4
f 8669 737 8671
f 3889 3888 3887
f 3889 3887 3886
f 7865 3889 3886
f 8672 7865 3886
f 8672 3886 8673
f 8673 3886 3884
f 8673 3884 8670
f 8670 3884 3901
f 8671 8673 8670
f 8671 8670 8669
f 8669 8670 8668
f 8674 8672 8673
f 8674 8673 8671
f 8675 7865 8672
f 8675 8672 8676
f 8676 8672 8677
f 8677 8672 8674
f 736 8671 737
f 760 757 8682
f 748 743 8684
f 8688 8687 738
f 8689 8687 8688
f 8691 8688 738
f 8691 738 737
f 8692 8690 8689
f 8692 8689 8693
f 8693 8689 8688
f 8693 8688 8691
f 8675 8695 7865
f 7865 8695 8694
f 7865 8694 786
f 7865 786 790
f 740 786 8694
f 8686 740 8694
f 8686 8694 8695
f 8676 8695 8675
f 743 740 8685
f 8685 740 8686
f 8685 8686 8696
f 8696 8686 8695
f 8684 743 8685
f 8684 8685 8696
f 8696 8695 8697
f 8697 8695 8676
f 8697 8676 8677
f 746 748 8684
f 8684 8696 8697
f 8677 8674 8671
f 8698 746 8684
f 8699 8684 8697
f 8700 8697 8677
f 8700 8677 8701
f 8701 8677 8671
f 8701 8671 736
f 746 8698 8702
f 8702 8698 8684
f 8702 8684 8699
f 8700 8701 736
f 755 746 8703
f 8703 746 8702
f 8703 8702 8699
f 8699 8697 8700
f 8683 752 8704
f 8704 752 755
f 8704 755 8703
f 8702 8703 8699
f 8702 8699 8705
f 8705 8699 8700
f 757 752 8682
f 8682 752 8683
f 8703 8702 8706
f 8706 8702 8705
f 8705 8700 736
f 760 8682 8683
f 8707 8704 8703
f 8707 8703 8708
f 8708 8703 8706
f 8708 8706 8709
f 8709 8706 8705
f 8709 8705 8710
f 8710 8705 736
f 763 760 8681
f 8681 760 8683
f 8681 8683 8711
f 8711 8683 8704
f 8711 8704 8707
f 8708 8709 8710
f 764 763 8681
f 765 764 8680
f 8680 764 8712
f 8712 764 8681
f 8712 8681 8711
f 8711 8707 8713
f 8713 8707 8708
f 8713 8708 8710
f 8679 765 8680
f 8679 8680 8714
f 8714 8680 8712
f 8714 8712 8715
f 8715 8712 8716
f 8716 8712 8711
f 8716 8711 8713
f 735 8710 736
f 8717 8716 8713
f 769 765 8678
f 8678 765 8679
f 8715 8716 8717
f 8717 8713 8710
f 739 8710 735
f 8678 8679 8714
f 777 769 8718
f 8718 769 8678
f 8718 8678 8714
f 8718 8714 8719
f 8719 8714 8687
f 8687 8714 8715
f 8687 8715 8717
f 8687 8717 8720
f 8720 8717 738
f 738 8717 8710
f 738 8710 739
f 8690 777 8718
f 782 777 8690
f 8690 8718 8719
f 8687 8720 738
f 8692 782 8690
f 8690 8719 8689
f 8689 8719 8687
f 4 3900 8668
f 8668 3900 3912
f 3910 3907 7854
f 8721 3910 7854
f 3910 3911 3905
f 3912 3913 8722
f 8722 3913 3911
f 8722 3911 8721
f 8721 3911 3910
f 8723 8722 8721
f 8724 3912 8723
f 8723 3912 8722
f 8669 8668 8724
f 8724 8668 3912
f 7855 8721 7854
f 737 8669 8691
f 8691 8669 8724
f 8691 8724 8693
f 8693 8724 8723
f 8693 8723 8692
f 8692 8723 8721
f 8692 8721 782
f 782 8721 7855
f 3897 3898 791
f 3904 3899 8725
f 3909 3906 3904
f 3904 8725 3909
f 837 3909 8726
f 8726 3909 8725
f 8726 8725 8727
f 8727 8725 3899
f 8727 3899 3897
f 8727 3897 8728
f 8728 3897 792
f 792 3897 791
f 793 8728 792
f 8729 8727 8730
f 8730 8727 8728
f 8730 8728 793
f 807 802 8735
f 8737 8736 8738
f 8738 8736 794
f 8739 8737 8738
f 8740 8739 8741
f 8741 8739 8738
f 8741 8738 8742
f 8738 794 793
f 8743 8731 8740
f 8743 8740 8744
f 8744 8740 8741
f 8744 8741 8745
f 8745 8741 8742
f 8745 8742 8746
f 8746 8742 8738
f 8746 8738 8747
f 8747 8738 793
f 8750 8751 8752
f 8752 8751 8753
f 8730 793 8749
f 8751 8749 8754
f 8755 8751 8756
f 8757 8756 8758
f 8757 8758 815
f 815 8758 817
f 8726 8748 837
f 837 8748 838
f 802 841 8748
f 8748 841 838
f 8735 802 8748
f 8759 8748 8726
f 8735 8748 8760
f 8760 8748 8759
f 8760 8759 8726
f 8760 8726 8727
f 804 807 8735
f 8761 8735 8760
f 8762 8760 8727
f 8762 8727 8729
f 804 8735 8761
f 8761 8760 8762
f 8734 810 804
f 8734 804 8752
f 8752 804 8761
f 8763 8761 8762
f 8763 8762 8729
f 8733 810 8734
f 8733 8734 8753
f 8753 8734 8752
f 8752 8761 8763
f 8750 8763 8729
f 8750 8729 8730
f 8730 8749 8750
f 8763 8750 8752
f 8733 815 810
f 8750 8749 8751
f 8751 8755 8753
f 8753 8755 8756
f 8753 8756 8733
f 8733 8756 8757
f 8733 8757 815
f 822 817 8758
f 8755 8756 8751
f 8755 8751 8754
f 794 8749 793
f 822 8758 8764
f 8764 8758 8756
f 8764 8756 8765
f 8765 8756 8755
f 8765 8755 8754
f 8766 8749 794
f 825 819 828
f 828 819 822
f 828 822 8767
f 8767 822 8768
f 8768 822 8764
f 8768 8764 8765
f 8769 8765 8754
f 8770 828 8767
f 8770 8767 8768
f 8754 8749 794
f 794 8749 8766
f 8736 8769 8754
f 8736 8754 794
f 797 827 8771
f 8771 827 828
f 8771 828 8772
f 8772 828 8770
f 8772 8770 8768
f 8772 8768 8773
f 8773 8768 8765
f 8773 8765 8736
f 8736 8765 8769
f 8732 797 8774
f 8774 797 8771
f 8774 8771 8772
f 8737 8773 8736
f 833 797 8731
f 8731 797 8732
f 8739 8774 8772
f 8739 8772 8773
f 8739 8773 8737
f 8731 8732 8774
f 831 833 8743
f 8743 833 8731
f 8740 8731 8774
f 8740 8774 8739
f 3881 3877 3882
f 3873 8776 8777
f 3873 8777 791
f 3880 7869 3878
f 3877 3878 7869
f 8775 3882 3877
f 8778 3877 7869
f 8775 3873 3882
f 8776 3873 8775
f 8743 7869 831
f 792 791 8777
f 8779 8775 3877
f 8779 3877 8744
f 8744 3877 8778
f 8744 8778 8743
f 8743 8778 7869
f 792 8777 8776
f 8745 8775 8779
f 793 792 8747
f 8747 792 8776
f 8747 8776 8746
f 8746 8776 8745
f 8745 8776 8775
f 8744 8745 8779
f 8780 848 850
f 8780 3876 848
f 851 3879 3872
f 8781 851 3872
f 8781 3872 8782
f 8782 3872 3871
f 8782 3871 8780
f 8780 3871 3876
f 8783 8780 846
f 846 8780 850
f 891 854 8784
f 857 856 8785
f 872 869 8788
f 869 864 866
f 8790 8789 846
f 8791 8790 8792
f 8792 8790 8793
f 8793 8790 846
f 8792 8793 8794
f 8794 8793 846
f 8791 8792 8794
f 8797 8791 8794
f 8798 8796 8799
f 8799 8796 8795
f 8799 8795 8800
f 8800 8795 8791
f 8800 8791 8797
f 8802 873 8803
f 8803 873 8787
f 8803 8787 8804
f 8804 8787 8805
f 8807 8806 8783
f 8805 8807 8808
f 8805 8808 8804
f 8803 8804 8802
f 8781 8801 852
f 8781 852 851
f 866 852 8801
f 8801 8781 8782
f 8809 866 8801
f 8810 8801 8782
f 869 866 8809
f 8809 8801 8810
f 8810 8782 8780
f 8788 869 8811
f 8811 869 8809
f 8806 8809 8810
f 8783 8810 8780
f 873 872 8787
f 8787 872 8788
f 8811 8809 8806
f 8806 8810 8783
f 8806 8805 8811
f 8811 8805 8788
f 8788 8805 8787
f 877 873 8802
f 8806 8807 8805
f 877 8802 875
f 8812 875 8802
f 8812 8802 8813
f 8813 8802 8814
f 8814 8802 8804
f 8814 8804 8808
f 8789 8807 8783
f 8789 8783 846
f 8786 879 875
f 8786 875 8812
f 8813 8814 8808
f 8815 8808 8807
f 8815 8807 8789
f 881 879 8786
f 8816 8813 8808
f 8789 8808 8815
f 856 881 8786
f 8817 8786 8812
f 8817 8812 8818
f 8818 8812 8813
f 8818 8813 8819
f 8819 8813 8816
f 8819 8816 8820
f 8820 8816 8808
f 8820 8808 8789
f 8785 856 8821
f 8821 856 8786
f 8821 8786 8817
f 8821 8817 8822
f 8822 8817 8818
f 8822 8818 8819
f 854 857 8784
f 8784 857 8785
f 8784 8785 8821
f 8819 8820 8789
f 8823 8784 8821
f 8790 8819 8789
f 891 8784 8798
f 8798 8784 8796
f 8796 8784 8823
f 8796 8823 8795
f 8795 8823 8821
f 8795 8821 8791
f 8791 8821 8822
f 8791 8822 8819
f 8791 8819 8790
f 3868 7889 3869
f 3875 847 849
f 3869 7889 3870
f 8824 3870 7889
f 8799 3874 3870
f 8799 3870 8798
f 8798 3870 8824
f 8798 8824 891
f 891 8824 7889
f 8797 3875 8800
f 8800 3875 3874
f 8800 3874 8799
f 846 850 8794
f 8794 850 847
f 8794 847 8797
f 8797 847 3875
f 5019 5018 5020
f 5020 5018 8826
f 7916 7917 5015
f 7916 5015 7917
f 7917 5015 5002
f 7917 5016 5015
f 5017 5016 8825
f 8825 5016 7917
f 8826 5018 8827
f 8827 5018 5017
f 8827 5017 8825
f 4329 4328 8828
f 8828 4328 5020
f 8828 5020 8829
f 8829 5020 8826
f 8829 8826 8830
f 8830 8826 8827
f 8830 8827 8825
f 8831 8830 8825
f 4330 4329 8828
f 8830 8829 8831
f 8831 8829 8830
f 8831 8825 8832
f 8832 8825 7917
f 8832 7917 8833
f 8833 7917 7916
f 4326 4330 8828
f 4326 8828 8834
f 8834 8828 8829
f 8834 8829 8830
f 4367 8832 8833
f 4367 8833 7916
f 4367 7916 7919
f 8835 4367 4363
f 8835 4363 8836
f 8836 4363 4336
f 8836 4336 8837
f 8837 4336 8838
f 4336 4338 8838
f 4338 4341 8839
f 8839 4341 4343
f 4343 4360 8840
f 8840 4360 4357
f 4360 4358 4357
f 4357 4354 8841
f 8841 4354 8842
f 8842 4354 8843
f 4354 4349 8843
f 8844 4349 8845
f 4349 4346 8845
f 4333 8846 4334
f 4334 8846 8847
f 4334 8847 4346
f 4346 8847 8845
f 8844 8845 4349
f 4349 8845 8848
f 4349 8848 8843
f 8843 8848 8842
f 8842 8848 8843
f 8842 8843 8841
f 4357 8841 8840
f 8840 8849 4343
f 4343 8849 8850
f 4343 8850 8839
f 8839 8851 4338
f 4338 8851 8852
f 4338 8852 8838
f 8838 8852 8853
f 8838 8853 8837
f 8837 8853 8836
f 8836 8853 8854
f 8836 8854 8835
f 8835 8854 8832
f 8835 8832 4367
f 8847 8846 8855
f 8847 8855 8845
f 8845 8855 8856
f 8845 8856 8857
f 8845 8857 8848
f 8843 8848 8858
f 8843 8858 8841
f 8841 8858 8859
f 8841 8859 8860
f 8841 8860 8840
f 8840 8860 8849
f 8839 8850 8851
f 8851 8850 8861
f 8851 8861 8852
f 8846 8862 8855
f 8855 8862 8863
f 8855 8863 8856
f 8856 8863 8864
f 8856 8864 8857
f 8857 8864 8848
f 8859 8858 8860
f 8849 8860 8865
f 8849 8865 8850
f 8861 8866 8852
f 8852 8866 8853
f 8853 8866 8867
f 8853 8867 8854
f 8854 8867 8868
f 8854 8868 8832
f 8832 8868 8831
f 8864 8869 8848
f 8848 8869 8858
f 8858 8870 8860
f 8850 8865 8871
f 8850 8871 8861
f 8861 8871 8866
f 8866 8871 8872
f 8862 8873 8863
f 8863 8873 8874
f 8863 8874 8864
f 8864 8874 8869
f 8858 8869 8875
f 8858 8875 8876
f 8858 8876 8870
f 8870 8876 8860
f 8860 8876 8877
f 8860 8877 8865
f 8865 8877 8871
f 8866 8872 8878
f 8866 8878 8867
f 8867 8878 8868
f 8868 8878 8834
f 8868 8834 8831
f 8831 8834 8830
f 8869 8874 8879
f 8869 8879 8875
f 8875 8879 8876
f 8872 8871 8880
f 8872 8880 8878
f 8874 8873 8881
f 8874 8881 8879
f 8879 8881 8876
f 8876 8881 4332
f 8877 4331 8871
f 8871 4331 8880
f 8880 4331 8878
f 8878 4331 8834
f 8834 4331 4326
f 8873 4327 8881
f 8876 4332 4331
f 8876 4331 8877
f 8881 4327 4330
f 8881 4330 4332
f 8882 5021 4329
f 4329 5021 4328
f 5023 5022 8882
f 8882 5022 5021
f 5025 5024 5023
f 4968 4333 7906
f 7906 4333 4968
f 7906 4968 5025
f 8846 7906 5025
f 8883 5025 5023
f 8883 5023 8882
f 4333 7906 8846
f 8862 8846 5025
f 8862 5025 8883
f 8862 8883 8882
f 8873 8862 8882
f 8873 8882 4327
f 4327 8882 4329
f 4314 7934 4317
f 8884 4314 8885
f 4314 4311 8885
f 8885 4311 8886
f 4311 4306 8886
f 8886 4306 8887
f 4306 4301 8887
f 8887 4301 8888
f 8888 4301 8889
f 4301 4299 8889
f 4299 4276 8889
f 4276 4278 8890
f 8890 4278 4295
f 4295 4294 8891
f 8891 4294 4292
f 4292 4288 8892
f 8892 4288 8893
f 4288 4280 8893
f 4280 4283 8893
f 8893 4283 4285
f 4318 8894 4285
f 4285 8894 8895
f 4285 8895 8896
f 4285 8896 8893
f 8892 8893 8897
f 8892 8897 4292
f 8891 4292 8898
f 8891 8898 4295
f 4295 8898 8891
f 4295 8891 8899
f 4295 8899 8890
f 4276 8890 8900
f 4276 8900 8889
f 8888 8901 8887
f 8887 8901 8886
f 8886 8901 8902
f 8886 8902 8885
f 8885 8902 8903
f 8885 8903 8884
f 8884 8903 8904
f 8884 8904 4314
f 4314 8904 7934
f 8896 8895 8893
f 8893 8895 8905
f 8893 8905 8906
f 8893 8906 8897
f 4292 8897 8907
f 4292 8907 8898
f 8891 8898 8908
f 8891 8908 8899
f 8899 8908 8890
f 8889 8900 8888
f 8888 8900 8909
f 8888 8909 8901
f 7934 8904 8910
f 8894 8911 8895
f 8895 8911 8912
f 8895 8912 8905
f 8905 8912 8913
f 8905 8913 8906
f 8906 8913 8897
f 8897 8913 8906
f 8897 8906 8907
f 8898 8907 8908
f 8890 8908 8914
f 8890 8914 8900
f 8900 8914 8909
f 8909 8915 8901
f 8901 8915 8902
f 8902 8915 8916
f 8902 8916 8903
f 8903 8916 8917
f 8903 8917 8904
f 8904 8917 8918
f 8904 8918 8910
f 8913 8919 8906
f 8906 8919 8907
f 8907 8919 8920
f 8907 8921 8908
f 8914 8922 8909
f 8909 8922 8915
f 8915 8922 8923
f 8911 8925 8912
f 8912 8925 8926
f 8912 8926 8913
f 8913 8926 8919
f 8920 8919 8907
f 8907 8919 8927
f 8907 8927 8921
f 8921 8927 8908
f 8908 8927 8928
f 8908 8928 8914
f 8914 8928 8922
f 8915 8923 8929
f 8915 8929 8916
f 8916 8929 8917
f 8917 8929 8930
f 8917 8930 8918
f 8918 8930 8924
f 8919 8926 8931
f 8919 8931 8927
f 8922 8928 8923
f 8923 8928 8932
f 8923 8932 8929
f 8924 8930 8933
f 8925 4273 8926
f 8926 4273 8934
f 8926 8934 8931
f 8931 8934 8927
f 8927 8934 8935
f 8928 8927 4275
f 8928 4275 8932
f 8932 4275 8929
f 8929 4275 8930
f 8930 4275 4274
f 8930 4274 8933
f 8927 8935 4275
f 8934 4273 4274
f 8934 4274 4275
f 8934 4275 8935
f 2 3 8939
f 8936 2 8940
f 8936 8937 4273
f 4967 7933 4969
f 4969 7933 8938
f 4970 4969 8938
f 3 4971 8939
f 8939 4971 8941
f 8941 4971 4970
f 8941 4970 8942
f 8942 4970 8938
f 8942 8938 7934
f 7934 8938 7933
f 8940 2 8939
f 8937 8936 8940
f 8937 8940 8939
f 8937 8939 8941
f 8933 8937 8941
f 8933 8941 8924
f 8924 8941 8910
f 8910 8941 8942
f 4274 4273 8937
f 4274 8937 8933
f 8933 8937 8924
f 8924 8937 8933
f 8918 8924 8910
f 8910 8942 7934
f 3 2 4972
f 4972 2 4973
f 8943 4974 4973
f 4977 4974 4975
f 4975 4974 8943
f 4980 4979 4975
f 4980 4975 8944
f 8944 4975 8943
f 7921 4980 8944
f 8945 8944 8943
f 8945 8943 4973
f 8946 8945 4973
f 8946 4973 2
f 8936 8946 2
f 4318 7921 8894
f 8894 7921 8944
f 8894 8944 8911
f 8911 8944 8945
f 8911 8945 8925
f 8925 8945 8946
f 8925 8946 4273
f 4273 8946 8936
f 4227 4258 8949
f 4246 4249 8952
f 4244 4243 8953
f 4240 4238 8954
f 4238 4230 8956
f 4221 8957 4223
f 8957 4221 4222
f 8959 8958 8957
f 8960 8959 8961
f 8961 8959 8957
f 8961 8957 4222
f 8963 8962 8960
f 8963 8960 8964
f 8964 8960 8961
f 8964 8961 8965
f 8965 8961 4222
f 7946 8962 8963
f 7946 8963 8966
f 8967 8964 8965
f 8967 8965 8968
f 8968 8965 4222
f 4232 4267 8969
f 8970 4232 8969
f 4230 4232 8970
f 8956 4230 8972
f 8972 4230 8970
f 8970 8969 8971
f 8955 4238 8956
f 8973 8970 8971
f 8955 8956 8972
f 8975 8972 8970
f 8975 8970 8973
f 8973 8971 8974
f 8954 4238 8955
f 8954 8955 8976
f 8976 8955 8972
f 8976 8972 8975
f 8977 8973 8974
f 4240 8954 8976
f 8975 8973 8977
f 8953 4243 4240
f 8953 4240 8978
f 8978 4240 8976
f 8976 8975 8979
f 8979 8975 8977
f 8977 8974 4220
f 8953 8978 8980
f 8980 8978 8976
f 8980 8976 8979
f 4224 8977 4220
f 4249 4244 8952
f 8952 4244 8953
f 8978 8953 8980
f 8979 8977 4224
f 8951 4246 8952
f 8951 8952 8953
f 8951 8953 8981
f 8981 8953 8978
f 8981 8978 8982
f 8982 8978 8980
f 8982 8980 8983
f 8983 8980 8979
f 8983 8979 8984
f 8984 8979 4224
f 4254 4246 8985
f 8985 4246 8951
f 8985 8951 8981
f 8986 8985 8981
f 8981 8982 8983
f 4252 4254 8987
f 8987 4254 8985
f 8987 8985 8986
f 8986 8981 8988
f 8988 8981 8983
f 4258 4255 8950
f 8950 4255 4252
f 8950 4252 8989
f 8989 4252 8987
f 8987 8986 8990
f 8990 8986 8988
f 8983 8984 4224
f 8949 4258 8950
f 8950 8989 8991
f 8991 8989 8987
f 8991 8987 8990
f 8957 8988 8983
f 8957 8983 4224
f 8948 4227 8949
f 8948 8949 8950
f 8950 8991 8992
f 8992 8991 8993
f 8993 8991 8990
f 4262 4227 8947
f 8947 4227 8948
f 8947 8948 8994
f 8994 8948 8950
f 8959 8992 8993
f 8959 8993 8958
f 8958 8993 8990
f 8958 8990 8957
f 8957 8990 8988
f 8962 8947 8994
f 8994 8950 8992
f 8959 8958 8957
f 4223 8957 4224
f 4266 4262 7946
f 7946 4262 8947
f 7946 8947 8962
f 8962 8994 8960
f 8960 8994 8992
f 8960 8992 8959
f 8958 8959 8957
f 8996 1 8997
f 4981 4988 4978
f 4978 4988 4976
f 7946 4976 4988
f 1 4984 8997
f 8997 4984 8998
f 8998 4984 4983
f 8998 4983 8999
f 8999 4983 4976
f 8999 4976 7946
f 8995 8996 8968
f 8968 8996 8997
f 8968 8997 8998
f 8968 4220 8995
f 8967 8968 8998
f 8967 8998 8999
f 4221 4220 4222
f 4222 4220 8968
f 8964 8967 8963
f 8963 8967 8999
f 8963 8999 8966
f 8966 8999 7946
f 4987 1 8996
f 4946 7940 4947
f 9000 7940 4946
f 4946 4944 4943
f 9000 4946 9001
f 9001 4946 4943
f 9001 4943 4985
f 4985 4943 4986
f 8996 4985 4987
f 9002 9000 9001
f 9002 9001 9003
f 9003 9001 4985
f 7938 7940 9000
f 9003 4985 8995
f 8995 4985 8996
f 8971 9002 9003
f 8971 9003 8974
f 8974 9003 4220
f 4220 9003 8995
f 4267 7938 8969
f 8969 7938 9000
f 8969 9000 9002
f 8969 9002 8971
f 4165 4953 4952
f 4951 4945 9004
f 4948 4949 4945
f 4945 4949 9004
f 4166 4165 9005
f 9005 4165 4952
f 9005 4952 9006
f 9006 4952 4951
f 9006 4951 9007
f 9007 4951 9004
f 9007 9004 4213
f 4213 9004 4949
f 4164 4166 9005
f 9008 4164 9005
f 9008 9005 9009
f 9009 9005 9006
f 4211 4208 9010
f 4183 4178 4179
f 4167 9015 9016
f 9016 9015 4167
f 9008 9016 4167
f 9008 4167 4164
f 9020 9019 9018
f 9020 9018 9021
f 9021 9018 9017
f 9021 9017 9009
f 9009 9017 9016
f 9009 9016 9008
f 9010 9020 9022
f 4213 9010 9022
f 4213 9022 9007
f 9007 9022 9020
f 9007 9020 9021
f 9007 9021 9006
f 9006 9021 9009
f 4164 4167 9024
f 9025 9024 9026
f 9029 9028 4185
f 9033 9034 9030
f 9035 9023 9036
f 9036 9023 4215
f 9036 4215 4219
f 4174 4215 9023
f 9014 4174 9023
f 9037 9023 9035
f 9014 9023 9037
f 9037 9035 9038
f 4181 4174 9039
f 9039 4174 9014
f 9039 9014 9037
f 9040 9037 9038
f 4179 4181 9041
f 9041 4181 9039
f 9040 9038 9042
f 4179 9041 9039
f 9039 9037 9040
f 9025 9040 9042
f 9025 9042 9043
f 4185 4183 4179
f 4185 4179 9028
f 9028 4179 9027
f 9027 4179 9039
f 9027 9039 9026
f 9026 9039 9040
f 9024 9025 9043
f 9024 9043 4164
f 9040 9025 9026
f 9028 9029 4185
f 4190 4188 9030
f 9030 4188 4185
f 9024 9031 9026
f 9026 9031 9032
f 9026 9032 9027
f 9027 9032 9033
f 9027 9033 9028
f 9028 9033 4185
f 4185 9033 9030
f 4168 4190 9013
f 9013 4190 9044
f 9044 4190 9030
f 9044 9030 9045
f 9045 9030 9034
f 9045 9034 9033
f 9033 9032 9031
f 9013 9044 9045
f 9046 9045 9033
f 9046 9033 9032
f 9032 9033 9031
f 9047 9031 9024
f 9047 9024 4167
f 9012 4168 9013
f 9046 9032 9047
f 9047 9032 9031
f 4197 4168 9012
f 4197 9012 9048
f 9048 9012 9013
f 9048 9013 9045
f 9049 4197 9048
f 9050 9048 9045
f 9050 9045 9046
f 9050 9046 9051
f 9051 9046 9047
f 4202 4199 9011
f 9011 4199 4197
f 9049 9048 9052
f 9052 9048 9050
f 9052 9050 9053
f 9053 9050 9051
f 9011 4197 9049
f 9053 9051 9047
f 4208 4202 9010
f 9010 4202 9011
f 9019 9011 9049
f 9053 9047 4167
f 9010 9011 9019
f 9019 9049 9017
f 9017 9049 9052
f 9016 9053 4167
f 4213 4211 9010
f 9020 9010 9019
f 9018 9019 9017
f 9017 9052 9016
f 9016 9052 9053
f 4165 9054 4954
f 9055 4954 9054
f 4957 4955 9056
f 4958 7951 4926
f 4957 7951 4958
f 9057 7951 4957
f 4955 4957 4956
f 9056 4955 4954
f 4219 7951 9036
f 9055 9056 4954
f 9036 7951 9035
f 9035 7951 9057
f 9035 9057 9058
f 9058 9057 4957
f 9058 4957 9056
f 4166 9054 4165
f 9038 9058 9056
f 4166 9055 9054
f 9035 9058 9038
f 9038 9056 9042
f 9042 9056 9055
f 9042 9055 9043
f 9043 9055 4164
f 4164 9055 4166
f 4118 4930 9059
f 4118 9059 4120
f 4160 4931 4925
f 9060 4932 9061
f 9061 4932 4931
f 9061 4931 4160
f 9059 4930 9060
f 9060 4930 4932
f 4119 4120 9062
f 9062 4120 9059
f 4152 4149 4121
f 9063 4121 4124
f 9063 4124 9064
f 4124 4123 9064
f 9065 4123 4147
f 9065 4147 4146
f 4146 4143 9066
f 4143 4142 9066
f 9066 4142 4137
f 9067 4137 4135
f 9067 4135 9068
f 4135 4132 9068
f 4162 9068 4132
f 4162 9069 9068
f 4137 9067 9070
f 4137 9070 9066
f 4146 9066 9071
f 4146 9071 9065
f 4123 9065 9072
f 4123 9072 9064
f 4121 9063 9073
f 4121 9073 4152
f 4152 9073 9074
f 4152 9074 4155
f 4155 9074 9075
f 4155 9075 4160
f 4160 9075 9061
f 9069 9076 9068
f 9068 9076 9077
f 9068 9077 9078
f 9068 9078 9067
f 9067 9078 9070
f 9066 9070 9079
f 9066 9079 9071
f 9071 9080 9065
f 9064 9072 9081
f 9064 9081 9063
f 9063 9081 9082
f 9063 9082 9073
f 9076 9083 9077
f 9077 9083 9084
f 9077 9084 9078
f 9078 9084 9070
f 9070 9085 9079
f 9079 9085 9071
f 9071 9085 9086
f 9071 9086 9080
f 9065 9080 9087
f 9065 9087 9072
f 9072 9087 9081
f 9073 9082 9074
f 9074 9082 9088
f 9074 9088 9075
f 9075 9088 9089
f 9075 9089 9061
f 9061 9089 9060
f 9070 9084 9090
f 9070 9090 9085
f 9086 9085 9091
f 9086 9091 9080
f 9080 9091 9092
f 9080 9092 9087
f 9087 9092 9093
f 9087 9093 9081
f 9081 9093 9082
f 9083 9094 9084
f 9084 9094 9090
f 9085 9090 9091
f 9092 9091 9095
f 9092 9095 9093
f 9082 9093 9096
f 9082 9096 9088
f 9088 9096 9062
f 9088 9062 9089
f 9089 9062 9060
f 9060 9062 9059
f 9090 9097 9091
f 9091 9097 9098
f 9093 9095 9099
f 9093 9099 9100
f 9093 9100 9096
f 9094 9101 9090
f 9090 9101 9097
f 9091 9098 9095
f 9095 9098 9099
f 9100 9099 9096
f 9096 9099 9062
f 9097 9101 9102
f 9097 9102 9098
f 9099 4119 9062
f 9101 4119 9102
f 9102 4119 9098
f 9098 4119 9099
f 4116 4933 4117
f 4937 7969 4929
f 7969 4937 4936
f 9103 7969 4936
f 4162 7969 9069
f 9069 7969 9103
f 9069 9103 9076
f 9076 9103 4936
f 9076 4936 4934
f 9083 9076 4934
f 9083 4934 9094
f 9094 4934 4933
f 9094 4933 9101
f 9101 4933 4116
f 9101 4116 4119
f 4119 4116 4120
f 5006 5005 4377
f 5003 7905 7904
f 7904 4413 5003
f 5003 4413 9104
f 5004 5003 9104
f 9105 5004 9104
f 9106 5005 9105
f 9105 5005 5004
f 4376 4377 9106
f 9106 4377 5005
f 4403 4404 9110
f 4378 9111 4380
f 9115 9112 9116
f 9116 9112 9117
f 9117 9112 9111
f 9117 9111 4378
f 9118 9115 9116
f 9118 9116 9117
f 9104 9107 9118
f 9104 9118 9105
f 9105 9118 9117
f 9105 9117 9106
f 9106 9117 4378
f 9106 4378 4376
f 4399 9119 9120
f 9122 9121 9123
f 9122 9123 9124
f 9124 9123 9125
f 9124 9125 9126
f 9126 9125 9127
f 9126 9127 9113
f 9124 9122 9121
f 9121 9122 9128
f 9121 9128 9129
f 9120 9119 4396
f 4399 4394 9119
f 9119 4394 4396
f 9110 4404 4399
f 9130 4399 9120
f 9130 9120 9131
f 9131 9120 9132
f 4403 9110 9125
f 9125 9110 4399
f 9125 4399 9127
f 9127 4399 9130
f 9127 9130 9131
f 9123 4403 9125
f 9131 9132 9114
f 9114 9113 9131
f 9131 9113 9127
f 9123 9121 4403
f 4403 9121 4409
f 9121 4407 4409
f 4391 4407 9129
f 9129 4407 9121
f 9121 9122 9124
f 9113 9114 4379
f 4389 4391 4386
f 4386 4391 9129
f 9128 9122 9133
f 9133 9122 9124
f 9133 9124 9126
f 9133 9126 9134
f 9134 9126 9113
f 9134 9113 4379
f 9135 4386 9129
f 9135 9129 9128
f 9135 9128 9136
f 9136 9128 9133
f 9137 9133 9134
f 9138 9135 9136
f 9133 9137 9134
f 4383 4386 9109
f 9138 9136 9133
f 9139 9133 9134
f 9108 4383 9109
f 9108 9109 4386
f 9108 4386 9140
f 9140 4386 9135
f 9138 9133 9111
f 9111 9133 9139
f 4381 4383 9107
f 9107 4383 9108
f 9115 9108 9140
f 9115 9140 9135
f 9115 9135 9112
f 9112 9135 9138
f 9139 9134 4379
f 4413 4381 9104
f 9104 4381 9107
f 9107 9108 9118
f 9118 9108 9115
f 9116 9115 9112
f 9112 9138 9111
f 9111 9139 4380
f 4380 9139 4379
f 9115 9116 9112
f 4396 7901 5012
f 5007 4375 5008
f 5010 9141 5012
f 5010 5012 5011
f 9141 5010 9142
f 9142 5010 5009
f 9142 5009 5008
f 9132 9141 9142
f 9142 5008 4375
f 9143 4396 5012
f 9143 5012 9120
f 9120 5012 9141
f 9132 9142 9114
f 9114 9142 4375
f 9114 4375 4374
f 4396 9143 9120
f 9120 9141 9132
f 4379 9114 4374
f 3944 3945 599
f 9144 609 7820
f 9144 7820 3947
f 3947 7820 7821
f 3947 3946 9144
f 9146 9144 3946
f 9146 3946 9145
f 9145 3946 3944
f 9145 3944 604
f 604 3944 599
f 631 628 9149
f 621 619 9150
f 601 9153 605
f 605 9153 9152
f 9154 9152 9153
f 9155 9145 604
f 9156 9154 9153
f 9156 9153 9157
f 9158 9156 9157
f 9157 9153 601
f 9159 9158 9160
f 9160 9158 9157
f 9161 9159 9160
f 9162 9157 601
f 9161 9160 9163
f 9163 9160 9157
f 9163 9157 9162
f 9165 621 9166
f 9166 9167 9168
f 9168 9169 9155
f 602 9155 604
f 9170 9155 9171
f 9170 9171 9166
f 9166 9171 9172
f 619 616 9164
f 9164 616 9144
f 9144 616 609
f 9151 619 9164
f 9150 619 9151
f 9164 9144 9146
f 621 9150 9151
f 9169 9151 9164
f 9169 9164 9146
f 621 9151 9168
f 9168 9151 9169
f 9169 9146 9155
f 9155 9146 9145
f 9168 9167 621
f 621 9167 9166
f 628 627 9165
f 9165 627 621
f 621 627 625
f 9166 9168 9170
f 9170 9168 9155
f 9149 628 9165
f 9149 9165 9173
f 9173 9165 9166
f 9173 9166 9172
f 9171 9155 602
f 606 631 9149
f 9174 9173 9172
f 9175 9171 602
f 9175 9172 9171
f 633 606 9148
f 9148 606 9176
f 9176 606 9149
f 9176 9149 9177
f 9177 9149 9173
f 9177 9173 9178
f 9178 9173 9174
f 9178 9174 9172
f 9178 9172 9175
f 635 633 9148
f 635 9148 9179
f 9179 9148 9176
f 9176 9177 9180
f 9180 9177 9178
f 9179 9176 9180
f 613 611 9147
f 9147 611 635
f 9158 635 9179
f 9152 9178 9175
f 613 9147 9161
f 9161 9147 635
f 9161 635 9159
f 9159 635 9158
f 9158 9179 9156
f 9156 9179 9180
f 9156 9180 9178
f 9156 9178 9154
f 9154 9178 9152
f 9152 9175 605
f 605 9175 602
f 3939 3940 3941
f 3941 3940 9182
f 9183 3938 3942
f 9183 3942 9182
f 9182 3942 3941
f 600 3943 3938
f 9183 3938 9163
f 9163 3938 9183
f 9163 9183 9182
f 9183 600 3938
f 603 600 9162
f 9162 600 9183
f 9162 9183 9163
f 9161 9182 9181
f 9181 9182 3940
f 9181 3940 613
f 613 3940 7812
f 601 603 9162
f 9161 9163 9182
f 613 9161 9181
f 134 65 66
f 134 66 535
f 535 66 532
f 66 65 9184
f 66 9184 532
f 134 66 65
f 134 535 133
f 491 133 535
f 491 9185 133
f 133 9185 9186
f 133 9186 440
f 137 133 440
f 63 62 530
f 9184 530 532
f 63 530 9184
f 9184 65 63
f 9185 491 9187
f 9185 9187 9186
f 9186 9187 440
f 495 9187 491
f 9187 495 494
f 435 440 9187
f 440 435 438
f 496 499 501
f 3832 3831 3824
f 3824 9188 3832
f 3817 3822 9189
f 510 508 512
f 9189 3822 3820
f 505 506 508
f 3812 3808 3806
f 3820 3818 3813
f 3820 3813 505
f 9195 9192 3820
f 508 3820 505
f 496 9194 435
f 519 9190 518
f 518 9190 9188
f 9192 9195 510
f 510 9195 3820
f 510 3820 508
f 518 9188 516
f 516 9188 9191
f 516 9191 514
f 514 9191 9192
f 514 9192 510
f 502 505 501
f 501 9194 496
f 3802 3805 435
f 3813 3812 3806
f 3803 3802 9196
f 9196 3802 435
f 9188 3824 3823
f 9188 3823 9191
f 9191 3823 3817
f 9191 3817 9192
f 9192 3817 9189
f 505 3813 3806
f 9194 3803 9196
f 9194 9196 435
f 9190 3832 9188
f 9192 9189 3820
f 505 3806 9193
f 9187 496 435
f 3803 9194 501
f 3803 501 9193
f 3803 9193 3806
f 519 3832 9190
f 505 9193 501
f 496 9187 494
f 62 3703 3704
f 3660 3662 9197
f 62 3704 9198
f 3689 3707 3832
f 9197 3662 3706
f 9198 3704 3660
f 9199 9197 3706
f 9200 3689 3832
f 9198 3660 525
f 525 3660 9197
f 525 9197 9199
f 9201 62 9198
f 3706 3689 9200
f 530 62 9201
f 3706 9200 520
f 526 530 9201
f 520 9200 3832
f 526 9201 9198
f 525 9199 3706
f 520 3832 519
f 526 9198 9201
f 525 3706 522
f 526 9201 9198
f 526 9198 524
f 524 9198 525
f 522 3706 489
f 489 3706 520
f 526 524 528
f 528 524 525
f 528 525 524
f 481 480 474
f 436 3801 3804
f 466 470 472
f 466 9202 9205
f 9206 466 9205
f 9206 9205 464
f 480 436 474
f 472 9204 466
f 466 9206 464
f 474 9203 472
f 3807 3811 9202
f 9202 3811 3810
f 462 464 9207
f 9207 464 9208
f 9208 464 9205
f 3810 3819 9205
f 9205 3819 3821
f 462 9207 9209
f 9209 9207 9208
f 460 462 9210
f 9210 462 9209
f 457 460 458
f 458 460 9210
f 458 9210 9211
f 452 458 9211
f 452 9211 3800
f 9205 3821 3819
f 3819 3821 3816
f 9212 3815 3825
f 9212 3825 9211
f 9211 3825 3800
f 436 3804 9203
f 3809 3807 466
f 466 3807 9202
f 3819 3816 9209
f 9209 3816 3814
f 9209 3814 9210
f 9210 3814 3815
f 9210 3815 9212
f 3804 3809 9213
f 9203 3804 9213
f 9203 9213 472
f 472 9213 3809
f 472 3809 9204
f 9204 3809 466
f 466 9202 3810
f 466 3810 9202
f 9202 3810 9205
f 9205 3819 9209
f 9212 9211 9210
f 9209 9208 9205
f 9203 474 436
f 979 981 9214
f 453 452 3800
f 453 3800 9215
f 9215 3800 960
f 960 3800 956
f 453 9215 960
f 978 453 960
f 978 979 960
f 978 960 979
f 449 453 978
f 446 449 978
f 446 978 9216
f 9216 978 9214
f 9214 978 979
f 447 446 9216
f 447 9216 980
f 980 9216 9214
f 980 9214 981
f 980 983 9217
f 980 9217 447
f 9217 983 982
f 447 9217 9218
f 447 9218 448
f 448 9218 443
f 448 443 444
f 443 9218 9217
f 443 9217 9218
f 9218 9217 61
f 61 9217 982
f 9218 61 60
f 9218 60 443
f 439 437 436
f 477 483 480
f 483 9219 480
f 480 9219 9220
f 480 9220 439
f 436 480 439
f 107 9219 483
f 9220 9219 107
f 107 439 9220
f 439 107 108
f 106 107 485
f 485 107 483
f 485 487 9221
f 485 9221 106
f 106 9221 59
f 106 59 57
f 9221 60 59
f 59 60 54
f 487 443 9221
f 9221 443 60
f 479 476 478
f 465 467 468
f 456 454 455
f 89 450 451
f 9222 445 98
f 488 484 486
f 441 486 442
f 442 486 441
f 9222 98 445
f 456 455 96
f 463 461 468
f 465 468 9223
f 482 473 479
f 476 479 9224
f 484 86 486
f 445 98 9225
f 445 9225 451
f 451 9225 89
f 456 96 459
f 461 99 468
f 9223 468 465
f 476 9224 484
f 484 9224 86
f 442 441 98
f 9225 98 89
f 450 89 455
f 459 96 100
f 459 100 461
f 461 100 99
f 465 468 471
f 469 471 475
f 473 475 479
f 98 90 89
f 475 471 9226
f 475 94 479
f 441 486 9227
f 441 9227 98
f 455 89 9228
f 455 9228 96
f 468 97 471
f 471 97 84
f 479 94 93
f 9227 486 91
f 9227 91 98
f 84 97 471
f 96 9228 83
f 468 99 97
f 97 84 471
f 471 84 9226
f 9226 84 95
f 9226 95 475
f 475 95 94
f 479 93 9224
f 486 86 91
f 9228 89 83
f 9224 93 92
f 86 85 91
f 98 91 87
f 89 88 83
f 99 101 97
f 9224 92 86
f 125 126 113
f 122 9229 123
f 128 123 111
f 112 111 117
f 120 119 9230
f 113 126 9231
f 111 123 531
f 111 9232 117
f 114 503 115
f 115 503 9233
f 115 9233 127
f 127 9233 498
f 122 116 493
f 122 493 9229
f 114 113 503
f 9233 503 498
f 111 531 9232
f 118 117 119
f 120 9230 9234
f 120 9234 121
f 127 498 116
f 531 529 9232
f 113 9231 9235
f 113 9235 503
f 116 498 493
f 9232 529 117
f 9230 119 9234
f 126 511 9231
f 9235 9231 504
f 9235 504 503
f 9234 119 490
f 121 515 124
f 124 515 513
f 124 513 126
f 126 513 511
f 503 500 498
f 493 498 497
f 9229 492 123
f 123 492 534
f 123 534 531
f 529 527 117
f 117 9236 119
f 119 9236 521
f 9231 511 509
f 9229 493 492
f 531 534 533
f 9236 117 521
f 119 521 523
f 119 523 490
f 121 9234 515
f 9231 509 507
f 9231 507 504
f 9234 490 517
f 9234 517 515
