# Staunton pawn, MIT license, source: github.com/clarkerubber/Staunton-Pieces
o pawn
v 0.152735 0.000000 -0.152735
v -0.131492 0.000000 0.171364
v 0.131492 0.000000 -0.171364
v -0.152735 0.000000 0.152735
v -0.171364 0.000000 0.131492
v -0.187061 0.000000 0.108000
v -0.199558 0.000000 0.082660
v -0.055905 0.000000 0.208640
v -0.082660 0.000000 0.199558
v 0.208640 0.000000 0.055905
v -0.208640 0.000000 0.055905
v -0.214152 0.000000 0.028194
v -0.216000 0.000000 0.000000
v -0.214152 0.000000 -0.028194
v -0.208640 0.000000 -0.055905
v -0.199558 0.000000 -0.082660
v 0.171364 0.000000 -0.131492
v 0.187061 0.000000 -0.108000
v 0.199558 0.000000 -0.082660
v 0.208640 0.000000 -0.055905
v 0.214152 0.000000 -0.028194
v 0.216000 0.000000 0.000000
v 0.199558 0.000000 0.082660
v 0.187061 0.000000 0.108000
v 0.000000 0.000000 0.216000
v 0.171364 0.000000 0.131492
v 0.214152 0.000000 0.028194
v -0.108000 0.000000 0.187061
v -0.187061 0.000000 -0.108000
v -0.171364 0.000000 -0.131492
v -0.152735 0.000000 -0.152735
v -0.131492 0.000000 -0.171364
v -0.108000 0.000000 -0.187061
v -0.082660 0.000000 -0.199558
v -0.028194 0.000000 0.214152
v 0.000000 0.000000 -0.216000
v 0.028194 0.000000 -0.214152
v -0.028194 0.000000 -0.214152
v 0.055905 0.000000 -0.208640
v 0.082660 0.000000 -0.199558
v -0.055905 0.000000 -0.208640
v 0.108000 0.000000 -0.187061
v 0.152735 0.000000 0.152735
v 0.131492 0.000000 0.171364
v 0.108000 0.000000 0.187061
v 0.082660 0.000000 0.199558
v 0.055905 0.000000 0.208640
v 0.028194 0.000000 0.214152
v 0.028194 0.054000 -0.214152
v 0.000000 0.054000 -0.216000
v -0.028194 0.054000 -0.214152
v -0.055905 0.054000 -0.208640
v -0.082660 0.054000 -0.199558
v -0.108000 0.054000 -0.187061
v -0.131492 0.054000 -0.171364
v -0.152735 0.054000 -0.152735
v -0.171364 0.054000 -0.131492
v -0.187061 0.054000 -0.108000
v -0.199558 0.054000 -0.082660
v -0.208640 0.054000 -0.055905
v -0.214152 0.054000 -0.028194
v -0.216000 0.054000 0.000000
v -0.214152 0.054000 0.028194
v -0.208640 0.054000 0.055905
v -0.199558 0.054000 0.082660
v -0.187061 0.054000 0.108000
v -0.171364 0.054000 0.131492
v -0.152735 0.054000 0.152735
v -0.131492 0.054000 0.171364
v -0.108000 0.054000 0.187061
v -0.082660 0.054000 0.199558
v -0.055905 0.054000 0.208640
v -0.028194 0.054000 0.214152
v 0.000000 0.054000 0.216000
v 0.028194 0.054000 0.214152
v 0.055905 0.054000 0.208640
v 0.082660 0.054000 0.199558
v 0.108000 0.054000 0.187061
v 0.131492 0.054000 0.171364
v 0.152735 0.054000 0.152735
v 0.171364 0.054000 0.131492
v 0.187061 0.054000 0.108000
v 0.199558 0.054000 0.082660
v 0.208640 0.054000 0.055905
v 0.214152 0.054000 0.028194
v 0.216000 0.054000 0.000000
v 0.214152 0.054000 -0.028194
v 0.208640 0.054000 -0.055905
v 0.199558 0.054000 -0.082660
v 0.187061 0.054000 -0.108000
v 0.171364 0.054000 -0.131492
v 0.152735 0.054000 -0.152735
v 0.131492 0.054000 -0.171364
v 0.108000 0.054000 -0.187061
v 0.082660 0.054000 -0.199558
v 0.055905 0.054000 -0.208640
v 0.119322 0.072000 -0.158007
v 0.190442 0.072000 -0.054185
v 0.191139 0.072000 -0.051219
v 0.158007 0.072000 0.119322
v 0.054185 0.072000 0.190442
v 0.051219 0.072000 0.191139
v -0.119322 0.072000 0.158007
v -0.190441 0.072000 0.054185
v -0.191139 0.072000 0.051219
v -0.158007 0.072000 -0.119322
v -0.036382 0.072000 -0.194629
v -0.051219 0.072000 -0.191139
v -0.054185 0.072000 -0.190441
v -0.071526 0.072000 -0.184630
v -0.075707 0.072000 -0.182783
v -0.088256 0.072000 -0.177242
v -0.098909 0.072000 -0.171309
v -0.120494 0.072000 -0.157034
v -0.104234 0.072000 -0.168343
v -0.133392 0.072000 -0.146324
v -0.139858 0.072000 -0.139858
v -0.146324 0.072000 -0.133392
v -0.168343 0.072000 -0.104234
v -0.171309 0.072000 -0.098909
v -0.190441 0.072000 -0.054185
v -0.184630 0.072000 -0.071526
v -0.182783 0.072000 -0.075707
v -0.177242 0.072000 -0.088256
v -0.197155 0.072000 -0.018269
v -0.196103 0.072000 -0.025816
v -0.194629 0.072000 -0.036382
v -0.191139 0.072000 -0.051219
v -0.198000 0.072000 0.000000
v -0.197155 0.072000 0.018269
v -0.196103 0.072000 0.025816
v -0.194629 0.072000 0.036382
v -0.184630 0.072000 0.071526
v -0.182783 0.072000 0.075707
v -0.177242 0.072000 0.088256
v -0.171309 0.072000 0.098909
v -0.157034 0.072000 0.120494
v -0.168343 0.072000 0.104234
v -0.146324 0.072000 0.133392
v -0.139858 0.072000 0.139858
v -0.133392 0.072000 0.146324
v -0.104234 0.072000 0.168343
v -0.098909 0.072000 0.171309
v -0.054185 0.072000 0.190442
v -0.071526 0.072000 0.184630
v -0.075707 0.072000 0.182783
v -0.088256 0.072000 0.177242
v -0.018269 0.072000 0.197155
v -0.025816 0.072000 0.196103
v -0.036382 0.072000 0.194629
v -0.051219 0.072000 0.191139
v 0.000000 0.072000 0.198000
v 0.018269 0.072000 0.197155
v 0.025816 0.072000 0.196103
v 0.036382 0.072000 0.194629
v 0.071526 0.072000 0.184630
v 0.075707 0.072000 0.182783
v 0.088256 0.072000 0.177242
v 0.098909 0.072000 0.171309
v 0.120494 0.072000 0.157034
v 0.104234 0.072000 0.168343
v 0.133392 0.072000 0.146324
v 0.139858 0.072000 0.139858
v 0.146324 0.072000 0.133392
v 0.168343 0.072000 0.104234
v 0.171309 0.072000 0.098909
v 0.190442 0.072000 0.054185
v 0.184630 0.072000 0.071526
v 0.182783 0.072000 0.075707
v 0.177242 0.072000 0.088256
v 0.197155 0.072000 0.018269
v 0.196103 0.072000 0.025816
v 0.194629 0.072000 0.036382
v 0.191139 0.072000 0.051219
v 0.198000 0.072000 0.000000
v 0.197155 0.072000 -0.018269
v 0.196103 0.072000 -0.025816
v 0.194629 0.072000 -0.036382
v 0.184630 0.072000 -0.071526
v 0.182783 0.072000 -0.075707
v 0.177242 0.072000 -0.088256
v 0.171309 0.072000 -0.098909
v 0.157034 0.072000 -0.120494
v 0.168343 0.072000 -0.104234
v 0.146324 0.072000 -0.133392
v 0.139858 0.072000 -0.139858
v 0.133392 0.072000 -0.146324
v 0.104234 0.072000 -0.168343
v 0.098909 0.072000 -0.171309
v 0.051219 0.072000 -0.191139
v 0.054185 0.072000 -0.190441
v 0.071526 0.072000 -0.184630
v 0.075707 0.072000 -0.182783
v 0.088256 0.072000 -0.177242
v 0.036382 0.072000 -0.194629
v 0.025816 0.072000 -0.196103
v -0.025816 0.072000 -0.196103
v -0.018269 0.072000 -0.197155
v 0.000000 0.072000 -0.198000
v 0.018269 0.072000 -0.197155
v 0.066940 0.200532 -0.147523
v 0.072115 0.200532 -0.144834
v 0.077076 0.195618 -0.154789
v 0.082242 0.200532 -0.139572
v 0.085199 0.200532 -0.137610
v 0.091029 0.195618 -0.147017
v 0.096612 0.200532 -0.130039
v 0.097587 0.200532 -0.129231
v 0.104205 0.195618 -0.137990
v 0.141712 0.200532 -0.078497
v 0.144816 0.200532 -0.072112
v 0.154789 0.195618 -0.077076
v 0.149253 0.200532 -0.062990
v 0.150887 0.200532 -0.058458
v 0.161240 0.195618 -0.062465
v 0.155102 0.200532 -0.046768
v 0.155704 0.200532 -0.044306
v 0.166316 0.195618 -0.047321
v 0.159195 0.200532 -0.030017
v 0.169972 0.195618 -0.031773
v 0.157372 0.200532 0.038447
v 0.155615 0.200532 0.044273
v 0.166316 0.195618 0.047321
v 0.152393 0.200532 0.054957
v 0.150915 0.200532 0.058460
v 0.161240 0.195618 0.062465
v 0.145689 0.200532 0.070844
v 0.154789 0.195618 0.077076
v 0.103396 0.200532 0.124713
v 0.097493 0.200532 0.129098
v 0.104205 0.195618 0.137990
v 0.089554 0.200532 0.134997
v 0.085185 0.200532 0.137571
v 0.091029 0.195618 0.147017
v 0.074697 0.200532 0.143751
v 0.072158 0.200532 0.144903
v 0.077076 0.195618 0.154789
v 0.058994 0.200532 0.150876
v 0.062465 0.195618 0.161240
v -0.008622 0.200532 0.161770
v -0.014925 0.200532 0.161097
v -0.015955 0.195618 0.172179
v -0.025768 0.200532 0.159937
v -0.029732 0.200532 0.159080
v -0.031773 0.195618 0.169972
v -0.042623 0.200532 0.156292
v -0.047321 0.195618 0.166316
v -0.116066 0.200532 0.113016
v -0.119572 0.200532 0.109010
v -0.127787 0.195618 0.116493
v -0.127421 0.200532 0.100039
v -0.129170 0.200532 0.097550
v -0.137990 0.195618 0.104205
v -0.137333 0.200532 0.085928
v -0.147017 0.195618 0.091029
v -0.160567 0.200532 0.021502
v -0.161093 0.200532 0.014930
v -0.172179 0.195618 0.015955
v -0.161943 0.200532 0.004313
v -0.161828 0.200532 0.000005
v -0.172917 0.195618 0.000000
v -0.161484 0.200532 -0.012925
v -0.161214 0.200532 -0.014935
v -0.172179 0.195618 -0.015955
v -0.132565 0.200532 -0.093116
v -0.129121 0.200532 -0.097503
v -0.137990 0.195618 -0.104205
v -0.121916 0.200532 -0.106679
v -0.119618 0.200532 -0.109040
v -0.127787 0.195618 -0.116493
v -0.109887 0.200532 -0.119033
v -0.116493 0.195618 -0.127787
v -0.050880 0.200532 -0.153802
v -0.044276 0.200532 -0.155604
v -0.047321 0.195618 -0.166316
v -0.034244 0.200532 -0.158339
v -0.029739 0.200532 -0.159065
v -0.031773 0.195618 -0.169972
v -0.017220 0.200532 -0.161082
v -0.015955 0.195618 -0.172179
v 0.000000 0.081869 -0.204776
v 0.018894 0.081869 -0.203902
v 0.037627 0.081869 -0.201289
v 0.073974 0.081869 -0.190948
v 0.123405 0.081869 -0.163415
v 0.174104 0.081869 -0.107801
v 0.196959 0.081869 -0.056040
v 0.204776 0.081869 0.000000
v 0.203902 0.081869 0.018894
v 0.201289 0.081869 0.037627
v 0.190948 0.081869 0.073974
v 0.163415 0.081869 0.123405
v 0.137957 0.081869 0.151331
v 0.107801 0.081869 0.174104
v 0.056040 0.081869 0.196959
v 0.000000 0.081869 0.204776
v -0.018894 0.081869 0.203902
v -0.037627 0.081869 0.201289
v -0.073974 0.081869 0.190948
v -0.123405 0.081869 0.163415
v -0.151331 0.081869 0.137957
v -0.174104 0.081869 0.107801
v -0.196959 0.081869 0.056040
v -0.204776 0.081869 0.000000
v -0.203902 0.081869 -0.018894
v -0.201289 0.081869 -0.037627
v -0.190948 0.081869 -0.073974
v -0.163415 0.081869 -0.123405
v -0.137957 0.081869 -0.151331
v -0.107801 0.081869 -0.174104
v -0.056040 0.081869 -0.196959
v -0.018894 0.081869 -0.203902
v -0.037627 0.081869 -0.201289
v -0.073974 0.081869 -0.190948
v -0.091276 0.081869 -0.183308
v -0.123405 0.081869 -0.163415
v -0.151331 0.081869 -0.137957
v -0.174104 0.081869 -0.107801
v -0.183308 0.081869 -0.091276
v -0.196959 0.081869 -0.056040
v -0.203902 0.081869 0.018894
v -0.201289 0.081869 0.037627
v -0.190948 0.081869 0.073974
v -0.183308 0.081869 0.091277
v -0.163415 0.081869 0.123405
v -0.137957 0.081869 0.151331
v -0.107801 0.081869 0.174104
v -0.091276 0.081869 0.183308
v -0.056040 0.081869 0.196959
v 0.018894 0.081869 0.203902
v 0.037627 0.081869 0.201289
v 0.073974 0.081869 0.190948
v 0.091277 0.081869 0.183308
v 0.123405 0.081869 0.163415
v 0.151331 0.081869 0.137957
v 0.174104 0.081869 0.107801
v 0.183308 0.081869 0.091277
v 0.196959 0.081869 0.056040
v 0.203902 0.081869 -0.018894
v 0.201289 0.081869 -0.037627
v 0.190948 0.081869 -0.073974
v 0.183308 0.081869 -0.091276
v 0.163415 0.081869 -0.123405
v 0.151331 0.081869 -0.137957
v 0.137957 0.081869 -0.151331
v 0.107801 0.081869 -0.174104
v 0.091277 0.081869 -0.183308
v 0.056040 0.081869 -0.196959
v -0.019381 0.092618 -0.209150
v 0.000000 0.092618 -0.210046
v -0.019718 0.104019 -0.212788
v 0.000000 0.104019 -0.213699
v -0.019898 0.115829 -0.214737
v 0.000000 0.115829 -0.215657
v -0.019919 0.127799 -0.214958
v 0.000000 0.127799 -0.215878
v -0.019779 0.139673 -0.213444
v 0.000000 0.139673 -0.214359
v -0.019481 0.151201 -0.210229
v 0.000000 0.151201 -0.211130
v -0.019031 0.162138 -0.205381
v 0.000000 0.162138 -0.206261
v -0.018440 0.172251 -0.199002
v 0.000000 0.172251 -0.199854
v -0.017720 0.181326 -0.191227
v 0.000000 0.181326 -0.192047
v -0.016885 0.189170 -0.182223
v 0.000000 0.189170 -0.183003
v 0.000000 0.195618 -0.172917
v 0.000000 0.200532 -0.162000
v -0.038596 0.092618 -0.206470
v -0.039267 0.104019 -0.210061
v -0.039627 0.115829 -0.211985
v -0.039668 0.127799 -0.212203
v -0.039388 0.139673 -0.210709
v -0.038795 0.151201 -0.207535
v -0.037900 0.162138 -0.202749
v -0.036723 0.172251 -0.196451
v -0.035288 0.181326 -0.188777
v -0.033627 0.189170 -0.179887
v -0.057482 0.092618 -0.202028
v -0.058482 0.104019 -0.205541
v -0.059017 0.115829 -0.207424
v -0.059078 0.127799 -0.207637
v -0.058662 0.139673 -0.206176
v -0.057778 0.151201 -0.203070
v -0.056446 0.162138 -0.198387
v -0.054693 0.172251 -0.192225
v -0.052556 0.181326 -0.184715
v -0.050081 0.189170 -0.176017
v -0.075877 0.092618 -0.195862
v -0.077197 0.104019 -0.199269
v -0.077904 0.115829 -0.201094
v -0.077984 0.127799 -0.201301
v -0.077435 0.139673 -0.199883
v -0.076269 0.151201 -0.196873
v -0.074510 0.162138 -0.192332
v -0.072196 0.172251 -0.186358
v -0.069375 0.181326 -0.179078
v -0.066108 0.189170 -0.170646
v -0.062465 0.195618 -0.161240
v -0.058438 0.200532 -0.150847
v -0.077076 0.195618 -0.154789
v -0.072115 0.200532 -0.144834
v -0.066940 0.200532 -0.147523
v -0.093626 0.092618 -0.188026
v -0.095254 0.104019 -0.191296
v -0.096127 0.115829 -0.193048
v -0.096225 0.127799 -0.193246
v -0.095548 0.139673 -0.191886
v -0.094109 0.151201 -0.188996
v -0.091938 0.162138 -0.184637
v -0.089083 0.172251 -0.178902
v -0.085603 0.181326 -0.171913
v -0.081572 0.189170 -0.163818
v -0.091029 0.195618 -0.147017
v -0.085199 0.200532 -0.137610
v -0.082242 0.200532 -0.139572
v -0.110575 0.092618 -0.178585
v -0.112498 0.104019 -0.181691
v -0.113529 0.115829 -0.183355
v -0.113645 0.127799 -0.183544
v -0.112845 0.139673 -0.182251
v -0.111146 0.151201 -0.179506
v -0.108582 0.162138 -0.175366
v -0.105210 0.172251 -0.169919
v -0.101099 0.181326 -0.163281
v -0.096339 0.189170 -0.155593
v -0.104205 0.195618 -0.137990
v -0.097587 0.200532 -0.129231
v -0.096612 0.200532 -0.130039
v -0.126581 0.092618 -0.167621
v -0.128783 0.104019 -0.170536
v -0.129962 0.115829 -0.172098
v -0.130096 0.127799 -0.172275
v -0.129180 0.139673 -0.171062
v -0.127234 0.151201 -0.168485
v -0.124300 0.162138 -0.164599
v -0.120439 0.172251 -0.159487
v -0.115734 0.181326 -0.153256
v -0.110284 0.189170 -0.146040
v -0.141507 0.092618 -0.155226
v -0.143968 0.104019 -0.157926
v -0.145287 0.115829 -0.159372
v -0.145436 0.127799 -0.159536
v -0.144412 0.139673 -0.158413
v -0.142237 0.151201 -0.156027
v -0.138957 0.162138 -0.152428
v -0.134641 0.172251 -0.147694
v -0.129381 0.181326 -0.141924
v -0.123289 0.189170 -0.135241
v -0.155226 0.092618 -0.141507
v -0.157926 0.104019 -0.143968
v -0.159372 0.115829 -0.145287
v -0.159536 0.127799 -0.145436
v -0.158413 0.139673 -0.144412
v -0.156027 0.151201 -0.142237
v -0.152428 0.162138 -0.138957
v -0.147694 0.172251 -0.134641
v -0.141924 0.181326 -0.129381
v -0.135241 0.189170 -0.123289
v -0.167621 0.092618 -0.126581
v -0.170536 0.104019 -0.128783
v -0.172098 0.115829 -0.129962
v -0.172275 0.127799 -0.130096
v -0.171062 0.139673 -0.129180
v -0.168485 0.151201 -0.127234
v -0.164599 0.162138 -0.124300
v -0.159487 0.172251 -0.120439
v -0.153256 0.181326 -0.115734
v -0.146040 0.189170 -0.110284
v -0.178585 0.092618 -0.110575
v -0.181691 0.104019 -0.112498
v -0.183355 0.115829 -0.113529
v -0.183544 0.127799 -0.113645
v -0.182251 0.139673 -0.112845
v -0.179506 0.151201 -0.111146
v -0.175366 0.162138 -0.108582
v -0.169919 0.172251 -0.105210
v -0.163281 0.181326 -0.101099
v -0.155593 0.189170 -0.096339
v -0.147017 0.195618 -0.091029
v -0.137542 0.200532 -0.085161
v -0.154789 0.195618 -0.077076
v -0.144816 0.200532 -0.072112
v -0.141712 0.200532 -0.078497
v -0.188026 0.092618 -0.093626
v -0.191296 0.104019 -0.095254
v -0.193048 0.115829 -0.096127
v -0.193246 0.127799 -0.096225
v -0.191886 0.139673 -0.095548
v -0.188996 0.151201 -0.094109
v -0.184637 0.162138 -0.091938
v -0.178902 0.172251 -0.089083
v -0.171913 0.181326 -0.085603
v -0.163818 0.189170 -0.081572
v -0.161240 0.195618 -0.062465
v -0.150887 0.200532 -0.058458
v -0.149253 0.200532 -0.062990
v -0.195862 0.092618 -0.075877
v -0.199269 0.104019 -0.077197
v -0.201094 0.115829 -0.077904
v -0.201301 0.127799 -0.077984
v -0.199883 0.139673 -0.077435
v -0.196873 0.151201 -0.076269
v -0.192332 0.162138 -0.074510
v -0.186358 0.172251 -0.072196
v -0.179078 0.181326 -0.069375
v -0.170646 0.189170 -0.066108
v -0.166316 0.195618 -0.047321
v -0.155704 0.200532 -0.044306
v -0.155102 0.200532 -0.046768
v -0.202028 0.092618 -0.057482
v -0.205541 0.104019 -0.058482
v -0.207424 0.115829 -0.059017
v -0.207637 0.127799 -0.059078
v -0.206176 0.139673 -0.058662
v -0.203070 0.151201 -0.057778
v -0.198387 0.162138 -0.056446
v -0.192225 0.172251 -0.054693
v -0.184715 0.181326 -0.052556
v -0.176017 0.189170 -0.050081
v -0.169972 0.195618 -0.031773
v -0.159228 0.200532 -0.029766
v -0.206470 0.092618 -0.038596
v -0.210061 0.104019 -0.039267
v -0.211985 0.115829 -0.039627
v -0.212203 0.127799 -0.039668
v -0.210709 0.139673 -0.039388
v -0.207535 0.151201 -0.038795
v -0.202749 0.162138 -0.037900
v -0.196451 0.172251 -0.036723
v -0.188777 0.181326 -0.035288
v -0.179887 0.189170 -0.033627
v -0.209150 0.092618 -0.019381
v -0.212788 0.104019 -0.019718
v -0.214737 0.115829 -0.019898
v -0.214958 0.127799 -0.019919
v -0.213444 0.139673 -0.019779
v -0.210229 0.151201 -0.019481
v -0.205381 0.162138 -0.019031
v -0.199002 0.172251 -0.018440
v -0.191227 0.181326 -0.017720
v -0.182223 0.189170 -0.016885
v -0.210046 0.092618 0.000000
v -0.213699 0.104019 0.000000
v -0.215657 0.115829 0.000000
v -0.215878 0.127799 0.000000
v -0.214359 0.139673 0.000000
v -0.211130 0.151201 0.000000
v -0.206261 0.162138 0.000000
v -0.199854 0.172251 0.000000
v -0.192047 0.181326 0.000000
v -0.183003 0.189170 0.000000
v -0.209150 0.092618 0.019381
v -0.212788 0.104019 0.019718
v -0.214737 0.115829 0.019898
v -0.214958 0.127799 0.019919
v -0.213444 0.139673 0.019779
v -0.210229 0.151201 0.019481
v -0.205381 0.162138 0.019031
v -0.199002 0.172251 0.018440
v -0.191227 0.181326 0.017720
v -0.182223 0.189170 0.016885
v -0.206470 0.092618 0.038596
v -0.210061 0.104019 0.039267
v -0.211985 0.115829 0.039627
v -0.212203 0.127799 0.039668
v -0.210709 0.139673 0.039388
v -0.207535 0.151201 0.038795
v -0.202749 0.162138 0.037900
v -0.196451 0.172251 0.036723
v -0.188777 0.181326 0.035288
v -0.179887 0.189170 0.033627
v -0.169972 0.195618 0.031773
v -0.159016 0.200532 0.029725
v -0.166316 0.195618 0.047321
v -0.155615 0.200532 0.044273
v -0.157372 0.200532 0.038447
v -0.202028 0.092618 0.057482
v -0.205541 0.104019 0.058482
v -0.207424 0.115829 0.059017
v -0.207637 0.127799 0.059078
v -0.206176 0.139673 0.058662
v -0.203070 0.151201 0.057778
v -0.198387 0.162138 0.056446
v -0.192225 0.172251 0.054693
v -0.184715 0.181326 0.052556
v -0.176017 0.189170 0.050081
v -0.161240 0.195618 0.062465
v -0.150915 0.200532 0.058460
v -0.152393 0.200532 0.054957
v -0.195862 0.092618 0.075877
v -0.199269 0.104019 0.077197
v -0.201094 0.115829 0.077904
v -0.201301 0.127799 0.077984
v -0.199883 0.139673 0.077435
v -0.196873 0.151201 0.076269
v -0.192332 0.162138 0.074510
v -0.186358 0.172251 0.072196
v -0.179078 0.181326 0.069375
v -0.170646 0.189170 0.066108
v -0.154789 0.195618 0.077076
v -0.144952 0.200532 0.072174
v -0.188026 0.092618 0.093626
v -0.191296 0.104019 0.095254
v -0.193048 0.115829 0.096127
v -0.193246 0.127799 0.096225
v -0.191886 0.139673 0.095548
v -0.188996 0.151201 0.094109
v -0.184637 0.162138 0.091938
v -0.178902 0.172251 0.089083
v -0.171913 0.181326 0.085603
v -0.163818 0.189170 0.081572
v -0.178585 0.092618 0.110575
v -0.181691 0.104019 0.112498
v -0.183355 0.115829 0.113529
v -0.183544 0.127799 0.113645
v -0.182251 0.139673 0.112845
v -0.179506 0.151201 0.111146
v -0.175366 0.162138 0.108582
v -0.169919 0.172251 0.105210
v -0.163281 0.181326 0.101099
v -0.155593 0.189170 0.096339
v -0.167621 0.092618 0.126581
v -0.170536 0.104019 0.128783
v -0.172098 0.115829 0.129962
v -0.172275 0.127799 0.130096
v -0.171062 0.139673 0.129180
v -0.168485 0.151201 0.127234
v -0.164599 0.162138 0.124300
v -0.159487 0.172251 0.120439
v -0.153256 0.181326 0.115734
v -0.146040 0.189170 0.110284
v -0.155226 0.092618 0.141507
v -0.157926 0.104019 0.143968
v -0.159372 0.115829 0.145287
v -0.159536 0.127799 0.145436
v -0.158413 0.139673 0.144412
v -0.156027 0.151201 0.142237
v -0.152428 0.162138 0.138957
v -0.147694 0.172251 0.134641
v -0.141924 0.181326 0.129381
v -0.135241 0.189170 0.123289
v -0.141507 0.092618 0.155226
v -0.143968 0.104019 0.157926
v -0.145287 0.115829 0.159372
v -0.145436 0.127799 0.159536
v -0.144412 0.139673 0.158413
v -0.142237 0.151201 0.156027
v -0.138957 0.162138 0.152428
v -0.134641 0.172251 0.147694
v -0.129381 0.181326 0.141924
v -0.123289 0.189170 0.135241
v -0.116493 0.195618 0.127787
v -0.108985 0.200532 0.119553
v -0.104205 0.195618 0.137990
v -0.097493 0.200532 0.129098
v -0.103396 0.200532 0.124713
v -0.126581 0.092618 0.167621
v -0.128783 0.104019 0.170536
v -0.129962 0.115829 0.172098
v -0.130096 0.127799 0.172275
v -0.129180 0.139673 0.171062
v -0.127234 0.151201 0.168485
v -0.124300 0.162138 0.164599
v -0.120439 0.172251 0.159487
v -0.115734 0.181326 0.153256
v -0.110284 0.189170 0.146040
v -0.091029 0.195618 0.147017
v -0.085185 0.200532 0.137571
v -0.089554 0.200532 0.134997
v -0.110575 0.092618 0.178585
v -0.112498 0.104019 0.181691
v -0.113529 0.115829 0.183355
v -0.113645 0.127799 0.183544
v -0.112845 0.139673 0.182251
v -0.111146 0.151201 0.179506
v -0.108582 0.162138 0.175366
v -0.105210 0.172251 0.169919
v -0.101099 0.181326 0.163281
v -0.096339 0.189170 0.155593
v -0.077076 0.195618 0.154789
v -0.072158 0.200532 0.144903
v -0.074697 0.200532 0.143751
v -0.093626 0.092618 0.188026
v -0.095254 0.104019 0.191296
v -0.096127 0.115829 0.193048
v -0.096225 0.127799 0.193246
v -0.095548 0.139673 0.191886
v -0.094109 0.151201 0.188996
v -0.091938 0.162138 0.184637
v -0.089083 0.172251 0.178902
v -0.085603 0.181326 0.171913
v -0.081572 0.189170 0.163818
v -0.062465 0.195618 0.161240
v -0.058513 0.200532 0.151036
v -0.075877 0.092618 0.195862
v -0.077197 0.104019 0.199269
v -0.077904 0.115829 0.201094
v -0.077984 0.127799 0.201301
v -0.077435 0.139673 0.199883
v -0.076269 0.151201 0.196873
v -0.074510 0.162138 0.192332
v -0.072196 0.172251 0.186358
v -0.069375 0.181326 0.179078
v -0.066108 0.189170 0.170646
v -0.057482 0.092618 0.202028
v -0.058482 0.104019 0.205541
v -0.059017 0.115829 0.207424
v -0.059078 0.127799 0.207637
v -0.058662 0.139673 0.206176
v -0.057778 0.151201 0.203070
v -0.056446 0.162138 0.198387
v -0.054693 0.172251 0.192225
v -0.052556 0.181326 0.184715
v -0.050081 0.189170 0.176017
v -0.038596 0.092618 0.206470
v -0.039267 0.104019 0.210061
v -0.039627 0.115829 0.211985
v -0.039668 0.127799 0.212203
v -0.039388 0.139673 0.210709
v -0.038795 0.151201 0.207535
v -0.037900 0.162138 0.202749
v -0.036723 0.172251 0.196451
v -0.035288 0.181326 0.188777
v -0.033627 0.189170 0.179887
v -0.019381 0.092618 0.209150
v -0.019718 0.104019 0.212788
v -0.019898 0.115829 0.214737
v -0.019919 0.127799 0.214958
v -0.019779 0.139673 0.213444
v -0.019481 0.151201 0.210229
v -0.019031 0.162138 0.205381
v -0.018440 0.172251 0.199002
v -0.017720 0.181326 0.191227
v -0.016885 0.189170 0.182223
v 0.000000 0.092618 0.210046
v 0.000000 0.104019 0.213699
v 0.000000 0.115829 0.215657
v 0.000000 0.127799 0.215878
v 0.000000 0.139673 0.214359
v 0.000000 0.151201 0.211130
v 0.000000 0.162138 0.206261
v 0.000000 0.172251 0.199854
v 0.000000 0.181326 0.192047
v 0.000000 0.189170 0.183003
v 0.000000 0.195618 0.172917
v 0.000000 0.200532 0.161770
v 0.015955 0.195618 0.172179
v 0.014925 0.200532 0.161097
v 0.008622 0.200532 0.161770
v 0.019381 0.092618 0.209150
v 0.019718 0.104019 0.212788
v 0.019898 0.115829 0.214737
v 0.019919 0.127799 0.214958
v 0.019779 0.139673 0.213444
v 0.019481 0.151201 0.210229
v 0.019031 0.162138 0.205381
v 0.018440 0.172251 0.199002
v 0.017720 0.181326 0.191227
v 0.016885 0.189170 0.182223
v 0.031773 0.195618 0.169972
v 0.029732 0.200532 0.159080
v 0.025768 0.200532 0.159937
v 0.038596 0.092618 0.206470
v 0.039267 0.104019 0.210061
v 0.039627 0.115829 0.211985
v 0.039668 0.127799 0.212203
v 0.039388 0.139673 0.210709
v 0.038795 0.151201 0.207535
v 0.037900 0.162138 0.202749
v 0.036723 0.172251 0.196451
v 0.035288 0.181326 0.188777
v 0.033627 0.189170 0.179887
v 0.047321 0.195618 0.166316
v 0.044307 0.200532 0.155735
v 0.057482 0.092618 0.202028
v 0.058482 0.104019 0.205541
v 0.059017 0.115829 0.207424
v 0.059078 0.127799 0.207637
v 0.058662 0.139673 0.206176
v 0.057778 0.151201 0.203070
v 0.056446 0.162138 0.198387
v 0.054693 0.172251 0.192225
v 0.052556 0.181326 0.184715
v 0.050081 0.189170 0.176017
v 0.075877 0.092618 0.195862
v 0.077197 0.104019 0.199269
v 0.077904 0.115829 0.201094
v 0.077984 0.127799 0.201301
v 0.077435 0.139673 0.199883
v 0.076269 0.151201 0.196873
v 0.074510 0.162138 0.192332
v 0.072196 0.172251 0.186358
v 0.069375 0.181326 0.179078
v 0.066108 0.189170 0.170646
v 0.093626 0.092618 0.188026
v 0.095254 0.104019 0.191296
v 0.096127 0.115829 0.193048
v 0.096225 0.127799 0.193246
v 0.095548 0.139673 0.191886
v 0.094109 0.151201 0.188996
v 0.091938 0.162138 0.184637
v 0.089083 0.172251 0.178902
v 0.085603 0.181326 0.171913
v 0.081572 0.189170 0.163818
v 0.110575 0.092618 0.178585
v 0.112498 0.104019 0.181691
v 0.113529 0.115829 0.183355
v 0.113645 0.127799 0.183544
v 0.112845 0.139673 0.182251
v 0.111146 0.151201 0.179506
v 0.108582 0.162138 0.175366
v 0.105210 0.172251 0.169919
v 0.101099 0.181326 0.163281
v 0.096339 0.189170 0.155593
v 0.126581 0.092618 0.167621
v 0.128783 0.104019 0.170536
v 0.129962 0.115829 0.172098
v 0.130096 0.127799 0.172275
v 0.129180 0.139673 0.171062
v 0.127234 0.151201 0.168485
v 0.124300 0.162138 0.164599
v 0.120439 0.172251 0.159487
v 0.115734 0.181326 0.153256
v 0.110284 0.189170 0.146040
v 0.141507 0.092618 0.155226
v 0.143968 0.104019 0.157926
v 0.145287 0.115829 0.159372
v 0.145436 0.127799 0.159536
v 0.144412 0.139673 0.158413
v 0.142237 0.151201 0.156027
v 0.138957 0.162138 0.152428
v 0.134641 0.172251 0.147694
v 0.129381 0.181326 0.141924
v 0.123289 0.189170 0.135241
v 0.116493 0.195618 0.127787
v 0.108985 0.200532 0.119553
v 0.127787 0.195618 0.116493
v 0.119572 0.200532 0.109010
v 0.116066 0.200532 0.113016
v 0.155226 0.092618 0.141507
v 0.157926 0.104019 0.143968
v 0.159372 0.115829 0.145287
v 0.159536 0.127799 0.145436
v 0.158413 0.139673 0.144412
v 0.156027 0.151201 0.142237
v 0.152428 0.162138 0.138957
v 0.147694 0.172251 0.134641
v 0.141924 0.181326 0.129381
v 0.135241 0.189170 0.123289
v 0.137990 0.195618 0.104205
v 0.129170 0.200532 0.097550
v 0.127421 0.200532 0.100039
v 0.167621 0.092618 0.126581
v 0.170536 0.104019 0.128783
v 0.172098 0.115829 0.129962
v 0.172275 0.127799 0.130096
v 0.171062 0.139673 0.129180
v 0.168485 0.151201 0.127234
v 0.164599 0.162138 0.124300
v 0.159487 0.172251 0.120439
v 0.153256 0.181326 0.115734
v 0.146040 0.189170 0.110284
v 0.147017 0.195618 0.091029
v 0.137701 0.200532 0.085263
v 0.178585 0.092618 0.110575
v 0.181691 0.104019 0.112498
v 0.183355 0.115829 0.113529
v 0.183544 0.127799 0.113645
v 0.182251 0.139673 0.112845
v 0.179506 0.151201 0.111146
v 0.175366 0.162138 0.108582
v 0.169919 0.172251 0.105210
v 0.163281 0.181326 0.101099
v 0.155593 0.189170 0.096339
v 0.188026 0.092618 0.093626
v 0.191296 0.104019 0.095254
v 0.193048 0.115829 0.096127
v 0.193246 0.127799 0.096225
v 0.191886 0.139673 0.095548
v 0.188996 0.151201 0.094109
v 0.184637 0.162138 0.091938
v 0.178902 0.172251 0.089083
v 0.171913 0.181326 0.085603
v 0.163818 0.189170 0.081572
v 0.195862 0.092618 0.075877
v 0.199269 0.104019 0.077197
v 0.201094 0.115829 0.077904
v 0.201301 0.127799 0.077984
v 0.199883 0.139673 0.077435
v 0.196873 0.151201 0.076269
v 0.192332 0.162138 0.074510
v 0.186358 0.172251 0.072196
v 0.179078 0.181326 0.069375
v 0.170646 0.189170 0.066108
v 0.202028 0.092618 0.057482
v 0.205541 0.104019 0.058482
v 0.207424 0.115829 0.059017
v 0.207637 0.127799 0.059078
v 0.206176 0.139673 0.058662
v 0.203070 0.151201 0.057778
v 0.198387 0.162138 0.056446
v 0.192225 0.172251 0.054693
v 0.184715 0.181326 0.052556
v 0.176017 0.189170 0.050081
v 0.206470 0.092618 0.038596
v 0.210061 0.104019 0.039267
v 0.211985 0.115829 0.039627
v 0.212203 0.127799 0.039668
v 0.210709 0.139673 0.039388
v 0.207535 0.151201 0.038795
v 0.202749 0.162138 0.037900
v 0.196451 0.172251 0.036723
v 0.188777 0.181326 0.035288
v 0.179887 0.189170 0.033627
v 0.169972 0.195618 0.031773
v 0.159016 0.200532 0.029725
v 0.172179 0.195618 0.015955
v 0.161093 0.200532 0.014930
v 0.160567 0.200532 0.021502
v 0.209150 0.092618 0.019381
v 0.212788 0.104019 0.019718
v 0.214737 0.115829 0.019898
v 0.214958 0.127799 0.019919
v 0.213444 0.139673 0.019779
v 0.210229 0.151201 0.019481
v 0.205381 0.162138 0.019031
v 0.199002 0.172251 0.018440
v 0.191227 0.181326 0.017720
v 0.182223 0.189170 0.016885
v 0.172917 0.195618 0.000000
v 0.161828 0.200532 0.000005
v 0.161943 0.200532 0.004313
v 0.210046 0.092618 0.000000
v 0.213699 0.104019 0.000000
v 0.215657 0.115829 0.000000
v 0.215878 0.127799 0.000000
v 0.214359 0.139673 0.000000
v 0.211130 0.151201 0.000000
v 0.206261 0.162138 0.000000
v 0.199854 0.172251 0.000000
v 0.192047 0.181326 0.000000
v 0.183003 0.189170 0.000000
v 0.172179 0.195618 -0.015955
v 0.161214 0.200532 -0.014935
v 0.161484 0.200532 -0.012925
v 0.209150 0.092618 -0.019381
v 0.212788 0.104019 -0.019718
v 0.214737 0.115829 -0.019898
v 0.214958 0.127799 -0.019919
v 0.213444 0.139673 -0.019779
v 0.210229 0.151201 -0.019481
v 0.205381 0.162138 -0.019031
v 0.199002 0.172251 -0.018440
v 0.191227 0.181326 -0.017720
v 0.182223 0.189170 -0.016885
v 0.206470 0.092618 -0.038596
v 0.210061 0.104019 -0.039267
v 0.211985 0.115829 -0.039627
v 0.212203 0.127799 -0.039668
v 0.210709 0.139673 -0.039388
v 0.207535 0.151201 -0.038795
v 0.202749 0.162138 -0.037900
v 0.196451 0.172251 -0.036723
v 0.188777 0.181326 -0.035288
v 0.179887 0.189170 -0.033627
v 0.202028 0.092618 -0.057482
v 0.205541 0.104019 -0.058482
v 0.207424 0.115829 -0.059017
v 0.207637 0.127799 -0.059078
v 0.206176 0.139673 -0.058662
v 0.203070 0.151201 -0.057778
v 0.198387 0.162138 -0.056446
v 0.192225 0.172251 -0.054693
v 0.184715 0.181326 -0.052556
v 0.176017 0.189170 -0.050081
v 0.195862 0.092618 -0.075877
v 0.199269 0.104019 -0.077197
v 0.201094 0.115829 -0.077904
v 0.201301 0.127799 -0.077984
v 0.199883 0.139673 -0.077435
v 0.196873 0.151201 -0.076269
v 0.192332 0.162138 -0.074510
v 0.186358 0.172251 -0.072196
v 0.179078 0.181326 -0.069375
v 0.170646 0.189170 -0.066108
v 0.188026 0.092618 -0.093626
v 0.191296 0.104019 -0.095254
v 0.193048 0.115829 -0.096127
v 0.193246 0.127799 -0.096225
v 0.191886 0.139673 -0.095548
v 0.188996 0.151201 -0.094109
v 0.184637 0.162138 -0.091938
v 0.178902 0.172251 -0.089083
v 0.171913 0.181326 -0.085603
v 0.163818 0.189170 -0.081572
v 0.178585 0.092618 -0.110575
v 0.181691 0.104019 -0.112498
v 0.183355 0.115829 -0.113529
v 0.183544 0.127799 -0.113645
v 0.182251 0.139673 -0.112845
v 0.179506 0.151201 -0.111146
v 0.175366 0.162138 -0.108582
v 0.169919 0.172251 -0.105210
v 0.163281 0.181326 -0.101099
v 0.155593 0.189170 -0.096339
v 0.147017 0.195618 -0.091029
v 0.137542 0.200532 -0.085161
v 0.137990 0.195618 -0.104205
v 0.129121 0.200532 -0.097503
v 0.132565 0.200532 -0.093116
v 0.167621 0.092618 -0.126581
v 0.170536 0.104019 -0.128783
v 0.172098 0.115829 -0.129962
v 0.172275 0.127799 -0.130096
v 0.171062 0.139673 -0.129180
v 0.168485 0.151201 -0.127234
v 0.164599 0.162138 -0.124300
v 0.159487 0.172251 -0.120439
v 0.153256 0.181326 -0.115734
v 0.146040 0.189170 -0.110284
v 0.127787 0.195618 -0.116493
v 0.119618 0.200532 -0.109040
v 0.121916 0.200532 -0.106679
v 0.155226 0.092618 -0.141507
v 0.157926 0.104019 -0.143968
v 0.159372 0.115829 -0.145287
v 0.159536 0.127799 -0.145436
v 0.158413 0.139673 -0.144412
v 0.156027 0.151201 -0.142237
v 0.152428 0.162138 -0.138957
v 0.147694 0.172251 -0.134641
v 0.141924 0.181326 -0.129381
v 0.135241 0.189170 -0.123289
v 0.116493 0.195618 -0.127787
v 0.109106 0.200532 -0.119680
v 0.141507 0.092618 -0.155226
v 0.143968 0.104019 -0.157926
v 0.145287 0.115829 -0.159372
v 0.145436 0.127799 -0.159536
v 0.144412 0.139673 -0.158413
v 0.142237 0.151201 -0.156027
v 0.138957 0.162138 -0.152428
v 0.134641 0.172251 -0.147694
v 0.129381 0.181326 -0.141924
v 0.123289 0.189170 -0.135241
v 0.126581 0.092618 -0.167621
v 0.128783 0.104019 -0.170536
v 0.129962 0.115829 -0.172098
v 0.130096 0.127799 -0.172275
v 0.129180 0.139673 -0.171062
v 0.127234 0.151201 -0.168485
v 0.124300 0.162138 -0.164599
v 0.120439 0.172251 -0.159487
v 0.115734 0.181326 -0.153256
v 0.110284 0.189170 -0.146040
v 0.110575 0.092618 -0.178585
v 0.112498 0.104019 -0.181691
v 0.113529 0.115829 -0.183355
v 0.113645 0.127799 -0.183544
v 0.112845 0.139673 -0.182251
v 0.111146 0.151201 -0.179506
v 0.108582 0.162138 -0.175366
v 0.105210 0.172251 -0.169919
v 0.101099 0.181326 -0.163281
v 0.096339 0.189170 -0.155593
v 0.093626 0.092618 -0.188026
v 0.095254 0.104019 -0.191296
v 0.096127 0.115829 -0.193048
v 0.096225 0.127799 -0.193246
v 0.095548 0.139673 -0.191886
v 0.094109 0.151201 -0.188996
v 0.091938 0.162138 -0.184637
v 0.089083 0.172251 -0.178902
v 0.085603 0.181326 -0.171913
v 0.081572 0.189170 -0.163818
v 0.075877 0.092618 -0.195862
v 0.077197 0.104019 -0.199269
v 0.077904 0.115829 -0.201094
v 0.077984 0.127799 -0.201301
v 0.077435 0.139673 -0.199883
v 0.076269 0.151201 -0.196873
v 0.074510 0.162138 -0.192332
v 0.072196 0.172251 -0.186358
v 0.069375 0.181326 -0.179078
v 0.066108 0.189170 -0.170646
v 0.062465 0.195618 -0.161240
v 0.058438 0.200532 -0.150847
v 0.047321 0.195618 -0.166316
v 0.044276 0.200532 -0.155604
v 0.050880 0.200532 -0.153802
v 0.057482 0.092618 -0.202028
v 0.058482 0.104019 -0.205541
v 0.059017 0.115829 -0.207424
v 0.059078 0.127799 -0.207637
v 0.058662 0.139673 -0.206176
v 0.057778 0.151201 -0.203070
v 0.056446 0.162138 -0.198387
v 0.054693 0.172251 -0.192225
v 0.052556 0.181326 -0.184715
v 0.050081 0.189170 -0.176017
v 0.031773 0.195618 -0.169972
v 0.029739 0.200532 -0.159065
v 0.034244 0.200532 -0.158339
v 0.038596 0.092618 -0.206470
v 0.039267 0.104019 -0.210061
v 0.039627 0.115829 -0.211985
v 0.039668 0.127799 -0.212203
v 0.039388 0.139673 -0.210709
v 0.038795 0.151201 -0.207535
v 0.037900 0.162138 -0.202749
v 0.036723 0.172251 -0.196451
v 0.035288 0.181326 -0.188777
v 0.033627 0.189170 -0.179887
v 0.015955 0.195618 -0.172179
v 0.014942 0.200532 -0.161204
v 0.019381 0.092618 -0.209150
v 0.019718 0.104019 -0.212788
v 0.019898 0.115829 -0.214737
v 0.019919 0.127799 -0.214958
v 0.019779 0.139673 -0.213444
v 0.019481 0.151201 -0.210229
v 0.019031 0.162138 -0.205381
v 0.018440 0.172251 -0.199002
v 0.017720 0.181326 -0.191227
v 0.016885 0.189170 -0.182223
v -0.016301 0.204573 -0.152486
v 0.000000 0.204573 -0.153355
v -0.032417 0.204573 -0.149890
v -0.048165 0.204573 -0.145595
v -0.063368 0.204573 -0.139650
v -0.077853 0.204573 -0.132124
v -0.091456 0.204573 -0.123100
v -0.104022 0.204573 -0.112681
v -0.115410 0.204573 -0.100986
v -0.125491 0.204573 -0.088146
v -0.134149 0.204573 -0.074308
v -0.141288 0.204573 -0.059628
v -0.146825 0.204573 -0.044272
v -0.150699 0.204573 -0.028415
v -0.152866 0.204573 -0.012236
v -0.153301 0.204573 0.004082
v -0.151998 0.204573 0.020354
v -0.148974 0.204573 0.036395
v -0.144261 0.204573 0.052024
v -0.137914 0.204573 0.067063
v -0.130004 0.204573 0.081343
v -0.120622 0.204573 0.094700
v -0.109872 0.204573 0.106985
v -0.097878 0.204573 0.118058
v -0.084775 0.204573 0.127793
v -0.070711 0.204573 0.136080
v -0.055846 0.204573 0.142825
v -0.040348 0.204573 0.147952
v -0.024393 0.204573 0.151402
v -0.008162 0.204573 0.153138
v 0.008162 0.204573 0.153138
v 0.024393 0.204573 0.151402
v 0.040348 0.204573 0.147952
v 0.055846 0.204573 0.142825
v 0.070711 0.204573 0.136080
v 0.084775 0.204573 0.127793
v 0.097878 0.204573 0.118058
v 0.109872 0.204573 0.106985
v 0.120622 0.204573 0.094700
v 0.130004 0.204573 0.081343
v 0.137914 0.204573 0.067063
v 0.144261 0.204573 0.052024
v 0.148974 0.204573 0.036395
v 0.151998 0.204573 0.020354
v 0.153301 0.204573 0.004082
v 0.152866 0.204573 -0.012236
v 0.150699 0.204573 -0.028415
v 0.146825 0.204573 -0.044272
v 0.141288 0.204573 -0.059628
v 0.134149 0.204573 -0.074308
v 0.125491 0.204573 -0.088146
v 0.115410 0.204573 -0.100986
v 0.104022 0.204573 -0.112681
v 0.091456 0.204573 -0.123100
v 0.077853 0.204573 -0.132124
v 0.063368 0.204573 -0.139650
v 0.048165 0.204573 -0.145595
v 0.032417 0.204573 -0.149890
v 0.016301 0.204573 -0.152486
v 0.015470 0.210053 -0.144718
v 0.030765 0.210053 -0.142253
v 0.045711 0.210053 -0.138177
v 0.060140 0.210053 -0.132536
v 0.073887 0.210053 -0.125392
v 0.086797 0.210053 -0.116828
v 0.098723 0.210053 -0.106941
v 0.109531 0.210053 -0.095841
v 0.119097 0.210053 -0.083656
v 0.127315 0.210053 -0.070523
v 0.134090 0.210053 -0.056590
v 0.139345 0.210053 -0.042017
v 0.143022 0.210053 -0.026967
v 0.145078 0.210053 -0.011612
v 0.145491 0.210053 0.003874
v 0.144254 0.210053 0.019317
v 0.141384 0.210053 0.034541
v 0.136912 0.210053 0.049374
v 0.130888 0.210053 0.063647
v 0.123381 0.210053 0.077199
v 0.114476 0.210053 0.089876
v 0.104275 0.210053 0.101535
v 0.092891 0.210053 0.112043
v 0.080456 0.210053 0.121282
v 0.067108 0.210053 0.129147
v 0.053001 0.210053 0.135549
v 0.038293 0.210053 0.140414
v 0.023150 0.210053 0.143689
v 0.007746 0.210053 0.145336
v -0.007746 0.210053 0.145336
v -0.023150 0.210053 0.143689
v -0.038293 0.210053 0.140414
v -0.053001 0.210053 0.135549
v -0.067108 0.210053 0.129147
v -0.080456 0.210053 0.121282
v -0.092891 0.210053 0.112043
v -0.104275 0.210053 0.101535
v -0.114476 0.210053 0.089876
v -0.123381 0.210053 0.077199
v -0.130888 0.210053 0.063647
v -0.136911 0.210053 0.049374
v -0.141384 0.210053 0.034541
v -0.144254 0.210053 0.019317
v -0.145491 0.210053 0.003874
v -0.145078 0.210053 -0.011612
v -0.143022 0.210053 -0.026967
v -0.139345 0.210053 -0.042017
v -0.134090 0.210053 -0.056590
v -0.127315 0.210053 -0.070523
v -0.119098 0.210053 -0.083656
v -0.109531 0.210053 -0.095841
v -0.098723 0.210053 -0.106941
v -0.086797 0.210053 -0.116828
v -0.073887 0.210053 -0.125392
v -0.060140 0.210053 -0.132536
v -0.045711 0.210053 -0.138177
v -0.030765 0.210053 -0.142253
v -0.015470 0.210053 -0.144718
v 0.000000 0.210053 -0.145542
v 0.014753 0.216805 -0.138012
v 0.029340 0.216805 -0.135662
v 0.043593 0.216805 -0.131775
v 0.057353 0.216805 -0.126395
v 0.070463 0.216805 -0.119582
v 0.082775 0.216805 -0.111415
v 0.094149 0.216805 -0.101986
v 0.104456 0.216805 -0.091400
v 0.113579 0.216805 -0.079780
v 0.121416 0.216805 -0.067255
v 0.127877 0.216805 -0.053968
v 0.132889 0.216805 -0.040070
v 0.136395 0.216805 -0.025718
v 0.138356 0.216805 -0.011074
v 0.138749 0.216805 0.003695
v 0.137571 0.216805 0.018422
v 0.134833 0.216805 0.032941
v 0.130568 0.216805 0.047086
v 0.124823 0.216805 0.060698
v 0.117664 0.216805 0.073622
v 0.109172 0.216805 0.085712
v 0.099443 0.216805 0.096830
v 0.088587 0.216805 0.106852
v 0.076728 0.216805 0.115663
v 0.063999 0.216805 0.123163
v 0.050545 0.216805 0.129268
v 0.036518 0.216805 0.133908
v 0.022078 0.216805 0.137031
v 0.007387 0.216805 0.138602
v -0.007387 0.216805 0.138602
v -0.022078 0.216805 0.137031
v -0.036518 0.216805 0.133908
v -0.050545 0.216805 0.129268
v -0.063999 0.216805 0.123163
v -0.076728 0.216805 0.115663
v -0.088587 0.216805 0.106852
v -0.099443 0.216805 0.096830
v -0.109172 0.216805 0.085712
v -0.117664 0.216805 0.073622
v -0.124823 0.216805 0.060698
v -0.130568 0.216805 0.047086
v -0.134833 0.216805 0.032941
v -0.137571 0.216805 0.018422
v -0.138749 0.216805 0.003695
v -0.138356 0.216805 -0.011074
v -0.136395 0.216805 -0.025718
v -0.132889 0.216805 -0.040070
v -0.127877 0.216805 -0.053968
v -0.121416 0.216805 -0.067255
v -0.113579 0.216805 -0.079780
v -0.104456 0.216805 -0.091400
v -0.094149 0.216805 -0.101986
v -0.082775 0.216805 -0.111415
v -0.070463 0.216805 -0.119582
v -0.057353 0.216805 -0.126395
v -0.043593 0.216805 -0.131775
v -0.029340 0.216805 -0.135662
v -0.014753 0.216805 -0.138012
v 0.000000 0.216805 -0.138799
v 0.014172 0.224625 -0.132574
v 0.028183 0.224625 -0.130316
v 0.041876 0.224625 -0.126582
v 0.055093 0.224625 -0.121414
v 0.067687 0.224625 -0.114870
v 0.079513 0.224625 -0.107025
v 0.090439 0.224625 -0.097967
v 0.100339 0.224625 -0.087799
v 0.109103 0.224625 -0.076636
v 0.116631 0.224625 -0.064605
v 0.122837 0.224625 -0.051841
v 0.127652 0.224625 -0.038491
v 0.131020 0.224625 -0.024704
v 0.132904 0.224625 -0.010638
v 0.133282 0.224625 0.003549
v 0.132149 0.224625 0.017696
v 0.129520 0.224625 0.031643
v 0.125422 0.224625 0.045230
v 0.119904 0.224625 0.058306
v 0.113027 0.224625 0.070720
v 0.104870 0.224625 0.082334
v 0.095524 0.224625 0.093014
v 0.085096 0.224625 0.102641
v 0.073704 0.224625 0.111105
v 0.061477 0.224625 0.118310
v 0.048553 0.224625 0.124174
v 0.035079 0.224625 0.128631
v 0.021208 0.224625 0.131631
v 0.007096 0.224625 0.133140
v -0.007096 0.224625 0.133140
v -0.021208 0.224625 0.131631
v -0.035079 0.224625 0.128631
v -0.048553 0.224625 0.124174
v -0.061477 0.224625 0.118310
v -0.073704 0.224625 0.111105
v -0.085096 0.224625 0.102641
v -0.095524 0.224625 0.093014
v -0.104870 0.224625 0.082334
v -0.113027 0.224625 0.070720
v -0.119904 0.224625 0.058306
v -0.125423 0.224625 0.045230
v -0.129520 0.224625 0.031643
v -0.132149 0.224625 0.017696
v -0.133282 0.224625 0.003549
v -0.132904 0.224625 -0.010638
v -0.131020 0.224625 -0.024704
v -0.127652 0.224625 -0.038491
v -0.122837 0.224625 -0.051841
v -0.116631 0.224625 -0.064605
v -0.109103 0.224625 -0.076636
v -0.100339 0.224625 -0.087799
v -0.090439 0.224625 -0.097967
v -0.079513 0.224625 -0.107025
v -0.067687 0.224625 -0.114870
v -0.055093 0.224625 -0.121414
v -0.041876 0.224625 -0.126582
v -0.028183 0.224625 -0.130316
v -0.014172 0.224625 -0.132574
v 0.000000 0.224625 -0.133329
v 0.013744 0.233275 -0.128566
v 0.027332 0.233275 -0.126377
v 0.040610 0.233275 -0.122756
v 0.053428 0.233275 -0.117744
v 0.065641 0.233275 -0.111398
v 0.077110 0.233275 -0.103790
v 0.087705 0.233275 -0.095006
v 0.097307 0.233275 -0.085145
v 0.105806 0.233275 -0.074319
v 0.113106 0.233275 -0.062652
v 0.119125 0.233275 -0.050275
v 0.123794 0.233275 -0.037328
v 0.127060 0.233275 -0.023958
v 0.128887 0.233275 -0.010316
v 0.129253 0.233275 0.003442
v 0.128155 0.233275 0.017161
v 0.125605 0.233275 0.030686
v 0.121632 0.233275 0.043863
v 0.116280 0.233275 0.056543
v 0.109611 0.233275 0.068583
v 0.101700 0.233275 0.079845
v 0.092637 0.233275 0.090203
v 0.082524 0.233275 0.099539
v 0.071476 0.233275 0.107747
v 0.059619 0.233275 0.114734
v 0.047086 0.233275 0.120421
v 0.034019 0.233275 0.124743
v 0.020567 0.233275 0.127653
v 0.006882 0.233275 0.129116
v -0.006882 0.233275 0.129116
v -0.020567 0.233275 0.127653
v -0.034019 0.233275 0.124743
v -0.047086 0.233275 0.120421
v -0.059619 0.233275 0.114734
v -0.071476 0.233275 0.107747
v -0.082524 0.233275 0.099539
v -0.092637 0.233275 0.090203
v -0.101700 0.233275 0.079845
v -0.109611 0.233275 0.068583
v -0.116280 0.233275 0.056543
v -0.121632 0.233275 0.043863
v -0.125605 0.233275 0.030686
v -0.128155 0.233275 0.017161
v -0.129253 0.233275 0.003442
v -0.128887 0.233275 -0.010316
v -0.127060 0.233275 -0.023958
v -0.123794 0.233275 -0.037328
v -0.119125 0.233275 -0.050275
v -0.113106 0.233275 -0.062652
v -0.105806 0.233275 -0.074319
v -0.097307 0.233275 -0.085145
v -0.087705 0.233275 -0.095006
v -0.077110 0.233275 -0.103790
v -0.065641 0.233275 -0.111398
v -0.053428 0.233275 -0.117744
v -0.040610 0.233275 -0.122756
v -0.027332 0.233275 -0.126377
v -0.013744 0.233275 -0.128566
v 0.000000 0.233275 -0.129299
v 0.013481 0.242493 -0.126113
v 0.026810 0.242493 -0.123965
v 0.039835 0.242493 -0.120413
v 0.052408 0.242493 -0.115497
v 0.064388 0.242493 -0.109272
v 0.075638 0.242493 -0.101809
v 0.086031 0.242493 -0.093192
v 0.095449 0.242493 -0.083520
v 0.103786 0.242493 -0.072901
v 0.110947 0.242493 -0.061456
v 0.116851 0.242493 -0.049315
v 0.121431 0.242493 -0.036615
v 0.124635 0.242493 -0.023500
v 0.126427 0.242493 -0.010119
v 0.126786 0.242493 0.003376
v 0.125709 0.242493 0.016834
v 0.123207 0.242493 0.030100
v 0.119310 0.242493 0.043026
v 0.114061 0.242493 0.055464
v 0.107519 0.242493 0.067274
v 0.099759 0.242493 0.078321
v 0.090869 0.242493 0.088481
v 0.080949 0.242493 0.097639
v 0.070112 0.242493 0.105690
v 0.058481 0.242493 0.112544
v 0.046187 0.242493 0.118122
v 0.033370 0.242493 0.122362
v 0.020174 0.242493 0.125216
v 0.006750 0.242493 0.126651
v -0.006750 0.242493 0.126651
v -0.020174 0.242493 0.125216
v -0.033370 0.242493 0.122362
v -0.046187 0.242493 0.118122
v -0.058481 0.242493 0.112544
v -0.070112 0.242493 0.105690
v -0.080949 0.242493 0.097639
v -0.090869 0.242493 0.088481
v -0.099759 0.242493 0.078321
v -0.107519 0.242493 0.067274
v -0.114061 0.242493 0.055464
v -0.119310 0.242493 0.043026
v -0.123207 0.242493 0.030100
v -0.125709 0.242493 0.016834
v -0.126786 0.242493 0.003376
v -0.126427 0.242493 -0.010119
v -0.124635 0.242493 -0.023500
v -0.121431 0.242493 -0.036615
v -0.116851 0.242493 -0.049315
v -0.110947 0.242493 -0.061456
v -0.103786 0.242493 -0.072901
v -0.095449 0.242493 -0.083520
v -0.086031 0.242493 -0.093192
v -0.075638 0.242493 -0.101809
v -0.064388 0.242493 -0.109272
v -0.052408 0.242493 -0.115497
v -0.039835 0.242493 -0.120413
v -0.026810 0.242493 -0.123965
v -0.013481 0.242493 -0.126113
v 0.000000 0.242493 -0.126831
v 0.013393 0.252000 -0.125286
v 0.026634 0.252000 -0.123153
v 0.039574 0.252000 -0.119624
v 0.052065 0.252000 -0.114740
v 0.063966 0.252000 -0.108556
v 0.075142 0.252000 -0.101142
v 0.085467 0.252000 -0.092582
v 0.094824 0.252000 -0.082972
v 0.103106 0.252000 -0.072423
v 0.110220 0.252000 -0.061053
v 0.116085 0.252000 -0.048992
v 0.120635 0.252000 -0.036375
v 0.123818 0.252000 -0.023346
v 0.125598 0.252000 -0.010053
v 0.125955 0.252000 0.003354
v 0.124885 0.252000 0.016723
v 0.122400 0.252000 0.029903
v 0.118528 0.252000 0.042744
v 0.113313 0.252000 0.055101
v 0.106815 0.252000 0.066833
v 0.099106 0.252000 0.077808
v 0.090274 0.252000 0.087902
v 0.080419 0.252000 0.096999
v 0.069653 0.252000 0.104998
v 0.058098 0.252000 0.111806
v 0.045884 0.252000 0.117348
v 0.033151 0.252000 0.121561
v 0.020042 0.252000 0.124396
v 0.006706 0.252000 0.125821
v -0.006706 0.252000 0.125821
v -0.020042 0.252000 0.124396
v -0.033151 0.252000 0.121561
v -0.045884 0.252000 0.117348
v -0.058098 0.252000 0.111806
v -0.069653 0.252000 0.104998
v -0.080419 0.252000 0.096999
v -0.090274 0.252000 0.087902
v -0.099105 0.252000 0.077808
v -0.106815 0.252000 0.066833
v -0.113313 0.252000 0.055101
v -0.118528 0.252000 0.042744
v -0.122400 0.252000 0.029903
v -0.124885 0.252000 0.016723
v -0.125955 0.252000 0.003354
v -0.125598 0.252000 -0.010053
v -0.123818 0.252000 -0.023346
v -0.120635 0.252000 -0.036375
v -0.116085 0.252000 -0.048992
v -0.110220 0.252000 -0.061053
v -0.103106 0.252000 -0.072423
v -0.094824 0.252000 -0.082972
v -0.085467 0.252000 -0.092582
v -0.075142 0.252000 -0.101142
v -0.063966 0.252000 -0.108556
v -0.052065 0.252000 -0.114740
v -0.039574 0.252000 -0.119624
v -0.026634 0.252000 -0.123153
v -0.013393 0.252000 -0.125286
v 0.000000 0.252000 -0.126000
v -0.014097 0.252000 0.107076
v 0.000000 0.252000 0.108000
v 0.014097 0.252000 0.107076
v 0.027952 0.252000 0.104320
v 0.041330 0.252000 0.099779
v 0.054000 0.252000 0.093531
v 0.041330 0.252000 -0.099779
v 0.027952 0.252000 -0.104320
v 0.014097 0.252000 -0.107076
v 0.000000 0.252000 -0.108000
v -0.014097 0.252000 -0.107076
v -0.027952 0.252000 -0.104320
v -0.041330 0.252000 -0.099779
v -0.054000 0.252000 -0.093531
v -0.065746 0.252000 -0.085682
v -0.076368 0.252000 -0.076368
v -0.065746 0.252000 0.085682
v -0.054000 0.252000 0.093531
v -0.041330 0.252000 0.099779
v -0.027952 0.252000 0.104320
v 0.085682 0.252000 -0.065746
v 0.076368 0.252000 -0.076368
v 0.065746 0.252000 -0.085682
v 0.054000 0.252000 -0.093531
v 0.065746 0.252000 0.085682
v 0.076368 0.252000 0.076368
v 0.085682 0.252000 0.065746
v 0.093531 0.252000 0.054000
v -0.099779 0.252000 0.041330
v -0.093531 0.252000 0.054000
v -0.085682 0.252000 0.065746
v -0.076368 0.252000 0.076368
v -0.104320 0.252000 -0.027952
v -0.107076 0.252000 -0.014097
v -0.108000 0.252000 0.000000
v -0.107076 0.252000 0.014097
v -0.104320 0.252000 0.027952
v -0.085682 0.252000 -0.065746
v -0.093531 0.252000 -0.054000
v -0.099779 0.252000 -0.041330
v 0.107076 0.252000 -0.014097
v 0.104320 0.252000 -0.027952
v 0.099779 0.252000 -0.041330
v 0.093531 0.252000 -0.054000
v 0.099779 0.252000 0.041330
v 0.104320 0.252000 0.027952
v 0.107076 0.252000 0.014097
v 0.108000 0.252000 0.000000
v 0.005784 0.432000 -0.071621
v 0.009398 0.432000 -0.071384
v 0.009495 0.405619 -0.072122
v 0.038409 0.432000 -0.060744
v 0.043831 0.432000 -0.057121
v 0.044284 0.405619 -0.057712
v 0.047644 0.432000 -0.053778
v 0.050912 0.432000 -0.050912
v 0.051438 0.405619 -0.051438
v 0.070395 0.432000 -0.014372
v 0.071384 0.432000 -0.009398
v 0.072122 0.405619 -0.009495
v 0.071811 0.432000 -0.002891
v 0.072000 0.432000 0.000000
v 0.072744 0.405619 0.000000
v 0.064918 0.432000 0.030801
v 0.062354 0.432000 0.036000
v 0.062998 0.405619 0.036372
v 0.059133 0.432000 0.040820
v 0.057121 0.432000 0.043831
v 0.057712 0.405619 0.044284
v 0.033402 0.432000 0.063635
v 0.027553 0.432000 0.066519
v 0.027838 0.405619 0.067207
v 0.022751 0.432000 0.068149
v 0.018635 0.432000 0.069547
v 0.018828 0.405619 0.070265
v -0.022751 0.432000 0.068149
v -0.027553 0.432000 0.066519
v -0.027838 0.405619 0.067207
v -0.033402 0.432000 0.063635
v -0.036000 0.432000 0.062354
v -0.036372 0.405619 0.062998
v -0.059133 0.432000 0.040820
v -0.062354 0.432000 0.036000
v -0.062998 0.405619 0.036372
v -0.064918 0.432000 0.030801
v -0.066519 0.432000 0.027553
v -0.067207 0.405619 0.027838
v -0.071811 0.432000 -0.002891
v -0.071384 0.432000 -0.009398
v -0.072122 0.405619 -0.009495
v -0.070395 0.432000 -0.014372
v -0.069547 0.432000 -0.018635
v -0.070265 0.405619 -0.018828
v -0.047644 0.432000 -0.053778
v -0.043831 0.432000 -0.057121
v -0.044284 0.405619 -0.057712
v -0.038409 0.432000 -0.060744
v -0.036000 0.432000 -0.062354
v -0.036372 0.405619 -0.062998
v -0.005784 0.432000 -0.071621
v 0.000000 0.432000 -0.072000
v 0.000000 0.405619 -0.072744
v 0.049270 0.276638 -0.085339
v 0.037710 0.276638 -0.091040
v 0.034627 0.301769 -0.083597
v 0.023419 0.301769 -0.087402
v 0.021704 0.327315 -0.081001
v 0.010946 0.327315 -0.083141
v 0.010270 0.353193 -0.078010
v 0.000000 0.353193 -0.078683
v 0.000000 0.379323 -0.074974
v -0.009786 0.379323 -0.074333
v -0.009495 0.405619 -0.072122
v -0.018828 0.405619 -0.070265
v 0.025504 0.276638 -0.095183
v 0.011811 0.301769 -0.089711
v 0.000000 0.327315 -0.083859
v -0.010270 0.353193 -0.078010
v -0.019405 0.379323 -0.072419
v -0.027838 0.405619 -0.067207
v -0.027553 0.432000 -0.066519
v -0.012862 0.276638 -0.097697
v -0.025504 0.276638 -0.095183
v -0.023419 0.301769 -0.087402
v -0.034627 0.301769 -0.083597
v -0.032091 0.327315 -0.077475
v -0.041929 0.327315 -0.072624
v -0.039341 0.353193 -0.068141
v -0.047899 0.353193 -0.062423
v -0.045641 0.379323 -0.059481
v -0.053015 0.379323 -0.053015
v -0.051438 0.405619 -0.051438
v -0.057712 0.405619 -0.044284
v -0.037710 0.276638 -0.091040
v -0.049270 0.276638 -0.085339
v -0.045242 0.301769 -0.078362
v -0.055084 0.301769 -0.071786
v -0.051050 0.327315 -0.066529
v -0.059297 0.327315 -0.059297
v -0.055637 0.353193 -0.055637
v -0.062423 0.353193 -0.047899
v -0.059481 0.379323 -0.045641
v -0.064929 0.379323 -0.037487
v -0.062998 0.405619 -0.036372
v -0.067207 0.405619 -0.027838
v -0.066519 0.432000 -0.027553
v -0.067218 0.432000 -0.025496
v -0.078177 0.276638 -0.059988
v -0.085339 0.276638 -0.049270
v -0.078362 0.301769 -0.045242
v -0.083597 0.301769 -0.034627
v -0.077475 0.327315 -0.032091
v -0.081001 0.327315 -0.021704
v -0.076002 0.353193 -0.020365
v -0.078010 0.353193 -0.010270
v -0.074333 0.379323 -0.009786
v -0.074974 0.379323 0.000000
v -0.072744 0.405619 0.000000
v -0.072122 0.405619 0.009495
v -0.091040 0.276638 -0.037710
v -0.087402 0.301769 -0.023419
v -0.083141 0.327315 -0.010946
v -0.078683 0.353193 0.000000
v -0.074333 0.379323 0.009786
v -0.070265 0.405619 0.018828
v -0.069547 0.432000 0.018635
v -0.069081 0.432000 0.020006
v -0.098540 0.276638 0.000000
v -0.097697 0.276638 0.012862
v -0.089711 0.301769 0.011811
v -0.087402 0.301769 0.023419
v -0.081001 0.327315 0.021704
v -0.077475 0.327315 0.032091
v -0.072693 0.353193 0.030111
v -0.068141 0.353193 0.039341
v -0.064929 0.379323 0.037487
v -0.059481 0.379323 0.045641
v -0.057712 0.405619 0.044284
v -0.051438 0.405619 0.051438
v -0.095183 0.276638 0.025504
v -0.083597 0.301769 0.034627
v -0.072624 0.327315 0.041929
v -0.062423 0.353193 0.047899
v -0.053015 0.379323 0.053015
v -0.044284 0.405619 0.057712
v -0.043831 0.432000 0.057121
v -0.043229 0.432000 0.057523
v -0.078177 0.276638 0.059988
v -0.069679 0.276638 0.069679
v -0.063982 0.301769 0.063982
v -0.055084 0.301769 0.071786
v -0.051050 0.327315 0.066529
v -0.041929 0.327315 0.072624
v -0.039341 0.353193 0.068141
v -0.030111 0.353193 0.072693
v -0.028691 0.379323 0.069267
v -0.019405 0.379323 0.072419
v -0.018828 0.405619 0.070265
v -0.009495 0.405619 0.072122
v -0.059988 0.276638 0.078177
v -0.049270 0.276638 0.085339
v -0.045242 0.301769 0.078362
v -0.034627 0.301769 0.083597
v -0.032091 0.327315 0.077475
v -0.021704 0.327315 0.081001
v -0.020365 0.353193 0.076002
v -0.010270 0.353193 0.078010
v -0.009786 0.379323 0.074333
v 0.000000 0.379323 0.074974
v 0.000000 0.405619 0.072744
v 0.009495 0.405619 0.072122
v 0.009398 0.432000 0.071384
v 0.011528 0.432000 0.070960
v -0.012862 0.276638 0.097697
v 0.000000 0.276638 0.098540
v 0.000000 0.301769 0.090485
v 0.011811 0.301769 0.089711
v 0.010946 0.327315 0.083141
v 0.021704 0.327315 0.081001
v 0.020365 0.353193 0.076002
v 0.030111 0.353193 0.072693
v 0.028691 0.379323 0.069267
v 0.037487 0.379323 0.064929
v 0.036372 0.405619 0.062998
v 0.044284 0.405619 0.057712
v 0.012862 0.276638 0.097697
v 0.023419 0.301769 0.087402
v 0.032091 0.327315 0.077475
v 0.039341 0.353193 0.068141
v 0.045641 0.379323 0.059481
v 0.051438 0.405619 0.051438
v 0.050912 0.432000 0.050912
v 0.049270 0.276638 0.085339
v 0.059988 0.276638 0.078177
v 0.055084 0.301769 0.071786
v 0.063982 0.301769 0.063982
v 0.059297 0.327315 0.059297
v 0.066529 0.327315 0.051050
v 0.062423 0.353193 0.047899
v 0.068141 0.353193 0.039341
v 0.064929 0.379323 0.037487
v 0.069267 0.379323 0.028691
v 0.067207 0.405619 0.027838
v 0.070265 0.405619 0.018828
v 0.069679 0.276638 0.069679
v 0.071786 0.301769 0.055084
v 0.072624 0.327315 0.041929
v 0.072693 0.353193 0.030111
v 0.072419 0.379323 0.019405
v 0.072122 0.405619 0.009495
v 0.071384 0.432000 0.009398
v 0.091040 0.276638 0.037710
v 0.095183 0.276638 0.025504
v 0.087402 0.301769 0.023419
v 0.089711 0.301769 0.011811
v 0.083141 0.327315 0.010946
v 0.083859 0.327315 0.000000
v 0.078683 0.353193 0.000000
v 0.078010 0.353193 -0.010270
v 0.074333 0.379323 -0.009786
v 0.072419 0.379323 -0.019405
v 0.070265 0.405619 -0.018828
v 0.067207 0.405619 -0.027838
v 0.097697 0.276638 0.012862
v 0.098540 0.276638 0.000000
v 0.090485 0.301769 0.000000
v 0.089711 0.301769 -0.011811
v 0.083141 0.327315 -0.010946
v 0.081001 0.327315 -0.021704
v 0.076002 0.353193 -0.020365
v 0.072693 0.353193 -0.030111
v 0.069267 0.379323 -0.028691
v 0.064929 0.379323 -0.037487
v 0.062998 0.405619 -0.036372
v 0.057712 0.405619 -0.044284
v 0.057121 0.432000 -0.043831
v 0.091040 0.276638 -0.037710
v 0.085339 0.276638 -0.049270
v 0.078362 0.301769 -0.045242
v 0.071786 0.301769 -0.055084
v 0.066529 0.327315 -0.051050
v 0.059297 0.327315 -0.059297
v 0.055637 0.353193 -0.055637
v 0.047899 0.353193 -0.062423
v 0.045641 0.379323 -0.059481
v 0.037487 0.379323 -0.064929
v 0.036372 0.405619 -0.062998
v 0.027838 0.405619 -0.067207
v 0.078177 0.276638 -0.059988
v 0.063982 0.301769 -0.063982
v 0.051050 0.327315 -0.066529
v 0.039341 0.353193 -0.068141
v 0.028691 0.379323 -0.069267
v 0.018828 0.405619 -0.070265
v 0.018635 0.432000 -0.069547
v 0.017215 0.432000 -0.069829
v 0.059988 0.276638 -0.078177
v 0.045242 0.301769 -0.078362
v 0.032091 0.327315 -0.077475
v 0.020365 0.353193 -0.076002
v 0.009786 0.379323 -0.074333
v -0.018635 0.432000 -0.069547
v -0.017215 0.432000 -0.069829
v -0.009398 0.432000 -0.071384
v -0.028691 0.379323 -0.069267
v -0.020365 0.353193 -0.076002
v -0.010946 0.327315 -0.083141
v 0.000000 0.301769 -0.090485
v 0.012862 0.276638 -0.097697
v -0.037487 0.379323 -0.064929
v -0.030111 0.353193 -0.072693
v -0.021704 0.327315 -0.081001
v -0.011811 0.301769 -0.089711
v 0.000000 0.276638 -0.098540
v -0.062354 0.432000 -0.036000
v -0.057121 0.432000 -0.043831
v -0.050912 0.432000 -0.050912
v -0.069267 0.379323 -0.028691
v -0.068141 0.353193 -0.039341
v -0.066529 0.327315 -0.051050
v -0.063982 0.301769 -0.063982
v -0.059988 0.276638 -0.078177
v -0.072419 0.379323 -0.019405
v -0.072693 0.353193 -0.030111
v -0.072624 0.327315 -0.041929
v -0.071786 0.301769 -0.055084
v -0.069679 0.276638 -0.069679
v -0.071384 0.432000 0.009398
v -0.072000 0.432000 0.000000
v -0.072419 0.379323 0.019405
v -0.078010 0.353193 0.010270
v -0.083859 0.327315 0.000000
v -0.089711 0.301769 -0.011811
v -0.095183 0.276638 -0.025504
v -0.069267 0.379323 0.028691
v -0.076002 0.353193 0.020365
v -0.083141 0.327315 0.010946
v -0.090485 0.301769 0.000000
v -0.097697 0.276638 -0.012862
v -0.050912 0.432000 0.050912
v -0.057121 0.432000 0.043831
v -0.045641 0.379323 0.059481
v -0.055637 0.353193 0.055637
v -0.066529 0.327315 0.051050
v -0.078362 0.301769 0.045242
v -0.091040 0.276638 0.037710
v -0.037487 0.379323 0.064929
v -0.047899 0.353193 0.062423
v -0.059297 0.327315 0.059297
v -0.071786 0.301769 0.055084
v -0.085339 0.276638 0.049270
v 0.000000 0.432000 0.072000
v -0.009398 0.432000 0.071384
v -0.011528 0.432000 0.070960
v -0.018635 0.432000 0.069547
v 0.009786 0.379323 0.074333
v 0.000000 0.353193 0.078683
v -0.010946 0.327315 0.083141
v -0.023419 0.301769 0.087402
v -0.037710 0.276638 0.091040
v 0.019405 0.379323 0.072419
v 0.010270 0.353193 0.078010
v 0.000000 0.327315 0.083859
v -0.011811 0.301769 0.089711
v -0.025504 0.276638 0.095183
v 0.043831 0.432000 0.057121
v 0.043229 0.432000 0.057523
v 0.036000 0.432000 0.062354
v 0.053015 0.379323 0.053015
v 0.047899 0.353193 0.062423
v 0.041929 0.327315 0.072624
v 0.034627 0.301769 0.083597
v 0.025504 0.276638 0.095183
v 0.059481 0.379323 0.045641
v 0.055637 0.353193 0.055637
v 0.051050 0.327315 0.066529
v 0.045242 0.301769 0.078362
v 0.037710 0.276638 0.091040
v 0.069547 0.432000 0.018635
v 0.069081 0.432000 0.020006
v 0.066519 0.432000 0.027553
v 0.074333 0.379323 0.009786
v 0.076002 0.353193 0.020365
v 0.077475 0.327315 0.032091
v 0.078362 0.301769 0.045242
v 0.078177 0.276638 0.059988
v 0.074974 0.379323 0.000000
v 0.078010 0.353193 0.010270
v 0.081001 0.327315 0.021704
v 0.083597 0.301769 0.034627
v 0.085339 0.276638 0.049270
v 0.062354 0.432000 -0.036000
v 0.066519 0.432000 -0.027553
v 0.067218 0.432000 -0.025496
v 0.069547 0.432000 -0.018635
v 0.059481 0.379323 -0.045641
v 0.068141 0.353193 -0.039341
v 0.077475 0.327315 -0.032091
v 0.087402 0.301769 -0.023419
v 0.097697 0.276638 -0.012862
v 0.053015 0.379323 -0.053015
v 0.062423 0.353193 -0.047899
v 0.072624 0.327315 -0.041929
v 0.083597 0.301769 -0.034627
v 0.095183 0.276638 -0.025504
v 0.027553 0.432000 -0.066519
v 0.036000 0.432000 -0.062354
v 0.019405 0.379323 -0.072419
v 0.030111 0.353193 -0.072693
v 0.041929 0.327315 -0.072624
v 0.055084 0.301769 -0.071786
v 0.069679 0.276638 -0.069679
v -0.099029 0.444696 0.104543
v -0.103702 0.444696 0.099609
v -0.045979 0.444696 0.136462
v -0.060464 0.444696 0.130691
v -0.066822 0.444696 0.127320
v -0.074240 0.444696 0.123387
v -0.086484 0.444696 0.115086
v -0.109751 0.444696 0.093224
v -0.118462 0.444696 0.081765
v -0.119187 0.444696 0.080811
v -0.127226 0.444696 0.067451
v -0.129911 0.444696 0.061646
v -0.133773 0.444696 0.053300
v -0.138241 0.444696 0.040038
v -0.127226 0.444696 -0.067451
v -0.142103 0.444696 0.023297
v -0.142751 0.444696 0.017336
v -0.143789 0.444696 0.007796
v -0.143789 0.444696 -0.005798
v -0.143789 0.444696 -0.007796
v -0.142103 0.444696 -0.023297
v -0.140900 0.444696 -0.028762
v -0.138751 0.444696 -0.038524
v -0.134538 0.444696 -0.051028
v -0.124547 0.444696 -0.071903
v -0.119187 0.444696 -0.080811
v -0.111444 0.444696 -0.090997
v -0.109751 0.444696 -0.093224
v -0.099029 0.444696 -0.104543
v -0.095373 0.444696 -0.107648
v -0.087145 0.444696 -0.114637
v -0.076886 0.444696 -0.121593
v -0.060464 0.444696 -0.130691
v -0.056380 0.444696 -0.132318
v -0.045979 0.444696 -0.136462
v -0.034421 0.444696 -0.139671
v -0.030956 0.444696 -0.140633
v -0.015569 0.444696 -0.143156
v -0.011578 0.444696 -0.143372
v 0.000000 0.444696 -0.144000
v 0.011578 0.444696 -0.143372
v 0.015569 0.444696 -0.143156
v 0.030956 0.444696 -0.140633
v 0.034421 0.444696 -0.139671
v 0.045979 0.444696 -0.136462
v 0.056380 0.444696 -0.132318
v 0.060464 0.444696 -0.130691
v 0.074240 0.444696 -0.123387
v 0.087145 0.444696 -0.114637
v 0.095373 0.444696 -0.107648
v 0.099029 0.444696 -0.104543
v 0.109751 0.444696 -0.093224
v 0.111444 0.444696 -0.090997
v 0.119187 0.444696 -0.080811
v 0.124547 0.444696 -0.071903
v 0.127226 0.444696 -0.067451
v 0.133773 0.444696 -0.053300
v 0.138751 0.444696 -0.038524
v 0.140900 0.444696 -0.028762
v 0.142103 0.444696 -0.023297
v 0.143789 0.444696 -0.007796
v 0.143789 0.444696 -0.005798
v 0.143789 0.444696 0.007796
v 0.142751 0.444696 0.017336
v 0.142103 0.444696 0.023297
v 0.138751 0.444696 0.038524
v 0.133773 0.444696 0.053300
v 0.129911 0.444696 0.061646
v 0.127226 0.444696 0.067451
v 0.119187 0.444696 0.080811
v 0.118462 0.444696 0.081765
v 0.109751 0.444696 0.093224
v 0.103702 0.444696 0.099609
v 0.099029 0.444696 0.104543
v 0.087145 0.444696 0.114637
v 0.074240 0.444696 0.123387
v 0.066822 0.444696 0.127320
v 0.060464 0.444696 0.130691
v 0.045979 0.444696 0.136462
v 0.030956 0.444696 0.140633
v 0.023065 0.444696 0.141927
v 0.015569 0.444696 0.143156
v 0.000000 0.444696 0.144000
v -0.015569 0.444696 0.143156
v -0.023065 0.444696 0.141927
v -0.030956 0.444696 0.140633
v 0.130066 0.480298 -0.059399
v 0.132619 0.480298 -0.052842
v 0.135575 0.479695 -0.054018
v 0.135989 0.480298 -0.044185
v 0.137563 0.480298 -0.038197
v 0.140620 0.479695 -0.039043
v 0.140139 0.480298 -0.028396
v 0.140900 0.480298 -0.023104
v 0.142463 0.480298 -0.012236
v 0.142591 0.480298 -0.007736
v 0.145726 0.479695 -0.007901
v 0.142929 0.480298 0.004083
v 0.142616 0.480298 0.007727
v 0.145726 0.479695 0.007901
v 0.141532 0.480298 0.020349
v 0.140973 0.480298 0.023106
v 0.138290 0.480298 0.036350
v 0.137681 0.480298 0.038223
v 0.140620 0.479695 0.039043
v 0.133245 0.480298 0.051877
v 0.135575 0.479695 0.054018
v 0.126462 0.480298 0.066727
v 0.128939 0.479695 0.068359
v -0.055661 0.480298 0.131709
v -0.059953 0.480298 0.129598
v -0.070311 0.480298 0.124505
v -0.073625 0.480298 0.122376
v -0.075240 0.479695 0.125049
v -0.084046 0.480298 0.115679
v -0.086441 0.480298 0.113720
v -0.096684 0.480298 0.105345
v -0.098253 0.480298 0.103731
v -0.100363 0.479695 0.105952
v -0.108062 0.480298 0.093637
v -0.108921 0.480298 0.092523
v -0.111230 0.479695 0.094479
v -0.118032 0.480298 0.080708
v -0.120793 0.479695 0.081899
v -0.126463 0.480298 0.066727
v -0.132777 0.480298 0.052900
v -0.135575 0.479695 0.054018
v -0.137681 0.480298 0.038223
v -0.140620 0.479695 0.039043
v -0.138290 0.480298 0.036350
v -0.140973 0.480298 0.023106
v -0.141532 0.480298 0.020349
v -0.142616 0.480298 0.007727
v -0.145726 0.479695 0.007901
v -0.142929 0.480298 0.004083
v -0.142591 0.480298 -0.007736
v -0.145726 0.479695 -0.007901
v -0.142463 0.480298 -0.012236
v -0.140900 0.480298 -0.023104
v -0.140139 0.480298 -0.028396
v -0.137563 0.480298 -0.038197
v -0.140620 0.479695 -0.039043
v -0.135989 0.480298 -0.044185
v -0.132619 0.480298 -0.052842
v -0.135575 0.479695 -0.054018
v -0.130066 0.480298 -0.059399
v -0.126125 0.480298 -0.066868
v -0.128939 0.479695 -0.068359
v -0.090513 0.480298 -0.110692
v -0.086415 0.480298 -0.113670
v -0.077305 0.480298 -0.120288
v -0.073630 0.480298 -0.122364
v -0.075240 0.479695 -0.125049
v -0.063089 0.480298 -0.128316
v -0.059979 0.480298 -0.129631
v -0.048051 0.480298 -0.134672
v -0.046599 0.479695 -0.138300
v -0.032386 0.480298 -0.139271
v -0.031373 0.479695 -0.142528
v -0.016299 0.480298 -0.142055
v -0.015779 0.479695 -0.145084
v -0.146698 0.445465 -0.007954
v -0.146698 0.445465 0.007954
v -0.149438 0.446711 0.008102
v 0.046910 0.445465 -0.139223
v 0.075742 0.445465 -0.125884
v 0.088908 0.445465 -0.116957
v 0.121599 0.445465 -0.082446
v 0.136479 0.445465 -0.054378
v 0.141558 0.445465 -0.039304
v 0.146698 0.445465 -0.007954
v 0.146698 0.445465 0.007954
v 0.141558 0.445465 0.039304
v 0.136479 0.445465 0.054378
v 0.121599 0.445465 0.082446
v 0.088908 0.445465 0.116957
v 0.046910 0.445465 0.139223
v -0.015884 0.445465 0.146052
v -0.061687 0.445465 0.133335
v -0.101032 0.445465 0.106659
v -0.129800 0.445465 0.068816
v -0.144978 0.445465 0.023768
v -0.136479 0.445465 -0.054378
v -0.075742 0.445465 -0.125884
v -0.015884 0.445465 -0.146052
v -0.061687 0.445465 -0.133335
v -0.101032 0.445465 -0.106659
v -0.129800 0.445465 -0.068816
v -0.144978 0.445465 -0.023768
v -0.141558 0.445465 0.039304
v -0.121599 0.445465 0.082446
v -0.088908 0.445465 0.116957
v -0.046910 0.445465 0.139223
v 0.015884 0.445465 0.146052
v 0.061687 0.445465 0.133335
v 0.075742 0.445465 0.125884
v 0.101032 0.445465 0.106659
v 0.129800 0.445465 0.068816
v 0.144978 0.445465 0.023768
v 0.144978 0.445465 -0.023768
v 0.129800 0.445465 -0.068816
v 0.101032 0.445465 -0.106659
v 0.061687 0.445465 -0.133335
v 0.015884 0.445465 -0.146052
v -0.150151 0.448396 0.024616
v -0.147686 0.446711 0.024212
v -0.148712 0.450475 0.041290
v -0.146610 0.448396 0.040706
v -0.144203 0.446711 0.040038
v -0.145052 0.452888 0.057794
v -0.143376 0.450475 0.057126
v -0.141349 0.448396 0.056319
v -0.139029 0.446711 0.055394
v -0.136479 0.445465 0.054378
v -0.139170 0.455569 0.073783
v -0.137953 0.452888 0.073138
v -0.136359 0.450475 0.072293
v -0.134431 0.448396 0.071271
v -0.132224 0.446711 0.070101
v -0.131130 0.458442 0.088908
v -0.130376 0.455569 0.088397
v -0.129237 0.452888 0.087625
v -0.127744 0.450475 0.086612
v -0.125938 0.448396 0.085388
v -0.123870 0.446711 0.083986
v -0.121067 0.461426 0.102835
v -0.120748 0.458442 0.102565
v -0.120055 0.455569 0.101975
v -0.119006 0.452888 0.101084
v -0.117630 0.450475 0.099916
v -0.115967 0.448396 0.098504
v -0.114063 0.446711 0.096886
v -0.141558 0.445465 -0.039304
v -0.144203 0.446711 -0.040038
v -0.147686 0.446711 -0.024212
v -0.150151 0.448396 -0.024616
v -0.151933 0.448396 -0.008238
v -0.154111 0.450475 -0.008356
v -0.154111 0.450475 0.008356
v -0.154085 0.452888 0.025261
v -0.155444 0.455569 0.025484
v -0.151777 0.455569 0.042141
v -0.152654 0.458442 0.042384
v -0.147177 0.458442 0.058641
v -0.147565 0.461426 0.058795
v -0.140343 0.461426 0.074405
v -0.109180 0.464438 0.115260
v -0.108951 0.458442 0.115019
v -0.108326 0.455569 0.114358
v -0.107379 0.452888 0.113358
v -0.106138 0.450475 0.112048
v -0.104637 0.448396 0.110464
v -0.102920 0.446711 0.108651
v -0.139029 0.446711 -0.055394
v -0.146610 0.448396 -0.040706
v -0.152304 0.450475 -0.024969
v -0.157288 0.455569 0.008528
v -0.156342 0.458442 0.025631
v -0.153057 0.461426 0.042496
v -0.139749 0.467394 0.074090
v -0.095723 0.467394 0.125921
v -0.096078 0.464438 0.126389
v -0.095877 0.458442 0.126124
v -0.095326 0.455569 0.125399
v -0.094493 0.452888 0.124304
v -0.092081 0.448396 0.121130
v -0.090569 0.446711 0.119141
v -0.121599 0.445465 -0.082446
v -0.132224 0.446711 -0.070101
v -0.141349 0.448396 -0.056319
v -0.148712 0.450475 -0.041290
v -0.154085 0.452888 -0.025261
v -0.157288 0.455569 -0.008528
v -0.158196 0.458442 0.008577
v -0.156754 0.461426 0.025699
v -0.146940 0.467394 0.058546
v -0.138802 0.470210 0.073588
v -0.080995 0.470210 0.134614
v -0.081547 0.467394 0.135533
v -0.081850 0.464438 0.136036
v -0.081679 0.458442 0.135751
v -0.081209 0.455569 0.134971
v -0.080500 0.452888 0.133791
v -0.079569 0.450475 0.132245
v -0.078444 0.448396 0.130376
v -0.077157 0.446711 0.128235
v -0.075742 0.445465 0.125884
v -0.123870 0.446711 -0.083986
v -0.134431 0.448396 -0.071271
v -0.143376 0.450475 -0.057126
v -0.150451 0.452888 -0.041772
v -0.155444 0.455569 -0.025484
v -0.158196 0.458442 -0.008577
v -0.158614 0.461426 0.008600
v -0.152409 0.467394 0.042316
v -0.145944 0.470210 0.058149
v -0.137453 0.472809 0.072873
v -0.065324 0.472809 0.141196
v -0.065965 0.470210 0.142582
v -0.066416 0.467394 0.143555
v -0.066662 0.464438 0.144088
v -0.066522 0.458442 0.143786
v -0.066140 0.455569 0.142960
v -0.065562 0.452888 0.141711
v -0.064805 0.450475 0.140073
v -0.063889 0.448396 0.138093
v -0.062840 0.446711 0.135826
v -0.114063 0.446711 -0.096886
v -0.125938 0.448396 -0.085388
v -0.136359 0.450475 -0.072293
v -0.145052 0.452888 -0.057794
v -0.151777 0.455569 -0.042141
v -0.156342 0.458442 -0.025631
v -0.158614 0.461426 -0.008600
v -0.156090 0.467394 0.025590
v -0.151376 0.470210 0.042029
v -0.144526 0.472809 0.057584
v -0.135740 0.475116 0.071965
v -0.049056 0.475116 0.145594
v -0.049675 0.472809 0.147431
v -0.050163 0.470210 0.148878
v -0.050505 0.467394 0.149894
v -0.050693 0.464438 0.150450
v -0.050587 0.458442 0.150135
v -0.050296 0.455569 0.149273
v -0.049856 0.452888 0.147969
v -0.049280 0.450475 0.146259
v -0.048584 0.448396 0.144191
v -0.088908 0.445465 -0.116957
v -0.102920 0.446711 -0.108651
v -0.115967 0.448396 -0.098504
v -0.127744 0.450475 -0.086612
v -0.137953 0.452888 -0.073138
v -0.146331 0.455569 -0.058304
v -0.152654 0.458442 -0.042384
v -0.156754 0.461426 -0.025699
v -0.157942 0.467394 0.008563
v -0.155033 0.470210 0.025416
v -0.142725 0.475116 0.056867
v -0.032534 0.477067 0.147802
v -0.033027 0.475116 0.150045
v -0.033444 0.472809 0.151938
v -0.033772 0.470210 0.153429
v -0.034003 0.467394 0.154476
v -0.034129 0.464438 0.155049
v -0.034057 0.458442 0.154725
v -0.033862 0.455569 0.153836
v -0.033566 0.452888 0.152492
v -0.033178 0.450475 0.150729
v -0.032709 0.448396 0.148598
v -0.032172 0.446711 0.146159
v -0.090569 0.446711 -0.119141
v -0.104637 0.448396 -0.110464
v -0.117630 0.450475 -0.099916
v -0.129237 0.452888 -0.087625
v -0.139170 0.455569 -0.073783
v -0.147177 0.458442 -0.058641
v -0.153057 0.461426 -0.042496
v -0.157942 0.467394 -0.008563
v -0.156872 0.470210 0.008505
v -0.148037 0.475116 0.041102
v -0.131423 0.478608 0.069676
v -0.016083 0.478608 0.147878
v -0.016363 0.477067 0.150453
v -0.016611 0.475116 0.152736
v -0.016821 0.472809 0.154663
v -0.017102 0.467394 0.157247
v -0.017165 0.464438 0.157830
v -0.017129 0.458442 0.157500
v -0.017031 0.455569 0.156595
v -0.016882 0.452888 0.155227
v -0.016451 0.448396 0.151264
v -0.077157 0.446711 -0.128235
v -0.092081 0.448396 -0.121130
v -0.106138 0.450475 -0.112048
v -0.119006 0.452888 -0.101084
v -0.130376 0.455569 -0.088397
v -0.139974 0.458442 -0.074209
v -0.147565 0.461426 -0.058795
v -0.156090 0.467394 -0.025590
v -0.156872 0.470210 -0.008505
v -0.155347 0.472809 0.008423
v -0.151613 0.475116 0.024856
v -0.138186 0.478608 0.055058
v -0.128939 0.479695 0.068359
v 0.000000 0.479695 0.145940
v 0.000000 0.478608 0.148750
v 0.000000 0.477067 0.151340
v 0.000000 0.475116 0.153637
v 0.000000 0.472809 0.155575
v 0.000000 0.470210 0.157102
v 0.000000 0.467394 0.158174
v 0.000000 0.464438 0.158761
v 0.000000 0.458442 0.158429
v 0.000000 0.455569 0.157519
v 0.000000 0.452888 0.156142
v 0.000000 0.448396 0.152156
v 0.000000 0.445465 0.146913
v -0.111230 0.479695 -0.094479
v -0.100363 0.479695 -0.105952
v -0.102295 0.478608 -0.107992
v -0.031373 0.479695 0.142528
v -0.046599 0.479695 0.138300
v -0.047496 0.478608 0.140964
v 0.000000 0.461426 -0.158847
v -0.017165 0.464438 -0.157830
v -0.017102 0.467394 -0.157247
v 0.000000 0.467394 -0.158174
v -0.016986 0.470210 -0.156181
v 0.000000 0.470210 -0.157102
v 0.000000 0.472809 -0.155575
v -0.016611 0.475116 -0.152736
v 0.000000 0.475116 -0.153637
v -0.016363 0.477067 -0.150453
v 0.000000 0.477067 -0.151340
v 0.000000 0.478608 -0.148750
v 0.000000 0.479695 -0.145940
v 0.000000 0.480298 -0.142987
v -0.034003 0.467394 -0.154476
v -0.033772 0.470210 -0.153429
v -0.033444 0.472809 -0.151938
v -0.033027 0.475116 -0.150045
v -0.032534 0.477067 -0.147802
v -0.031977 0.478608 -0.145273
v -0.050163 0.470210 -0.148878
v -0.049675 0.472809 -0.147431
v -0.049056 0.475116 -0.145594
v -0.048323 0.477067 -0.143418
v -0.047496 0.478608 -0.140964
v -0.065324 0.472809 -0.141196
v -0.064510 0.475116 -0.139437
v -0.062459 0.478608 -0.135002
v -0.079208 0.475116 -0.131645
v -0.091587 0.477067 -0.120481
v -0.090020 0.478608 -0.118419
v -0.098186 0.480298 -0.103649
v -0.122447 0.480298 -0.073838
v -0.118157 0.480298 -0.080112
v -0.120793 0.479695 -0.081899
v -0.113372 0.478608 -0.096299
v -0.104076 0.477067 -0.109872
v -0.092977 0.475116 -0.122309
v -0.080207 0.472809 -0.133306
v -0.065965 0.470210 -0.142582
v -0.050505 0.467394 -0.149894
v -0.034129 0.464438 -0.155049
v 0.000000 0.458442 -0.158429
v -0.113232 0.480298 -0.087315
v -0.108808 0.480298 -0.092420
v -0.102541 0.480298 -0.099653
v -0.115346 0.477067 -0.097975
v -0.105656 0.475116 -0.111539
v -0.094150 0.472809 -0.123852
v -0.066416 0.467394 -0.143555
v -0.050693 0.464438 -0.150450
v -0.017129 0.458442 -0.157500
v 0.000000 0.455569 -0.157519
v -0.131423 0.478608 -0.069676
v -0.125263 0.477067 -0.084930
v -0.117096 0.475116 -0.099462
v -0.106989 0.472809 -0.112947
v -0.095074 0.470210 -0.125068
v -0.081547 0.467394 -0.135533
v -0.066662 0.464438 -0.144088
v -0.034057 0.458442 -0.154725
v -0.017031 0.455569 -0.156595
v 0.000000 0.452888 -0.156142
v -0.138186 0.478608 -0.055058
v -0.133711 0.477067 -0.070889
v -0.127163 0.475116 -0.086219
v -0.118574 0.472809 -0.100717
v -0.095723 0.467394 -0.125921
v -0.081850 0.464438 -0.136036
v -0.050587 0.458442 -0.150135
v -0.033862 0.455569 -0.153836
v -0.016882 0.452888 -0.155227
v -0.140591 0.477067 -0.056017
v -0.128768 0.472809 -0.087307
v -0.119737 0.470210 -0.101706
v -0.108776 0.467394 -0.114834
v -0.096078 0.464438 -0.126389
v -0.066522 0.458442 -0.143786
v -0.050296 0.455569 -0.149273
v -0.033566 0.452888 -0.152492
v 0.000000 0.448396 -0.152156
v -0.146791 0.478608 -0.024065
v -0.145824 0.477067 -0.040488
v -0.137453 0.472809 -0.072873
v -0.120554 0.467394 -0.102400
v -0.109180 0.464438 -0.115260
v -0.081679 0.458442 -0.135751
v -0.066140 0.455569 -0.142960
v -0.049856 0.452888 -0.147969
v -0.033178 0.450475 -0.150729
v -0.016451 0.448396 -0.151264
v -0.148532 0.478608 -0.008053
v -0.149346 0.477067 -0.024484
v -0.144526 0.472809 -0.057584
v -0.138802 0.470210 -0.073588
v -0.130919 0.467394 -0.088765
v -0.121002 0.464438 -0.102780
v -0.095877 0.458442 -0.126124
v -0.081209 0.455569 -0.134971
v -0.065562 0.452888 -0.141711
v -0.049280 0.450475 -0.146259
v -0.032709 0.448396 -0.148598
v 0.000000 0.445465 -0.146913
v -0.148532 0.478608 0.008053
v -0.151118 0.477067 -0.008193
v -0.149905 0.472809 -0.041621
v -0.145944 0.470210 -0.058149
v -0.139749 0.467394 -0.074090
v -0.131405 0.464438 -0.089095
v -0.108951 0.458442 -0.115019
v -0.095326 0.455569 -0.125400
v -0.080500 0.452888 -0.133791
v -0.064805 0.450475 -0.140073
v -0.048584 0.448396 -0.144191
v -0.032172 0.446711 -0.146159
v -0.146791 0.478608 0.024065
v -0.151118 0.477067 0.008193
v -0.153411 0.475116 -0.008318
v -0.153526 0.472809 -0.025169
v -0.146940 0.467394 -0.058546
v -0.140267 0.464438 -0.074365
v -0.131476 0.461426 -0.089143
v -0.120748 0.458442 -0.102565
v -0.108326 0.455569 -0.114358
v -0.094493 0.452888 -0.124304
v -0.079569 0.450475 -0.132245
v -0.063889 0.448396 -0.138093
v -0.153411 0.475116 0.008318
v -0.155347 0.472809 -0.008423
v -0.152409 0.467394 -0.042316
v -0.131130 0.458442 -0.088908
v -0.120055 0.455569 -0.101975
v -0.107379 0.452888 -0.113358
v -0.078444 0.448396 -0.130376
v -0.062840 0.446711 -0.135826
v -0.046910 0.445465 -0.139223
v -0.131405 0.464438 0.089095
v -0.130919 0.467394 0.088765
v -0.130032 0.470210 0.088164
v -0.127163 0.475116 0.086219
v -0.125263 0.477067 0.084930
v -0.120554 0.467394 0.102400
v -0.119737 0.470210 0.101706
v -0.118574 0.472809 0.100717
v -0.117096 0.475116 0.099462
v -0.115346 0.477067 0.097975
v -0.113372 0.478608 0.096299
v -0.108039 0.470210 0.114055
v -0.105656 0.475116 0.111539
v -0.104076 0.477067 0.109872
v -0.102295 0.478608 0.107992
v -0.094150 0.472809 0.123852
v -0.092977 0.475116 0.122309
v -0.091587 0.477067 0.120481
v -0.090020 0.478608 0.118419
v -0.079208 0.475116 0.131645
v -0.063546 0.477067 0.137353
v -0.062459 0.478608 0.135002
v -0.045585 0.480298 0.135304
v -0.008163 0.480298 0.142754
v -0.015433 0.480298 0.141920
v -0.031977 0.478608 0.145273
v -0.048323 0.477067 0.143418
v -0.095074 0.470210 0.125068
v -0.108776 0.467394 0.114834
v -0.131476 0.461426 0.089143
v -0.139974 0.458442 0.074209
v -0.146331 0.455569 0.058304
v -0.150451 0.452888 0.041772
v -0.152304 0.450475 0.024969
v -0.024382 0.480298 0.140893
v -0.030687 0.480298 0.139427
v -0.040284 0.480298 0.137195
v 0.000000 0.480298 0.142754
v 0.015779 0.479695 0.145084
v 0.015433 0.480298 0.141920
v 0.008163 0.480298 0.142754
v 0.016181 0.446711 0.148780
v 0.016687 0.450475 0.153433
v 0.017031 0.455569 0.156595
v 0.017129 0.458442 0.157500
v 0.017174 0.461426 0.157916
v 0.017102 0.467394 0.157247
v 0.016986 0.470210 0.156181
v 0.016611 0.475116 0.152736
v 0.016363 0.477067 0.150453
v 0.031373 0.479695 0.142528
v 0.030687 0.480298 0.139427
v 0.024382 0.480298 0.140893
v 0.032172 0.446711 0.146159
v 0.032709 0.448396 0.148598
v 0.033178 0.450475 0.150729
v 0.033566 0.452888 0.152492
v 0.033862 0.455569 0.153836
v 0.034057 0.458442 0.154725
v 0.034147 0.461426 0.155133
v 0.034003 0.467394 0.154476
v 0.033772 0.470210 0.153429
v 0.033444 0.472809 0.151938
v 0.033027 0.475116 0.150045
v 0.032534 0.477067 0.147802
v 0.031977 0.478608 0.145273
v 0.046599 0.479695 0.138300
v 0.045585 0.480298 0.135304
v 0.040284 0.480298 0.137195
v 0.047786 0.446711 0.141824
v 0.049280 0.450475 0.146259
v 0.049856 0.452888 0.147969
v 0.050296 0.455569 0.149273
v 0.050587 0.458442 0.150135
v 0.050720 0.461426 0.150532
v 0.050505 0.467394 0.149894
v 0.050163 0.470210 0.148878
v 0.049675 0.472809 0.147431
v 0.049056 0.475116 0.145594
v 0.048323 0.477067 0.143418
v 0.047496 0.478608 0.140964
v 0.061278 0.479695 0.132451
v 0.055661 0.480298 0.131709
v 0.062840 0.446711 0.135826
v 0.063889 0.448396 0.138093
v 0.064805 0.450475 0.140073
v 0.065562 0.452888 0.141711
v 0.066140 0.455569 0.142960
v 0.066523 0.458442 0.143786
v 0.066698 0.461426 0.144165
v 0.066416 0.467394 0.143555
v 0.065965 0.470210 0.142582
v 0.065324 0.472809 0.141196
v 0.064510 0.475116 0.139437
v 0.062459 0.478608 0.135002
v 0.075240 0.479695 0.125049
v 0.073625 0.480298 0.122376
v 0.070311 0.480298 0.124505
v 0.077157 0.446711 0.128235
v 0.078444 0.448396 0.130376
v 0.079569 0.450475 0.132245
v 0.080500 0.452888 0.133791
v 0.081209 0.455569 0.134971
v 0.081679 0.458442 0.135751
v 0.081894 0.461426 0.136109
v 0.081547 0.467394 0.135533
v 0.080995 0.470210 0.134614
v 0.079208 0.475116 0.131645
v 0.088319 0.479695 0.116182
v 0.084046 0.480298 0.115679
v 0.090569 0.446711 0.119141
v 0.092081 0.448396 0.121130
v 0.093401 0.450475 0.122867
v 0.095326 0.455569 0.125399
v 0.095877 0.458442 0.126124
v 0.096130 0.461426 0.126457
v 0.095723 0.467394 0.125921
v 0.095074 0.470210 0.125068
v 0.094150 0.472809 0.123852
v 0.092977 0.475116 0.122309
v 0.091587 0.477067 0.120481
v 0.090020 0.478608 0.118419
v 0.100363 0.479695 0.105952
v 0.098253 0.480298 0.103731
v 0.096684 0.480298 0.105345
v 0.102920 0.446711 0.108651
v 0.104637 0.448396 0.110464
v 0.106138 0.450475 0.112048
v 0.107379 0.452888 0.113358
v 0.108326 0.455569 0.114358
v 0.108951 0.458442 0.115019
v 0.109239 0.461426 0.115322
v 0.108776 0.467394 0.114834
v 0.108039 0.470210 0.114055
v 0.105656 0.475116 0.111539
v 0.104076 0.477067 0.109872
v 0.102295 0.478608 0.107992
v 0.111230 0.479695 0.094479
v 0.108921 0.480298 0.092523
v 0.108062 0.480298 0.093637
v 0.114063 0.446711 0.096886
v 0.115967 0.448396 0.098504
v 0.117630 0.450475 0.099916
v 0.119006 0.452888 0.101084
v 0.120055 0.455569 0.101975
v 0.120748 0.458442 0.102565
v 0.121067 0.461426 0.102835
v 0.120554 0.467394 0.102400
v 0.119737 0.470210 0.101706
v 0.118574 0.472809 0.100717
v 0.117096 0.475116 0.099462
v 0.115346 0.477067 0.097975
v 0.113372 0.478608 0.096299
v 0.120793 0.479695 0.081899
v 0.118322 0.480298 0.080226
v 0.123870 0.446711 0.083986
v 0.125938 0.448396 0.085388
v 0.127744 0.450475 0.086612
v 0.129237 0.452888 0.087625
v 0.130376 0.455569 0.088397
v 0.131130 0.458442 0.088908
v 0.131476 0.461426 0.089143
v 0.131405 0.464438 0.089095
v 0.130919 0.467394 0.088765
v 0.130032 0.470210 0.088164
v 0.127163 0.475116 0.086219
v 0.125263 0.477067 0.084930
v 0.132224 0.446711 0.070101
v 0.134431 0.448396 0.071271
v 0.136359 0.450475 0.072293
v 0.137953 0.452888 0.073138
v 0.139170 0.455569 0.073783
v 0.139974 0.458442 0.074209
v 0.140343 0.461426 0.074405
v 0.139749 0.467394 0.074090
v 0.138802 0.470210 0.073588
v 0.137453 0.472809 0.072873
v 0.135740 0.475116 0.071965
v 0.131423 0.478608 0.069676
v 0.139029 0.446711 0.055394
v 0.141349 0.448396 0.056319
v 0.143376 0.450475 0.057126
v 0.145052 0.452888 0.057794
v 0.146331 0.455569 0.058304
v 0.147177 0.458442 0.058641
v 0.147565 0.461426 0.058795
v 0.146940 0.467394 0.058546
v 0.145944 0.470210 0.058149
v 0.144526 0.472809 0.057584
v 0.142725 0.475116 0.056867
v 0.138185 0.478608 0.055058
v 0.144203 0.446711 0.040038
v 0.146610 0.448396 0.040706
v 0.148712 0.450475 0.041290
v 0.150451 0.452888 0.041772
v 0.151777 0.455569 0.042141
v 0.152654 0.458442 0.042384
v 0.153057 0.461426 0.042496
v 0.152409 0.467394 0.042316
v 0.151376 0.470210 0.042029
v 0.148037 0.475116 0.041102
v 0.147686 0.446711 0.024212
v 0.150151 0.448396 0.024616
v 0.152304 0.450475 0.024969
v 0.154085 0.452888 0.025261
v 0.155444 0.455569 0.025484
v 0.156342 0.458442 0.025631
v 0.156754 0.461426 0.025699
v 0.156090 0.467394 0.025590
v 0.155033 0.470210 0.025416
v 0.151613 0.475116 0.024856
v 0.146791 0.478608 0.024065
v 0.149438 0.446711 0.008102
v 0.154111 0.450475 0.008356
v 0.157288 0.455569 0.008528
v 0.158196 0.458442 0.008577
v 0.158614 0.461426 0.008600
v 0.157942 0.467394 0.008563
v 0.156872 0.470210 0.008505
v 0.155347 0.472809 0.008423
v 0.153411 0.475116 0.008318
v 0.151118 0.477067 0.008193
v 0.148532 0.478608 0.008053
v 0.149438 0.446711 -0.008102
v 0.154111 0.450475 -0.008356
v 0.157288 0.455569 -0.008528
v 0.158196 0.458442 -0.008577
v 0.158614 0.461426 -0.008600
v 0.157942 0.467394 -0.008563
v 0.156872 0.470210 -0.008505
v 0.155347 0.472809 -0.008423
v 0.153411 0.475116 -0.008318
v 0.151118 0.477067 -0.008193
v 0.148532 0.478608 -0.008053
v 0.147686 0.446711 -0.024212
v 0.150151 0.448396 -0.024616
v 0.152304 0.450475 -0.024969
v 0.154085 0.452888 -0.025261
v 0.155444 0.455569 -0.025484
v 0.156342 0.458442 -0.025631
v 0.156754 0.461426 -0.025699
v 0.156090 0.467394 -0.025590
v 0.155033 0.470210 -0.025416
v 0.151613 0.475116 -0.024856
v 0.146791 0.478608 -0.024065
v 0.144203 0.446711 -0.040038
v 0.146610 0.448396 -0.040706
v 0.148712 0.450475 -0.041290
v 0.150451 0.452888 -0.041772
v 0.151777 0.455569 -0.042141
v 0.152654 0.458442 -0.042384
v 0.153057 0.461426 -0.042496
v 0.152409 0.467394 -0.042316
v 0.151376 0.470210 -0.042029
v 0.148037 0.475116 -0.041102
v 0.139029 0.446711 -0.055394
v 0.141349 0.448396 -0.056319
v 0.143376 0.450475 -0.057126
v 0.145052 0.452888 -0.057794
v 0.146331 0.455569 -0.058304
v 0.147177 0.458442 -0.058641
v 0.147565 0.461426 -0.058795
v 0.146940 0.467394 -0.058546
v 0.145944 0.470210 -0.058149
v 0.144526 0.472809 -0.057584
v 0.142725 0.475116 -0.056867
v 0.138185 0.478608 -0.055058
v 0.132224 0.446711 -0.070101
v 0.134431 0.448396 -0.071271
v 0.136359 0.450475 -0.072293
v 0.137953 0.452888 -0.073138
v 0.139170 0.455569 -0.073783
v 0.139974 0.458442 -0.074209
v 0.140343 0.461426 -0.074405
v 0.139749 0.467394 -0.074090
v 0.138802 0.470210 -0.073588
v 0.137453 0.472809 -0.072873
v 0.135740 0.475116 -0.071965
v 0.131423 0.478608 -0.069676
v 0.128939 0.479695 -0.068359
v 0.126125 0.480298 -0.066868
v 0.120793 0.479695 -0.081899
v 0.118157 0.480298 -0.080112
v 0.122447 0.480298 -0.073838
v 0.123870 0.446711 -0.083986
v 0.125938 0.448396 -0.085388
v 0.127744 0.450475 -0.086612
v 0.129237 0.452888 -0.087625
v 0.130376 0.455569 -0.088397
v 0.131130 0.458442 -0.088908
v 0.131476 0.461426 -0.089143
v 0.131405 0.464438 -0.089095
v 0.130919 0.467394 -0.088765
v 0.130032 0.470210 -0.088164
v 0.127163 0.475116 -0.086219
v 0.125263 0.477067 -0.084930
v 0.111230 0.479695 -0.094479
v 0.108808 0.480298 -0.092420
v 0.113232 0.480298 -0.087315
v 0.114063 0.446711 -0.096886
v 0.115967 0.448396 -0.098504
v 0.117630 0.450475 -0.099916
v 0.119006 0.452888 -0.101084
v 0.120055 0.455569 -0.101975
v 0.120748 0.458442 -0.102565
v 0.121067 0.461426 -0.102835
v 0.120554 0.467394 -0.102400
v 0.119737 0.470210 -0.101706
v 0.118574 0.472809 -0.100717
v 0.117096 0.475116 -0.099462
v 0.115346 0.477067 -0.097975
v 0.113372 0.478608 -0.096299
v 0.100363 0.479695 -0.105952
v 0.098186 0.480298 -0.103649
v 0.102541 0.480298 -0.099653
v 0.102920 0.446711 -0.108651
v 0.104637 0.448396 -0.110464
v 0.106138 0.450475 -0.112048
v 0.107379 0.452888 -0.113358
v 0.108326 0.455569 -0.114358
v 0.108951 0.458442 -0.115019
v 0.109239 0.461426 -0.115322
v 0.108776 0.467394 -0.114834
v 0.108039 0.470210 -0.114055
v 0.105656 0.475116 -0.111539
v 0.104076 0.477067 -0.109872
v 0.102295 0.478608 -0.107992
v 0.088319 0.479695 -0.116182
v 0.090513 0.480298 -0.110692
v 0.090569 0.446711 -0.119141
v 0.092081 0.448396 -0.121130
v 0.093401 0.450475 -0.122867
v 0.095326 0.455569 -0.125400
v 0.095877 0.458442 -0.126124
v 0.096130 0.461426 -0.126457
v 0.095723 0.467394 -0.125921
v 0.095074 0.470210 -0.125068
v 0.094150 0.472809 -0.123852
v 0.092977 0.475116 -0.122309
v 0.091587 0.477067 -0.120481
v 0.090020 0.478608 -0.118419
v 0.075240 0.479695 -0.125049
v 0.073630 0.480298 -0.122364
v 0.077305 0.480298 -0.120288
v 0.077157 0.446711 -0.128235
v 0.078444 0.448396 -0.130376
v 0.079569 0.450475 -0.132245
v 0.080500 0.452888 -0.133791
v 0.081209 0.455569 -0.134971
v 0.081679 0.458442 -0.135751
v 0.081894 0.461426 -0.136109
v 0.081547 0.467394 -0.135533
v 0.080995 0.470210 -0.134614
v 0.079208 0.475116 -0.131645
v 0.061278 0.479695 -0.132451
v 0.063089 0.480298 -0.128316
v 0.062840 0.446711 -0.135826
v 0.063889 0.448396 -0.138093
v 0.064805 0.450475 -0.140073
v 0.065562 0.452888 -0.141711
v 0.066140 0.455569 -0.142960
v 0.066523 0.458442 -0.143786
v 0.066698 0.461426 -0.144165
v 0.066416 0.467394 -0.143555
v 0.065965 0.470210 -0.142582
v 0.065324 0.472809 -0.141196
v 0.064510 0.475116 -0.139437
v 0.062459 0.478608 -0.135002
v 0.046599 0.479695 -0.138300
v 0.045622 0.480298 -0.135385
v 0.047786 0.446711 -0.141824
v 0.049280 0.450475 -0.146259
v 0.049856 0.452888 -0.147969
v 0.050296 0.455569 -0.149273
v 0.050587 0.458442 -0.150135
v 0.050720 0.461426 -0.150532
v 0.050505 0.467394 -0.149894
v 0.050163 0.470210 -0.148878
v 0.049675 0.472809 -0.147431
v 0.049056 0.475116 -0.145594
v 0.048323 0.477067 -0.143418
v 0.047496 0.478608 -0.140964
v 0.031373 0.479695 -0.142528
v 0.030723 0.480298 -0.139559
v 0.032172 0.446711 -0.146159
v 0.032709 0.448396 -0.148598
v 0.033178 0.450475 -0.150729
v 0.033566 0.452888 -0.152492
v 0.033862 0.455569 -0.153836
v 0.034057 0.458442 -0.154725
v 0.034147 0.461426 -0.155133
v 0.034003 0.467394 -0.154476
v 0.033772 0.470210 -0.153429
v 0.033444 0.472809 -0.151938
v 0.033027 0.475116 -0.150045
v 0.032534 0.477067 -0.147802
v 0.031977 0.478608 -0.145273
v 0.015779 0.479695 -0.145084
v 0.015457 0.480298 -0.142103
v 0.016181 0.446711 -0.148780
v 0.016687 0.450475 -0.153433
v 0.017031 0.455569 -0.156595
v 0.017129 0.458442 -0.157500
v 0.017174 0.461426 -0.157916
v 0.017102 0.467394 -0.157247
v 0.016986 0.470210 -0.156181
v 0.016611 0.475116 -0.152736
v 0.016363 0.477067 -0.150453
v 0.057373 0.540000 -0.030111
v 0.059035 0.540000 -0.026960
v 0.064131 0.528398 -0.029288
v 0.060586 0.540000 -0.022976
v 0.061723 0.540000 -0.020055
v 0.067051 0.528398 -0.021786
v 0.062919 0.540000 -0.015507
v 0.063607 0.540000 -0.012888
v 0.069098 0.528398 -0.014001
v 0.064337 0.540000 -0.007810
v 0.064662 0.540000 -0.005554
v 0.070243 0.528398 -0.006033
v 0.064821 0.540000 0.000002
v 0.070473 0.528398 0.002013
v 0.064361 0.540000 0.007817
v 0.069784 0.528398 0.010033
v 0.062966 0.540000 0.015522
v 0.068186 0.528398 0.017923
v 0.048552 0.540000 0.043011
v 0.043884 0.540000 0.047814
v 0.047672 0.528398 0.051942
v 0.038147 0.540000 0.052505
v 0.041440 0.528398 0.057037
v 0.036829 0.540000 0.053352
v 0.031913 0.540000 0.056511
v 0.034668 0.528398 0.061389
v 0.025264 0.540000 0.059781
v 0.027444 0.528398 0.064941
v 0.018284 0.540000 0.062271
v 0.019863 0.528398 0.067646
v 0.015509 0.540000 0.062916
v 0.011067 0.540000 0.063949
v 0.012022 0.528398 0.069469
v 0.007811 0.540000 0.064323
v 0.003705 0.540000 0.064794
v 0.004025 0.528398 0.070387
v 0.000000 0.540000 0.064794
v -0.003705 0.540000 0.064794
v -0.004025 0.528398 0.070387
v -0.007811 0.540000 0.064323
v -0.011067 0.540000 0.063949
v -0.012022 0.528398 0.069469
v -0.015509 0.540000 0.062916
v -0.018284 0.540000 0.062271
v -0.019863 0.528398 0.067646
v -0.022983 0.540000 0.060595
v -0.027444 0.528398 0.064941
v -0.030124 0.540000 0.057391
v -0.034668 0.528398 0.061389
v -0.036829 0.540000 0.053352
v -0.038147 0.540000 0.052505
v -0.041440 0.528398 0.057037
v -0.043002 0.540000 0.048536
v -0.047672 0.528398 0.051942
v -0.048552 0.540000 0.043011
v -0.053282 0.528398 0.046169
v -0.062966 0.540000 0.015522
v -0.064239 0.540000 0.009236
v -0.069784 0.528398 0.010033
v -0.064873 0.540000 0.001853
v -0.070473 0.528398 0.002013
v -0.064662 0.540000 -0.005554
v -0.070243 0.528398 -0.006033
v -0.064337 0.540000 -0.007810
v -0.063607 0.540000 -0.012888
v -0.069098 0.528398 -0.014001
v -0.062919 0.540000 -0.015507
v -0.061723 0.540000 -0.020055
v -0.067051 0.528398 -0.021786
v -0.060586 0.540000 -0.022976
v -0.059035 0.540000 -0.026960
v -0.064131 0.528398 -0.029288
v -0.057373 0.540000 -0.030111
v -0.060374 0.528398 -0.036407
v -0.053325 0.540000 -0.036808
v -0.051394 0.540000 -0.039631
v -0.055831 0.528398 -0.043052
v -0.048501 0.540000 -0.042970
v -0.050559 0.528398 -0.049135
v -0.042972 0.540000 -0.048508
v -0.041082 0.540000 -0.050242
v -0.044629 0.528398 -0.054578
v -0.036816 0.540000 -0.053341
v -0.035088 0.540000 -0.054597
v -0.038116 0.528398 -0.059310
v -0.030124 0.540000 -0.057401
v -0.028635 0.540000 -0.058241
v -0.031107 0.528398 -0.063268
v -0.022990 0.540000 -0.060627
v -0.023692 0.528398 -0.066402
v 0.128996 0.482662 0.018547
v 0.130269 0.482662 0.003721
v 0.118037 0.486694 0.003372
v 0.000000 0.482662 -0.130322
v 0.126040 0.482662 0.033130
v 0.121442 0.482662 0.047282
v 0.115261 0.482662 0.060817
v 0.107577 0.482662 0.073559
v 0.098491 0.482662 0.085343
v 0.088120 0.482662 0.096014
v 0.076601 0.482662 0.105433
v 0.064084 0.482662 0.113477
v 0.050730 0.482662 0.120043
v 0.036716 0.482662 0.125043
v 0.022223 0.482662 0.128413
v 0.007440 0.482662 0.130109
v -0.007440 0.482662 0.130109
v -0.022223 0.482662 0.128413
v -0.036716 0.482662 0.125043
v -0.050730 0.482662 0.120043
v -0.064084 0.482662 0.113477
v -0.076601 0.482662 0.105433
v -0.088120 0.482662 0.096014
v -0.098491 0.482662 0.085343
v -0.107577 0.482662 0.073559
v -0.121442 0.482662 0.047282
v -0.126040 0.482662 0.033130
v -0.128995 0.482662 0.018547
v -0.130269 0.482662 0.003721
v -0.129844 0.482662 -0.011152
v -0.127726 0.482662 -0.025881
v -0.123944 0.482662 -0.040272
v -0.118545 0.482662 -0.054138
v -0.111601 0.482662 -0.067298
v -0.103202 0.482662 -0.079581
v -0.093458 0.482662 -0.090826
v -0.082495 0.482662 -0.100888
v -0.070457 0.482662 -0.109634
v -0.057501 0.482662 -0.116951
v -0.043795 0.482662 -0.122743
v -0.029517 0.482662 -0.126935
v -0.014856 0.482662 -0.129473
v -0.115261 0.482662 0.060817
v 0.129844 0.482662 -0.011152
v 0.127726 0.482662 -0.025881
v 0.123944 0.482662 -0.040272
v 0.118545 0.482662 -0.054138
v 0.111601 0.482662 -0.067298
v 0.103202 0.482662 -0.079581
v 0.093458 0.482662 -0.090826
v 0.082495 0.482662 -0.100888
v 0.070457 0.482662 -0.109634
v 0.057501 0.482662 -0.116951
v 0.043795 0.482662 -0.122743
v 0.029518 0.482662 -0.126935
v 0.014856 0.482662 -0.129473
v 0.106105 0.492322 -0.009113
v 0.117652 0.486694 -0.010105
v 0.093853 0.499446 -0.019017
v 0.104375 0.492322 -0.021149
v 0.115733 0.486694 -0.023451
v 0.081859 0.507938 -0.026598
v 0.091074 0.499446 -0.029592
v 0.101284 0.492322 -0.032909
v 0.112306 0.486694 -0.036490
v 0.070589 0.517646 -0.032237
v 0.078293 0.507938 -0.035755
v 0.087107 0.499446 -0.039780
v 0.096872 0.492322 -0.044240
v 0.107414 0.486694 -0.049054
v -0.008846 0.517646 -0.077096
v 0.000000 0.517646 -0.077601
v 0.000000 0.507938 -0.086071
v 0.060374 0.528398 -0.036407
v 0.066454 0.517646 -0.040073
v 0.073707 0.507938 -0.044447
v 0.082004 0.499446 -0.049450
v 0.091198 0.492322 -0.054994
v 0.101122 0.486694 -0.060979
v 0.000000 0.528398 -0.070502
v -0.008037 0.528398 -0.070042
v -0.015968 0.528398 -0.068670
v -0.112306 0.486694 -0.036490
v -0.115733 0.486694 -0.023451
v -0.104375 0.492322 -0.021149
v -0.106105 0.492322 -0.009113
v -0.095409 0.499446 -0.008195
v -0.095721 0.499446 0.002735
v -0.086036 0.507938 0.002458
v -0.085195 0.507938 0.012249
v -0.076811 0.517646 0.011044
v -0.075052 0.517646 0.019728
v -0.068186 0.528398 0.017923
v -0.065698 0.528398 0.025579
v -0.117652 0.486694 -0.010105
v -0.118037 0.486694 0.003372
v -0.106452 0.492322 0.003041
v -0.105412 0.492322 0.015156
v -0.094786 0.499446 0.013628
v -0.092615 0.499446 0.024344
v -0.083244 0.507938 0.021881
v -0.080207 0.507938 0.031227
v -0.072314 0.517646 0.028154
v -0.068633 0.517646 0.036214
v -0.062354 0.528398 0.032901
v -0.058197 0.528398 0.039794
v -0.053573 0.540000 0.036632
v -0.053399 0.540000 0.036858
v 0.033268 0.486694 0.113302
v 0.045967 0.486694 0.108771
v 0.041456 0.492322 0.098096
v 0.052368 0.492322 0.092731
v 0.047089 0.499446 0.083383
v 0.056287 0.499446 0.077472
v 0.050591 0.507938 0.069633
v 0.058199 0.507938 0.063412
v 0.052472 0.517646 0.057172
v 0.058647 0.517646 0.050818
v 0.053282 0.528398 0.046169
v 0.058197 0.528398 0.039794
v 0.058066 0.486694 0.102822
v 0.069409 0.486694 0.095533
v 0.062597 0.492322 0.086157
v 0.072010 0.492322 0.078460
v 0.064751 0.499446 0.070551
v 0.072371 0.499446 0.062710
v 0.065048 0.507938 0.056365
v 0.071049 0.507938 0.048582
v 0.064058 0.517646 0.043802
v 0.068633 0.517646 0.036214
v 0.062354 0.528398 0.032901
v 0.065698 0.528398 0.025579
v 0.060478 0.540000 0.023546
v 0.000000 0.540000 -0.064900
v -0.007398 0.540000 -0.064477
v -0.014700 0.540000 -0.063213
v -0.017576 0.517646 -0.075585
v -0.009811 0.507938 -0.085510
v 0.000000 0.499446 -0.095761
v -0.026078 0.517646 -0.073088
v -0.019495 0.507938 -0.083835
v -0.010916 0.499446 -0.095136
v 0.000000 0.492322 -0.106496
v -0.034239 0.517646 -0.069639
v -0.028924 0.507938 -0.081066
v -0.021689 0.499446 -0.093272
v -0.012140 0.492322 -0.105802
v 0.000000 0.486694 -0.118085
v -0.041954 0.517646 -0.065282
v -0.037976 0.507938 -0.077240
v -0.032180 0.499446 -0.090192
v -0.024121 0.492322 -0.103728
v -0.013461 0.486694 -0.117316
v -0.049123 0.517646 -0.060074
v -0.046534 0.507938 -0.072408
v -0.042252 0.499446 -0.085935
v -0.035788 0.492322 -0.100302
v -0.026746 0.486694 -0.115017
v -0.055650 0.517646 -0.054083
v -0.054484 0.507938 -0.066631
v -0.051772 0.499446 -0.080559
v -0.046988 0.492322 -0.095569
v -0.039683 0.486694 -0.111218
v -0.061453 0.517646 -0.047387
v -0.061725 0.507938 -0.059986
v -0.060618 0.499446 -0.074132
v -0.057576 0.492322 -0.089590
v -0.052102 0.486694 -0.105970
v -0.066454 0.517646 -0.040073
v -0.068160 0.507938 -0.052559
v -0.068673 0.499446 -0.066739
v -0.067413 0.492322 -0.082443
v -0.063842 0.486694 -0.099340
v -0.070589 0.517646 -0.032237
v -0.073707 0.507938 -0.044447
v -0.075833 0.499446 -0.058476
v -0.076372 0.492322 -0.074221
v -0.074749 0.486694 -0.091415
v -0.073803 0.517646 -0.023980
v -0.078293 0.507938 -0.035755
v -0.082004 0.499446 -0.049450
v -0.084334 0.492322 -0.065031
v -0.084683 0.486694 -0.082298
v -0.076056 0.517646 -0.015411
v -0.081859 0.507938 -0.026598
v -0.087107 0.499446 -0.039780
v -0.091198 0.492322 -0.054994
v -0.093512 0.486694 -0.072109
v -0.077317 0.517646 -0.006641
v -0.084357 0.507938 -0.017093
v -0.091074 0.499446 -0.029592
v -0.096872 0.492322 -0.044240
v -0.101122 0.486694 -0.060979
v -0.077570 0.517646 0.002216
v -0.085756 0.507938 -0.007366
v -0.093853 0.499446 -0.019017
v -0.101284 0.492322 -0.032909
v -0.107414 0.486694 -0.049054
v -0.057400 0.540000 0.030287
v -0.060478 0.540000 0.023546
v -0.064058 0.517646 0.043802
v -0.076124 0.507938 0.040167
v -0.089236 0.499446 0.034743
v -0.102997 0.492322 0.027073
v -0.116883 0.486694 0.016805
v -0.058647 0.517646 0.050818
v -0.071049 0.507938 0.048582
v -0.084694 0.499446 0.044688
v -0.099240 0.492322 0.038638
v -0.114206 0.486694 0.030019
v -0.052472 0.517646 0.057172
v -0.065048 0.507938 0.056365
v -0.079048 0.499446 0.054051
v -0.094188 0.492322 0.049698
v -0.110039 0.486694 0.042842
v -0.045613 0.517646 0.062781
v -0.058199 0.507938 0.063412
v -0.072371 0.499446 0.062710
v -0.087909 0.492322 0.060111
v -0.104439 0.486694 0.055107
v -0.038159 0.517646 0.067571
v -0.050591 0.507938 0.069633
v -0.064751 0.499446 0.070551
v -0.080484 0.492322 0.069740
v -0.097476 0.486694 0.066652
v -0.030208 0.517646 0.071480
v -0.042324 0.507938 0.074946
v -0.056287 0.499446 0.077472
v -0.072010 0.492322 0.078460
v -0.089243 0.486694 0.077329
v -0.021863 0.517646 0.074458
v -0.033505 0.507938 0.079282
v -0.047089 0.499446 0.083383
v -0.062597 0.492322 0.086157
v -0.079846 0.486694 0.086998
v -0.013233 0.517646 0.076465
v -0.024249 0.507938 0.082585
v -0.037277 0.499446 0.088207
v -0.052368 0.492322 0.092731
v -0.069409 0.486694 0.095533
v -0.004430 0.517646 0.077475
v -0.014677 0.507938 0.084811
v -0.026979 0.499446 0.091882
v -0.041456 0.492322 0.098096
v -0.058066 0.486694 0.102822
v 0.004430 0.517646 0.077475
v -0.004914 0.507938 0.085931
v -0.016329 0.499446 0.094358
v -0.030003 0.492322 0.102182
v -0.045967 0.486694 0.108771
v 0.013233 0.517646 0.076465
v 0.004914 0.507938 0.085931
v -0.005467 0.499446 0.095604
v -0.018160 0.492322 0.104936
v -0.033268 0.486694 0.113302
v 0.021863 0.517646 0.074458
v 0.014677 0.507938 0.084811
v 0.005467 0.499446 0.095604
v -0.006080 0.492322 0.106322
v -0.020136 0.486694 0.116356
v 0.030208 0.517646 0.071480
v 0.024249 0.507938 0.082585
v 0.016329 0.499446 0.094358
v 0.006080 0.492322 0.106322
v -0.006741 0.486694 0.117893
v 0.038159 0.517646 0.067571
v 0.033505 0.507938 0.079282
v 0.026979 0.499446 0.091882
v 0.018160 0.492322 0.104936
v 0.006741 0.486694 0.117893
v 0.045613 0.517646 0.062781
v 0.042324 0.507938 0.074946
v 0.037277 0.499446 0.088207
v 0.030003 0.492322 0.102182
v 0.020136 0.486694 0.116356
v 0.057400 0.540000 0.030287
v 0.053573 0.540000 0.036632
v 0.053399 0.540000 0.036858
v 0.072314 0.517646 0.028154
v 0.076124 0.507938 0.040167
v 0.079048 0.499446 0.054051
v 0.080484 0.492322 0.069740
v 0.079846 0.486694 0.086998
v 0.075052 0.517646 0.019728
v 0.080207 0.507938 0.031227
v 0.084694 0.499446 0.044688
v 0.087909 0.492322 0.060111
v 0.089243 0.486694 0.077329
v 0.076811 0.517646 0.011044
v 0.083244 0.507938 0.021881
v 0.089236 0.499446 0.034743
v 0.094188 0.492322 0.049698
v 0.097476 0.486694 0.066652
v 0.077570 0.517646 0.002216
v 0.085195 0.507938 0.012249
v 0.092615 0.499446 0.024344
v 0.099240 0.492322 0.038638
v 0.104439 0.486694 0.055107
v 0.077317 0.517646 -0.006641
v 0.086036 0.507938 0.002458
v 0.094786 0.499446 0.013628
v 0.102997 0.492322 0.027073
v 0.110039 0.486694 0.042842
v 0.076056 0.517646 -0.015411
v 0.085756 0.507938 -0.007366
v 0.095722 0.499446 0.002735
v 0.105412 0.492322 0.015156
v 0.114206 0.486694 0.030019
v 0.073803 0.517646 -0.023980
v 0.084357 0.507938 -0.017093
v 0.095409 0.499446 -0.008195
v 0.106452 0.492322 0.003041
v 0.116883 0.486694 0.016805
v 0.055831 0.528398 -0.043052
v 0.051394 0.540000 -0.039631
v 0.053325 0.540000 -0.036808
v 0.093512 0.486694 -0.072109
v 0.084334 0.492322 -0.065031
v 0.075833 0.499446 -0.058476
v 0.068160 0.507938 -0.052559
v 0.061453 0.517646 -0.047387
v 0.050559 0.528398 -0.049135
v 0.046542 0.540000 -0.045231
v 0.084683 0.486694 -0.082298
v 0.076372 0.492322 -0.074221
v 0.068673 0.499446 -0.066739
v 0.061725 0.507938 -0.059986
v 0.055650 0.517646 -0.054083
v 0.044629 0.528398 -0.054578
v 0.041082 0.540000 -0.050242
v 0.042972 0.540000 -0.048508
v 0.074749 0.486694 -0.091415
v 0.067413 0.492322 -0.082443
v 0.060618 0.499446 -0.074132
v 0.054484 0.507938 -0.066631
v 0.049123 0.517646 -0.060074
v 0.038116 0.528398 -0.059310
v 0.035088 0.540000 -0.054597
v 0.036816 0.540000 -0.053341
v 0.063842 0.486694 -0.099340
v 0.057576 0.492322 -0.089590
v 0.051772 0.499446 -0.080559
v 0.046534 0.507938 -0.072408
v 0.041954 0.517646 -0.065282
v 0.031107 0.528398 -0.063268
v 0.028635 0.540000 -0.058241
v 0.030124 0.540000 -0.057401
v 0.052102 0.486694 -0.105970
v 0.046988 0.492322 -0.095569
v 0.042252 0.499446 -0.085935
v 0.037976 0.507938 -0.077240
v 0.034239 0.517646 -0.069639
v 0.023692 0.528398 -0.066402
v 0.021810 0.540000 -0.061126
v 0.039683 0.486694 -0.111218
v 0.035788 0.492322 -0.100302
v 0.032180 0.499446 -0.090192
v 0.028924 0.507938 -0.081066
v 0.026078 0.517646 -0.073088
v 0.015968 0.528398 -0.068670
v 0.014700 0.540000 -0.063213
v 0.026746 0.486694 -0.115017
v 0.024121 0.492322 -0.103728
v 0.021689 0.499446 -0.093272
v 0.019495 0.507938 -0.083835
v 0.017576 0.517646 -0.075585
v 0.008037 0.528398 -0.070042
v 0.007398 0.540000 -0.064477
v 0.013461 0.486694 -0.117316
v 0.012140 0.492322 -0.105802
v 0.010916 0.499446 -0.095136
v 0.009811 0.507938 -0.085510
v 0.008846 0.517646 -0.077096
v 0.003556 0.773121 -0.014427
v 0.001791 0.773121 -0.014751
v 0.000000 0.774000 0.000000
v 0.006905 0.773121 -0.013157
v 0.011122 0.773121 -0.009853
v 0.013893 0.773121 -0.005269
v 0.014751 0.773121 -0.001791
v 0.014427 0.773121 0.003556
v 0.013157 0.773121 0.006905
v 0.009853 0.773121 0.011122
v 0.005269 0.773121 0.013893
v 0.001791 0.773121 0.014751
v -0.003556 0.773121 0.014427
v -0.006905 0.773121 0.013157
v -0.011122 0.773121 0.009853
v -0.013893 0.773121 0.005269
v -0.014751 0.773121 0.001791
v -0.014427 0.773121 -0.003556
v -0.013157 0.773121 -0.006905
v -0.009853 0.773121 -0.011122
v -0.005269 0.773121 -0.013893
v -0.018471 0.548407 -0.074941
v -0.009303 0.548407 -0.076621
v -0.027370 0.548407 -0.072168
v -0.035869 0.548407 -0.068343
v -0.043845 0.548407 -0.063521
v -0.051182 0.548407 -0.057773
v -0.057773 0.548407 -0.051182
v -0.063521 0.548407 -0.043845
v -0.068343 0.548407 -0.035869
v -0.072168 0.548407 -0.027370
v -0.074941 0.548407 -0.018471
v -0.076621 0.548407 -0.009303
v -0.077183 0.548407 0.000000
v -0.076621 0.548407 0.009303
v -0.074941 0.548407 0.018471
v -0.072168 0.548407 0.027370
v -0.068343 0.548407 0.035869
v -0.063521 0.548407 0.043845
v -0.057773 0.548407 0.051182
v -0.051182 0.548407 0.057773
v -0.043845 0.548407 0.063521
v -0.035869 0.548407 0.068343
v -0.027370 0.548407 0.072168
v -0.018471 0.548407 0.074941
v -0.009303 0.548407 0.076621
v 0.000000 0.548407 0.077183
v 0.009303 0.548407 0.076621
v 0.018471 0.548407 0.074941
v 0.027370 0.548407 0.072168
v 0.035869 0.548407 0.068343
v 0.043845 0.548407 0.063521
v 0.051182 0.548407 0.057773
v 0.057773 0.548407 0.051182
v 0.063521 0.548407 0.043845
v 0.068343 0.548407 0.035869
v 0.072168 0.548407 0.027370
v 0.074941 0.548407 0.018471
v 0.076621 0.548407 0.009303
v 0.077183 0.548407 0.000000
v 0.076621 0.548407 -0.009303
v 0.074941 0.548407 -0.018471
v 0.072168 0.548407 -0.027370
v 0.068343 0.548407 -0.035869
v 0.063521 0.548407 -0.043845
v 0.057773 0.548407 -0.051182
v 0.051182 0.548407 -0.057773
v 0.043845 0.548407 -0.063521
v 0.035869 0.548407 -0.068343
v 0.027370 0.548407 -0.072168
v 0.018471 0.548407 -0.074941
v 0.009303 0.548407 -0.076621
v 0.000000 0.548407 -0.077183
v 0.010654 0.558204 -0.087745
v 0.021153 0.558204 -0.085821
v 0.031343 0.558204 -0.082646
v 0.041077 0.558204 -0.078265
v 0.050211 0.558204 -0.072743
v 0.058613 0.558204 -0.066161
v 0.066161 0.558204 -0.058613
v 0.072743 0.558204 -0.050211
v 0.078265 0.558204 -0.041077
v 0.082646 0.558204 -0.031343
v 0.085821 0.558204 -0.021153
v 0.087745 0.558204 -0.010654
v 0.088390 0.558204 0.000000
v 0.087745 0.558204 0.010654
v 0.085821 0.558204 0.021153
v 0.082646 0.558204 0.031343
v 0.078265 0.558204 0.041077
v 0.072743 0.558204 0.050211
v 0.066161 0.558204 0.058613
v 0.058613 0.558204 0.066161
v 0.050211 0.558204 0.072743
v 0.041077 0.558204 0.078265
v 0.031343 0.558204 0.082646
v 0.021153 0.558204 0.085821
v 0.010654 0.558204 0.087745
v 0.000000 0.558204 0.088390
v -0.010654 0.558204 0.087745
v -0.021153 0.558204 0.085821
v -0.031343 0.558204 0.082646
v -0.041077 0.558204 0.078265
v -0.050211 0.558204 0.072743
v -0.058613 0.558204 0.066161
v -0.066161 0.558204 0.058613
v -0.072743 0.558204 0.050211
v -0.078265 0.558204 0.041077
v -0.082646 0.558204 0.031343
v -0.085821 0.558204 0.021153
v -0.087745 0.558204 0.010654
v -0.088390 0.558204 0.000000
v -0.087745 0.558204 -0.010654
v -0.085821 0.558204 -0.021153
v -0.082646 0.558204 -0.031343
v -0.078265 0.558204 -0.041077
v -0.072743 0.558204 -0.050211
v -0.066161 0.558204 -0.058613
v -0.058613 0.558204 -0.066161
v -0.050211 0.558204 -0.072743
v -0.041077 0.558204 -0.078265
v -0.031343 0.558204 -0.082646
v -0.021153 0.558204 -0.085821
v -0.010654 0.558204 -0.087745
v 0.000000 0.558204 -0.088390
v 0.011856 0.569255 -0.097645
v 0.023540 0.569255 -0.095504
v 0.034880 0.569255 -0.091970
v 0.045711 0.569255 -0.087096
v 0.055876 0.569255 -0.080951
v 0.065226 0.569255 -0.073625
v 0.073625 0.569255 -0.065226
v 0.080951 0.569255 -0.055876
v 0.087096 0.569255 -0.045711
v 0.091971 0.569255 -0.034880
v 0.095504 0.569255 -0.023540
v 0.097645 0.569255 -0.011856
v 0.098362 0.569255 0.000000
v 0.097645 0.569255 0.011856
v 0.095504 0.569255 0.023540
v 0.091971 0.569255 0.034880
v 0.087096 0.569255 0.045711
v 0.080951 0.569255 0.055876
v 0.073625 0.569255 0.065226
v 0.065226 0.569255 0.073625
v 0.055876 0.569255 0.080951
v 0.045711 0.569255 0.087096
v 0.034880 0.569255 0.091971
v 0.023540 0.569255 0.095504
v 0.011856 0.569255 0.097645
v 0.000000 0.569255 0.098362
v -0.011856 0.569255 0.097645
v -0.023540 0.569255 0.095504
v -0.034880 0.569255 0.091971
v -0.045711 0.569255 0.087096
v -0.055876 0.569255 0.080951
v -0.065226 0.569255 0.073625
v -0.073625 0.569255 0.065226
v -0.080951 0.569255 0.055876
v -0.087096 0.569255 0.045711
v -0.091970 0.569255 0.034880
v -0.095504 0.569255 0.023540
v -0.097645 0.569255 0.011856
v -0.098362 0.569255 0.000000
v -0.097645 0.569255 -0.011856
v -0.095504 0.569255 -0.023540
v -0.091970 0.569255 -0.034880
v -0.087096 0.569255 -0.045711
v -0.080951 0.569255 -0.055876
v -0.073625 0.569255 -0.065226
v -0.065226 0.569255 -0.073625
v -0.055876 0.569255 -0.080951
v -0.045711 0.569255 -0.087096
v -0.034880 0.569255 -0.091970
v -0.023540 0.569255 -0.095504
v -0.011856 0.569255 -0.097645
v 0.000000 0.569255 -0.098362
v 0.012893 0.581404 -0.106183
v 0.025598 0.581404 -0.103854
v 0.037929 0.581404 -0.100012
v 0.049708 0.581404 -0.094711
v 0.060762 0.581404 -0.088028
v 0.070929 0.581404 -0.080063
v 0.080063 0.581404 -0.070929
v 0.088028 0.581404 -0.060762
v 0.094711 0.581404 -0.049708
v 0.100012 0.581404 -0.037929
v 0.103854 0.581404 -0.025598
v 0.106183 0.581404 -0.012893
v 0.106962 0.581404 0.000000
v 0.106183 0.581404 0.012893
v 0.103854 0.581404 0.025598
v 0.100012 0.581404 0.037929
v 0.094711 0.581404 0.049708
v 0.088028 0.581404 0.060762
v 0.080063 0.581404 0.070929
v 0.070929 0.581404 0.080063
v 0.060762 0.581404 0.088028
v 0.049708 0.581404 0.094711
v 0.037929 0.581404 0.100012
v 0.025598 0.581404 0.103854
v 0.012893 0.581404 0.106183
v 0.000000 0.581404 0.106962
v -0.012893 0.581404 0.106183
v -0.025598 0.581404 0.103854
v -0.037929 0.581404 0.100012
v -0.049708 0.581404 0.094711
v -0.060762 0.581404 0.088028
v -0.070929 0.581404 0.080063
v -0.080063 0.581404 0.070929
v -0.088028 0.581404 0.060762
v -0.094711 0.581404 0.049708
v -0.100012 0.581404 0.037929
v -0.103854 0.581404 0.025598
v -0.106183 0.581404 0.012893
v -0.106962 0.581404 0.000000
v -0.106183 0.581404 -0.012893
v -0.103854 0.581404 -0.025598
v -0.100012 0.581404 -0.037929
v -0.094711 0.581404 -0.049708
v -0.088028 0.581404 -0.060762
v -0.080063 0.581404 -0.070929
v -0.070929 0.581404 -0.080063
v -0.060762 0.581404 -0.088028
v -0.049708 0.581404 -0.094711
v -0.037929 0.581404 -0.100012
v -0.025598 0.581404 -0.103854
v -0.012893 0.581404 -0.106183
v 0.000000 0.581404 -0.106962
v 0.013750 0.594483 -0.113238
v 0.027299 0.594483 -0.110755
v 0.040450 0.594483 -0.106657
v 0.053011 0.594483 -0.101004
v 0.064799 0.594483 -0.093878
v 0.075642 0.594483 -0.085382
v 0.085382 0.594483 -0.075642
v 0.093878 0.594483 -0.064799
v 0.101004 0.594483 -0.053011
v 0.106657 0.594483 -0.040450
v 0.110755 0.594483 -0.027299
v 0.113238 0.594483 -0.013750
v 0.114070 0.594483 0.000000
v 0.113238 0.594483 0.013750
v 0.110755 0.594483 0.027299
v 0.106657 0.594483 0.040450
v 0.101004 0.594483 0.053011
v 0.093878 0.594483 0.064799
v 0.085382 0.594483 0.075642
v 0.075642 0.594483 0.085382
v 0.064799 0.594483 0.093878
v 0.053011 0.594483 0.101004
v 0.040450 0.594483 0.106657
v 0.027299 0.594483 0.110755
v 0.013750 0.594483 0.113238
v 0.000000 0.594483 0.114070
v -0.013750 0.594483 0.113238
v -0.027299 0.594483 0.110755
v -0.040450 0.594483 0.106657
v -0.053011 0.594483 0.101004
v -0.064799 0.594483 0.093878
v -0.075642 0.594483 0.085382
v -0.085382 0.594483 0.075642
v -0.093878 0.594483 0.064799
v -0.101004 0.594483 0.053011
v -0.106657 0.594483 0.040450
v -0.110755 0.594483 0.027299
v -0.113238 0.594483 0.013750
v -0.114070 0.594483 0.000000
v -0.113238 0.594483 -0.013750
v -0.110755 0.594483 -0.027299
v -0.106657 0.594483 -0.040450
v -0.101004 0.594483 -0.053011
v -0.093878 0.594483 -0.064799
v -0.085382 0.594483 -0.075642
v -0.075642 0.594483 -0.085382
v -0.064799 0.594483 -0.093878
v -0.053011 0.594483 -0.101004
v -0.040450 0.594483 -0.106657
v -0.027299 0.594483 -0.110755
v -0.013750 0.594483 -0.113238
v 0.000000 0.594483 -0.114070
v 0.014414 0.608308 -0.118713
v 0.028619 0.608308 -0.116110
v 0.042405 0.608308 -0.111814
v 0.055574 0.608308 -0.105887
v 0.067932 0.608308 -0.098416
v 0.079300 0.608308 -0.089511
v 0.089511 0.608308 -0.079299
v 0.098416 0.608308 -0.067932
v 0.105887 0.608308 -0.055574
v 0.111814 0.608308 -0.042405
v 0.116110 0.608308 -0.028619
v 0.118713 0.608308 -0.014414
v 0.119585 0.608308 0.000000
v 0.118713 0.608308 0.014414
v 0.116110 0.608308 0.028619
v 0.111814 0.608308 0.042405
v 0.105887 0.608308 0.055574
v 0.098416 0.608308 0.067932
v 0.089511 0.608308 0.079300
v 0.079300 0.608308 0.089511
v 0.067932 0.608308 0.098416
v 0.055574 0.608308 0.105887
v 0.042405 0.608308 0.111814
v 0.028619 0.608308 0.116110
v 0.014414 0.608308 0.118713
v 0.000000 0.608308 0.119585
v -0.014414 0.608308 0.118713
v -0.028619 0.608308 0.116110
v -0.042405 0.608308 0.111814
v -0.055574 0.608308 0.105887
v -0.067932 0.608308 0.098416
v -0.079299 0.608308 0.089511
v -0.089511 0.608308 0.079300
v -0.098416 0.608308 0.067932
v -0.105887 0.608308 0.055574
v -0.111814 0.608308 0.042405
v -0.116110 0.608308 0.028619
v -0.118713 0.608308 0.014414
v -0.119585 0.608308 0.000000
v -0.118713 0.608308 -0.014414
v -0.116110 0.608308 -0.028619
v -0.111814 0.608308 -0.042405
v -0.105887 0.608308 -0.055574
v -0.098416 0.608308 -0.067932
v -0.089511 0.608308 -0.079299
v -0.079299 0.608308 -0.089511
v -0.067932 0.608308 -0.098416
v -0.055574 0.608308 -0.105887
v -0.042405 0.608308 -0.111814
v -0.028619 0.608308 -0.116110
v -0.014414 0.608308 -0.118713
v 0.000000 0.608308 -0.119585
v 0.014878 0.622688 -0.122531
v 0.029539 0.622688 -0.119845
v 0.043769 0.622688 -0.115410
v 0.057361 0.622688 -0.109293
v 0.070117 0.622688 -0.101582
v 0.081850 0.622688 -0.092390
v 0.092390 0.622688 -0.081850
v 0.101582 0.622688 -0.070117
v 0.109293 0.622688 -0.057361
v 0.115410 0.622688 -0.043769
v 0.119845 0.622688 -0.029539
v 0.122531 0.622688 -0.014878
v 0.123431 0.622688 0.000000
v 0.122531 0.622688 0.014878
v 0.119845 0.622688 0.029539
v 0.115410 0.622688 0.043769
v 0.109293 0.622688 0.057361
v 0.101582 0.622688 0.070117
v 0.092390 0.622688 0.081850
v 0.081850 0.622688 0.092390
v 0.070117 0.622688 0.101582
v 0.057361 0.622688 0.109293
v 0.043769 0.622688 0.115410
v 0.029539 0.622688 0.119845
v 0.014878 0.622688 0.122531
v 0.000000 0.622688 0.123431
v -0.014878 0.622688 0.122531
v -0.029539 0.622688 0.119845
v -0.043769 0.622688 0.115410
v -0.057361 0.622688 0.109293
v -0.070117 0.622688 0.101582
v -0.081850 0.622688 0.092390
v -0.092390 0.622688 0.081850
v -0.101582 0.622688 0.070117
v -0.109293 0.622688 0.057361
v -0.115410 0.622688 0.043769
v -0.119845 0.622688 0.029539
v -0.122531 0.622688 0.014878
v -0.123431 0.622688 0.000000
v -0.122531 0.622688 -0.014878
v -0.119845 0.622688 -0.029539
v -0.115410 0.622688 -0.043769
v -0.109293 0.622688 -0.057361
v -0.101582 0.622688 -0.070117
v -0.092390 0.622688 -0.081850
v -0.081850 0.622688 -0.092390
v -0.070117 0.622688 -0.101582
v -0.057361 0.622688 -0.109293
v -0.043769 0.622688 -0.115410
v -0.029539 0.622688 -0.119845
v -0.014878 0.622688 -0.122531
v 0.000000 0.622688 -0.123431
v 0.015134 0.637421 -0.124640
v 0.030047 0.637421 -0.121907
v 0.044522 0.637421 -0.117396
v 0.058348 0.637421 -0.111173
v 0.071323 0.637421 -0.103330
v 0.083258 0.637421 -0.093979
v 0.093979 0.637421 -0.083258
v 0.103330 0.637421 -0.071323
v 0.111174 0.637421 -0.058348
v 0.117396 0.637421 -0.044522
v 0.121907 0.637421 -0.030047
v 0.124640 0.637421 -0.015134
v 0.125555 0.637421 0.000000
v 0.124640 0.637421 0.015134
v 0.121907 0.637421 0.030047
v 0.117396 0.637421 0.044522
v 0.111174 0.637421 0.058348
v 0.103330 0.637421 0.071323
v 0.093979 0.637421 0.083258
v 0.083258 0.637421 0.093979
v 0.071323 0.637421 0.103330
v 0.058348 0.637421 0.111174
v 0.044522 0.637421 0.117396
v 0.030047 0.637421 0.121907
v 0.015134 0.637421 0.124640
v 0.000000 0.637421 0.125555
v -0.015134 0.637421 0.124640
v -0.030047 0.637421 0.121907
v -0.044522 0.637421 0.117396
v -0.058348 0.637421 0.111174
v -0.071323 0.637421 0.103330
v -0.083258 0.637421 0.093979
v -0.093979 0.637421 0.083258
v -0.103330 0.637421 0.071323
v -0.111173 0.637421 0.058348
v -0.117396 0.637421 0.044522
v -0.121907 0.637421 0.030047
v -0.124640 0.637421 0.015134
v -0.125555 0.637421 0.000000
v -0.124640 0.637421 -0.015134
v -0.121907 0.637421 -0.030047
v -0.117396 0.637421 -0.044522
v -0.111173 0.637421 -0.058348
v -0.103330 0.637421 -0.071323
v -0.093979 0.637421 -0.083258
v -0.083258 0.637421 -0.093979
v -0.071323 0.637421 -0.103330
v -0.058348 0.637421 -0.111173
v -0.044522 0.637421 -0.117396
v -0.030047 0.637421 -0.121907
v -0.015134 0.637421 -0.124640
v 0.000000 0.637421 -0.125555
v 0.015179 0.652301 -0.125008
v 0.030136 0.652301 -0.122267
v 0.044654 0.652301 -0.117743
v 0.058521 0.652301 -0.111502
v 0.071534 0.652301 -0.103636
v 0.083505 0.652301 -0.094257
v 0.094257 0.652301 -0.083505
v 0.103636 0.652301 -0.071534
v 0.111502 0.652301 -0.058521
v 0.117743 0.652301 -0.044654
v 0.122267 0.652301 -0.030136
v 0.125008 0.652301 -0.015179
v 0.125927 0.652301 0.000000
v 0.125008 0.652301 0.015179
v 0.122267 0.652301 0.030136
v 0.117743 0.652301 0.044654
v 0.111502 0.652301 0.058521
v 0.103636 0.652301 0.071534
v 0.094257 0.652301 0.083505
v 0.083505 0.652301 0.094257
v 0.071534 0.652301 0.103636
v 0.058521 0.652301 0.111502
v 0.044654 0.652301 0.117743
v 0.030136 0.652301 0.122267
v 0.015179 0.652301 0.125008
v 0.000000 0.652301 0.125927
v -0.015179 0.652301 0.125008
v -0.030136 0.652301 0.122267
v -0.044654 0.652301 0.117743
v -0.058521 0.652301 0.111502
v -0.071534 0.652301 0.103636
v -0.083505 0.652301 0.094257
v -0.094257 0.652301 0.083505
v -0.103636 0.652301 0.071534
v -0.111502 0.652301 0.058521
v -0.117743 0.652301 0.044654
v -0.122267 0.652301 0.030136
v -0.125008 0.652301 0.015179
v -0.125927 0.652301 0.000000
v -0.125008 0.652301 -0.015179
v -0.122267 0.652301 -0.030136
v -0.117743 0.652301 -0.044654
v -0.111502 0.652301 -0.058521
v -0.103636 0.652301 -0.071534
v -0.094257 0.652301 -0.083505
v -0.083505 0.652301 -0.094257
v -0.071534 0.652301 -0.103636
v -0.058521 0.652301 -0.111502
v -0.044654 0.652301 -0.117743
v -0.030136 0.652301 -0.122267
v -0.015179 0.652301 -0.125008
v 0.000000 0.652301 -0.125927
v 0.015012 0.667121 -0.123633
v 0.029805 0.667121 -0.120922
v 0.044163 0.667121 -0.116448
v 0.057877 0.667121 -0.110275
v 0.070747 0.667121 -0.102495
v 0.082586 0.667121 -0.093220
v 0.093220 0.667121 -0.082586
v 0.102495 0.667121 -0.070747
v 0.110275 0.667121 -0.057877
v 0.116448 0.667121 -0.044163
v 0.120922 0.667121 -0.029805
v 0.123633 0.667121 -0.015012
v 0.124541 0.667121 0.000000
v 0.123633 0.667121 0.015012
v 0.120922 0.667121 0.029805
v 0.116448 0.667121 0.044163
v 0.110275 0.667121 0.057877
v 0.102495 0.667121 0.070747
v 0.093220 0.667121 0.082586
v 0.082586 0.667121 0.093220
v 0.070747 0.667121 0.102495
v 0.057877 0.667121 0.110275
v 0.044163 0.667121 0.116448
v 0.029805 0.667121 0.120922
v 0.015012 0.667121 0.123633
v 0.000000 0.667121 0.124541
v -0.015012 0.667121 0.123633
v -0.029805 0.667121 0.120922
v -0.044163 0.667121 0.116448
v -0.057877 0.667121 0.110275
v -0.070747 0.667121 0.102495
v -0.082586 0.667121 0.093220
v -0.093220 0.667121 0.082586
v -0.102495 0.667121 0.070747
v -0.110275 0.667121 0.057877
v -0.116448 0.667121 0.044163
v -0.120922 0.667121 0.029805
v -0.123633 0.667121 0.015012
v -0.124541 0.667121 0.000000
v -0.123633 0.667121 -0.015012
v -0.120922 0.667121 -0.029805
v -0.116448 0.667121 -0.044163
v -0.110275 0.667121 -0.057877
v -0.102495 0.667121 -0.070747
v -0.093220 0.667121 -0.082586
v -0.082586 0.667121 -0.093220
v -0.070747 0.667121 -0.102495
v -0.057877 0.667121 -0.110275
v -0.044163 0.667121 -0.116448
v -0.029805 0.667121 -0.120922
v -0.015012 0.667121 -0.123633
v 0.000000 0.667121 -0.124541
v 0.014635 0.681675 -0.120531
v 0.029057 0.681675 -0.117888
v 0.043055 0.681675 -0.113527
v 0.056425 0.681675 -0.107509
v 0.068973 0.681675 -0.099924
v 0.080514 0.681675 -0.090882
v 0.090882 0.681675 -0.080514
v 0.099924 0.681675 -0.068972
v 0.107509 0.681675 -0.056425
v 0.113527 0.681675 -0.043055
v 0.117888 0.681675 -0.029057
v 0.120531 0.681675 -0.014635
v 0.121417 0.681675 0.000000
v 0.120531 0.681675 0.014635
v 0.117888 0.681675 0.029057
v 0.113527 0.681675 0.043055
v 0.107509 0.681675 0.056425
v 0.099924 0.681675 0.068973
v 0.090882 0.681675 0.080514
v 0.080514 0.681675 0.090882
v 0.068973 0.681675 0.099924
v 0.056425 0.681675 0.107509
v 0.043055 0.681675 0.113527
v 0.029057 0.681675 0.117888
v 0.014635 0.681675 0.120531
v 0.000000 0.681675 0.121417
v -0.014635 0.681675 0.120531
v -0.029057 0.681675 0.117888
v -0.043055 0.681675 0.113527
v -0.056425 0.681675 0.107509
v -0.068972 0.681675 0.099924
v -0.080514 0.681675 0.090882
v -0.090882 0.681675 0.080514
v -0.099924 0.681675 0.068973
v -0.107509 0.681675 0.056425
v -0.113527 0.681675 0.043055
v -0.117888 0.681675 0.029057
v -0.120531 0.681675 0.014635
v -0.121417 0.681675 0.000000
v -0.120531 0.681675 -0.014635
v -0.117888 0.681675 -0.029057
v -0.113527 0.681675 -0.043055
v -0.107509 0.681675 -0.056425
v -0.099924 0.681675 -0.068972
v -0.090882 0.681675 -0.080514
v -0.080514 0.681675 -0.090882
v -0.068972 0.681675 -0.099924
v -0.056425 0.681675 -0.107509
v -0.043055 0.681675 -0.113527
v -0.029057 0.681675 -0.117888
v -0.014635 0.681675 -0.120531
v 0.000000 0.681675 -0.121417
v 0.014054 0.695759 -0.115748
v 0.027904 0.695759 -0.113210
v 0.041346 0.695759 -0.109021
v 0.054186 0.695759 -0.103243
v 0.066235 0.695759 -0.095958
v 0.077319 0.695759 -0.087275
v 0.087275 0.695759 -0.077319
v 0.095958 0.695759 -0.066235
v 0.103243 0.695759 -0.054186
v 0.109021 0.695759 -0.041346
v 0.113210 0.695759 -0.027904
v 0.115748 0.695759 -0.014054
v 0.116598 0.695759 0.000000
v 0.115748 0.695759 0.014054
v 0.113210 0.695759 0.027904
v 0.109021 0.695759 0.041346
v 0.103243 0.695759 0.054186
v 0.095958 0.695759 0.066235
v 0.087275 0.695759 0.077319
v 0.077319 0.695759 0.087275
v 0.066235 0.695759 0.095958
v 0.054186 0.695759 0.103243
v 0.041346 0.695759 0.109021
v 0.027904 0.695759 0.113210
v 0.014054 0.695759 0.115748
v 0.000000 0.695759 0.116598
v -0.014054 0.695759 0.115748
v -0.027904 0.695759 0.113210
v -0.041346 0.695759 0.109021
v -0.054186 0.695759 0.103243
v -0.066235 0.695759 0.095958
v -0.077319 0.695759 0.087275
v -0.087275 0.695759 0.077319
v -0.095958 0.695759 0.066235
v -0.103243 0.695759 0.054186
v -0.109021 0.695759 0.041346
v -0.113210 0.695759 0.027904
v -0.115748 0.695759 0.014054
v -0.116598 0.695759 0.000000
v -0.115748 0.695759 -0.014054
v -0.113210 0.695759 -0.027904
v -0.109021 0.695759 -0.041346
v -0.103243 0.695759 -0.054186
v -0.095958 0.695759 -0.066235
v -0.087275 0.695759 -0.077319
v -0.077319 0.695759 -0.087275
v -0.066235 0.695759 -0.095958
v -0.054186 0.695759 -0.103243
v -0.041346 0.695759 -0.109021
v -0.027904 0.695759 -0.113210
v -0.014054 0.695759 -0.115748
v 0.000000 0.695759 -0.116598
v 0.013277 0.709176 -0.109349
v 0.026361 0.709176 -0.106952
v 0.039061 0.709176 -0.102994
v 0.051190 0.709176 -0.097535
v 0.062574 0.709176 -0.090654
v 0.073045 0.709176 -0.082450
v 0.082450 0.709176 -0.073045
v 0.090654 0.709176 -0.062574
v 0.097535 0.709176 -0.051190
v 0.102994 0.709176 -0.039061
v 0.106952 0.709176 -0.026361
v 0.109349 0.709176 -0.013277
v 0.110152 0.709176 0.000000
v 0.109349 0.709176 0.013277
v 0.106952 0.709176 0.026361
v 0.102994 0.709176 0.039061
v 0.097535 0.709176 0.051190
v 0.090654 0.709176 0.062574
v 0.082450 0.709176 0.073045
v 0.073045 0.709176 0.082450
v 0.062574 0.709176 0.090654
v 0.051190 0.709176 0.097535
v 0.039061 0.709176 0.102994
v 0.026361 0.709176 0.106952
v 0.013277 0.709176 0.109349
v 0.000000 0.709176 0.110152
v -0.013277 0.709176 0.109349
v -0.026361 0.709176 0.106952
v -0.039061 0.709176 0.102994
v -0.051190 0.709176 0.097535
v -0.062574 0.709176 0.090654
v -0.073045 0.709176 0.082450
v -0.082450 0.709176 0.073045
v -0.090654 0.709176 0.062574
v -0.097535 0.709176 0.051190
v -0.102994 0.709176 0.039061
v -0.106952 0.709176 0.026361
v -0.109349 0.709176 0.013277
v -0.110152 0.709176 0.000000
v -0.109349 0.709176 -0.013277
v -0.106952 0.709176 -0.026361
v -0.102994 0.709176 -0.039061
v -0.097535 0.709176 -0.051190
v -0.090654 0.709176 -0.062574
v -0.082450 0.709176 -0.073045
v -0.073045 0.709176 -0.082450
v -0.062574 0.709176 -0.090654
v -0.051190 0.709176 -0.097535
v -0.039061 0.709176 -0.102994
v -0.026361 0.709176 -0.106952
v -0.013277 0.709176 -0.109349
v 0.000000 0.709176 -0.110152
v 0.012315 0.721739 -0.101424
v 0.024451 0.721739 -0.099201
v 0.036230 0.721739 -0.095530
v 0.047480 0.721739 -0.090466
v 0.058039 0.721739 -0.084084
v 0.067751 0.721739 -0.076475
v 0.076475 0.721739 -0.067751
v 0.084084 0.721739 -0.058039
v 0.090466 0.721739 -0.047480
v 0.095530 0.721739 -0.036230
v 0.099201 0.721739 -0.024451
v 0.101424 0.721739 -0.012315
v 0.102169 0.721739 0.000000
v 0.101424 0.721739 0.012315
v 0.099201 0.721739 0.024451
v 0.095530 0.721739 0.036230
v 0.090466 0.721739 0.047480
v 0.084084 0.721739 0.058039
v 0.076475 0.721739 0.067751
v 0.067751 0.721739 0.076475
v 0.058039 0.721739 0.084084
v 0.047480 0.721739 0.090466
v 0.036230 0.721739 0.095530
v 0.024451 0.721739 0.099201
v 0.012315 0.721739 0.101424
v 0.000000 0.721739 0.102169
v -0.012315 0.721739 0.101424
v -0.024451 0.721739 0.099201
v -0.036230 0.721739 0.095530
v -0.047480 0.721739 0.090466
v -0.058039 0.721739 0.084084
v -0.067751 0.721739 0.076475
v -0.076475 0.721739 0.067751
v -0.084084 0.721739 0.058039
v -0.090466 0.721739 0.047480
v -0.095530 0.721739 0.036230
v -0.099201 0.721739 0.024451
v -0.101424 0.721739 0.012315
v -0.102169 0.721739 0.000000
v -0.101424 0.721739 -0.012315
v -0.099201 0.721739 -0.024451
v -0.095530 0.721739 -0.036230
v -0.090466 0.721739 -0.047480
v -0.084084 0.721739 -0.058039
v -0.076475 0.721739 -0.067751
v -0.067751 0.721739 -0.076475
v -0.058039 0.721739 -0.084084
v -0.047480 0.721739 -0.090466
v -0.036230 0.721739 -0.095530
v -0.024451 0.721739 -0.099201
v -0.012315 0.721739 -0.101424
v 0.000000 0.721739 -0.102169
v 0.011181 0.733273 -0.092084
v 0.022199 0.733273 -0.090065
v 0.032893 0.733273 -0.086733
v 0.043108 0.733273 -0.082135
v 0.052694 0.733273 -0.076340
v 0.061512 0.733273 -0.069432
v 0.069432 0.733273 -0.061512
v 0.076340 0.733273 -0.052694
v 0.082135 0.733273 -0.043108
v 0.086733 0.733273 -0.032893
v 0.090065 0.733273 -0.022199
v 0.092084 0.733273 -0.011181
v 0.092760 0.733273 0.000000
v 0.092084 0.733273 0.011181
v 0.090065 0.733273 0.022199
v 0.086733 0.733273 0.032893
v 0.082135 0.733273 0.043108
v 0.076340 0.733273 0.052694
v 0.069432 0.733273 0.061512
v 0.061512 0.733273 0.069432
v 0.052694 0.733273 0.076340
v 0.043108 0.733273 0.082135
v 0.032893 0.733273 0.086733
v 0.022199 0.733273 0.090065
v 0.011181 0.733273 0.092084
v 0.000000 0.733273 0.092760
v -0.011181 0.733273 0.092084
v -0.022199 0.733273 0.090065
v -0.032893 0.733273 0.086733
v -0.043108 0.733273 0.082135
v -0.052694 0.733273 0.076340
v -0.061512 0.733273 0.069432
v -0.069432 0.733273 0.061512
v -0.076340 0.733273 0.052694
v -0.082135 0.733273 0.043108
v -0.086733 0.733273 0.032893
v -0.090065 0.733273 0.022199
v -0.092084 0.733273 0.011181
v -0.092760 0.733273 0.000000
v -0.092084 0.733273 -0.011181
v -0.090065 0.733273 -0.022199
v -0.086733 0.733273 -0.032893
v -0.082135 0.733273 -0.043108
v -0.076340 0.733273 -0.052694
v -0.069432 0.733273 -0.061512
v -0.061512 0.733273 -0.069432
v -0.052694 0.733273 -0.076340
v -0.043108 0.733273 -0.082135
v -0.032893 0.733273 -0.086733
v -0.022199 0.733273 -0.090065
v -0.011181 0.733273 -0.092084
v 0.000000 0.733273 -0.092760
v 0.009891 0.743617 -0.081459
v 0.019638 0.743617 -0.079673
v 0.029098 0.743617 -0.076725
v 0.038134 0.743617 -0.072658
v 0.046614 0.743617 -0.067532
v 0.054414 0.743617 -0.061421
v 0.061421 0.743617 -0.054414
v 0.067532 0.743617 -0.046614
v 0.072658 0.743617 -0.038134
v 0.076725 0.743617 -0.029098
v 0.079673 0.743617 -0.019638
v 0.081459 0.743617 -0.009891
v 0.082057 0.743617 0.000000
v 0.081459 0.743617 0.009891
v 0.079673 0.743617 0.019638
v 0.076725 0.743617 0.029098
v 0.072658 0.743617 0.038134
v 0.067532 0.743617 0.046614
v 0.061421 0.743617 0.054414
v 0.054414 0.743617 0.061421
v 0.046614 0.743617 0.067532
v 0.038134 0.743617 0.072658
v 0.029098 0.743617 0.076725
v 0.019638 0.743617 0.079673
v 0.009891 0.743617 0.081459
v 0.000000 0.743617 0.082057
v -0.009891 0.743617 0.081459
v -0.019638 0.743617 0.079673
v -0.029098 0.743617 0.076725
v -0.038134 0.743617 0.072658
v -0.046614 0.743617 0.067532
v -0.054414 0.743617 0.061421
v -0.061421 0.743617 0.054414
v -0.067532 0.743617 0.046614
v -0.072658 0.743617 0.038134
v -0.076725 0.743617 0.029098
v -0.079673 0.743617 0.019638
v -0.081459 0.743617 0.009891
v -0.082057 0.743617 0.000000
v -0.081459 0.743617 -0.009891
v -0.079673 0.743617 -0.019638
v -0.076725 0.743617 -0.029098
v -0.072658 0.743617 -0.038134
v -0.067532 0.743617 -0.046614
v -0.061421 0.743617 -0.054414
v -0.054414 0.743617 -0.061421
v -0.046614 0.743617 -0.067532
v -0.038134 0.743617 -0.072658
v -0.029098 0.743617 -0.076725
v -0.019638 0.743617 -0.079673
v -0.009891 0.743617 -0.081459
v 0.000000 0.743617 -0.082057
v 0.008463 0.752627 -0.069696
v 0.016802 0.752627 -0.068168
v 0.024896 0.752627 -0.065646
v 0.032627 0.752627 -0.062166
v 0.039883 0.752627 -0.057780
v 0.046557 0.752627 -0.052552
v 0.052552 0.752627 -0.046557
v 0.057780 0.752627 -0.039883
v 0.062166 0.752627 -0.032627
v 0.065646 0.752627 -0.024896
v 0.068168 0.752627 -0.016802
v 0.069696 0.752627 -0.008463
v 0.070208 0.752627 0.000000
v 0.069696 0.752627 0.008463
v 0.068168 0.752627 0.016802
v 0.065646 0.752627 0.024896
v 0.062166 0.752627 0.032627
v 0.057780 0.752627 0.039883
v 0.052552 0.752627 0.046557
v 0.046557 0.752627 0.052552
v 0.039883 0.752627 0.057780
v 0.032627 0.752627 0.062166
v 0.024896 0.752627 0.065646
v 0.016802 0.752627 0.068168
v 0.008463 0.752627 0.069696
v 0.000000 0.752627 0.070208
v -0.008463 0.752627 0.069696
v -0.016802 0.752627 0.068168
v -0.024896 0.752627 0.065646
v -0.032627 0.752627 0.062166
v -0.039883 0.752627 0.057780
v -0.046557 0.752627 0.052552
v -0.052552 0.752627 0.046557
v -0.057780 0.752627 0.039883
v -0.062166 0.752627 0.032627
v -0.065646 0.752627 0.024896
v -0.068168 0.752627 0.016802
v -0.069696 0.752627 0.008463
v -0.070208 0.752627 0.000000
v -0.069696 0.752627 -0.008463
v -0.068168 0.752627 -0.016802
v -0.065646 0.752627 -0.024896
v -0.062166 0.752627 -0.032627
v -0.057780 0.752627 -0.039883
v -0.052552 0.752627 -0.046557
v -0.046557 0.752627 -0.052552
v -0.039883 0.752627 -0.057780
v -0.032627 0.752627 -0.062166
v -0.024896 0.752627 -0.065646
v -0.016802 0.752627 -0.068168
v -0.008463 0.752627 -0.069696
v 0.000000 0.752627 -0.070208
v 0.006916 0.760176 -0.056962
v 0.013732 0.760176 -0.055713
v 0.020347 0.760176 -0.053651
v 0.026666 0.760176 -0.050807
v 0.032595 0.760176 -0.047223
v 0.038050 0.760176 -0.042949
v 0.042949 0.760176 -0.038050
v 0.047223 0.760176 -0.032595
v 0.050807 0.760176 -0.026666
v 0.053651 0.760176 -0.020347
v 0.055713 0.760176 -0.013732
v 0.056962 0.760176 -0.006916
v 0.057380 0.760176 0.000000
v 0.056962 0.760176 0.006916
v 0.055713 0.760176 0.013732
v 0.053651 0.760176 0.020347
v 0.050807 0.760176 0.026666
v 0.047223 0.760176 0.032595
v 0.042949 0.760176 0.038050
v 0.038050 0.760176 0.042949
v 0.032595 0.760176 0.047223
v 0.026666 0.760176 0.050807
v 0.020347 0.760176 0.053651
v 0.013732 0.760176 0.055713
v 0.006916 0.760176 0.056962
v 0.000000 0.760176 0.057380
v -0.006916 0.760176 0.056962
v -0.013732 0.760176 0.055713
v -0.020347 0.760176 0.053651
v -0.026666 0.760176 0.050807
v -0.032595 0.760176 0.047223
v -0.038050 0.760176 0.042949
v -0.042949 0.760176 0.038050
v -0.047223 0.760176 0.032595
v -0.050807 0.760176 0.026666
v -0.053651 0.760176 0.020347
v -0.055713 0.760176 0.013732
v -0.056962 0.760176 0.006916
v -0.057380 0.760176 0.000000
v -0.056962 0.760176 -0.006916
v -0.055713 0.760176 -0.013732
v -0.053651 0.760176 -0.020347
v -0.050807 0.760176 -0.026666
v -0.047223 0.760176 -0.032595
v -0.042949 0.760176 -0.038050
v -0.038050 0.760176 -0.042949
v -0.032595 0.760176 -0.047223
v -0.026666 0.760176 -0.050807
v -0.020347 0.760176 -0.053651
v -0.013732 0.760176 -0.055713
v -0.006916 0.760176 -0.056962
v 0.000000 0.760176 -0.057380
v 0.005274 0.766160 -0.043432
v 0.010470 0.766160 -0.042479
v 0.015514 0.766160 -0.040908
v 0.020332 0.766160 -0.038739
v 0.024853 0.766160 -0.036006
v 0.029012 0.766160 -0.032748
v 0.032748 0.766160 -0.029012
v 0.036006 0.766160 -0.024853
v 0.038739 0.766160 -0.020332
v 0.040908 0.766160 -0.015514
v 0.042479 0.766160 -0.010470
v 0.043432 0.766160 -0.005274
v 0.043751 0.766160 0.000000
v 0.043432 0.766160 0.005274
v 0.042479 0.766160 0.010470
v 0.040908 0.766160 0.015514
v 0.038739 0.766160 0.020332
v 0.036006 0.766160 0.024853
v 0.032748 0.766160 0.029012
v 0.029012 0.766160 0.032748
v 0.024853 0.766160 0.036006
v 0.020332 0.766160 0.038739
v 0.015514 0.766160 0.040908
v 0.010470 0.766160 0.042479
v 0.005274 0.766160 0.043432
v 0.000000 0.766160 0.043751
v -0.005274 0.766160 0.043432
v -0.010470 0.766160 0.042479
v -0.015514 0.766160 0.040908
v -0.020332 0.766160 0.038739
v -0.024853 0.766160 0.036006
v -0.029012 0.766160 0.032748
v -0.032748 0.766160 0.029012
v -0.036006 0.766160 0.024853
v -0.038739 0.766160 0.020332
v -0.040908 0.766160 0.015514
v -0.042479 0.766160 0.010470
v -0.043432 0.766160 0.005274
v -0.043751 0.766160 0.000000
v -0.043432 0.766160 -0.005274
v -0.042479 0.766160 -0.010470
v -0.040908 0.766160 -0.015514
v -0.038739 0.766160 -0.020332
v -0.036006 0.766160 -0.024853
v -0.032748 0.766160 -0.029012
v -0.029012 0.766160 -0.032748
v -0.024853 0.766160 -0.036006
v -0.020332 0.766160 -0.038739
v -0.015514 0.766160 -0.040908
v -0.010470 0.766160 -0.042479
v -0.005274 0.766160 -0.043432
v 0.000000 0.766160 -0.043751
v 0.003557 0.770495 -0.029296
v 0.007062 0.770495 -0.028653
v 0.010465 0.770495 -0.027593
v 0.016764 0.770495 -0.024287
v 0.019569 0.770495 -0.022089
v 0.022089 0.770495 -0.019569
v 0.024287 0.770495 -0.016764
v 0.026131 0.770495 -0.013714
v 0.028653 0.770495 -0.007062
v 0.029296 0.770495 -0.003557
v 0.029511 0.770495 0.000000
v 0.029296 0.770495 0.003557
v 0.028653 0.770495 0.007062
v 0.027593 0.770495 0.010465
v 0.024287 0.770495 0.016764
v 0.022089 0.770495 0.019569
v 0.019569 0.770495 0.022089
v 0.016764 0.770495 0.024287
v 0.013714 0.770495 0.026131
v 0.007062 0.770495 0.028653
v 0.003557 0.770495 0.029296
v 0.000000 0.770495 0.029511
v -0.003557 0.770495 0.029296
v -0.007062 0.770495 0.028653
v -0.010465 0.770495 0.027593
v -0.016764 0.770495 0.024287
v -0.019569 0.770495 0.022089
v -0.022089 0.770495 0.019569
v -0.024287 0.770495 0.016764
v -0.026131 0.770495 0.013714
v -0.028653 0.770495 0.007062
v -0.029296 0.770495 0.003557
v -0.029511 0.770495 0.000000
v -0.029296 0.770495 -0.003557
v -0.028653 0.770495 -0.007062
v -0.027593 0.770495 -0.010465
v -0.024287 0.770495 -0.016764
v -0.022089 0.770495 -0.019569
v -0.019569 0.770495 -0.022089
v -0.016764 0.770495 -0.024287
v -0.013714 0.770495 -0.026131
v -0.007062 0.770495 -0.028653
v -0.003557 0.770495 -0.029296
v 0.000000 0.770495 -0.029511
s 1
f 1 2 3
f 3 2 4
f 4 5 3
f 3 5 6
f 3 6 7
f 8 9 10
f 7 11 3
f 3 11 12
f 3 12 13
f 13 14 3
f 3 14 15
f 3 15 16
f 1 17 2
f 2 17 18
f 2 18 19
f 19 20 2
f 2 20 21
f 2 21 22
f 23 24 25
f 25 24 26
f 22 27 2
f 2 27 10
f 2 10 28
f 28 10 9
f 16 29 3
f 3 29 30
f 3 30 31
f 31 32 3
f 3 32 33
f 3 33 34
f 23 25 10
f 10 25 35
f 10 35 8
f 36 37 38
f 38 37 39
f 38 39 40
f 34 41 3
f 3 41 38
f 3 38 42
f 42 38 40
f 26 43 25
f 25 43 44
f 25 44 45
f 45 46 25
f 25 46 47
f 25 47 48
f 49 36 50
f 50 36 38
f 50 38 51
f 51 38 41
f 51 41 52
f 52 41 34
f 52 34 53
f 53 34 33
f 53 33 54
f 54 33 32
f 54 32 55
f 55 32 31
f 55 31 56
f 56 31 30
f 56 30 57
f 57 30 29
f 57 29 58
f 58 29 16
f 58 16 59
f 59 16 15
f 59 15 60
f 60 15 14
f 60 14 61
f 61 14 13
f 61 13 62
f 62 13 12
f 62 12 63
f 63 12 11
f 63 11 64
f 64 11 7
f 64 7 65
f 65 7 6
f 65 6 66
f 66 6 5
f 66 5 67
f 67 5 4
f 67 4 68
f 68 4 2
f 68 2 69
f 69 2 28
f 69 28 70
f 70 28 9
f 70 9 71
f 71 9 8
f 71 8 72
f 72 8 35
f 72 35 73
f 73 35 25
f 73 25 74
f 74 25 48
f 74 48 75
f 75 48 47
f 75 47 76
f 76 47 46
f 76 46 77
f 77 46 45
f 77 45 78
f 78 45 44
f 78 44 79
f 79 44 43
f 79 43 80
f 80 43 26
f 80 26 81
f 81 26 24
f 81 24 82
f 82 24 23
f 82 23 83
f 83 23 10
f 83 10 84
f 84 10 27
f 84 27 85
f 85 27 22
f 85 22 86
f 86 22 21
f 86 21 87
f 87 21 20
f 87 20 88
f 88 20 19
f 88 19 89
f 89 19 18
f 89 18 90
f 90 18 17
f 90 17 91
f 91 17 1
f 91 1 92
f 92 1 3
f 92 3 93
f 93 3 42
f 93 42 94
f 94 42 40
f 94 40 95
f 95 40 39
f 95 39 96
f 96 39 37
f 96 37 49
f 49 37 36
f 98 99 88
f 101 102 76
f 104 105 64
f 107 51 108
f 108 51 52
f 108 52 109
f 109 52 110
f 110 52 53
f 110 53 111
f 111 53 112
f 112 53 54
f 112 54 113
f 55 114 54
f 54 114 115
f 54 115 113
f 114 55 116
f 116 55 56
f 116 56 117
f 57 106 56
f 56 106 118
f 56 118 117
f 106 57 119
f 119 57 58
f 119 58 120
f 59 60 121
f 121 122 59
f 59 122 123
f 59 123 58
f 58 123 124
f 58 124 120
f 125 126 61
f 61 126 127
f 61 127 60
f 60 127 128
f 60 128 121
f 125 61 129
f 129 61 62
f 129 62 130
f 130 62 63
f 130 63 131
f 64 105 63
f 63 105 132
f 63 132 131
f 104 64 133
f 133 64 65
f 133 65 134
f 134 65 135
f 135 65 66
f 135 66 136
f 67 137 66
f 66 137 138
f 66 138 136
f 137 67 139
f 139 67 68
f 139 68 140
f 69 103 68
f 68 103 141
f 68 141 140
f 103 69 142
f 142 69 70
f 142 70 143
f 71 72 144
f 144 145 71
f 71 145 146
f 71 146 70
f 70 146 147
f 70 147 143
f 148 149 73
f 73 149 150
f 73 150 72
f 72 150 151
f 72 151 144
f 148 73 152
f 152 73 74
f 152 74 153
f 153 74 75
f 153 75 154
f 76 102 75
f 75 102 155
f 75 155 154
f 101 76 156
f 156 76 77
f 156 77 157
f 157 77 158
f 158 77 78
f 158 78 159
f 79 160 78
f 78 160 161
f 78 161 159
f 160 79 162
f 162 79 80
f 162 80 163
f 81 100 80
f 80 100 164
f 80 164 163
f 100 81 165
f 165 81 82
f 165 82 166
f 83 84 167
f 167 168 83
f 83 168 169
f 83 169 82
f 82 169 170
f 82 170 166
f 171 172 85
f 85 172 173
f 85 173 84
f 84 173 174
f 84 174 167
f 171 85 175
f 175 85 86
f 175 86 176
f 176 86 87
f 176 87 177
f 88 99 87
f 87 99 178
f 87 178 177
f 98 88 179
f 179 88 89
f 179 89 180
f 180 89 181
f 181 89 90
f 181 90 182
f 91 183 90
f 90 183 184
f 90 184 182
f 183 91 185
f 185 91 92
f 185 92 186
f 93 97 92
f 92 97 187
f 92 187 186
f 97 93 188
f 188 93 94
f 188 94 189
f 96 190 191
f 96 191 95
f 191 192 95
f 95 192 193
f 95 193 94
f 94 193 194
f 94 194 189
f 190 96 195
f 195 96 49
f 195 49 196
f 107 197 51
f 51 197 198
f 51 198 50
f 50 198 199
f 50 199 49
f 49 199 200
f 49 200 196
f 201 202 203
f 204 205 206
f 207 208 209
f 210 211 212
f 213 214 215
f 216 217 218
f 221 222 223
f 224 225 226
f 229 230 231
f 232 233 234
f 235 236 237
f 240 241 242
f 243 244 245
f 248 249 250
f 251 252 253
f 256 257 258
f 259 260 261
f 262 263 264
f 265 266 267
f 268 269 270
f 273 274 275
f 276 277 278
f 200 199 281
f 196 200 282
f 190 195 283
f 193 192 284
f 182 184 286
f 99 98 287
f 171 175 288
f 172 171 289
f 174 173 290
f 169 168 291
f 160 162 293
f 159 161 294
f 102 101 295
f 148 152 296
f 149 148 297
f 151 150 298
f 146 145 299
f 137 139 301
f 136 138 302
f 105 104 303
f 125 129 304
f 126 125 305
f 128 127 306
f 123 122 307
f 114 116 309
f 113 115 310
f 108 109 311
f 199 198 312
f 312 198 197
f 197 107 313
f 313 107 108
f 109 110 314
f 314 110 111
f 111 112 315
f 315 112 113
f 115 114 316
f 116 117 317
f 317 117 118
f 317 118 106
f 106 119 318
f 318 119 120
f 120 124 319
f 319 124 123
f 122 121 320
f 320 121 128
f 126 305 127
f 129 130 321
f 321 130 131
f 131 132 322
f 322 132 105
f 104 133 323
f 323 133 134
f 134 135 324
f 324 135 136
f 138 137 325
f 139 140 326
f 326 140 141
f 326 141 103
f 103 142 327
f 327 142 143
f 143 147 328
f 328 147 146
f 145 144 329
f 329 144 151
f 149 297 150
f 152 153 330
f 330 153 154
f 154 155 331
f 331 155 102
f 101 156 332
f 332 156 157
f 157 158 333
f 333 158 159
f 161 160 334
f 162 163 335
f 335 163 164
f 335 164 100
f 100 165 336
f 336 165 166
f 166 170 337
f 337 170 169
f 168 167 338
f 338 167 174
f 172 289 173
f 175 176 339
f 339 176 177
f 177 178 340
f 340 178 99
f 98 179 341
f 341 179 180
f 180 181 342
f 342 181 182
f 184 183 343
f 183 185 344
f 344 185 186
f 186 187 345
f 345 187 97
f 97 188 346
f 346 188 189
f 189 194 347
f 347 194 193
f 192 191 348
f 348 191 190
f 196 282 195
f 199 312 281
f 281 312 349
f 281 349 350
f 350 349 351
f 350 351 352
f 352 351 353
f 352 353 354
f 354 353 355
f 354 355 356
f 356 355 357
f 356 357 358
f 358 357 359
f 358 359 360
f 360 359 361
f 360 361 362
f 362 361 363
f 362 363 364
f 364 363 365
f 364 365 366
f 366 365 367
f 366 367 368
f 368 367 280
f 368 280 369
f 369 280 279
f 369 279 370
f 197 313 312
f 312 313 371
f 312 371 349
f 349 371 372
f 349 372 351
f 351 372 373
f 351 373 353
f 353 373 374
f 353 374 355
f 355 374 375
f 355 375 357
f 357 375 376
f 357 376 359
f 359 376 377
f 359 377 361
f 361 377 378
f 361 378 363
f 363 378 379
f 363 379 365
f 365 379 380
f 365 380 367
f 367 380 278
f 367 278 280
f 280 278 277
f 280 277 279
f 108 311 313
f 313 311 381
f 313 381 371
f 371 381 382
f 371 382 372
f 372 382 383
f 372 383 373
f 373 383 384
f 373 384 374
f 374 384 385
f 374 385 375
f 375 385 386
f 375 386 376
f 376 386 387
f 376 387 377
f 377 387 388
f 377 388 378
f 378 388 389
f 378 389 379
f 379 389 390
f 379 390 380
f 380 390 275
f 380 275 278
f 278 275 274
f 278 274 276
f 109 314 311
f 311 314 391
f 311 391 381
f 381 391 392
f 381 392 382
f 382 392 393
f 382 393 383
f 383 393 394
f 383 394 384
f 384 394 395
f 384 395 385
f 385 395 396
f 385 396 386
f 386 396 397
f 386 397 387
f 387 397 398
f 387 398 388
f 388 398 399
f 388 399 389
f 389 399 400
f 389 400 390
f 390 400 401
f 390 401 275
f 275 401 402
f 275 402 273
f 403 404 405
f 111 315 314
f 314 315 406
f 314 406 391
f 391 406 407
f 391 407 392
f 392 407 408
f 392 408 393
f 393 408 409
f 393 409 394
f 394 409 410
f 394 410 395
f 395 410 411
f 395 411 396
f 396 411 412
f 396 412 397
f 397 412 413
f 397 413 398
f 398 413 414
f 398 414 399
f 399 414 415
f 399 415 400
f 400 415 403
f 400 403 401
f 401 403 405
f 401 405 402
f 416 417 418
f 113 310 315
f 315 310 419
f 315 419 406
f 406 419 420
f 406 420 407
f 407 420 421
f 407 421 408
f 408 421 422
f 408 422 409
f 409 422 423
f 409 423 410
f 410 423 424
f 410 424 411
f 411 424 425
f 411 425 412
f 412 425 426
f 412 426 413
f 413 426 427
f 413 427 414
f 414 427 428
f 414 428 415
f 415 428 416
f 415 416 403
f 403 416 418
f 403 418 404
f 429 430 431
f 115 316 310
f 310 316 432
f 310 432 419
f 419 432 433
f 419 433 420
f 420 433 434
f 420 434 421
f 421 434 435
f 421 435 422
f 422 435 436
f 422 436 423
f 423 436 437
f 423 437 424
f 424 437 438
f 424 438 425
f 425 438 439
f 425 439 426
f 426 439 440
f 426 440 427
f 427 440 441
f 427 441 428
f 428 441 429
f 428 429 416
f 416 429 431
f 416 431 417
f 114 309 316
f 316 309 442
f 316 442 432
f 432 442 443
f 432 443 433
f 433 443 444
f 433 444 434
f 434 444 445
f 434 445 435
f 435 445 446
f 435 446 436
f 436 446 447
f 436 447 437
f 437 447 448
f 437 448 438
f 438 448 449
f 438 449 439
f 439 449 450
f 439 450 440
f 440 450 451
f 440 451 441
f 441 451 272
f 441 272 429
f 429 272 271
f 429 271 430
f 116 317 309
f 309 317 452
f 309 452 442
f 442 452 453
f 442 453 443
f 443 453 454
f 443 454 444
f 444 454 455
f 444 455 445
f 445 455 456
f 445 456 446
f 446 456 457
f 446 457 447
f 447 457 458
f 447 458 448
f 448 458 459
f 448 459 449
f 449 459 460
f 449 460 450
f 450 460 461
f 450 461 451
f 451 461 270
f 451 270 272
f 272 270 269
f 272 269 271
f 106 308 317
f 317 308 462
f 317 462 452
f 452 462 463
f 452 463 453
f 453 463 464
f 453 464 454
f 454 464 465
f 454 465 455
f 455 465 466
f 455 466 456
f 456 466 467
f 456 467 457
f 457 467 468
f 457 468 458
f 458 468 469
f 458 469 459
f 459 469 470
f 459 470 460
f 460 470 471
f 460 471 461
f 461 471 267
f 461 267 270
f 270 267 266
f 270 266 268
f 106 318 308
f 308 318 472
f 308 472 462
f 462 472 473
f 462 473 463
f 463 473 474
f 463 474 464
f 464 474 475
f 464 475 465
f 465 475 476
f 465 476 466
f 466 476 477
f 466 477 467
f 467 477 478
f 467 478 468
f 468 478 479
f 468 479 469
f 469 479 480
f 469 480 470
f 470 480 481
f 470 481 471
f 471 481 482
f 471 482 267
f 267 482 483
f 267 483 265
f 484 485 486
f 120 319 318
f 318 319 487
f 318 487 472
f 472 487 488
f 472 488 473
f 473 488 489
f 473 489 474
f 474 489 490
f 474 490 475
f 475 490 491
f 475 491 476
f 476 491 492
f 476 492 477
f 477 492 493
f 477 493 478
f 478 493 494
f 478 494 479
f 479 494 495
f 479 495 480
f 480 495 496
f 480 496 481
f 481 496 484
f 481 484 482
f 482 484 486
f 482 486 483
f 497 498 499
f 123 307 319
f 319 307 500
f 319 500 487
f 487 500 501
f 487 501 488
f 488 501 502
f 488 502 489
f 489 502 503
f 489 503 490
f 490 503 504
f 490 504 491
f 491 504 505
f 491 505 492
f 492 505 506
f 492 506 493
f 493 506 507
f 493 507 494
f 494 507 508
f 494 508 495
f 495 508 509
f 495 509 496
f 496 509 497
f 496 497 484
f 484 497 499
f 484 499 485
f 510 511 512
f 122 320 307
f 307 320 513
f 307 513 500
f 500 513 514
f 500 514 501
f 501 514 515
f 501 515 502
f 502 515 516
f 502 516 503
f 503 516 517
f 503 517 504
f 504 517 518
f 504 518 505
f 505 518 519
f 505 519 506
f 506 519 520
f 506 520 507
f 507 520 521
f 507 521 508
f 508 521 522
f 508 522 509
f 509 522 510
f 509 510 497
f 497 510 512
f 497 512 498
f 128 306 320
f 320 306 525
f 320 525 513
f 513 525 526
f 513 526 514
f 514 526 527
f 514 527 515
f 515 527 528
f 515 528 516
f 516 528 529
f 516 529 517
f 517 529 530
f 517 530 518
f 518 530 531
f 518 531 519
f 519 531 532
f 519 532 520
f 520 532 533
f 520 533 521
f 521 533 534
f 521 534 522
f 522 534 523
f 522 523 510
f 510 523 524
f 510 524 511
f 127 305 306
f 306 305 535
f 306 535 525
f 525 535 536
f 525 536 526
f 526 536 537
f 526 537 527
f 527 537 538
f 527 538 528
f 528 538 539
f 528 539 529
f 529 539 540
f 529 540 530
f 530 540 541
f 530 541 531
f 531 541 542
f 531 542 532
f 532 542 543
f 532 543 533
f 533 543 544
f 533 544 534
f 534 544 264
f 534 264 523
f 523 264 263
f 523 263 524
f 125 304 305
f 305 304 545
f 305 545 535
f 535 545 546
f 535 546 536
f 536 546 547
f 536 547 537
f 537 547 548
f 537 548 538
f 538 548 549
f 538 549 539
f 539 549 550
f 539 550 540
f 540 550 551
f 540 551 541
f 541 551 552
f 541 552 542
f 542 552 553
f 542 553 543
f 543 553 554
f 543 554 544
f 544 554 261
f 544 261 264
f 264 261 260
f 264 260 262
f 129 321 304
f 304 321 555
f 304 555 545
f 545 555 556
f 545 556 546
f 546 556 557
f 546 557 547
f 547 557 558
f 547 558 548
f 548 558 559
f 548 559 549
f 549 559 560
f 549 560 550
f 550 560 561
f 550 561 551
f 551 561 562
f 551 562 552
f 552 562 563
f 552 563 553
f 553 563 564
f 553 564 554
f 554 564 258
f 554 258 261
f 261 258 257
f 261 257 259
f 131 322 321
f 321 322 565
f 321 565 555
f 555 565 566
f 555 566 556
f 556 566 567
f 556 567 557
f 557 567 568
f 557 568 558
f 558 568 569
f 558 569 559
f 559 569 570
f 559 570 560
f 560 570 571
f 560 571 561
f 561 571 572
f 561 572 562
f 562 572 573
f 562 573 563
f 563 573 574
f 563 574 564
f 564 574 575
f 564 575 258
f 258 575 576
f 258 576 256
f 577 578 579
f 105 303 322
f 322 303 580
f 322 580 565
f 565 580 581
f 565 581 566
f 566 581 582
f 566 582 567
f 567 582 583
f 567 583 568
f 568 583 584
f 568 584 569
f 569 584 585
f 569 585 570
f 570 585 586
f 570 586 571
f 571 586 587
f 571 587 572
f 572 587 588
f 572 588 573
f 573 588 589
f 573 589 574
f 574 589 577
f 574 577 575
f 575 577 579
f 575 579 576
f 590 591 592
f 104 323 303
f 303 323 593
f 303 593 580
f 580 593 594
f 580 594 581
f 581 594 595
f 581 595 582
f 582 595 596
f 582 596 583
f 583 596 597
f 583 597 584
f 584 597 598
f 584 598 585
f 585 598 599
f 585 599 586
f 586 599 600
f 586 600 587
f 587 600 601
f 587 601 588
f 588 601 602
f 588 602 589
f 589 602 590
f 589 590 577
f 577 590 592
f 577 592 578
f 134 324 323
f 323 324 605
f 323 605 593
f 593 605 606
f 593 606 594
f 594 606 607
f 594 607 595
f 595 607 608
f 595 608 596
f 596 608 609
f 596 609 597
f 597 609 610
f 597 610 598
f 598 610 611
f 598 611 599
f 599 611 612
f 599 612 600
f 600 612 613
f 600 613 601
f 601 613 614
f 601 614 602
f 602 614 603
f 602 603 590
f 590 603 604
f 590 604 591
f 136 302 324
f 324 302 615
f 324 615 605
f 605 615 616
f 605 616 606
f 606 616 617
f 606 617 607
f 607 617 618
f 607 618 608
f 608 618 619
f 608 619 609
f 609 619 620
f 609 620 610
f 610 620 621
f 610 621 611
f 611 621 622
f 611 622 612
f 612 622 623
f 612 623 613
f 613 623 624
f 613 624 614
f 614 624 255
f 614 255 603
f 603 255 254
f 603 254 604
f 138 325 302
f 302 325 625
f 302 625 615
f 615 625 626
f 615 626 616
f 616 626 627
f 616 627 617
f 617 627 628
f 617 628 618
f 618 628 629
f 618 629 619
f 619 629 630
f 619 630 620
f 620 630 631
f 620 631 621
f 621 631 632
f 621 632 622
f 622 632 633
f 622 633 623
f 623 633 634
f 623 634 624
f 624 634 253
f 624 253 255
f 255 253 252
f 255 252 254
f 137 301 325
f 325 301 635
f 325 635 625
f 625 635 636
f 625 636 626
f 626 636 637
f 626 637 627
f 627 637 638
f 627 638 628
f 628 638 639
f 628 639 629
f 629 639 640
f 629 640 630
f 630 640 641
f 630 641 631
f 631 641 642
f 631 642 632
f 632 642 643
f 632 643 633
f 633 643 644
f 633 644 634
f 634 644 250
f 634 250 253
f 253 250 249
f 253 249 251
f 139 326 301
f 301 326 645
f 301 645 635
f 635 645 646
f 635 646 636
f 636 646 647
f 636 647 637
f 637 647 648
f 637 648 638
f 638 648 649
f 638 649 639
f 639 649 650
f 639 650 640
f 640 650 651
f 640 651 641
f 641 651 652
f 641 652 642
f 642 652 653
f 642 653 643
f 643 653 654
f 643 654 644
f 644 654 655
f 644 655 250
f 250 655 656
f 250 656 248
f 657 658 659
f 103 300 326
f 326 300 660
f 326 660 645
f 645 660 661
f 645 661 646
f 646 661 662
f 646 662 647
f 647 662 663
f 647 663 648
f 648 663 664
f 648 664 649
f 649 664 665
f 649 665 650
f 650 665 666
f 650 666 651
f 651 666 667
f 651 667 652
f 652 667 668
f 652 668 653
f 653 668 669
f 653 669 654
f 654 669 657
f 654 657 655
f 655 657 659
f 655 659 656
f 670 671 672
f 103 327 300
f 300 327 673
f 300 673 660
f 660 673 674
f 660 674 661
f 661 674 675
f 661 675 662
f 662 675 676
f 662 676 663
f 663 676 677
f 663 677 664
f 664 677 678
f 664 678 665
f 665 678 679
f 665 679 666
f 666 679 680
f 666 680 667
f 667 680 681
f 667 681 668
f 668 681 682
f 668 682 669
f 669 682 670
f 669 670 657
f 657 670 672
f 657 672 658
f 683 684 685
f 143 328 327
f 327 328 686
f 327 686 673
f 673 686 687
f 673 687 674
f 674 687 688
f 674 688 675
f 675 688 689
f 675 689 676
f 676 689 690
f 676 690 677
f 677 690 691
f 677 691 678
f 678 691 692
f 678 692 679
f 679 692 693
f 679 693 680
f 680 693 694
f 680 694 681
f 681 694 695
f 681 695 682
f 682 695 683
f 682 683 670
f 670 683 685
f 670 685 671
f 146 299 328
f 328 299 698
f 328 698 686
f 686 698 699
f 686 699 687
f 687 699 700
f 687 700 688
f 688 700 701
f 688 701 689
f 689 701 702
f 689 702 690
f 690 702 703
f 690 703 691
f 691 703 704
f 691 704 692
f 692 704 705
f 692 705 693
f 693 705 706
f 693 706 694
f 694 706 707
f 694 707 695
f 695 707 696
f 695 696 683
f 683 696 697
f 683 697 684
f 145 329 299
f 299 329 708
f 299 708 698
f 698 708 709
f 698 709 699
f 699 709 710
f 699 710 700
f 700 710 711
f 700 711 701
f 701 711 712
f 701 712 702
f 702 712 713
f 702 713 703
f 703 713 714
f 703 714 704
f 704 714 715
f 704 715 705
f 705 715 716
f 705 716 706
f 706 716 717
f 706 717 707
f 707 717 247
f 707 247 696
f 696 247 246
f 696 246 697
f 151 298 329
f 329 298 718
f 329 718 708
f 708 718 719
f 708 719 709
f 709 719 720
f 709 720 710
f 710 720 721
f 710 721 711
f 711 721 722
f 711 722 712
f 712 722 723
f 712 723 713
f 713 723 724
f 713 724 714
f 714 724 725
f 714 725 715
f 715 725 726
f 715 726 716
f 716 726 727
f 716 727 717
f 717 727 245
f 717 245 247
f 247 245 244
f 247 244 246
f 150 297 298
f 298 297 728
f 298 728 718
f 718 728 729
f 718 729 719
f 719 729 730
f 719 730 720
f 720 730 731
f 720 731 721
f 721 731 732
f 721 732 722
f 722 732 733
f 722 733 723
f 723 733 734
f 723 734 724
f 724 734 735
f 724 735 725
f 725 735 736
f 725 736 726
f 726 736 737
f 726 737 727
f 727 737 242
f 727 242 245
f 245 242 241
f 245 241 243
f 148 296 297
f 297 296 738
f 297 738 728
f 728 738 739
f 728 739 729
f 729 739 740
f 729 740 730
f 730 740 741
f 730 741 731
f 731 741 742
f 731 742 732
f 732 742 743
f 732 743 733
f 733 743 744
f 733 744 734
f 734 744 745
f 734 745 735
f 735 745 746
f 735 746 736
f 736 746 747
f 736 747 737
f 737 747 748
f 737 748 242
f 242 748 749
f 242 749 240
f 750 751 752
f 152 330 296
f 296 330 753
f 296 753 738
f 738 753 754
f 738 754 739
f 739 754 755
f 739 755 740
f 740 755 756
f 740 756 741
f 741 756 757
f 741 757 742
f 742 757 758
f 742 758 743
f 743 758 759
f 743 759 744
f 744 759 760
f 744 760 745
f 745 760 761
f 745 761 746
f 746 761 762
f 746 762 747
f 747 762 750
f 747 750 748
f 748 750 752
f 748 752 749
f 763 764 765
f 154 331 330
f 330 331 766
f 330 766 753
f 753 766 767
f 753 767 754
f 754 767 768
f 754 768 755
f 755 768 769
f 755 769 756
f 756 769 770
f 756 770 757
f 757 770 771
f 757 771 758
f 758 771 772
f 758 772 759
f 759 772 773
f 759 773 760
f 760 773 774
f 760 774 761
f 761 774 775
f 761 775 762
f 762 775 763
f 762 763 750
f 750 763 765
f 750 765 751
f 102 295 331
f 331 295 778
f 331 778 766
f 766 778 779
f 766 779 767
f 767 779 780
f 767 780 768
f 768 780 781
f 768 781 769
f 769 781 782
f 769 782 770
f 770 782 783
f 770 783 771
f 771 783 784
f 771 784 772
f 772 784 785
f 772 785 773
f 773 785 786
f 773 786 774
f 774 786 787
f 774 787 775
f 775 787 776
f 775 776 763
f 763 776 777
f 763 777 764
f 101 332 295
f 295 332 788
f 295 788 778
f 778 788 789
f 778 789 779
f 779 789 790
f 779 790 780
f 780 790 791
f 780 791 781
f 781 791 792
f 781 792 782
f 782 792 793
f 782 793 783
f 783 793 794
f 783 794 784
f 784 794 795
f 784 795 785
f 785 795 796
f 785 796 786
f 786 796 797
f 786 797 787
f 787 797 239
f 787 239 776
f 776 239 238
f 776 238 777
f 157 333 332
f 332 333 798
f 332 798 788
f 788 798 799
f 788 799 789
f 789 799 800
f 789 800 790
f 790 800 801
f 790 801 791
f 791 801 802
f 791 802 792
f 792 802 803
f 792 803 793
f 793 803 804
f 793 804 794
f 794 804 805
f 794 805 795
f 795 805 806
f 795 806 796
f 796 806 807
f 796 807 797
f 797 807 237
f 797 237 239
f 239 237 236
f 239 236 238
f 159 294 333
f 333 294 808
f 333 808 798
f 798 808 809
f 798 809 799
f 799 809 810
f 799 810 800
f 800 810 811
f 800 811 801
f 801 811 812
f 801 812 802
f 802 812 813
f 802 813 803
f 803 813 814
f 803 814 804
f 804 814 815
f 804 815 805
f 805 815 816
f 805 816 806
f 806 816 817
f 806 817 807
f 807 817 234
f 807 234 237
f 237 234 233
f 237 233 235
f 161 334 294
f 294 334 818
f 294 818 808
f 808 818 819
f 808 819 809
f 809 819 820
f 809 820 810
f 810 820 821
f 810 821 811
f 811 821 822
f 811 822 812
f 812 822 823
f 812 823 813
f 813 823 824
f 813 824 814
f 814 824 825
f 814 825 815
f 815 825 826
f 815 826 816
f 816 826 827
f 816 827 817
f 817 827 231
f 817 231 234
f 234 231 230
f 234 230 232
f 160 293 334
f 334 293 828
f 334 828 818
f 818 828 829
f 818 829 819
f 819 829 830
f 819 830 820
f 820 830 831
f 820 831 821
f 821 831 832
f 821 832 822
f 822 832 833
f 822 833 823
f 823 833 834
f 823 834 824
f 824 834 835
f 824 835 825
f 825 835 836
f 825 836 826
f 826 836 837
f 826 837 827
f 827 837 838
f 827 838 231
f 231 838 839
f 231 839 229
f 840 841 842
f 162 335 293
f 293 335 843
f 293 843 828
f 828 843 844
f 828 844 829
f 829 844 845
f 829 845 830
f 830 845 846
f 830 846 831
f 831 846 847
f 831 847 832
f 832 847 848
f 832 848 833
f 833 848 849
f 833 849 834
f 834 849 850
f 834 850 835
f 835 850 851
f 835 851 836
f 836 851 852
f 836 852 837
f 837 852 840
f 837 840 838
f 838 840 842
f 838 842 839
f 853 854 855
f 100 292 335
f 335 292 856
f 335 856 843
f 843 856 857
f 843 857 844
f 844 857 858
f 844 858 845
f 845 858 859
f 845 859 846
f 846 859 860
f 846 860 847
f 847 860 861
f 847 861 848
f 848 861 862
f 848 862 849
f 849 862 863
f 849 863 850
f 850 863 864
f 850 864 851
f 851 864 865
f 851 865 852
f 852 865 853
f 852 853 840
f 840 853 855
f 840 855 841
f 100 336 292
f 292 336 868
f 292 868 856
f 856 868 869
f 856 869 857
f 857 869 870
f 857 870 858
f 858 870 871
f 858 871 859
f 859 871 872
f 859 872 860
f 860 872 873
f 860 873 861
f 861 873 874
f 861 874 862
f 862 874 875
f 862 875 863
f 863 875 876
f 863 876 864
f 864 876 877
f 864 877 865
f 865 877 866
f 865 866 853
f 853 866 867
f 853 867 854
f 166 337 336
f 336 337 878
f 336 878 868
f 868 878 879
f 868 879 869
f 869 879 880
f 869 880 870
f 870 880 881
f 870 881 871
f 871 881 882
f 871 882 872
f 872 882 883
f 872 883 873
f 873 883 884
f 873 884 874
f 874 884 885
f 874 885 875
f 875 885 886
f 875 886 876
f 876 886 887
f 876 887 877
f 877 887 228
f 877 228 866
f 866 228 227
f 866 227 867
f 169 291 337
f 337 291 888
f 337 888 878
f 878 888 889
f 878 889 879
f 879 889 890
f 879 890 880
f 880 890 891
f 880 891 881
f 881 891 892
f 881 892 882
f 882 892 893
f 882 893 883
f 883 893 894
f 883 894 884
f 884 894 895
f 884 895 885
f 885 895 896
f 885 896 886
f 886 896 897
f 886 897 887
f 887 897 226
f 887 226 228
f 228 226 225
f 228 225 227
f 168 338 291
f 291 338 898
f 291 898 888
f 888 898 899
f 888 899 889
f 889 899 900
f 889 900 890
f 890 900 901
f 890 901 891
f 891 901 902
f 891 902 892
f 892 902 903
f 892 903 893
f 893 903 904
f 893 904 894
f 894 904 905
f 894 905 895
f 895 905 906
f 895 906 896
f 896 906 907
f 896 907 897
f 897 907 223
f 897 223 226
f 226 223 222
f 226 222 224
f 174 290 338
f 338 290 908
f 338 908 898
f 898 908 909
f 898 909 899
f 899 909 910
f 899 910 900
f 900 910 911
f 900 911 901
f 901 911 912
f 901 912 902
f 902 912 913
f 902 913 903
f 903 913 914
f 903 914 904
f 904 914 915
f 904 915 905
f 905 915 916
f 905 916 906
f 906 916 917
f 906 917 907
f 907 917 918
f 907 918 223
f 223 918 919
f 223 919 221
f 920 921 922
f 173 289 290
f 290 289 923
f 290 923 908
f 908 923 924
f 908 924 909
f 909 924 925
f 909 925 910
f 910 925 926
f 910 926 911
f 911 926 927
f 911 927 912
f 912 927 928
f 912 928 913
f 913 928 929
f 913 929 914
f 914 929 930
f 914 930 915
f 915 930 931
f 915 931 916
f 916 931 932
f 916 932 917
f 917 932 920
f 917 920 918
f 918 920 922
f 918 922 919
f 933 934 935
f 171 288 289
f 289 288 936
f 289 936 923
f 923 936 937
f 923 937 924
f 924 937 938
f 924 938 925
f 925 938 939
f 925 939 926
f 926 939 940
f 926 940 927
f 927 940 941
f 927 941 928
f 928 941 942
f 928 942 929
f 929 942 943
f 929 943 930
f 930 943 944
f 930 944 931
f 931 944 945
f 931 945 932
f 932 945 933
f 932 933 920
f 920 933 935
f 920 935 921
f 946 947 948
f 175 339 288
f 288 339 949
f 288 949 936
f 936 949 950
f 936 950 937
f 937 950 951
f 937 951 938
f 938 951 952
f 938 952 939
f 939 952 953
f 939 953 940
f 940 953 954
f 940 954 941
f 941 954 955
f 941 955 942
f 942 955 956
f 942 956 943
f 943 956 957
f 943 957 944
f 944 957 958
f 944 958 945
f 945 958 946
f 945 946 933
f 933 946 948
f 933 948 934
f 177 340 339
f 339 340 959
f 339 959 949
f 949 959 960
f 949 960 950
f 950 960 961
f 950 961 951
f 951 961 962
f 951 962 952
f 952 962 963
f 952 963 953
f 953 963 964
f 953 964 954
f 954 964 965
f 954 965 955
f 955 965 966
f 955 966 956
f 956 966 967
f 956 967 957
f 957 967 968
f 957 968 958
f 958 968 220
f 958 220 946
f 946 220 219
f 946 219 947
f 99 287 340
f 340 287 969
f 340 969 959
f 959 969 970
f 959 970 960
f 960 970 971
f 960 971 961
f 961 971 972
f 961 972 962
f 962 972 973
f 962 973 963
f 963 973 974
f 963 974 964
f 964 974 975
f 964 975 965
f 965 975 976
f 965 976 966
f 966 976 977
f 966 977 967
f 967 977 978
f 967 978 968
f 968 978 218
f 968 218 220
f 220 218 217
f 220 217 219
f 98 341 287
f 287 341 979
f 287 979 969
f 969 979 980
f 969 980 970
f 970 980 981
f 970 981 971
f 971 981 982
f 971 982 972
f 972 982 983
f 972 983 973
f 973 983 984
f 973 984 974
f 974 984 985
f 974 985 975
f 975 985 986
f 975 986 976
f 976 986 987
f 976 987 977
f 977 987 988
f 977 988 978
f 978 988 215
f 978 215 218
f 218 215 214
f 218 214 216
f 180 342 341
f 341 342 989
f 341 989 979
f 979 989 990
f 979 990 980
f 980 990 991
f 980 991 981
f 981 991 992
f 981 992 982
f 982 992 993
f 982 993 983
f 983 993 994
f 983 994 984
f 984 994 995
f 984 995 985
f 985 995 996
f 985 996 986
f 986 996 997
f 986 997 987
f 987 997 998
f 987 998 988
f 988 998 212
f 988 212 215
f 215 212 211
f 215 211 213
f 182 286 342
f 342 286 999
f 342 999 989
f 989 999 1000
f 989 1000 990
f 990 1000 1001
f 990 1001 991
f 991 1001 1002
f 991 1002 992
f 992 1002 1003
f 992 1003 993
f 993 1003 1004
f 993 1004 994
f 994 1004 1005
f 994 1005 995
f 995 1005 1006
f 995 1006 996
f 996 1006 1007
f 996 1007 997
f 997 1007 1008
f 997 1008 998
f 998 1008 1009
f 998 1009 212
f 212 1009 1010
f 212 1010 210
f 1011 1012 1013
f 184 343 286
f 286 343 1014
f 286 1014 999
f 999 1014 1015
f 999 1015 1000
f 1000 1015 1016
f 1000 1016 1001
f 1001 1016 1017
f 1001 1017 1002
f 1002 1017 1018
f 1002 1018 1003
f 1003 1018 1019
f 1003 1019 1004
f 1004 1019 1020
f 1004 1020 1005
f 1005 1020 1021
f 1005 1021 1006
f 1006 1021 1022
f 1006 1022 1007
f 1007 1022 1023
f 1007 1023 1008
f 1008 1023 1011
f 1008 1011 1009
f 1009 1011 1013
f 1009 1013 1010
f 1024 1025 1026
f 183 344 343
f 343 344 1027
f 343 1027 1014
f 1014 1027 1028
f 1014 1028 1015
f 1015 1028 1029
f 1015 1029 1016
f 1016 1029 1030
f 1016 1030 1017
f 1017 1030 1031
f 1017 1031 1018
f 1018 1031 1032
f 1018 1032 1019
f 1019 1032 1033
f 1019 1033 1020
f 1020 1033 1034
f 1020 1034 1021
f 1021 1034 1035
f 1021 1035 1022
f 1022 1035 1036
f 1022 1036 1023
f 1023 1036 1024
f 1023 1024 1011
f 1011 1024 1026
f 1011 1026 1012
f 186 345 344
f 344 345 1039
f 344 1039 1027
f 1027 1039 1040
f 1027 1040 1028
f 1028 1040 1041
f 1028 1041 1029
f 1029 1041 1042
f 1029 1042 1030
f 1030 1042 1043
f 1030 1043 1031
f 1031 1043 1044
f 1031 1044 1032
f 1032 1044 1045
f 1032 1045 1033
f 1033 1045 1046
f 1033 1046 1034
f 1034 1046 1047
f 1034 1047 1035
f 1035 1047 1048
f 1035 1048 1036
f 1036 1048 1037
f 1036 1037 1024
f 1024 1037 1038
f 1024 1038 1025
f 97 285 345
f 345 285 1049
f 345 1049 1039
f 1039 1049 1050
f 1039 1050 1040
f 1040 1050 1051
f 1040 1051 1041
f 1041 1051 1052
f 1041 1052 1042
f 1042 1052 1053
f 1042 1053 1043
f 1043 1053 1054
f 1043 1054 1044
f 1044 1054 1055
f 1044 1055 1045
f 1045 1055 1056
f 1045 1056 1046
f 1046 1056 1057
f 1046 1057 1047
f 1047 1057 1058
f 1047 1058 1048
f 1048 1058 209
f 1048 209 1037
f 1037 209 208
f 1037 208 1038
f 97 346 285
f 285 346 1059
f 285 1059 1049
f 1049 1059 1060
f 1049 1060 1050
f 1050 1060 1061
f 1050 1061 1051
f 1051 1061 1062
f 1051 1062 1052
f 1052 1062 1063
f 1052 1063 1053
f 1053 1063 1064
f 1053 1064 1054
f 1054 1064 1065
f 1054 1065 1055
f 1055 1065 1066
f 1055 1066 1056
f 1056 1066 1067
f 1056 1067 1057
f 1057 1067 1068
f 1057 1068 1058
f 1058 1068 206
f 1058 206 209
f 209 206 205
f 209 205 207
f 189 347 346
f 346 347 1069
f 346 1069 1059
f 1059 1069 1070
f 1059 1070 1060
f 1060 1070 1071
f 1060 1071 1061
f 1061 1071 1072
f 1061 1072 1062
f 1062 1072 1073
f 1062 1073 1063
f 1063 1073 1074
f 1063 1074 1064
f 1064 1074 1075
f 1064 1075 1065
f 1065 1075 1076
f 1065 1076 1066
f 1066 1076 1077
f 1066 1077 1067
f 1067 1077 1078
f 1067 1078 1068
f 1068 1078 203
f 1068 203 206
f 206 203 202
f 206 202 204
f 193 284 347
f 347 284 1079
f 347 1079 1069
f 1069 1079 1080
f 1069 1080 1070
f 1070 1080 1081
f 1070 1081 1071
f 1071 1081 1082
f 1071 1082 1072
f 1072 1082 1083
f 1072 1083 1073
f 1073 1083 1084
f 1073 1084 1074
f 1074 1084 1085
f 1074 1085 1075
f 1075 1085 1086
f 1075 1086 1076
f 1076 1086 1087
f 1076 1087 1077
f 1077 1087 1088
f 1077 1088 1078
f 1078 1088 1089
f 1078 1089 203
f 203 1089 1090
f 203 1090 201
f 1091 1092 1093
f 192 348 284
f 284 348 1094
f 284 1094 1079
f 1079 1094 1095
f 1079 1095 1080
f 1080 1095 1096
f 1080 1096 1081
f 1081 1096 1097
f 1081 1097 1082
f 1082 1097 1098
f 1082 1098 1083
f 1083 1098 1099
f 1083 1099 1084
f 1084 1099 1100
f 1084 1100 1085
f 1085 1100 1101
f 1085 1101 1086
f 1086 1101 1102
f 1086 1102 1087
f 1087 1102 1103
f 1087 1103 1088
f 1088 1103 1091
f 1088 1091 1089
f 1089 1091 1093
f 1089 1093 1090
f 1104 1105 1106
f 190 283 348
f 348 283 1107
f 348 1107 1094
f 1094 1107 1108
f 1094 1108 1095
f 1095 1108 1109
f 1095 1109 1096
f 1096 1109 1110
f 1096 1110 1097
f 1097 1110 1111
f 1097 1111 1098
f 1098 1111 1112
f 1098 1112 1099
f 1099 1112 1113
f 1099 1113 1100
f 1100 1113 1114
f 1100 1114 1101
f 1101 1114 1115
f 1101 1115 1102
f 1102 1115 1116
f 1102 1116 1103
f 1103 1116 1104
f 1103 1104 1091
f 1091 1104 1106
f 1091 1106 1092
f 195 282 283
f 283 282 1119
f 283 1119 1107
f 1107 1119 1120
f 1107 1120 1108
f 1108 1120 1121
f 1108 1121 1109
f 1109 1121 1122
f 1109 1122 1110
f 1110 1122 1123
f 1110 1123 1111
f 1111 1123 1124
f 1111 1124 1112
f 1112 1124 1125
f 1112 1125 1113
f 1113 1125 1126
f 1113 1126 1114
f 1114 1126 1127
f 1114 1127 1115
f 1115 1127 1128
f 1115 1128 1116
f 1116 1128 1117
f 1116 1117 1104
f 1104 1117 1118
f 1104 1118 1105
f 200 281 282
f 282 281 350
f 282 350 1119
f 1119 350 352
f 1119 352 1120
f 1120 352 354
f 1120 354 1121
f 1121 354 356
f 1121 356 1122
f 1122 356 358
f 1122 358 1123
f 1123 358 360
f 1123 360 1124
f 1124 360 362
f 1124 362 1125
f 1125 362 364
f 1125 364 1126
f 1126 364 366
f 1126 366 1127
f 1127 366 368
f 1127 368 1128
f 1128 368 369
f 1128 369 1117
f 1117 369 370
f 1117 370 1118
f 279 1129 1130
f 1129 279 277
f 1129 277 1131
f 1131 277 276
f 1131 276 1132
f 1132 276 274
f 274 273 1132
f 1132 273 402
f 1132 402 1133
f 402 405 1133
f 1133 405 404
f 1133 404 1134
f 431 1135 417
f 417 1135 1134
f 417 1134 418
f 418 1134 404
f 431 430 1135
f 1135 430 271
f 1135 271 1136
f 1136 271 269
f 1136 269 1137
f 269 268 1137
f 1137 268 266
f 1137 266 1138
f 1138 266 265
f 1138 265 1139
f 1139 265 483
f 483 486 1139
f 1139 486 485
f 1139 485 1140
f 485 499 1140
f 1140 499 498
f 1140 498 1141
f 498 512 1141
f 1141 512 511
f 1141 511 1142
f 263 1143 524
f 524 1143 1142
f 524 1142 511
f 263 262 1143
f 1143 262 260
f 1143 260 1144
f 1144 260 259
f 1144 259 1145
f 1145 259 257
f 257 256 1145
f 1145 256 576
f 1145 576 1146
f 576 579 1146
f 1146 579 578
f 1146 578 1147
f 604 1148 591
f 591 1148 1147
f 591 1147 592
f 592 1147 578
f 1148 604 254
f 1148 254 1149
f 1149 254 252
f 1149 252 1150
f 252 251 1150
f 1150 251 249
f 1150 249 1151
f 1151 249 248
f 1151 248 1152
f 1152 248 656
f 656 659 1152
f 1152 659 658
f 1152 658 1153
f 658 672 1153
f 1153 672 671
f 1153 671 1154
f 671 685 1154
f 1154 685 684
f 1154 684 1155
f 246 1156 697
f 697 1156 1155
f 697 1155 684
f 1156 246 244
f 1156 244 1157
f 1157 244 243
f 1157 243 1158
f 243 241 1158
f 1158 241 240
f 1158 240 1159
f 1159 240 749
f 749 752 1159
f 1159 752 751
f 1159 751 1160
f 777 1161 764
f 764 1161 1160
f 764 1160 765
f 765 1160 751
f 1161 777 238
f 1161 238 1162
f 1162 238 236
f 1162 236 1163
f 236 235 1163
f 1163 235 233
f 1163 233 1164
f 1164 233 232
f 1164 232 1165
f 1165 232 230
f 230 229 1165
f 1165 229 839
f 1165 839 1166
f 839 842 1166
f 1166 842 841
f 1166 841 1167
f 841 855 1167
f 1167 855 854
f 1167 854 1168
f 227 1169 867
f 867 1169 1168
f 867 1168 854
f 1169 227 225
f 1169 225 1170
f 1170 225 224
f 1170 224 1171
f 224 222 1171
f 1171 222 221
f 1171 221 1172
f 1172 221 919
f 919 922 1172
f 1172 922 921
f 1172 921 1173
f 948 1174 934
f 934 1174 1173
f 934 1173 935
f 935 1173 921
f 948 947 1174
f 1174 947 219
f 1174 219 1175
f 1175 219 217
f 1175 217 1176
f 217 216 1176
f 1176 216 214
f 1176 214 1177
f 1177 214 213
f 1177 213 1178
f 1178 213 211
f 211 210 1178
f 1178 210 1010
f 1178 1010 1179
f 1010 1013 1179
f 1179 1013 1012
f 1179 1012 1180
f 1012 1026 1180
f 1180 1026 1025
f 1180 1025 1181
f 208 1182 1038
f 1038 1182 1181
f 1038 1181 1025
f 208 207 1182
f 1182 207 205
f 1182 205 1183
f 205 204 1183
f 1183 204 202
f 1183 202 1184
f 1184 202 201
f 1184 201 1185
f 1185 201 1090
f 1090 1093 1185
f 1185 1093 1092
f 1185 1092 1186
f 1092 1106 1186
f 1186 1106 1105
f 1186 1105 1187
f 1105 1118 1187
f 1187 1118 1130
f 1130 1118 370
f 1130 370 279
f 1187 1188 1186
f 1186 1188 1189
f 1186 1189 1185
f 1185 1189 1190
f 1185 1190 1184
f 1184 1190 1191
f 1184 1191 1183
f 1183 1191 1192
f 1183 1192 1182
f 1182 1192 1193
f 1182 1193 1181
f 1181 1193 1194
f 1181 1194 1180
f 1180 1194 1195
f 1180 1195 1179
f 1179 1195 1196
f 1179 1196 1178
f 1178 1196 1197
f 1178 1197 1177
f 1177 1197 1198
f 1177 1198 1176
f 1176 1198 1199
f 1176 1199 1175
f 1175 1199 1200
f 1175 1200 1174
f 1174 1200 1201
f 1174 1201 1173
f 1173 1201 1202
f 1173 1202 1172
f 1172 1202 1203
f 1172 1203 1171
f 1171 1203 1204
f 1171 1204 1170
f 1170 1204 1205
f 1170 1205 1169
f 1169 1205 1206
f 1169 1206 1168
f 1168 1206 1207
f 1168 1207 1167
f 1167 1207 1208
f 1167 1208 1166
f 1166 1208 1209
f 1166 1209 1165
f 1165 1209 1210
f 1165 1210 1164
f 1164 1210 1211
f 1164 1211 1163
f 1163 1211 1212
f 1163 1212 1162
f 1162 1212 1213
f 1162 1213 1161
f 1161 1213 1214
f 1161 1214 1160
f 1160 1214 1215
f 1160 1215 1159
f 1159 1215 1216
f 1159 1216 1158
f 1158 1216 1217
f 1158 1217 1157
f 1157 1217 1218
f 1157 1218 1156
f 1156 1218 1219
f 1156 1219 1155
f 1155 1219 1220
f 1155 1220 1154
f 1154 1220 1221
f 1154 1221 1153
f 1153 1221 1222
f 1153 1222 1152
f 1152 1222 1223
f 1152 1223 1151
f 1151 1223 1224
f 1151 1224 1150
f 1150 1224 1225
f 1150 1225 1149
f 1149 1225 1226
f 1149 1226 1148
f 1148 1226 1227
f 1148 1227 1147
f 1147 1227 1228
f 1147 1228 1146
f 1146 1228 1229
f 1146 1229 1145
f 1145 1229 1230
f 1145 1230 1144
f 1144 1230 1231
f 1144 1231 1143
f 1143 1231 1232
f 1143 1232 1142
f 1142 1232 1233
f 1142 1233 1141
f 1141 1233 1234
f 1141 1234 1140
f 1140 1234 1235
f 1140 1235 1139
f 1139 1235 1236
f 1139 1236 1138
f 1138 1236 1237
f 1138 1237 1137
f 1137 1237 1238
f 1137 1238 1136
f 1136 1238 1239
f 1136 1239 1135
f 1135 1239 1240
f 1135 1240 1134
f 1134 1240 1241
f 1134 1241 1133
f 1133 1241 1242
f 1133 1242 1132
f 1132 1242 1243
f 1132 1243 1131
f 1131 1243 1244
f 1131 1244 1129
f 1129 1244 1245
f 1129 1245 1130
f 1130 1245 1246
f 1130 1246 1187
f 1187 1246 1188
f 1188 1247 1189
f 1189 1247 1248
f 1189 1248 1190
f 1190 1248 1249
f 1190 1249 1191
f 1191 1249 1250
f 1191 1250 1192
f 1192 1250 1251
f 1192 1251 1193
f 1193 1251 1252
f 1193 1252 1194
f 1194 1252 1253
f 1194 1253 1195
f 1195 1253 1254
f 1195 1254 1196
f 1196 1254 1255
f 1196 1255 1197
f 1197 1255 1256
f 1197 1256 1198
f 1198 1256 1257
f 1198 1257 1199
f 1199 1257 1258
f 1199 1258 1200
f 1200 1258 1259
f 1200 1259 1201
f 1201 1259 1260
f 1201 1260 1202
f 1202 1260 1261
f 1202 1261 1203
f 1203 1261 1262
f 1203 1262 1204
f 1204 1262 1263
f 1204 1263 1205
f 1205 1263 1264
f 1205 1264 1206
f 1206 1264 1265
f 1206 1265 1207
f 1207 1265 1266
f 1207 1266 1208
f 1208 1266 1267
f 1208 1267 1209
f 1209 1267 1268
f 1209 1268 1210
f 1210 1268 1269
f 1210 1269 1211
f 1211 1269 1270
f 1211 1270 1212
f 1212 1270 1271
f 1212 1271 1213
f 1213 1271 1272
f 1213 1272 1214
f 1214 1272 1273
f 1214 1273 1215
f 1215 1273 1274
f 1215 1274 1216
f 1216 1274 1275
f 1216 1275 1217
f 1217 1275 1276
f 1217 1276 1218
f 1218 1276 1277
f 1218 1277 1219
f 1219 1277 1278
f 1219 1278 1220
f 1220 1278 1279
f 1220 1279 1221
f 1221 1279 1280
f 1221 1280 1222
f 1222 1280 1281
f 1222 1281 1223
f 1223 1281 1282
f 1223 1282 1224
f 1224 1282 1283
f 1224 1283 1225
f 1225 1283 1284
f 1225 1284 1226
f 1226 1284 1285
f 1226 1285 1227
f 1227 1285 1286
f 1227 1286 1228
f 1228 1286 1287
f 1228 1287 1229
f 1229 1287 1288
f 1229 1288 1230
f 1230 1288 1289
f 1230 1289 1231
f 1231 1289 1290
f 1231 1290 1232
f 1232 1290 1291
f 1232 1291 1233
f 1233 1291 1292
f 1233 1292 1234
f 1234 1292 1293
f 1234 1293 1235
f 1235 1293 1294
f 1235 1294 1236
f 1236 1294 1295
f 1236 1295 1237
f 1237 1295 1296
f 1237 1296 1238
f 1238 1296 1297
f 1238 1297 1239
f 1239 1297 1298
f 1239 1298 1240
f 1240 1298 1299
f 1240 1299 1241
f 1241 1299 1300
f 1241 1300 1242
f 1242 1300 1301
f 1242 1301 1243
f 1243 1301 1302
f 1243 1302 1244
f 1244 1302 1303
f 1244 1303 1245
f 1245 1303 1304
f 1245 1304 1246
f 1246 1304 1305
f 1246 1305 1188
f 1188 1305 1247
f 1247 1306 1248
f 1248 1306 1307
f 1248 1307 1249
f 1249 1307 1308
f 1249 1308 1250
f 1250 1308 1309
f 1250 1309 1251
f 1251 1309 1310
f 1251 1310 1252
f 1252 1310 1311
f 1252 1311 1253
f 1253 1311 1312
f 1253 1312 1254
f 1254 1312 1313
f 1254 1313 1255
f 1255 1313 1314
f 1255 1314 1256
f 1256 1314 1315
f 1256 1315 1257
f 1257 1315 1316
f 1257 1316 1258
f 1258 1316 1317
f 1258 1317 1259
f 1259 1317 1318
f 1259 1318 1260
f 1260 1318 1319
f 1260 1319 1261
f 1261 1319 1320
f 1261 1320 1262
f 1262 1320 1321
f 1262 1321 1263
f 1263 1321 1322
f 1263 1322 1264
f 1264 1322 1323
f 1264 1323 1265
f 1265 1323 1324
f 1265 1324 1266
f 1266 1324 1325
f 1266 1325 1267
f 1267 1325 1326
f 1267 1326 1268
f 1268 1326 1327
f 1268 1327 1269
f 1269 1327 1328
f 1269 1328 1270
f 1270 1328 1329
f 1270 1329 1271
f 1271 1329 1330
f 1271 1330 1272
f 1272 1330 1331
f 1272 1331 1273
f 1273 1331 1332
f 1273 1332 1274
f 1274 1332 1333
f 1274 1333 1275
f 1275 1333 1334
f 1275 1334 1276
f 1276 1334 1335
f 1276 1335 1277
f 1277 1335 1336
f 1277 1336 1278
f 1278 1336 1337
f 1278 1337 1279
f 1279 1337 1338
f 1279 1338 1280
f 1280 1338 1339
f 1280 1339 1281
f 1281 1339 1340
f 1281 1340 1282
f 1282 1340 1341
f 1282 1341 1283
f 1283 1341 1342
f 1283 1342 1284
f 1284 1342 1343
f 1284 1343 1285
f 1285 1343 1344
f 1285 1344 1286
f 1286 1344 1345
f 1286 1345 1287
f 1287 1345 1346
f 1287 1346 1288
f 1288 1346 1347
f 1288 1347 1289
f 1289 1347 1348
f 1289 1348 1290
f 1290 1348 1349
f 1290 1349 1291
f 1291 1349 1350
f 1291 1350 1292
f 1292 1350 1351
f 1292 1351 1293
f 1293 1351 1352
f 1293 1352 1294
f 1294 1352 1353
f 1294 1353 1295
f 1295 1353 1354
f 1295 1354 1296
f 1296 1354 1355
f 1296 1355 1297
f 1297 1355 1356
f 1297 1356 1298
f 1298 1356 1357
f 1298 1357 1299
f 1299 1357 1358
f 1299 1358 1300
f 1300 1358 1359
f 1300 1359 1301
f 1301 1359 1360
f 1301 1360 1302
f 1302 1360 1361
f 1302 1361 1303
f 1303 1361 1362
f 1303 1362 1304
f 1304 1362 1363
f 1304 1363 1305
f 1305 1363 1364
f 1305 1364 1247
f 1247 1364 1306
f 1306 1365 1307
f 1307 1365 1366
f 1307 1366 1308
f 1308 1366 1367
f 1308 1367 1309
f 1309 1367 1368
f 1309 1368 1310
f 1310 1368 1369
f 1310 1369 1311
f 1311 1369 1370
f 1311 1370 1312
f 1312 1370 1371
f 1312 1371 1313
f 1313 1371 1372
f 1313 1372 1314
f 1314 1372 1373
f 1314 1373 1315
f 1315 1373 1374
f 1315 1374 1316
f 1316 1374 1375
f 1316 1375 1317
f 1317 1375 1376
f 1317 1376 1318
f 1318 1376 1377
f 1318 1377 1319
f 1319 1377 1378
f 1319 1378 1320
f 1320 1378 1379
f 1320 1379 1321
f 1321 1379 1380
f 1321 1380 1322
f 1322 1380 1381
f 1322 1381 1323
f 1323 1381 1382
f 1323 1382 1324
f 1324 1382 1383
f 1324 1383 1325
f 1325 1383 1384
f 1325 1384 1326
f 1326 1384 1385
f 1326 1385 1327
f 1327 1385 1386
f 1327 1386 1328
f 1328 1386 1387
f 1328 1387 1329
f 1329 1387 1388
f 1329 1388 1330
f 1330 1388 1389
f 1330 1389 1331
f 1331 1389 1390
f 1331 1390 1332
f 1332 1390 1391
f 1332 1391 1333
f 1333 1391 1392
f 1333 1392 1334
f 1334 1392 1393
f 1334 1393 1335
f 1335 1393 1394
f 1335 1394 1336
f 1336 1394 1395
f 1336 1395 1337
f 1337 1395 1396
f 1337 1396 1338
f 1338 1396 1397
f 1338 1397 1339
f 1339 1397 1398
f 1339 1398 1340
f 1340 1398 1399
f 1340 1399 1341
f 1341 1399 1400
f 1341 1400 1342
f 1342 1400 1401
f 1342 1401 1343
f 1343 1401 1402
f 1343 1402 1344
f 1344 1402 1403
f 1344 1403 1345
f 1345 1403 1404
f 1345 1404 1346
f 1346 1404 1405
f 1346 1405 1347
f 1347 1405 1406
f 1347 1406 1348
f 1348 1406 1407
f 1348 1407 1349
f 1349 1407 1408
f 1349 1408 1350
f 1350 1408 1409
f 1350 1409 1351
f 1351 1409 1410
f 1351 1410 1352
f 1352 1410 1411
f 1352 1411 1353
f 1353 1411 1412
f 1353 1412 1354
f 1354 1412 1413
f 1354 1413 1355
f 1355 1413 1414
f 1355 1414 1356
f 1356 1414 1415
f 1356 1415 1357
f 1357 1415 1416
f 1357 1416 1358
f 1358 1416 1417
f 1358 1417 1359
f 1359 1417 1418
f 1359 1418 1360
f 1360 1418 1419
f 1360 1419 1361
f 1361 1419 1420
f 1361 1420 1362
f 1362 1420 1421
f 1362 1421 1363
f 1363 1421 1422
f 1363 1422 1364
f 1364 1422 1423
f 1364 1423 1306
f 1306 1423 1365
f 1365 1424 1366
f 1366 1424 1425
f 1366 1425 1367
f 1367 1425 1426
f 1367 1426 1368
f 1368 1426 1427
f 1368 1427 1369
f 1369 1427 1428
f 1369 1428 1370
f 1370 1428 1429
f 1370 1429 1371
f 1371 1429 1430
f 1371 1430 1372
f 1372 1430 1431
f 1372 1431 1373
f 1373 1431 1432
f 1373 1432 1374
f 1374 1432 1433
f 1374 1433 1375
f 1375 1433 1434
f 1375 1434 1376
f 1376 1434 1435
f 1376 1435 1377
f 1377 1435 1436
f 1377 1436 1378
f 1378 1436 1437
f 1378 1437 1379
f 1379 1437 1438
f 1379 1438 1380
f 1380 1438 1439
f 1380 1439 1381
f 1381 1439 1440
f 1381 1440 1382
f 1382 1440 1441
f 1382 1441 1383
f 1383 1441 1442
f 1383 1442 1384
f 1384 1442 1443
f 1384 1443 1385
f 1385 1443 1444
f 1385 1444 1386
f 1386 1444 1445
f 1386 1445 1387
f 1387 1445 1446
f 1387 1446 1388
f 1388 1446 1447
f 1388 1447 1389
f 1389 1447 1448
f 1389 1448 1390
f 1390 1448 1449
f 1390 1449 1391
f 1391 1449 1450
f 1391 1450 1392
f 1392 1450 1451
f 1392 1451 1393
f 1393 1451 1452
f 1393 1452 1394
f 1394 1452 1453
f 1394 1453 1395
f 1395 1453 1454
f 1395 1454 1396
f 1396 1454 1455
f 1396 1455 1397
f 1397 1455 1456
f 1397 1456 1398
f 1398 1456 1457
f 1398 1457 1399
f 1399 1457 1458
f 1399 1458 1400
f 1400 1458 1459
f 1400 1459 1401
f 1401 1459 1460
f 1401 1460 1402
f 1402 1460 1461
f 1402 1461 1403
f 1403 1461 1462
f 1403 1462 1404
f 1404 1462 1463
f 1404 1463 1405
f 1405 1463 1464
f 1405 1464 1406
f 1406 1464 1465
f 1406 1465 1407
f 1407 1465 1466
f 1407 1466 1408
f 1408 1466 1467
f 1408 1467 1409
f 1409 1467 1468
f 1409 1468 1410
f 1410 1468 1469
f 1410 1469 1411
f 1411 1469 1470
f 1411 1470 1412
f 1412 1470 1471
f 1412 1471 1413
f 1413 1471 1472
f 1413 1472 1414
f 1414 1472 1473
f 1414 1473 1415
f 1415 1473 1474
f 1415 1474 1416
f 1416 1474 1475
f 1416 1475 1417
f 1417 1475 1476
f 1417 1476 1418
f 1418 1476 1477
f 1418 1477 1419
f 1419 1477 1478
f 1419 1478 1420
f 1420 1478 1479
f 1420 1479 1421
f 1421 1479 1480
f 1421 1480 1422
f 1422 1480 1481
f 1422 1481 1423
f 1423 1481 1482
f 1423 1482 1365
f 1365 1482 1424
f 1424 1483 1425
f 1425 1483 1484
f 1425 1484 1426
f 1426 1484 1485
f 1426 1485 1427
f 1427 1485 1486
f 1427 1486 1428
f 1428 1486 1487
f 1428 1487 1429
f 1429 1487 1488
f 1429 1488 1430
f 1430 1488 1489
f 1430 1489 1431
f 1431 1489 1490
f 1431 1490 1432
f 1432 1490 1491
f 1432 1491 1433
f 1433 1491 1492
f 1433 1492 1434
f 1434 1492 1493
f 1434 1493 1435
f 1435 1493 1494
f 1435 1494 1436
f 1436 1494 1495
f 1436 1495 1437
f 1437 1495 1496
f 1437 1496 1438
f 1438 1496 1497
f 1438 1497 1439
f 1439 1497 1498
f 1439 1498 1440
f 1440 1498 1499
f 1440 1499 1441
f 1441 1499 1500
f 1441 1500 1442
f 1442 1500 1501
f 1442 1501 1443
f 1443 1501 1502
f 1443 1502 1444
f 1444 1502 1503
f 1444 1503 1445
f 1445 1503 1504
f 1445 1504 1446
f 1446 1504 1505
f 1446 1505 1447
f 1447 1505 1506
f 1447 1506 1448
f 1448 1506 1507
f 1448 1507 1449
f 1449 1507 1508
f 1449 1508 1450
f 1450 1508 1509
f 1450 1509 1451
f 1451 1509 1510
f 1451 1510 1452
f 1452 1510 1511
f 1452 1511 1453
f 1453 1511 1512
f 1453 1512 1454
f 1454 1512 1513
f 1454 1513 1455
f 1455 1513 1514
f 1455 1514 1456
f 1456 1514 1515
f 1456 1515 1457
f 1457 1515 1516
f 1457 1516 1458
f 1458 1516 1517
f 1458 1517 1459
f 1459 1517 1518
f 1459 1518 1460
f 1460 1518 1519
f 1460 1519 1461
f 1461 1519 1520
f 1461 1520 1462
f 1462 1520 1521
f 1462 1521 1463
f 1463 1521 1522
f 1463 1522 1464
f 1464 1522 1523
f 1464 1523 1465
f 1465 1523 1524
f 1465 1524 1466
f 1466 1524 1525
f 1466 1525 1467
f 1467 1525 1526
f 1467 1526 1468
f 1468 1526 1527
f 1468 1527 1469
f 1469 1527 1528
f 1469 1528 1470
f 1470 1528 1529
f 1470 1529 1471
f 1471 1529 1530
f 1471 1530 1472
f 1472 1530 1531
f 1472 1531 1473
f 1473 1531 1532
f 1473 1532 1474
f 1474 1532 1533
f 1474 1533 1475
f 1475 1533 1534
f 1475 1534 1476
f 1476 1534 1535
f 1476 1535 1477
f 1477 1535 1536
f 1477 1536 1478
f 1478 1536 1537
f 1478 1537 1479
f 1479 1537 1538
f 1479 1538 1480
f 1480 1538 1539
f 1480 1539 1481
f 1481 1539 1540
f 1481 1540 1482
f 1482 1540 1541
f 1482 1541 1424
f 1424 1541 1483
f 1542 1512 1543
f 1543 1512 1511
f 1543 1511 1544
f 1544 1511 1510
f 1544 1510 1545
f 1545 1510 1509
f 1545 1509 1546
f 1546 1509 1508
f 1546 1508 1547
f 1548 1485 1549
f 1549 1485 1484
f 1549 1484 1550
f 1550 1484 1483
f 1550 1483 1551
f 1551 1483 1541
f 1551 1541 1552
f 1552 1541 1540
f 1552 1540 1553
f 1540 1539 1553
f 1553 1539 1538
f 1553 1538 1554
f 1554 1538 1537
f 1554 1537 1555
f 1555 1537 1536
f 1555 1536 1556
f 1556 1536 1535
f 1556 1535 1557
f 1558 1517 1559
f 1559 1517 1516
f 1559 1516 1560
f 1560 1516 1515
f 1560 1515 1561
f 1561 1515 1514
f 1561 1514 1542
f 1542 1514 1513
f 1542 1513 1512
f 1562 1490 1563
f 1563 1490 1489
f 1563 1489 1564
f 1564 1489 1488
f 1564 1488 1565
f 1565 1488 1487
f 1565 1487 1548
f 1548 1487 1486
f 1548 1486 1485
f 1508 1507 1547
f 1547 1507 1506
f 1547 1506 1566
f 1566 1506 1505
f 1566 1505 1567
f 1567 1505 1504
f 1567 1504 1568
f 1568 1504 1503
f 1568 1503 1569
f 1570 1522 1571
f 1571 1522 1521
f 1571 1521 1572
f 1572 1521 1520
f 1572 1520 1573
f 1573 1520 1519
f 1573 1519 1558
f 1558 1519 1518
f 1558 1518 1517
f 1574 1528 1575
f 1575 1528 1527
f 1575 1527 1576
f 1576 1527 1526
f 1576 1526 1577
f 1577 1526 1525
f 1577 1525 1578
f 1578 1525 1524
f 1578 1524 1570
f 1570 1524 1523
f 1570 1523 1522
f 1535 1534 1557
f 1557 1534 1533
f 1557 1533 1579
f 1579 1533 1532
f 1579 1532 1580
f 1580 1532 1531
f 1580 1531 1581
f 1581 1531 1530
f 1581 1530 1574
f 1574 1530 1529
f 1574 1529 1528
f 1582 1495 1583
f 1583 1495 1494
f 1583 1494 1584
f 1584 1494 1493
f 1584 1493 1585
f 1585 1493 1492
f 1585 1492 1562
f 1562 1492 1491
f 1562 1491 1490
f 1503 1502 1569
f 1569 1502 1501
f 1569 1501 1586
f 1586 1501 1500
f 1586 1500 1587
f 1587 1500 1499
f 1587 1499 1588
f 1588 1499 1498
f 1588 1498 1589
f 1589 1498 1497
f 1589 1497 1582
f 1582 1497 1496
f 1582 1496 1495
f 1590 1591 1592
f 1593 1594 1595
f 1596 1597 1598
f 1599 1600 1601
f 1602 1603 1604
f 1605 1606 1607
f 1608 1609 1610
f 1611 1612 1613
f 1614 1615 1616
f 1617 1618 1619
f 1620 1621 1622
f 1623 1624 1625
f 1626 1627 1628
f 1629 1630 1631
f 1632 1633 1634
f 1635 1636 1637
f 1638 1639 1640
f 1641 1642 1643
f 1564 1565 1644
f 1644 1565 1645
f 1644 1645 1646
f 1646 1645 1647
f 1646 1647 1648
f 1648 1647 1649
f 1648 1649 1650
f 1650 1649 1651
f 1650 1651 1652
f 1652 1651 1653
f 1652 1653 1654
f 1654 1653 1655
f 1565 1548 1645
f 1645 1548 1656
f 1645 1656 1647
f 1647 1656 1657
f 1647 1657 1649
f 1649 1657 1658
f 1649 1658 1651
f 1651 1658 1659
f 1651 1659 1653
f 1653 1659 1660
f 1653 1660 1655
f 1655 1660 1661
f 1655 1661 1662
f 1551 1552 1663
f 1663 1552 1664
f 1663 1664 1665
f 1665 1664 1666
f 1665 1666 1667
f 1667 1666 1668
f 1667 1668 1669
f 1669 1668 1670
f 1669 1670 1671
f 1671 1670 1672
f 1671 1672 1673
f 1673 1672 1674
f 1553 1554 1675
f 1675 1554 1676
f 1675 1676 1677
f 1677 1676 1678
f 1677 1678 1679
f 1679 1678 1680
f 1679 1680 1681
f 1681 1680 1682
f 1681 1682 1683
f 1683 1682 1684
f 1683 1684 1685
f 1685 1684 1686
f 1685 1686 1687
f 1687 1686 1688
f 1557 1579 1689
f 1689 1579 1690
f 1689 1690 1691
f 1691 1690 1692
f 1691 1692 1693
f 1693 1692 1694
f 1693 1694 1695
f 1695 1694 1696
f 1695 1696 1697
f 1697 1696 1698
f 1697 1698 1699
f 1699 1698 1700
f 1579 1580 1690
f 1690 1580 1701
f 1690 1701 1692
f 1692 1701 1702
f 1692 1702 1694
f 1694 1702 1703
f 1694 1703 1696
f 1696 1703 1704
f 1696 1704 1698
f 1698 1704 1705
f 1698 1705 1700
f 1700 1705 1706
f 1700 1706 1707
f 1707 1706 1708
f 1575 1576 1709
f 1709 1576 1710
f 1709 1710 1711
f 1711 1710 1712
f 1711 1712 1713
f 1713 1712 1714
f 1713 1714 1715
f 1715 1714 1716
f 1715 1716 1717
f 1717 1716 1718
f 1717 1718 1719
f 1719 1718 1720
f 1576 1577 1710
f 1710 1577 1721
f 1710 1721 1712
f 1712 1721 1722
f 1712 1722 1714
f 1714 1722 1723
f 1714 1723 1716
f 1716 1723 1724
f 1716 1724 1718
f 1718 1724 1725
f 1718 1725 1720
f 1720 1725 1726
f 1720 1726 1727
f 1727 1726 1728
f 1571 1572 1729
f 1729 1572 1730
f 1729 1730 1731
f 1731 1730 1732
f 1731 1732 1733
f 1733 1732 1734
f 1733 1734 1735
f 1735 1734 1736
f 1735 1736 1737
f 1737 1736 1738
f 1737 1738 1739
f 1739 1738 1740
f 1573 1558 1741
f 1741 1558 1742
f 1741 1742 1743
f 1743 1742 1744
f 1743 1744 1745
f 1745 1744 1746
f 1745 1746 1747
f 1747 1746 1748
f 1747 1748 1749
f 1749 1748 1750
f 1749 1750 1751
f 1751 1750 1752
f 1751 1752 1753
f 1753 1752 1754
f 1561 1542 1755
f 1755 1542 1756
f 1755 1756 1757
f 1757 1756 1758
f 1757 1758 1759
f 1759 1758 1760
f 1759 1760 1761
f 1761 1760 1762
f 1761 1762 1763
f 1763 1762 1764
f 1763 1764 1765
f 1765 1764 1766
f 1542 1543 1756
f 1756 1543 1767
f 1756 1767 1758
f 1758 1767 1768
f 1758 1768 1760
f 1760 1768 1769
f 1760 1769 1762
f 1762 1769 1770
f 1762 1770 1764
f 1764 1770 1771
f 1764 1771 1766
f 1766 1771 1772
f 1766 1772 1773
f 1546 1547 1774
f 1774 1547 1775
f 1774 1775 1776
f 1776 1775 1777
f 1776 1777 1778
f 1778 1777 1779
f 1778 1779 1780
f 1780 1779 1781
f 1780 1781 1782
f 1782 1781 1783
f 1782 1783 1784
f 1784 1783 1785
f 1547 1566 1775
f 1775 1566 1786
f 1775 1786 1777
f 1777 1786 1787
f 1777 1787 1779
f 1779 1787 1788
f 1779 1788 1781
f 1781 1788 1789
f 1781 1789 1783
f 1783 1789 1790
f 1783 1790 1785
f 1785 1790 1791
f 1785 1791 1792
f 1569 1586 1793
f 1793 1586 1794
f 1793 1794 1795
f 1795 1794 1796
f 1795 1796 1797
f 1797 1796 1798
f 1797 1798 1799
f 1799 1798 1800
f 1799 1800 1801
f 1801 1800 1802
f 1801 1802 1803
f 1803 1802 1804
f 1587 1588 1805
f 1805 1588 1806
f 1805 1806 1807
f 1807 1806 1808
f 1807 1808 1809
f 1809 1808 1810
f 1809 1810 1811
f 1811 1810 1812
f 1811 1812 1813
f 1813 1812 1814
f 1813 1814 1815
f 1815 1814 1816
f 1815 1816 1817
f 1583 1584 1818
f 1818 1584 1819
f 1818 1819 1820
f 1820 1819 1821
f 1820 1821 1822
f 1822 1821 1823
f 1822 1823 1824
f 1824 1823 1825
f 1824 1825 1826
f 1826 1825 1827
f 1826 1827 1828
f 1828 1827 1829
f 1584 1585 1819
f 1819 1585 1830
f 1819 1830 1821
f 1821 1830 1831
f 1821 1831 1823
f 1823 1831 1832
f 1823 1832 1825
f 1825 1832 1833
f 1825 1833 1827
f 1827 1833 1834
f 1827 1834 1829
f 1829 1834 1835
f 1829 1835 1836
f 1836 1835 1837
f 1563 1564 1838
f 1838 1564 1644
f 1838 1644 1839
f 1839 1644 1646
f 1839 1646 1840
f 1840 1646 1648
f 1840 1648 1841
f 1841 1648 1650
f 1841 1650 1842
f 1842 1650 1652
f 1842 1652 1643
f 1643 1652 1654
f 1643 1654 1641
f 1662 1843 1655
f 1655 1843 1844
f 1655 1844 1654
f 1654 1844 1845
f 1654 1845 1641
f 1639 1662 1640
f 1640 1662 1661
f 1640 1661 1846
f 1846 1661 1660
f 1846 1660 1847
f 1847 1660 1659
f 1847 1659 1848
f 1848 1659 1658
f 1848 1658 1849
f 1849 1658 1657
f 1849 1657 1850
f 1850 1657 1656
f 1850 1656 1549
f 1549 1656 1548
f 1636 1638 1637
f 1637 1638 1640
f 1637 1640 1851
f 1851 1640 1846
f 1851 1846 1852
f 1852 1846 1847
f 1852 1847 1853
f 1853 1847 1848
f 1853 1848 1854
f 1854 1848 1849
f 1854 1849 1855
f 1855 1849 1850
f 1855 1850 1550
f 1550 1850 1549
f 1550 1551 1855
f 1855 1551 1663
f 1855 1663 1854
f 1854 1663 1665
f 1854 1665 1853
f 1853 1665 1667
f 1853 1667 1852
f 1852 1667 1669
f 1852 1669 1851
f 1851 1669 1671
f 1851 1671 1637
f 1637 1671 1673
f 1637 1673 1635
f 1856 1857 1674
f 1674 1857 1673
f 1673 1857 1858
f 1673 1858 1635
f 1552 1553 1664
f 1664 1553 1675
f 1664 1675 1666
f 1666 1675 1677
f 1666 1677 1668
f 1668 1677 1679
f 1668 1679 1670
f 1670 1679 1681
f 1670 1681 1672
f 1672 1681 1683
f 1672 1683 1674
f 1674 1683 1685
f 1674 1685 1856
f 1856 1685 1687
f 1633 1688 1634
f 1634 1688 1686
f 1634 1686 1859
f 1859 1686 1684
f 1859 1684 1860
f 1860 1684 1682
f 1860 1682 1861
f 1861 1682 1680
f 1861 1680 1862
f 1862 1680 1678
f 1862 1678 1863
f 1863 1678 1676
f 1863 1676 1555
f 1555 1676 1554
f 1630 1632 1631
f 1631 1632 1634
f 1631 1634 1864
f 1864 1634 1859
f 1864 1859 1865
f 1865 1859 1860
f 1865 1860 1866
f 1866 1860 1861
f 1866 1861 1867
f 1867 1861 1862
f 1867 1862 1868
f 1868 1862 1863
f 1868 1863 1556
f 1556 1863 1555
f 1556 1557 1868
f 1868 1557 1689
f 1868 1689 1867
f 1867 1689 1691
f 1867 1691 1866
f 1866 1691 1693
f 1866 1693 1865
f 1865 1693 1695
f 1865 1695 1864
f 1864 1695 1697
f 1864 1697 1631
f 1631 1697 1699
f 1631 1699 1629
f 1707 1869 1700
f 1700 1869 1699
f 1699 1869 1870
f 1699 1870 1629
f 1627 1708 1628
f 1628 1708 1706
f 1628 1706 1871
f 1871 1706 1705
f 1871 1705 1872
f 1872 1705 1704
f 1872 1704 1873
f 1873 1704 1703
f 1873 1703 1874
f 1874 1703 1702
f 1874 1702 1875
f 1875 1702 1701
f 1875 1701 1581
f 1581 1701 1580
f 1624 1626 1625
f 1625 1626 1628
f 1625 1628 1876
f 1876 1628 1871
f 1876 1871 1877
f 1877 1871 1872
f 1877 1872 1878
f 1878 1872 1873
f 1878 1873 1879
f 1879 1873 1874
f 1879 1874 1880
f 1880 1874 1875
f 1880 1875 1574
f 1574 1875 1581
f 1574 1575 1880
f 1880 1575 1709
f 1880 1709 1879
f 1879 1709 1711
f 1879 1711 1878
f 1878 1711 1713
f 1878 1713 1877
f 1877 1713 1715
f 1877 1715 1876
f 1876 1715 1717
f 1876 1717 1625
f 1625 1717 1719
f 1625 1719 1623
f 1727 1881 1720
f 1720 1881 1719
f 1719 1881 1882
f 1719 1882 1623
f 1621 1728 1622
f 1622 1728 1726
f 1622 1726 1883
f 1883 1726 1725
f 1883 1725 1884
f 1884 1725 1724
f 1884 1724 1885
f 1885 1724 1723
f 1885 1723 1886
f 1886 1723 1722
f 1886 1722 1887
f 1887 1722 1721
f 1887 1721 1578
f 1578 1721 1577
f 1618 1620 1619
f 1619 1620 1622
f 1619 1622 1888
f 1888 1622 1883
f 1888 1883 1889
f 1889 1883 1884
f 1889 1884 1890
f 1890 1884 1885
f 1890 1885 1891
f 1891 1885 1886
f 1891 1886 1892
f 1892 1886 1887
f 1892 1887 1570
f 1570 1887 1578
f 1570 1571 1892
f 1892 1571 1729
f 1892 1729 1891
f 1891 1729 1731
f 1891 1731 1890
f 1890 1731 1733
f 1890 1733 1889
f 1889 1733 1735
f 1889 1735 1888
f 1888 1735 1737
f 1888 1737 1619
f 1619 1737 1739
f 1619 1739 1617
f 1893 1894 1740
f 1740 1894 1895
f 1740 1895 1739
f 1739 1895 1896
f 1739 1896 1617
f 1572 1573 1730
f 1730 1573 1741
f 1730 1741 1732
f 1732 1741 1743
f 1732 1743 1734
f 1734 1743 1745
f 1734 1745 1736
f 1736 1745 1747
f 1736 1747 1738
f 1738 1747 1749
f 1738 1749 1740
f 1740 1749 1751
f 1740 1751 1893
f 1893 1751 1753
f 1615 1754 1616
f 1616 1754 1752
f 1616 1752 1897
f 1897 1752 1750
f 1897 1750 1898
f 1898 1750 1748
f 1898 1748 1899
f 1899 1748 1746
f 1899 1746 1900
f 1900 1746 1744
f 1900 1744 1901
f 1901 1744 1742
f 1901 1742 1559
f 1559 1742 1558
f 1612 1614 1613
f 1613 1614 1616
f 1613 1616 1902
f 1902 1616 1897
f 1902 1897 1903
f 1903 1897 1898
f 1903 1898 1904
f 1904 1898 1899
f 1904 1899 1905
f 1905 1899 1900
f 1905 1900 1906
f 1906 1900 1901
f 1906 1901 1560
f 1560 1901 1559
f 1560 1561 1906
f 1906 1561 1755
f 1906 1755 1905
f 1905 1755 1757
f 1905 1757 1904
f 1904 1757 1759
f 1904 1759 1903
f 1903 1759 1761
f 1903 1761 1902
f 1902 1761 1763
f 1902 1763 1613
f 1613 1763 1765
f 1613 1765 1611
f 1773 1907 1766
f 1766 1907 1908
f 1766 1908 1765
f 1765 1908 1909
f 1765 1909 1611
f 1609 1773 1610
f 1610 1773 1772
f 1610 1772 1910
f 1910 1772 1771
f 1910 1771 1911
f 1911 1771 1770
f 1911 1770 1912
f 1912 1770 1769
f 1912 1769 1913
f 1913 1769 1768
f 1913 1768 1914
f 1914 1768 1767
f 1914 1767 1544
f 1544 1767 1543
f 1606 1608 1607
f 1607 1608 1610
f 1607 1610 1915
f 1915 1610 1910
f 1915 1910 1916
f 1916 1910 1911
f 1916 1911 1917
f 1917 1911 1912
f 1917 1912 1918
f 1918 1912 1913
f 1918 1913 1919
f 1919 1913 1914
f 1919 1914 1545
f 1545 1914 1544
f 1545 1546 1919
f 1919 1546 1774
f 1919 1774 1918
f 1918 1774 1776
f 1918 1776 1917
f 1917 1776 1778
f 1917 1778 1916
f 1916 1778 1780
f 1916 1780 1915
f 1915 1780 1782
f 1915 1782 1607
f 1607 1782 1784
f 1607 1784 1605
f 1792 1920 1785
f 1785 1920 1921
f 1785 1921 1784
f 1784 1921 1922
f 1784 1922 1605
f 1603 1792 1604
f 1604 1792 1791
f 1604 1791 1923
f 1923 1791 1790
f 1923 1790 1924
f 1924 1790 1789
f 1924 1789 1925
f 1925 1789 1788
f 1925 1788 1926
f 1926 1788 1787
f 1926 1787 1927
f 1927 1787 1786
f 1927 1786 1567
f 1567 1786 1566
f 1600 1602 1601
f 1601 1602 1604
f 1601 1604 1928
f 1928 1604 1923
f 1928 1923 1929
f 1929 1923 1924
f 1929 1924 1930
f 1930 1924 1925
f 1930 1925 1931
f 1931 1925 1926
f 1931 1926 1932
f 1932 1926 1927
f 1932 1927 1568
f 1568 1927 1567
f 1568 1569 1932
f 1932 1569 1793
f 1932 1793 1931
f 1931 1793 1795
f 1931 1795 1930
f 1930 1795 1797
f 1930 1797 1929
f 1929 1797 1799
f 1929 1799 1928
f 1928 1799 1801
f 1928 1801 1601
f 1601 1801 1803
f 1601 1803 1599
f 1933 1934 1804
f 1804 1934 1935
f 1804 1935 1803
f 1803 1935 1936
f 1803 1936 1599
f 1586 1587 1794
f 1794 1587 1805
f 1794 1805 1796
f 1796 1805 1807
f 1796 1807 1798
f 1798 1807 1809
f 1798 1809 1800
f 1800 1809 1811
f 1800 1811 1802
f 1802 1811 1813
f 1802 1813 1804
f 1804 1813 1815
f 1804 1815 1933
f 1933 1815 1817
f 1597 1817 1598
f 1598 1817 1816
f 1598 1816 1937
f 1937 1816 1814
f 1937 1814 1938
f 1938 1814 1812
f 1938 1812 1939
f 1939 1812 1810
f 1939 1810 1940
f 1940 1810 1808
f 1940 1808 1941
f 1941 1808 1806
f 1941 1806 1589
f 1589 1806 1588
f 1594 1596 1595
f 1595 1596 1598
f 1595 1598 1942
f 1942 1598 1937
f 1942 1937 1943
f 1943 1937 1938
f 1943 1938 1944
f 1944 1938 1939
f 1944 1939 1945
f 1945 1939 1940
f 1945 1940 1946
f 1946 1940 1941
f 1946 1941 1582
f 1582 1941 1589
f 1582 1583 1946
f 1946 1583 1818
f 1946 1818 1945
f 1945 1818 1820
f 1945 1820 1944
f 1944 1820 1822
f 1944 1822 1943
f 1943 1822 1824
f 1943 1824 1942
f 1942 1824 1826
f 1942 1826 1595
f 1595 1826 1828
f 1595 1828 1593
f 1836 1947 1829
f 1829 1947 1828
f 1828 1947 1948
f 1828 1948 1593
f 1591 1837 1592
f 1592 1837 1835
f 1592 1835 1949
f 1949 1835 1834
f 1949 1834 1950
f 1950 1834 1833
f 1950 1833 1951
f 1951 1833 1832
f 1951 1832 1952
f 1952 1832 1831
f 1952 1831 1953
f 1953 1831 1830
f 1953 1830 1562
f 1562 1830 1585
f 1642 1590 1643
f 1643 1590 1592
f 1643 1592 1842
f 1842 1592 1949
f 1842 1949 1841
f 1841 1949 1950
f 1841 1950 1840
f 1840 1950 1951
f 1840 1951 1839
f 1839 1951 1952
f 1839 1952 1838
f 1838 1952 1953
f 1838 1953 1563
f 1563 1953 1562
f 1727 1954 1881
f 1881 1954 1955
f 1617 1956 1618
f 1618 1956 1957
f 1618 1957 1620
f 1620 1957 1958
f 1620 1958 1621
f 1621 1958 1959
f 1621 1959 1728
f 1728 1959 1960
f 1728 1960 1727
f 1727 1960 1954
f 1881 1955 1882
f 1882 1955 1961
f 1882 1961 1623
f 1961 1962 1623
f 1623 1962 1963
f 1623 1963 1624
f 1624 1963 1964
f 1624 1964 1626
f 1626 1964 1965
f 1626 1965 1627
f 1627 1965 1966
f 1627 1966 1708
f 1708 1966 1967
f 1708 1967 1707
f 1968 1856 1687
f 1707 1967 1969
f 1707 1969 1869
f 1869 1969 1970
f 1869 1970 1971
f 1869 1971 1870
f 1870 1971 1972
f 1870 1972 1629
f 1629 1972 1973
f 1629 1973 1630
f 1630 1973 1974
f 1630 1974 1632
f 1632 1974 1975
f 1632 1975 1633
f 1633 1975 1976
f 1633 1976 1688
f 1688 1976 1977
f 1688 1977 1687
f 1687 1977 1968
f 1968 1978 1856
f 1856 1978 1979
f 1856 1979 1857
f 1857 1979 1980
f 1857 1980 1981
f 1857 1981 1858
f 1858 1981 1982
f 1858 1982 1635
f 1635 1982 1983
f 1635 1983 1636
f 1636 1983 1984
f 1636 1984 1638
f 1638 1984 1985
f 1638 1985 1639
f 1639 1985 1986
f 1639 1986 1662
f 1662 1986 1987
f 1662 1987 1988
f 1662 1988 1843
f 1843 1988 1989
f 1843 1989 1844
f 1844 1989 1990
f 1844 1990 1845
f 1845 1990 1991
f 1845 1991 1641
f 1641 1991 1992
f 1641 1992 1642
f 1642 1992 1993
f 1642 1993 1590
f 1590 1993 1994
f 1590 1994 1591
f 1994 1995 1591
f 1591 1995 1996
f 1591 1996 1837
f 1837 1996 1997
f 1837 1997 1836
f 1836 1997 1998
f 1836 1998 1947
f 1947 1998 1999
f 1947 1999 2000
f 1947 2000 1948
f 1948 2000 2001
f 1948 2001 1593
f 1593 2001 1594
f 1594 2001 2002
f 1594 2002 1596
f 1596 2002 2003
f 1596 2003 1597
f 2003 2004 1597
f 1597 2004 2005
f 1597 2005 1817
f 1817 2005 2006
f 1817 2006 2007
f 1817 2007 1933
f 2007 2008 1933
f 1933 2008 2009
f 1933 2009 1934
f 1934 2009 2010
f 1934 2010 1935
f 1935 2010 1936
f 1936 2010 2011
f 1936 2011 1599
f 1599 2011 2012
f 1599 2012 1600
f 2012 2013 1600
f 1600 2013 2014
f 1600 2014 1602
f 1602 2014 2015
f 1602 2015 1603
f 1603 2015 2016
f 1603 2016 1792
f 1792 2016 2017
f 1792 2017 2018
f 1792 2018 1920
f 1920 2018 2019
f 1920 2019 1921
f 1921 2019 1922
f 1922 2019 2020
f 1922 2020 1605
f 1605 2020 2021
f 1605 2021 1606
f 2021 2022 1606
f 1606 2022 2023
f 1606 2023 1608
f 1608 2023 2024
f 1608 2024 1609
f 1609 2024 2025
f 1609 2025 1773
f 1773 2025 2026
f 1773 2026 2027
f 1773 2027 1907
f 1907 2027 2028
f 1907 2028 1908
f 1908 2028 1909
f 1909 2028 2029
f 1909 2029 1611
f 1611 2029 2030
f 1611 2030 1612
f 2030 2031 1612
f 1612 2031 2032
f 1612 2032 1614
f 1614 2032 1615
f 1615 2032 2033
f 1615 2033 1754
f 1754 2033 2034
f 1754 2034 1753
f 1753 2034 2035
f 1753 2035 1893
f 1893 2035 2036
f 1893 2036 1894
f 1894 2036 2037
f 1894 2037 1895
f 1895 2037 2038
f 1895 2038 1896
f 1896 2038 2039
f 1896 2039 1617
f 1617 2039 1956
f 2040 2041 2042
f 2043 2044 2045
f 2048 2049 2050
f 2051 2052 2053
f 2056 2057 2058
f 2065 2066 2067
f 2070 2071 2072
f 2073 2074 2075
f 2078 2079 2080
f 2079 2081 2082
f 2085 2086 2087
f 2088 2089 2090
f 2093 2094 2095
f 2096 2097 2098
f 2099 2100 2101
f 2104 2105 2106
f 2115 2116 2117
f 1999 1998 2118
f 2003 2002 2120
f 2008 2007 2121
f 2012 2011 2123
f 2015 2014 2124
f 2017 2016 2125
f 2021 2020 2127
f 2024 2023 2128
f 2038 2037 2131
f 1958 1957 2132
f 1955 1954 2133
f 1965 1964 2134
f 1970 1969 2135
f 1968 1977 2136
f 1986 1985 2137
f 1993 1992 2138
f 1988 1987 2139
f 1984 1983 2140
f 1979 1978 2141
f 1976 1975 2142
f 1971 2116 1972
f 1972 2116 2115
f 1972 2115 1973
f 1973 2115 1974
f 2144 1963 1962
f 2036 2035 2147
f 2147 2035 2034
f 2032 2031 2148
f 2148 2031 2030
f 2030 2029 2149
f 2149 2029 2028
f 2028 2027 2150
f 2150 2027 2026
f 2023 2022 2151
f 2151 2022 2021
f 2019 2126 2020
f 2019 2018 2152
f 2152 2018 2017
f 2015 2124 2016
f 2014 2013 2153
f 2153 2013 2012
f 2010 2122 2011
f 2010 2009 2154
f 2154 2009 2008
f 2006 2005 2007
f 2005 2004 2155
f 2155 2004 2003
f 2001 2119 2002
f 2001 2000 2156
f 2156 2000 1999
f 1997 1996 1998
f 1996 1995 2157
f 2157 1995 1994
f 2158 2117 2159
f 2159 2117 2116
f 2159 2116 2135
f 2135 2116 1971
f 2135 1971 1970
f 2160 2158 2161
f 2161 2158 2159
f 2161 2159 2162
f 2162 2159 2135
f 2162 2135 2143
f 2143 2135 1969
f 2143 1969 1967
f 2163 2160 2164
f 2164 2160 2161
f 2164 2161 2165
f 2165 2161 2162
f 2165 2162 2166
f 2166 2162 2143
f 2166 2143 2167
f 2167 2143 1967
f 2167 1967 1966
f 2168 2163 2169
f 2169 2163 2164
f 2169 2164 2170
f 2170 2164 2165
f 2170 2165 2171
f 2171 2165 2166
f 2171 2166 2172
f 2172 2166 2167
f 2172 2167 2134
f 2134 2167 1966
f 2134 1966 1965
f 2173 2168 2174
f 2174 2168 2169
f 2174 2169 2175
f 2175 2169 2170
f 2175 2170 2176
f 2176 2170 2171
f 2176 2171 2177
f 2177 2171 2172
f 2177 2172 2178
f 2178 2172 2134
f 2178 2134 2144
f 2144 2134 1964
f 2144 1964 1963
f 2179 2173 2180
f 2180 2173 2174
f 2180 2174 2181
f 2181 2174 2175
f 2181 2175 2182
f 2182 2175 2176
f 2182 2176 2183
f 2183 2176 2177
f 2183 2177 2184
f 2184 2177 2178
f 2184 2178 2185
f 2185 2178 2144
f 2185 2144 1961
f 1961 2144 1962
f 2136 1977 2186
f 2136 2186 2187
f 2187 2186 2188
f 2187 2188 2189
f 2189 2188 2190
f 2189 2190 2191
f 2191 2190 2192
f 2192 2193 2194
f 2194 2193 2195
f 2194 2195 2196
f 2196 2195 2197
f 2196 2197 2198
f 2198 2197 2199
f 2200 2179 2180
f 2200 2180 2201
f 2201 2180 2181
f 2201 2181 2202
f 2202 2181 2182
f 2202 2182 2203
f 2203 2182 2183
f 2203 2183 2204
f 2204 2183 2184
f 2204 2184 2205
f 2205 2184 2185
f 2205 2185 2206
f 2206 2185 1961
f 2206 1961 2133
f 2133 1961 1955
f 1978 1968 2141
f 2141 1968 2136
f 2141 2136 2207
f 2207 2136 2187
f 2207 2187 2208
f 2208 2187 2189
f 2208 2189 2209
f 2209 2189 2191
f 2191 2192 2210
f 2210 2192 2194
f 2210 2194 2211
f 2211 2194 2196
f 2211 2196 2212
f 2212 2196 2198
f 2198 2199 2213
f 2214 2200 2215
f 2215 2200 2201
f 2215 2201 2216
f 2216 2201 2202
f 2216 2202 2217
f 2217 2202 2203
f 2217 2203 2218
f 2218 2203 2204
f 2218 2204 2205
f 2218 2205 2219
f 2219 2205 2206
f 2219 2206 2220
f 2220 2206 2133
f 2220 2133 2145
f 2145 2133 1954
f 2145 1954 1960
f 1980 1979 2221
f 2221 1979 2141
f 2221 2141 2222
f 2222 2141 2207
f 2222 2207 2223
f 2223 2207 2208
f 2223 2208 2224
f 2224 2208 2209
f 2224 2209 2225
f 2225 2209 2191
f 2225 2191 2226
f 2226 2191 2210
f 2226 2210 2227
f 2227 2210 2211
f 2227 2211 2228
f 2228 2211 2212
f 2212 2198 2229
f 2229 2198 2213
f 2229 2213 2230
f 2231 2214 2232
f 2232 2214 2215
f 2232 2215 2233
f 2233 2215 2216
f 2233 2216 2234
f 2234 2216 2217
f 2234 2217 2235
f 2235 2217 2218
f 2235 2218 2236
f 2236 2218 2237
f 2237 2218 2219
f 2237 2219 2238
f 2238 2219 2220
f 2238 2220 2239
f 2239 2220 2145
f 2239 2145 2240
f 2240 2145 1960
f 2240 1960 1959
f 1981 1980 2221
f 1981 2221 2241
f 2241 2221 2222
f 2241 2222 2242
f 2242 2222 2223
f 2242 2223 2243
f 2243 2223 2224
f 2243 2224 2244
f 2244 2224 2225
f 2244 2225 2245
f 2245 2225 2226
f 2245 2226 2246
f 2246 2226 2227
f 2246 2227 2247
f 2247 2227 2228
f 2228 2212 2248
f 2248 2212 2229
f 2248 2229 2249
f 2249 2229 2230
f 2249 2230 2250
f 2251 2231 2252
f 2252 2231 2232
f 2252 2232 2253
f 2253 2232 2233
f 2253 2233 2254
f 2254 2233 2234
f 2254 2234 2255
f 2255 2234 2235
f 2255 2235 2256
f 2256 2235 2236
f 2256 2236 2257
f 2257 2236 2237
f 2257 2237 2258
f 2258 2237 2238
f 2258 2238 2259
f 2259 2238 2239
f 2259 2239 2260
f 2260 2239 2240
f 2260 2240 2132
f 2132 2240 1959
f 2132 1959 1958
f 1983 1982 2140
f 2140 1982 1981
f 2140 1981 2261
f 2261 1981 2241
f 2261 2241 2262
f 2262 2241 2242
f 2262 2242 2263
f 2263 2242 2243
f 2263 2243 2264
f 2264 2243 2244
f 2264 2244 2265
f 2265 2244 2245
f 2265 2245 2266
f 2266 2245 2246
f 2266 2246 2267
f 2267 2246 2247
f 2247 2228 2268
f 2268 2228 2248
f 2268 2248 2269
f 2269 2248 2249
f 2269 2249 2270
f 2270 2249 2250
f 2270 2250 2271
f 2272 2251 2273
f 2273 2251 2252
f 2273 2252 2274
f 2274 2252 2253
f 2274 2253 2275
f 2275 2253 2254
f 2275 2254 2276
f 2276 2254 2255
f 2276 2255 2277
f 2277 2255 2256
f 2277 2256 2278
f 2278 2256 2257
f 2278 2257 2279
f 2279 2257 2258
f 2279 2258 2280
f 2280 2258 2259
f 2280 2259 2281
f 2281 2259 2260
f 2281 2260 2132
f 2281 2132 2146
f 2146 2132 1957
f 2146 1957 1956
f 1985 1984 2282
f 2282 1984 2140
f 2282 2140 2283
f 2283 2140 2261
f 2283 2261 2284
f 2284 2261 2262
f 2284 2262 2285
f 2285 2262 2263
f 2285 2263 2286
f 2286 2263 2264
f 2286 2264 2287
f 2287 2264 2265
f 2287 2265 2288
f 2288 2265 2266
f 2288 2266 2289
f 2289 2266 2267
f 2267 2247 2290
f 2290 2247 2268
f 2290 2268 2291
f 2291 2268 2269
f 2269 2270 2292
f 2292 2270 2271
f 2293 2272 2294
f 2294 2272 2273
f 2294 2273 2295
f 2295 2273 2274
f 2295 2274 2296
f 2296 2274 2275
f 2296 2275 2297
f 2297 2275 2276
f 2297 2276 2298
f 2298 2276 2277
f 2298 2277 2299
f 2299 2277 2278
f 2299 2278 2300
f 2300 2278 2279
f 2300 2279 2301
f 2301 2279 2280
f 2301 2280 2302
f 2302 2280 2281
f 2302 2281 2303
f 2303 2281 2304
f 2304 2281 2146
f 2304 2146 2039
f 2039 2146 1956
f 2137 1985 2282
f 2137 2282 2305
f 2305 2282 2283
f 2305 2283 2306
f 2306 2283 2284
f 2306 2284 2307
f 2307 2284 2285
f 2307 2285 2308
f 2308 2285 2286
f 2308 2286 2309
f 2309 2286 2287
f 2309 2287 2310
f 2310 2287 2288
f 2310 2288 2311
f 2311 2288 2289
f 2289 2267 2312
f 2312 2267 2290
f 2312 2290 2313
f 2313 2290 2291
f 2291 2269 2314
f 2314 2269 2292
f 2292 2271 2315
f 2316 2293 2317
f 2317 2293 2294
f 2317 2294 2318
f 2318 2294 2295
f 2318 2295 2319
f 2319 2295 2296
f 2319 2296 2297
f 2319 2297 2320
f 2320 2297 2298
f 2320 2298 2321
f 2321 2298 2299
f 2321 2299 2322
f 2322 2299 2300
f 2322 2300 2323
f 2323 2300 2301
f 2323 2301 2324
f 2324 2301 2302
f 2324 2302 2303
f 2324 2303 2325
f 2325 2303 2304
f 2325 2304 2039
f 2325 2039 2131
f 2131 2039 2038
f 1987 1986 2139
f 2139 1986 2137
f 2139 2137 2326
f 2326 2137 2305
f 2326 2305 2327
f 2327 2305 2306
f 2327 2306 2328
f 2328 2306 2307
f 2328 2307 2329
f 2329 2307 2308
f 2329 2308 2330
f 2330 2308 2309
f 2330 2309 2331
f 2331 2309 2310
f 2331 2310 2332
f 2332 2310 2311
f 2311 2289 2333
f 2333 2289 2312
f 2333 2312 2334
f 2334 2312 2313
f 2334 2313 2335
f 2335 2313 2291
f 2335 2291 2336
f 2336 2291 2314
f 2314 2292 2337
f 2337 2292 2315
f 2337 2315 2338
f 2339 2316 2340
f 2340 2316 2317
f 2340 2317 2341
f 2341 2317 2318
f 2341 2318 2342
f 2342 2318 2319
f 2342 2319 2343
f 2343 2319 2344
f 2344 2319 2320
f 2344 2320 2345
f 2345 2320 2321
f 2345 2321 2346
f 2346 2321 2322
f 2346 2322 2347
f 2347 2322 2323
f 2347 2323 2348
f 2348 2323 2324
f 2348 2324 2349
f 2349 2324 2325
f 2349 2325 2350
f 2350 2325 2131
f 2350 2131 2351
f 2351 2131 2037
f 2351 2037 2036
f 2352 2353 2354
f 2355 2356 2357
f 2358 2359 2360
f 2358 2360 2361
f 2361 2360 2362
f 2361 2362 2363
f 2363 2362 2364
f 2364 2362 2365
f 2364 2365 2366
f 2366 2365 2367
f 2366 2367 2368
f 2368 2367 2114
f 2368 2114 2369
f 2369 2114 2370
f 2370 2114 2113
f 2370 2113 2371
f 2359 2372 2360
f 2360 2372 2373
f 2360 2373 2362
f 2362 2373 2374
f 2362 2374 2375
f 2362 2375 2365
f 2365 2375 2376
f 2365 2376 2367
f 2367 2376 2377
f 2367 2377 2114
f 2114 2377 2112
f 2114 2112 2111
f 2114 2111 2113
f 2372 2378 2373
f 2373 2378 2379
f 2373 2379 2374
f 2374 2379 2380
f 2374 2380 2375
f 2375 2380 2381
f 2375 2381 2376
f 2376 2381 2382
f 2376 2382 2377
f 2377 2382 2110
f 2377 2110 2112
f 2112 2110 2109
f 2112 2109 2111
f 2378 2383 2379
f 2379 2383 2384
f 2379 2384 2380
f 2380 2384 2381
f 2381 2384 2385
f 2381 2385 2382
f 2382 2385 2108
f 2382 2108 2110
f 2110 2108 2109
f 2383 2386 2384
f 2384 2386 2106
f 2384 2106 2385
f 2385 2106 2108
f 2108 2106 2105
f 2108 2105 2107
f 2386 2387 2388
f 2386 2388 2106
f 2106 2388 2103
f 2106 2103 2104
f 2387 2354 2388
f 2388 2354 2353
f 2388 2353 2103
f 2103 2353 2389
f 2103 2389 2102
f 2390 2391 2392
f 2392 2391 2352
f 2392 2352 2393
f 2393 2352 2354
f 2393 2354 2394
f 2394 2354 2387
f 2394 2387 2395
f 2395 2387 2386
f 2395 2386 2396
f 2396 2386 2383
f 2396 2383 2397
f 2397 2383 2378
f 2397 2378 2398
f 2398 2378 2372
f 2398 2372 2399
f 2399 2372 2359
f 2359 2358 2400
f 2391 2401 2352
f 2352 2401 2402
f 2352 2402 2353
f 2353 2402 2403
f 2353 2403 2389
f 2100 2390 2101
f 2101 2390 2392
f 2392 2393 2404
f 2404 2393 2394
f 2404 2394 2405
f 2405 2394 2395
f 2405 2395 2406
f 2406 2395 2396
f 2396 2397 2407
f 2407 2397 2398
f 2407 2398 2408
f 2408 2398 2399
f 2399 2359 2409
f 2409 2359 2400
f 2409 2400 2410
f 2097 2099 2098
f 2098 2099 2101
f 2098 2101 2411
f 2411 2101 2392
f 2411 2392 2412
f 2412 2392 2404
f 2412 2404 2413
f 2413 2404 2405
f 2413 2405 2414
f 2414 2405 2406
f 2414 2406 2415
f 2415 2406 2396
f 2415 2396 2416
f 2416 2396 2407
f 2416 2407 2417
f 2417 2407 2408
f 2408 2399 2418
f 2418 2399 2409
f 2418 2409 2419
f 2419 2409 2410
f 2419 2410 2420
f 2094 2096 2095
f 2095 2096 2098
f 2095 2098 2421
f 2421 2098 2411
f 2421 2411 2422
f 2422 2411 2412
f 2422 2412 2423
f 2423 2412 2413
f 2423 2413 2424
f 2424 2413 2414
f 2414 2415 2425
f 2425 2415 2416
f 2425 2416 2426
f 2426 2416 2417
f 2417 2408 2427
f 2427 2408 2418
f 2427 2418 2428
f 2428 2418 2419
f 2428 2419 2429
f 2429 2419 2420
f 2092 2093 2095
f 2095 2421 2430
f 2430 2421 2422
f 2422 2423 2431
f 2431 2423 2424
f 2431 2424 2432
f 2432 2424 2414
f 2432 2414 2433
f 2433 2414 2425
f 2433 2425 2434
f 2434 2425 2426
f 2426 2417 2435
f 2435 2417 2427
f 2435 2427 2436
f 2436 2427 2428
f 2436 2428 2437
f 2437 2428 2429
f 2429 2420 2438
f 2089 2091 2090
f 2090 2091 2092
f 2090 2092 2439
f 2439 2092 2095
f 2439 2095 2440
f 2440 2095 2430
f 2430 2422 2441
f 2441 2422 2431
f 2431 2432 2442
f 2442 2432 2433
f 2442 2433 2443
f 2443 2433 2434
f 2434 2426 2444
f 2444 2426 2435
f 2444 2435 2445
f 2445 2435 2436
f 2445 2436 2446
f 2446 2436 2437
f 2446 2437 2447
f 2447 2437 2429
f 2447 2429 2448
f 2448 2429 2438
f 2086 2088 2087
f 2087 2088 2090
f 2087 2090 2449
f 2449 2090 2439
f 2449 2439 2450
f 2450 2439 2440
f 2440 2430 2451
f 2451 2430 2441
f 2451 2441 2452
f 2452 2441 2431
f 2452 2431 2453
f 2453 2431 2442
f 2453 2442 2454
f 2454 2442 2443
f 2443 2434 2455
f 2455 2434 2444
f 2455 2444 2456
f 2456 2444 2445
f 2456 2445 2457
f 2457 2445 2446
f 2457 2446 2458
f 2458 2446 2447
f 2458 2447 2459
f 2459 2447 2448
f 2448 2438 2460
f 2084 2085 2087
f 2084 2087 2461
f 2461 2087 2449
f 2461 2449 2462
f 2462 2449 2450
f 2450 2440 2463
f 2463 2440 2451
f 2463 2451 2464
f 2464 2451 2452
f 2464 2452 2465
f 2465 2452 2453
f 2465 2453 2466
f 2466 2453 2454
f 2454 2443 2467
f 2467 2443 2455
f 2467 2455 2468
f 2468 2455 2456
f 2468 2456 2469
f 2469 2456 2457
f 2469 2457 2470
f 2470 2457 2458
f 2470 2458 2471
f 2471 2458 2459
f 2471 2459 2472
f 2472 2459 2448
f 2472 2448 2138
f 2138 2448 2460
f 2138 2460 1993
f 1993 2460 1994
f 2081 2083 2082
f 2082 2083 2084
f 2082 2084 2473
f 2473 2084 2461
f 2473 2461 2474
f 2474 2461 2462
f 2474 2462 2475
f 2475 2462 2450
f 2475 2450 2476
f 2476 2450 2463
f 2463 2464 2477
f 2477 2464 2465
f 2477 2465 2478
f 2478 2465 2466
f 2478 2466 2479
f 2479 2466 2454
f 2479 2454 2480
f 2480 2454 2467
f 2480 2467 2481
f 2481 2467 2468
f 2481 2468 2482
f 2482 2468 2469
f 2482 2469 2483
f 2483 2469 2470
f 2483 2470 2484
f 2484 2470 2471
f 2471 2472 1990
f 1990 2472 2138
f 1990 2138 1991
f 1991 2138 1992
f 2080 2079 2082
f 2082 2473 2336
f 2336 2473 2474
f 2336 2474 2485
f 2485 2474 2475
f 2485 2475 2486
f 2486 2475 2476
f 2476 2463 2487
f 2487 2463 2477
f 2487 2477 2332
f 2332 2477 2478
f 2478 2479 2488
f 2488 2479 2480
f 2488 2480 2489
f 2489 2480 2481
f 2489 2481 2490
f 2490 2481 2482
f 2482 2483 2491
f 2491 2483 2484
f 2491 2484 2492
f 2492 2484 2471
f 2492 2471 2493
f 2493 2471 1990
f 2493 1990 1989
f 2338 2078 2080
f 2338 2080 2337
f 2337 2080 2082
f 2337 2082 2314
f 2314 2082 2336
f 2336 2485 2335
f 2335 2485 2486
f 2335 2486 2334
f 2334 2486 2476
f 2334 2476 2333
f 2333 2476 2487
f 2333 2487 2311
f 2311 2487 2332
f 2332 2478 2331
f 2331 2478 2488
f 2331 2488 2330
f 2330 2488 2489
f 2330 2489 2329
f 2329 2489 2490
f 2329 2490 2328
f 2328 2490 2482
f 2328 2482 2327
f 2327 2482 2491
f 2327 2491 2326
f 2326 2491 2492
f 2326 2492 2139
f 2139 2492 2493
f 2139 2493 1988
f 1988 2493 1989
f 2199 2494 2495
f 2199 2495 2213
f 2213 2495 2496
f 2213 2496 2230
f 2230 2496 2250
f 2250 2496 2497
f 2250 2497 2271
f 2271 2497 2498
f 2271 2498 2077
f 2271 2077 2315
f 2315 2077 2338
f 2338 2077 2076
f 2338 2076 2078
f 2494 2499 2495
f 2495 2499 2500
f 2495 2500 2496
f 2496 2500 2501
f 2496 2501 2502
f 2496 2502 2497
f 2497 2502 2503
f 2497 2503 2498
f 2498 2503 2504
f 2498 2504 2077
f 2077 2504 2075
f 2077 2075 2074
f 2077 2074 2076
f 2499 2505 2500
f 2500 2505 2501
f 2501 2505 2506
f 2501 2506 2502
f 2502 2506 2507
f 2502 2507 2503
f 2503 2507 2508
f 2503 2508 2504
f 2504 2508 2072
f 2504 2072 2075
f 2075 2072 2071
f 2075 2071 2073
f 2505 2509 2510
f 2505 2510 2506
f 2506 2510 2511
f 2506 2511 2507
f 2507 2511 2512
f 2507 2512 2508
f 2508 2512 2069
f 2508 2069 2072
f 2072 2069 2070
f 2509 2513 2510
f 2510 2513 2511
f 2511 2513 2067
f 2511 2067 2512
f 2512 2067 2069
f 2069 2067 2066
f 2069 2066 2068
f 2513 2514 2515
f 2513 2515 2067
f 2067 2515 2064
f 2067 2064 2065
f 2514 2357 2515
f 2515 2357 2356
f 2515 2356 2064
f 2064 2356 2516
f 2064 2516 2063
f 2517 2518 2316
f 2316 2518 2355
f 2316 2355 2519
f 2519 2355 2357
f 2519 2357 2520
f 2520 2357 2514
f 2514 2513 2231
f 2231 2513 2509
f 2231 2509 2521
f 2521 2509 2505
f 2521 2505 2522
f 2522 2505 2499
f 2522 2499 2179
f 2179 2499 2494
f 2179 2494 2523
f 2523 2494 2199
f 2523 2199 2524
f 2524 2199 2197
f 2524 2197 2525
f 2525 2197 2195
f 2525 2195 2526
f 2526 2195 2193
f 2526 2193 2527
f 2527 2193 2192
f 2527 2192 2117
f 2117 2192 2190
f 2190 2188 2142
f 2142 2188 2186
f 2142 2186 1976
f 1976 2186 1977
f 2518 2528 2355
f 2355 2528 2529
f 2355 2529 2356
f 2356 2529 2530
f 2356 2530 2516
f 1975 1974 2142
f 2142 1974 2115
f 2142 2115 2190
f 2190 2115 2117
f 2117 2158 2527
f 2527 2158 2160
f 2527 2160 2526
f 2526 2160 2163
f 2526 2163 2525
f 2525 2163 2168
f 2525 2168 2524
f 2524 2168 2173
f 2524 2173 2523
f 2523 2173 2179
f 2179 2200 2522
f 2522 2200 2214
f 2522 2214 2521
f 2521 2214 2231
f 2231 2251 2514
f 2514 2251 2272
f 2514 2272 2520
f 2520 2272 2293
f 2520 2293 2519
f 2519 2293 2316
f 2316 2339 2517
f 2517 2339 2531
f 2532 2533 2534
f 2036 2147 2351
f 2351 2147 2535
f 2351 2535 2350
f 2350 2535 2536
f 2350 2536 2349
f 2349 2536 2537
f 2349 2537 2348
f 2348 2537 2538
f 2348 2538 2347
f 2347 2538 2539
f 2347 2539 2346
f 2346 2539 2540
f 2346 2540 2345
f 2345 2540 2541
f 2345 2541 2344
f 2344 2541 2343
f 2343 2541 2542
f 2343 2542 2342
f 2342 2542 2543
f 2342 2543 2341
f 2341 2543 2532
f 2341 2532 2340
f 2340 2532 2339
f 2339 2532 2534
f 2339 2534 2531
f 2544 2545 2546
f 2034 2033 2147
f 2147 2033 2547
f 2147 2547 2535
f 2535 2547 2548
f 2535 2548 2549
f 2535 2549 2536
f 2536 2549 2550
f 2536 2550 2551
f 2536 2551 2537
f 2537 2551 2552
f 2537 2552 2538
f 2538 2552 2553
f 2538 2553 2539
f 2539 2553 2554
f 2539 2554 2540
f 2540 2554 2555
f 2540 2555 2541
f 2541 2555 2556
f 2541 2556 2557
f 2541 2557 2542
f 2542 2557 2558
f 2542 2558 2543
f 2543 2558 2559
f 2543 2559 2532
f 2532 2559 2544
f 2532 2544 2546
f 2532 2546 2533
f 2560 2561 2562
f 2032 2130 2033
f 2033 2130 2563
f 2033 2563 2547
f 2547 2563 2548
f 2548 2563 2564
f 2548 2564 2549
f 2549 2564 2565
f 2549 2565 2550
f 2550 2565 2566
f 2550 2566 2551
f 2551 2566 2567
f 2551 2567 2552
f 2552 2567 2568
f 2552 2568 2553
f 2553 2568 2569
f 2553 2569 2554
f 2554 2569 2570
f 2554 2570 2555
f 2555 2570 2571
f 2555 2571 2556
f 2556 2571 2572
f 2556 2572 2557
f 2557 2572 2573
f 2557 2573 2558
f 2558 2573 2574
f 2558 2574 2559
f 2559 2574 2560
f 2559 2560 2544
f 2544 2560 2562
f 2544 2562 2545
f 2032 2148 2130
f 2130 2148 2577
f 2130 2577 2563
f 2563 2577 2578
f 2563 2578 2579
f 2563 2579 2564
f 2564 2579 2580
f 2564 2580 2565
f 2565 2580 2581
f 2565 2581 2566
f 2566 2581 2582
f 2566 2582 2567
f 2567 2582 2583
f 2567 2583 2568
f 2568 2583 2584
f 2568 2584 2569
f 2569 2584 2585
f 2569 2585 2570
f 2570 2585 2586
f 2570 2586 2571
f 2571 2586 2587
f 2571 2587 2572
f 2572 2587 2573
f 2573 2587 2588
f 2573 2588 2574
f 2574 2588 2575
f 2574 2575 2560
f 2560 2575 2576
f 2560 2576 2561
f 2589 2590 2591
f 2030 2149 2148
f 2148 2149 2592
f 2148 2592 2577
f 2577 2592 2593
f 2577 2593 2578
f 2578 2593 2594
f 2578 2594 2579
f 2579 2594 2595
f 2579 2595 2580
f 2580 2595 2596
f 2580 2596 2581
f 2581 2596 2597
f 2581 2597 2582
f 2582 2597 2598
f 2582 2598 2583
f 2583 2598 2599
f 2583 2599 2584
f 2584 2599 2600
f 2584 2600 2585
f 2585 2600 2586
f 2586 2600 2601
f 2586 2601 2587
f 2587 2601 2589
f 2587 2589 2588
f 2588 2589 2575
f 2575 2589 2591
f 2028 2129 2149
f 2149 2129 2604
f 2149 2604 2592
f 2592 2604 2605
f 2592 2605 2593
f 2593 2605 2606
f 2593 2606 2594
f 2594 2606 2595
f 2595 2606 2607
f 2595 2607 2596
f 2596 2607 2608
f 2596 2608 2597
f 2597 2608 2609
f 2597 2609 2598
f 2598 2609 2610
f 2598 2610 2599
f 2599 2610 2611
f 2599 2611 2600
f 2600 2611 2612
f 2600 2612 2613
f 2600 2613 2601
f 2601 2613 2614
f 2601 2614 2615
f 2601 2615 2589
f 2589 2615 2602
f 2589 2602 2603
f 2589 2603 2590
f 2616 2617 2618
f 2028 2150 2129
f 2129 2150 2619
f 2129 2619 2604
f 2604 2619 2620
f 2604 2620 2605
f 2605 2620 2621
f 2605 2621 2606
f 2606 2621 2622
f 2606 2622 2623
f 2606 2623 2607
f 2607 2623 2624
f 2607 2624 2608
f 2608 2624 2625
f 2608 2625 2609
f 2609 2625 2626
f 2609 2626 2610
f 2610 2626 2627
f 2610 2627 2611
f 2611 2627 2612
f 2612 2627 2628
f 2612 2628 2613
f 2613 2628 2629
f 2613 2629 2614
f 2614 2629 2630
f 2614 2630 2615
f 2615 2630 2616
f 2615 2616 2602
f 2602 2616 2618
f 2631 2632 2633
f 2026 2025 2150
f 2150 2025 2634
f 2150 2634 2619
f 2619 2634 2635
f 2619 2635 2620
f 2620 2635 2636
f 2620 2636 2621
f 2621 2636 2637
f 2621 2637 2622
f 2622 2637 2638
f 2622 2638 2623
f 2623 2638 2639
f 2623 2639 2624
f 2624 2639 2640
f 2624 2640 2625
f 2625 2640 2641
f 2625 2641 2626
f 2626 2641 2642
f 2626 2642 2627
f 2627 2642 2643
f 2627 2643 2644
f 2627 2644 2628
f 2628 2644 2645
f 2628 2645 2629
f 2629 2645 2646
f 2629 2646 2630
f 2630 2646 2631
f 2630 2631 2616
f 2616 2631 2633
f 2616 2633 2617
f 2024 2128 2025
f 2025 2128 2649
f 2025 2649 2634
f 2634 2649 2650
f 2634 2650 2635
f 2635 2650 2651
f 2635 2651 2636
f 2636 2651 2652
f 2636 2652 2637
f 2637 2652 2653
f 2637 2653 2638
f 2638 2653 2654
f 2638 2654 2639
f 2639 2654 2655
f 2639 2655 2640
f 2640 2655 2656
f 2640 2656 2657
f 2640 2657 2641
f 2641 2657 2658
f 2641 2658 2642
f 2642 2658 2643
f 2643 2658 2659
f 2643 2659 2644
f 2644 2659 2660
f 2644 2660 2645
f 2645 2660 2647
f 2645 2647 2646
f 2646 2647 2631
f 2631 2647 2648
f 2631 2648 2632
f 2023 2151 2128
f 2128 2151 2661
f 2128 2661 2649
f 2649 2661 2662
f 2649 2662 2650
f 2650 2662 2663
f 2650 2663 2651
f 2651 2663 2664
f 2651 2664 2652
f 2652 2664 2665
f 2652 2665 2653
f 2653 2665 2666
f 2653 2666 2654
f 2654 2666 2667
f 2654 2667 2655
f 2655 2667 2656
f 2656 2667 2668
f 2656 2668 2657
f 2657 2668 2669
f 2657 2669 2658
f 2658 2669 2670
f 2658 2670 2671
f 2658 2671 2659
f 2659 2671 2660
f 2660 2671 2672
f 2660 2672 2647
f 2647 2672 2062
f 2647 2062 2061
f 2647 2061 2648
f 2021 2127 2151
f 2151 2127 2673
f 2151 2673 2661
f 2661 2673 2674
f 2661 2674 2662
f 2662 2674 2675
f 2662 2675 2663
f 2663 2675 2676
f 2663 2676 2664
f 2664 2676 2677
f 2664 2677 2665
f 2665 2677 2678
f 2665 2678 2666
f 2666 2678 2679
f 2666 2679 2667
f 2667 2679 2680
f 2667 2680 2668
f 2668 2680 2681
f 2668 2681 2669
f 2669 2681 2682
f 2669 2682 2670
f 2670 2682 2683
f 2670 2683 2671
f 2671 2683 2684
f 2671 2684 2672
f 2672 2684 2060
f 2672 2060 2062
f 2062 2060 2059
f 2062 2059 2061
f 2020 2126 2127
f 2127 2126 2685
f 2127 2685 2673
f 2673 2685 2686
f 2673 2686 2674
f 2674 2686 2687
f 2674 2687 2675
f 2675 2687 2688
f 2675 2688 2676
f 2676 2688 2689
f 2676 2689 2677
f 2677 2689 2690
f 2677 2690 2678
f 2678 2690 2691
f 2678 2691 2679
f 2679 2691 2692
f 2679 2692 2680
f 2680 2692 2693
f 2680 2693 2681
f 2681 2693 2682
f 2682 2693 2694
f 2682 2694 2683
f 2683 2694 2058
f 2683 2058 2684
f 2684 2058 2060
f 2060 2058 2057
f 2060 2057 2059
f 2019 2152 2126
f 2126 2152 2695
f 2126 2695 2685
f 2685 2695 2696
f 2685 2696 2686
f 2686 2696 2697
f 2686 2697 2687
f 2687 2697 2698
f 2687 2698 2688
f 2688 2698 2699
f 2688 2699 2689
f 2689 2699 2700
f 2689 2700 2690
f 2690 2700 2701
f 2690 2701 2691
f 2691 2701 2702
f 2691 2702 2692
f 2692 2702 2703
f 2692 2703 2693
f 2693 2703 2704
f 2693 2704 2694
f 2694 2704 2705
f 2694 2705 2058
f 2058 2705 2055
f 2058 2055 2056
f 2017 2125 2152
f 2152 2125 2706
f 2152 2706 2695
f 2695 2706 2696
f 2696 2706 2707
f 2696 2707 2697
f 2697 2707 2698
f 2698 2707 2708
f 2698 2708 2699
f 2699 2708 2709
f 2699 2709 2700
f 2700 2709 2710
f 2700 2710 2701
f 2701 2710 2711
f 2701 2711 2702
f 2702 2711 2712
f 2702 2712 2703
f 2703 2712 2713
f 2703 2713 2714
f 2703 2714 2704
f 2704 2714 2715
f 2704 2715 2716
f 2704 2716 2705
f 2705 2716 2053
f 2705 2053 2055
f 2055 2053 2052
f 2055 2052 2054
f 2016 2124 2125
f 2125 2124 2717
f 2125 2717 2706
f 2706 2717 2718
f 2706 2718 2707
f 2707 2718 2719
f 2707 2719 2708
f 2708 2719 2720
f 2708 2720 2709
f 2709 2720 2721
f 2709 2721 2710
f 2710 2721 2722
f 2710 2722 2711
f 2711 2722 2723
f 2711 2723 2712
f 2712 2723 2724
f 2712 2724 2713
f 2713 2724 2725
f 2713 2725 2714
f 2714 2725 2726
f 2714 2726 2715
f 2715 2726 2727
f 2715 2727 2716
f 2716 2727 2050
f 2716 2050 2053
f 2053 2050 2049
f 2053 2049 2051
f 2014 2153 2124
f 2124 2153 2728
f 2124 2728 2717
f 2717 2728 2729
f 2717 2729 2730
f 2717 2730 2718
f 2718 2730 2731
f 2718 2731 2732
f 2718 2732 2719
f 2719 2732 2733
f 2719 2733 2720
f 2720 2733 2734
f 2720 2734 2721
f 2721 2734 2735
f 2721 2735 2722
f 2722 2735 2736
f 2722 2736 2723
f 2723 2736 2724
f 2724 2736 2737
f 2724 2737 2725
f 2725 2737 2726
f 2726 2737 2738
f 2726 2738 2727
f 2727 2738 2047
f 2727 2047 2050
f 2050 2047 2048
f 2012 2123 2153
f 2153 2123 2739
f 2153 2739 2728
f 2728 2739 2740
f 2728 2740 2729
f 2729 2740 2741
f 2729 2741 2730
f 2730 2741 2742
f 2730 2742 2731
f 2731 2742 2743
f 2731 2743 2732
f 2732 2743 2744
f 2732 2744 2733
f 2733 2744 2745
f 2733 2745 2734
f 2734 2745 2746
f 2734 2746 2735
f 2735 2746 2747
f 2735 2747 2736
f 2736 2747 2748
f 2736 2748 2737
f 2737 2748 2045
f 2737 2045 2738
f 2738 2045 2047
f 2047 2045 2044
f 2047 2044 2046
f 2011 2122 2123
f 2123 2122 2749
f 2123 2749 2739
f 2739 2749 2750
f 2739 2750 2740
f 2740 2750 2751
f 2740 2751 2741
f 2741 2751 2752
f 2741 2752 2742
f 2742 2752 2753
f 2742 2753 2743
f 2743 2753 2754
f 2743 2754 2744
f 2744 2754 2755
f 2744 2755 2745
f 2745 2755 2756
f 2745 2756 2746
f 2746 2756 2757
f 2746 2757 2747
f 2747 2757 2758
f 2747 2758 2759
f 2747 2759 2748
f 2748 2759 2760
f 2748 2760 2045
f 2045 2760 2042
f 2045 2042 2041
f 2045 2041 2043
f 2010 2154 2122
f 2122 2154 2761
f 2122 2761 2749
f 2749 2761 2762
f 2749 2762 2750
f 2750 2762 2763
f 2750 2763 2751
f 2751 2763 2764
f 2751 2764 2752
f 2752 2764 2765
f 2752 2765 2753
f 2753 2765 2766
f 2753 2766 2754
f 2754 2766 2767
f 2754 2767 2755
f 2755 2767 2768
f 2755 2768 2756
f 2756 2768 2769
f 2756 2769 2757
f 2757 2769 2770
f 2757 2770 2758
f 2758 2770 2771
f 2758 2771 2759
f 2759 2771 2772
f 2759 2772 2760
f 2760 2772 2773
f 2760 2773 2042
f 2042 2773 2774
f 2042 2774 2040
f 2775 2776 2777
f 2008 2121 2154
f 2154 2121 2778
f 2154 2778 2761
f 2761 2778 2779
f 2761 2779 2762
f 2762 2779 2780
f 2762 2780 2763
f 2763 2780 2781
f 2763 2781 2764
f 2764 2781 2782
f 2764 2782 2765
f 2765 2782 2783
f 2765 2783 2766
f 2766 2783 2784
f 2766 2784 2767
f 2767 2784 2785
f 2767 2785 2786
f 2767 2786 2768
f 2768 2786 2787
f 2768 2787 2769
f 2769 2787 2770
f 2770 2787 2788
f 2770 2788 2771
f 2771 2788 2789
f 2771 2789 2775
f 2771 2775 2772
f 2772 2775 2773
f 2773 2775 2777
f 2773 2777 2774
f 2790 2791 2792
f 2007 2005 2121
f 2121 2005 2793
f 2121 2793 2778
f 2778 2793 2794
f 2778 2794 2779
f 2779 2794 2795
f 2779 2795 2780
f 2780 2795 2796
f 2780 2796 2781
f 2781 2796 2797
f 2781 2797 2782
f 2782 2797 2798
f 2782 2798 2783
f 2783 2798 2799
f 2783 2799 2784
f 2784 2799 2785
f 2785 2799 2800
f 2785 2800 2786
f 2786 2800 2801
f 2786 2801 2787
f 2787 2801 2802
f 2787 2802 2803
f 2787 2803 2788
f 2788 2803 2804
f 2788 2804 2789
f 2789 2804 2805
f 2789 2805 2775
f 2775 2805 2790
f 2775 2790 2792
f 2775 2792 2776
f 2806 2807 2808
f 2005 2155 2809
f 2005 2809 2793
f 2793 2809 2810
f 2793 2810 2794
f 2794 2810 2811
f 2794 2811 2795
f 2795 2811 2812
f 2795 2812 2796
f 2796 2812 2813
f 2796 2813 2797
f 2797 2813 2814
f 2797 2814 2798
f 2798 2814 2815
f 2798 2815 2799
f 2799 2815 2816
f 2799 2816 2800
f 2800 2816 2817
f 2800 2817 2801
f 2801 2817 2802
f 2802 2817 2818
f 2802 2818 2803
f 2803 2818 2819
f 2803 2819 2804
f 2804 2819 2820
f 2804 2820 2805
f 2805 2820 2806
f 2805 2806 2790
f 2790 2806 2808
f 2790 2808 2791
f 2003 2120 2155
f 2155 2120 2823
f 2155 2823 2809
f 2809 2823 2824
f 2809 2824 2810
f 2810 2824 2825
f 2810 2825 2811
f 2811 2825 2812
f 2812 2825 2826
f 2812 2826 2813
f 2813 2826 2827
f 2813 2827 2814
f 2814 2827 2828
f 2814 2828 2815
f 2815 2828 2829
f 2815 2829 2816
f 2816 2829 2830
f 2816 2830 2817
f 2817 2830 2831
f 2817 2831 2832
f 2817 2832 2818
f 2818 2832 2833
f 2818 2833 2819
f 2819 2833 2834
f 2819 2834 2820
f 2820 2834 2821
f 2820 2821 2806
f 2806 2821 2822
f 2806 2822 2807
f 2835 2836 2837
f 2002 2119 2120
f 2120 2119 2838
f 2120 2838 2823
f 2823 2838 2839
f 2823 2839 2824
f 2824 2839 2840
f 2824 2840 2825
f 2825 2840 2841
f 2825 2841 2842
f 2825 2842 2826
f 2826 2842 2843
f 2826 2843 2827
f 2827 2843 2844
f 2827 2844 2828
f 2828 2844 2845
f 2828 2845 2829
f 2829 2845 2846
f 2829 2846 2830
f 2830 2846 2831
f 2831 2846 2847
f 2831 2847 2832
f 2832 2847 2833
f 2833 2847 2835
f 2833 2835 2834
f 2834 2835 2821
f 2821 2835 2837
f 2001 2156 2119
f 2119 2156 2850
f 2119 2850 2838
f 2838 2850 2851
f 2838 2851 2839
f 2839 2851 2852
f 2839 2852 2840
f 2840 2852 2853
f 2840 2853 2841
f 2841 2853 2854
f 2841 2854 2842
f 2842 2854 2855
f 2842 2855 2843
f 2843 2855 2856
f 2843 2856 2844
f 2844 2856 2857
f 2844 2857 2845
f 2845 2857 2858
f 2845 2858 2846
f 2846 2858 2859
f 2846 2859 2860
f 2846 2860 2847
f 2847 2860 2861
f 2847 2861 2835
f 2835 2861 2848
f 2835 2848 2849
f 2835 2849 2836
f 1999 2118 2156
f 2156 2118 2864
f 2156 2864 2850
f 2850 2864 2851
f 2851 2864 2865
f 2851 2865 2852
f 2852 2865 2866
f 2852 2866 2853
f 2853 2866 2867
f 2853 2867 2854
f 2854 2867 2868
f 2854 2868 2855
f 2855 2868 2869
f 2855 2869 2856
f 2856 2869 2870
f 2856 2870 2857
f 2857 2870 2871
f 2857 2871 2858
f 2858 2871 2872
f 2858 2872 2859
f 2859 2872 2873
f 2859 2873 2860
f 2860 2873 2874
f 2860 2874 2875
f 2860 2875 2861
f 2861 2875 2862
f 2861 2862 2848
f 2848 2862 2863
f 1998 1996 2118
f 2118 1996 2878
f 2118 2878 2864
f 2864 2878 2879
f 2864 2879 2880
f 2864 2880 2865
f 2865 2880 2881
f 2865 2881 2866
f 2866 2881 2882
f 2866 2882 2867
f 2867 2882 2883
f 2867 2883 2868
f 2868 2883 2884
f 2868 2884 2869
f 2869 2884 2885
f 2869 2885 2870
f 2870 2885 2886
f 2870 2886 2871
f 2871 2886 2887
f 2871 2887 2872
f 2872 2887 2888
f 2872 2888 2873
f 2873 2888 2889
f 2873 2889 2874
f 2874 2889 2890
f 2874 2890 2875
f 2875 2890 2876
f 2875 2876 2862
f 2862 2876 2877
f 2862 2877 2863
f 1996 2157 2893
f 1996 2893 2878
f 2878 2893 2879
f 2879 2893 2894
f 2879 2894 2880
f 2880 2894 2881
f 2881 2894 2895
f 2881 2895 2882
f 2882 2895 2896
f 2882 2896 2883
f 2883 2896 2897
f 2883 2897 2884
f 2884 2897 2898
f 2884 2898 2885
f 2885 2898 2899
f 2885 2899 2886
f 2886 2899 2887
f 2887 2899 2900
f 2887 2900 2888
f 2888 2900 2901
f 2888 2901 2889
f 2889 2901 2891
f 2889 2891 2890
f 2890 2891 2876
f 2876 2891 2892
f 2876 2892 2877
f 1994 2460 2157
f 2157 2460 2438
f 2157 2438 2893
f 2893 2438 2420
f 2893 2420 2894
f 2894 2420 2410
f 2894 2410 2895
f 2895 2410 2400
f 2895 2400 2896
f 2896 2400 2358
f 2896 2358 2897
f 2897 2358 2361
f 2897 2361 2898
f 2898 2361 2363
f 2898 2363 2899
f 2899 2363 2364
f 2899 2364 2366
f 2899 2366 2900
f 2900 2366 2368
f 2900 2368 2901
f 2901 2368 2369
f 2901 2369 2891
f 2891 2369 2370
f 2891 2370 2371
f 2891 2371 2892
f 2902 2903 2904
f 2905 2906 2907
f 2908 2909 2910
f 2911 2912 2913
f 2920 2921 2922
f 2921 2923 2924
f 2925 2926 2927
f 2926 2928 2929
f 2928 2930 2931
f 2932 2933 2934
f 2935 2936 2937
f 2938 2939 2940
f 2941 2942 2943
f 2944 2945 2946
f 2951 2952 2953
f 2958 2959 2960
f 2959 2961 2962
f 2961 2963 2964
f 2965 2966 2967
f 2968 2969 2970
f 2971 2972 2973
f 2976 2977 2978
f 2981 2982 2983
f 2984 2985 2986
f 2987 2988 2989
f 2992 2993 2994
f 2892 2371 2995
f 2057 2056 2996
f 2632 2648 2999
f 2617 2633 3000
f 2602 2618 3001
f 2590 2603 3002
f 2575 2591 3003
f 2561 2576 3004
f 2545 2562 3005
f 2533 2546 3006
f 2531 2534 3007
f 2518 2517 3008
f 2529 2528 3009
f 2516 2530 3010
f 2064 2063 3011
f 2066 2065 3012
f 2069 2068 3013
f 2071 2070 3014
f 2074 2073 3015
f 2081 2079 3017
f 2084 2083 3018
f 2086 2085 3019
f 2089 2088 3020
f 2092 2091 3021
f 2094 2093 3022
f 2097 2096 3023
f 2100 2099 3024
f 2391 2390 3025
f 2402 2401 3026
f 2389 2403 3027
f 2103 2102 3028
f 2105 2104 3029
f 2108 2107 3030
f 2079 2078 3034
f 2061 2998 2648
f 2055 2054 2992
f 2992 2054 2052
f 2992 2052 2993
f 2993 2052 2051
f 2993 2051 2049
f 3035 2048 2047
f 3036 2046 2044
f 3037 2043 2041
f 3038 2040 2774
f 3039 2777 2776
f 2776 2792 3040
f 3040 2792 2791
f 2791 2808 3041
f 3041 2808 2807
f 2807 2822 3042
f 3042 2822 2821
f 2821 2837 3043
f 3043 2837 2836
f 2836 2849 3044
f 3044 2849 2848
f 2848 2863 3045
f 2863 2877 3046
f 2877 2892 3047
f 3048 2994 3049
f 3049 2994 2993
f 3049 2993 3035
f 3035 2993 2049
f 3035 2049 2048
f 3050 3048 3051
f 3051 3048 3049
f 3051 3049 3052
f 3052 3049 3035
f 3052 3035 3036
f 3036 3035 2047
f 3036 2047 2046
f 3053 3050 3054
f 3054 3050 3051
f 3054 3051 3055
f 3055 3051 3052
f 3055 3052 3056
f 3056 3052 3036
f 3056 3036 3037
f 3037 3036 2044
f 3037 2044 2043
f 3057 3053 3058
f 3058 3053 3054
f 3058 3054 3059
f 3059 3054 3055
f 3059 3055 3060
f 3060 3055 3056
f 3060 3056 3061
f 3061 3056 3037
f 3061 3037 3038
f 3038 3037 2041
f 3038 2041 2040
f 3062 3063 3064
f 3065 3057 3066
f 3066 3057 3058
f 3066 3058 3067
f 3067 3058 3059
f 3067 3059 3068
f 3068 3059 3060
f 3068 3060 3069
f 3069 3060 3061
f 3069 3061 3070
f 3070 3061 3038
f 3070 3038 3039
f 3039 3038 2774
f 3039 2774 2777
f 3071 3063 3072
f 3072 3063 3062
f 3072 3062 3073
f 2099 2097 3024
f 3024 2097 3023
f 3024 3023 3074
f 3074 3023 3075
f 3074 3075 3076
f 3076 3075 3077
f 3076 3077 3078
f 3078 3077 3079
f 3078 3079 3080
f 3080 3079 3081
f 3080 3081 3082
f 3082 3081 3083
f 3082 3083 3084
f 3084 3083 3085
f 2093 2092 3022
f 3022 2092 3021
f 3022 3021 3086
f 3086 3021 3087
f 3086 3087 3088
f 3088 3087 3089
f 3088 3089 3090
f 3090 3089 3091
f 3090 3091 3092
f 3092 3091 3093
f 3092 3093 3094
f 3094 3093 3095
f 3094 3095 3096
f 3096 3095 3097
f 3096 3097 3098
f 3098 3097 3099
f 2546 2545 3006
f 3006 2545 3005
f 3006 3005 3100
f 3100 3005 3101
f 3100 3101 3102
f 3102 3101 3103
f 3102 3103 3104
f 3104 3103 3105
f 3104 3105 3106
f 3106 3105 3107
f 3106 3107 3108
f 3108 3107 3109
f 3108 3109 3110
f 3110 3109 3111
f 2576 2575 3004
f 3004 2575 3003
f 3004 3003 3112
f 3112 3003 3113
f 3112 3113 3114
f 3114 3113 3115
f 3114 3115 3116
f 3116 3115 3117
f 3116 3117 3118
f 3118 3117 3119
f 3118 3119 3120
f 3120 3119 3121
f 3120 3121 3122
f 3122 3121 3123
f 3122 3123 3124
f 3125 3071 3126
f 3126 3071 3072
f 3126 3072 3073
f 3126 3073 3127
f 2990 3127 2991
f 2991 3127 3073
f 2991 3073 3128
f 3128 3073 3062
f 3128 3062 3129
f 3129 3062 3064
f 3129 3064 3130
f 2988 2990 2989
f 2989 2990 2991
f 2989 2991 3131
f 3131 2991 3128
f 3131 3128 3132
f 3132 3128 3129
f 3132 3129 3133
f 3133 3129 3130
f 3133 3130 3134
f 2985 2987 2986
f 2986 2987 2989
f 2986 2989 3135
f 3135 2989 3131
f 3135 3131 3136
f 3136 3131 3132
f 3136 3132 3137
f 3137 3132 3133
f 3137 3133 3138
f 3138 3133 3134
f 3138 3134 3139
f 2982 2984 2983
f 2983 2984 2986
f 2983 2986 3140
f 3140 2986 3135
f 3140 3135 3141
f 3141 3135 3136
f 3141 3136 3142
f 3142 3136 3137
f 3142 3137 3143
f 3143 3137 3138
f 3143 3138 3144
f 3144 3138 3139
f 3144 3139 2995
f 2979 2981 2980
f 2980 2981 2983
f 2980 2983 3145
f 3145 2983 3140
f 3145 3140 3146
f 3146 3140 3141
f 3146 3141 3147
f 3147 3141 3142
f 3147 3142 3148
f 3148 3142 3143
f 3148 3143 3149
f 3149 3143 3144
f 3149 3144 3033
f 3033 3144 2995
f 3033 2995 2113
f 2113 2995 2371
f 2977 2979 2978
f 2978 2979 2980
f 2978 2980 3150
f 3150 2980 3145
f 3150 3145 3151
f 3151 3145 3146
f 3151 3146 3152
f 3152 3146 3147
f 3152 3147 3153
f 3153 3147 3148
f 3153 3148 3154
f 3154 3148 3149
f 3154 3149 3032
f 3032 3149 3033
f 3032 3033 2111
f 2111 3033 2113
f 2974 2976 2975
f 2975 2976 2978
f 2975 2978 3155
f 3155 2978 3150
f 3155 3150 3156
f 3156 3150 3151
f 3156 3151 3157
f 3157 3151 3152
f 3157 3152 3158
f 3158 3152 3153
f 3158 3153 3159
f 3159 3153 3154
f 3159 3154 3031
f 3031 3154 3032
f 3031 3032 2109
f 2109 3032 2111
f 2972 2974 2973
f 2973 2974 2975
f 2973 2975 3160
f 3160 2975 3155
f 3160 3155 3161
f 3161 3155 3156
f 3161 3156 3162
f 3162 3156 3157
f 3162 3157 3163
f 3163 3157 3158
f 3163 3158 3164
f 3164 3158 3159
f 3164 3159 3030
f 3030 3159 3031
f 3030 3031 2108
f 2108 3031 2109
f 2969 2971 2970
f 2970 2971 2973
f 2970 2973 3165
f 3165 2973 3160
f 3165 3160 3166
f 3166 3160 3161
f 3166 3161 3167
f 3167 3161 3162
f 3167 3162 3168
f 3168 3162 3163
f 3168 3163 3169
f 3169 3163 3164
f 3169 3164 3029
f 3029 3164 3030
f 3029 3030 2105
f 2105 3030 2107
f 2966 2968 2967
f 2967 2968 2970
f 2967 2970 3170
f 3170 2970 3165
f 3170 3165 3171
f 3171 3165 3166
f 3171 3166 3172
f 3172 3166 3167
f 3172 3167 3173
f 3173 3167 3168
f 3173 3168 3174
f 3174 3168 3169
f 3174 3169 3028
f 3028 3169 3029
f 3028 3029 2103
f 2103 3029 2104
f 2963 2965 2964
f 2964 2965 2967
f 2964 2967 3175
f 3175 2967 3170
f 3175 3170 3176
f 3176 3170 3171
f 3176 3171 3177
f 3177 3171 3172
f 3177 3172 3178
f 3178 3172 3173
f 3178 3173 3179
f 3179 3173 3174
f 3179 3174 3027
f 3027 3174 3028
f 3027 3028 2389
f 2389 3028 2102
f 2962 2961 2964
f 2962 2964 3180
f 3180 2964 3175
f 3180 3175 3181
f 3181 3175 3176
f 3181 3176 3182
f 3182 3176 3177
f 3182 3177 3183
f 3183 3177 3178
f 3183 3178 3184
f 3184 3178 3179
f 3184 3179 3026
f 3026 3179 3027
f 3026 3027 2402
f 2402 3027 2403
f 2960 2959 2962
f 2960 2962 3185
f 3185 2962 3180
f 3185 3180 3186
f 3186 3180 3181
f 3186 3181 3187
f 3187 3181 3182
f 3187 3182 3188
f 3188 3182 3183
f 3188 3183 3189
f 3189 3183 3184
f 3189 3184 3025
f 3025 3184 3026
f 3025 3026 2391
f 2391 3026 2401
f 2390 2100 3025
f 3025 2100 3024
f 3025 3024 3189
f 3189 3024 3074
f 3189 3074 3188
f 3188 3074 3076
f 3188 3076 3187
f 3187 3076 3078
f 3187 3078 3186
f 3186 3078 3080
f 3186 3080 3185
f 3185 3080 3082
f 3185 3082 2960
f 2960 3082 3084
f 2960 3084 2958
f 3190 3191 3085
f 3085 3191 3084
f 3084 3191 2958
f 2096 2094 3023
f 3023 2094 3022
f 3023 3022 3075
f 3075 3022 3086
f 3075 3086 3077
f 3077 3086 3088
f 3077 3088 3079
f 3079 3088 3090
f 3079 3090 3081
f 3081 3090 3092
f 3081 3092 3083
f 3083 3092 3094
f 3083 3094 3085
f 3085 3094 3096
f 3085 3096 3190
f 3190 3096 3098
f 2956 3099 2957
f 2957 3099 3097
f 2957 3097 3192
f 3192 3097 3095
f 3192 3095 3193
f 3193 3095 3093
f 3193 3093 3194
f 3194 3093 3091
f 3194 3091 3195
f 3195 3091 3089
f 3195 3089 3196
f 3196 3089 3087
f 3196 3087 3020
f 3020 3087 3021
f 3020 3021 2089
f 2089 3021 2091
f 2954 2956 2955
f 2955 2956 2957
f 2955 2957 3197
f 3197 2957 3192
f 3197 3192 3198
f 3198 3192 3193
f 3198 3193 3199
f 3199 3193 3194
f 3199 3194 3200
f 3200 3194 3195
f 3200 3195 3201
f 3201 3195 3196
f 3201 3196 3019
f 3019 3196 3020
f 3019 3020 2086
f 2086 3020 2088
f 2952 2954 2953
f 2953 2954 2955
f 2953 2955 3202
f 3202 2955 3197
f 3202 3197 3203
f 3203 3197 3198
f 3203 3198 3204
f 3204 3198 3199
f 3204 3199 3205
f 3205 3199 3200
f 3205 3200 3206
f 3206 3200 3201
f 3206 3201 3018
f 3018 3201 3019
f 3018 3019 2084
f 2084 3019 2085
f 2949 2951 2950
f 2950 2951 2953
f 2950 2953 3207
f 3207 2953 3202
f 3207 3202 3208
f 3208 3202 3203
f 3208 3203 3209
f 3209 3203 3204
f 3209 3204 3210
f 3210 3204 3205
f 3210 3205 3211
f 3211 3205 3206
f 3211 3206 3017
f 3017 3206 3018
f 3017 3018 2081
f 2081 3018 2083
f 2947 2949 2948
f 2948 2949 2950
f 2948 2950 3212
f 3212 2950 3207
f 3212 3207 3213
f 3213 3207 3208
f 3213 3208 3214
f 3214 3208 3209
f 3214 3209 3215
f 3215 3209 3210
f 3215 3210 3216
f 3216 3210 3211
f 3216 3211 3034
f 3034 3211 3017
f 3034 3017 2079
f 2945 2947 2946
f 2946 2947 2948
f 2946 2948 3217
f 3217 2948 3212
f 3217 3212 3218
f 3218 3212 3213
f 3218 3213 3219
f 3219 3213 3214
f 3219 3214 3220
f 3220 3214 3215
f 3220 3215 3221
f 3221 3215 3216
f 3221 3216 3016
f 3016 3216 3034
f 3016 3034 2076
f 2076 3034 2078
f 2942 2944 2943
f 2943 2944 2946
f 2943 2946 3222
f 3222 2946 3217
f 3222 3217 3223
f 3223 3217 3218
f 3223 3218 3224
f 3224 3218 3219
f 3224 3219 3225
f 3225 3219 3220
f 3225 3220 3226
f 3226 3220 3221
f 3226 3221 3015
f 3015 3221 3016
f 3015 3016 2074
f 2074 3016 2076
f 2939 2941 2940
f 2940 2941 2943
f 2940 2943 3227
f 3227 2943 3222
f 3227 3222 3228
f 3228 3222 3223
f 3228 3223 3229
f 3229 3223 3224
f 3229 3224 3230
f 3230 3224 3225
f 3230 3225 3231
f 3231 3225 3226
f 3231 3226 3014
f 3014 3226 3015
f 3014 3015 2071
f 2071 3015 2073
f 2936 2938 2937
f 2937 2938 2940
f 2937 2940 3232
f 3232 2940 3227
f 3232 3227 3233
f 3233 3227 3228
f 3233 3228 3234
f 3234 3228 3229
f 3234 3229 3235
f 3235 3229 3230
f 3235 3230 3236
f 3236 3230 3231
f 3236 3231 3013
f 3013 3231 3014
f 3013 3014 2069
f 2069 3014 2070
f 2933 2935 2934
f 2934 2935 2937
f 2934 2937 3237
f 3237 2937 3232
f 3237 3232 3238
f 3238 3232 3233
f 3238 3233 3239
f 3239 3233 3234
f 3239 3234 3240
f 3240 3234 3235
f 3240 3235 3241
f 3241 3235 3236
f 3241 3236 3012
f 3012 3236 3013
f 3012 3013 2066
f 2066 3013 2068
f 2930 2932 2931
f 2931 2932 2934
f 2931 2934 3242
f 3242 2934 3237
f 3242 3237 3243
f 3243 3237 3238
f 3243 3238 3244
f 3244 3238 3239
f 3244 3239 3245
f 3245 3239 3240
f 3245 3240 3246
f 3246 3240 3241
f 3246 3241 3011
f 3011 3241 3012
f 3011 3012 2064
f 2064 3012 2065
f 2929 2928 2931
f 2929 2931 3247
f 3247 2931 3242
f 3247 3242 3248
f 3248 3242 3243
f 3248 3243 3249
f 3249 3243 3244
f 3249 3244 3250
f 3250 3244 3245
f 3250 3245 3251
f 3251 3245 3246
f 3251 3246 3010
f 3010 3246 3011
f 3010 3011 2516
f 2516 3011 2063
f 2927 2926 2929
f 2927 2929 3252
f 3252 2929 3247
f 3252 3247 3253
f 3253 3247 3248
f 3253 3248 3254
f 3254 3248 3249
f 3254 3249 3255
f 3255 3249 3250
f 3255 3250 3256
f 3256 3250 3251
f 3256 3251 3009
f 3009 3251 3010
f 3009 3010 2529
f 2529 3010 2530
f 2923 2925 2924
f 2924 2925 2927
f 2924 2927 3257
f 3257 2927 3252
f 3257 3252 3258
f 3258 3252 3253
f 3258 3253 3259
f 3259 3253 3254
f 3259 3254 3260
f 3260 3254 3255
f 3260 3255 3261
f 3261 3255 3256
f 3261 3256 3008
f 3008 3256 3009
f 3008 3009 2518
f 2518 3009 2528
f 2922 2921 2924
f 2922 2924 3262
f 3262 2924 3257
f 3262 3257 3263
f 3263 3257 3258
f 3263 3258 3264
f 3264 3258 3259
f 3264 3259 3265
f 3265 3259 3260
f 3265 3260 3266
f 3266 3260 3261
f 3266 3261 3007
f 3007 3261 3008
f 3007 3008 2531
f 2531 3008 2517
f 2534 2533 3007
f 3007 2533 3006
f 3007 3006 3266
f 3266 3006 3100
f 3266 3100 3265
f 3265 3100 3102
f 3265 3102 3264
f 3264 3102 3104
f 3264 3104 3263
f 3263 3104 3106
f 3263 3106 3262
f 3262 3106 3108
f 3262 3108 2922
f 2922 3108 3110
f 2922 3110 2920
f 3267 3268 3111
f 3111 3268 3269
f 3111 3269 3110
f 3110 3269 2920
f 2562 2561 3005
f 3005 2561 3004
f 3005 3004 3101
f 3101 3004 3112
f 3101 3112 3103
f 3103 3112 3114
f 3103 3114 3105
f 3105 3114 3116
f 3105 3116 3107
f 3107 3116 3118
f 3107 3118 3109
f 3109 3118 3120
f 3109 3120 3111
f 3111 3120 3122
f 3111 3122 3267
f 3267 3122 3124
f 2918 3124 2919
f 2919 3124 3123
f 2919 3123 3270
f 3270 3123 3121
f 3270 3121 3271
f 3271 3121 3119
f 3271 3119 3272
f 3272 3119 3117
f 3272 3117 3273
f 3273 3117 3115
f 3273 3115 3274
f 3274 3115 3113
f 3274 3113 3002
f 3002 3113 3003
f 3002 3003 2590
f 2590 3003 2591
f 2916 2918 2917
f 2917 2918 2919
f 2917 2919 3275
f 3275 2919 3270
f 3275 3270 3276
f 3276 3270 3271
f 3276 3271 3277
f 3277 3271 3272
f 3277 3272 3278
f 3278 3272 3273
f 3278 3273 3279
f 3279 3273 3274
f 3279 3274 3001
f 3001 3274 3002
f 3001 3002 2602
f 2602 3002 2603
f 2914 2916 2915
f 2915 2916 2917
f 2915 2917 3280
f 3280 2917 3275
f 3280 3275 3281
f 3281 3275 3276
f 3281 3276 3282
f 3282 3276 3277
f 3282 3277 3283
f 3283 3277 3278
f 3283 3278 3284
f 3284 3278 3279
f 3284 3279 3000
f 3000 3279 3001
f 3000 3001 2617
f 2617 3001 2618
f 2912 2914 2913
f 2913 2914 2915
f 2913 2915 3285
f 3285 2915 3280
f 3285 3280 3286
f 3286 3280 3281
f 3286 3281 3287
f 3287 3281 3282
f 3287 3282 3288
f 3288 3282 3283
f 3288 3283 3289
f 3289 3283 3284
f 3289 3284 2999
f 2999 3284 3000
f 2999 3000 2632
f 2632 3000 2633
f 2909 2911 2910
f 2910 2911 2913
f 2910 2913 3290
f 3290 2913 3285
f 3290 3285 3291
f 3291 3285 3286
f 3291 3286 3292
f 3292 3286 3287
f 3292 3287 3293
f 3293 3287 3288
f 3293 3288 3294
f 3294 3288 3289
f 3294 3289 2998
f 2998 3289 2999
f 2998 2999 2648
f 2906 2908 2907
f 2907 2908 2910
f 2907 2910 3295
f 3295 2910 3290
f 3295 3290 3296
f 3296 3290 3291
f 3296 3291 3297
f 3297 3291 3292
f 3297 3292 3298
f 3298 3292 3293
f 3298 3293 3299
f 3299 3293 3294
f 3299 3294 2997
f 2997 3294 2998
f 2997 2998 2059
f 2059 2998 2061
f 2903 2905 2904
f 2904 2905 2907
f 2904 2907 3300
f 3300 2907 3295
f 3300 3295 3301
f 3301 3295 3296
f 3301 3296 3302
f 3302 3296 3297
f 3302 3297 3303
f 3303 3297 3298
f 3303 3298 3304
f 3304 3298 3299
f 3304 3299 2996
f 2996 3299 2997
f 2996 2997 2057
f 2057 2997 2059
f 3065 2902 2904
f 3065 2904 3057
f 3057 2904 3300
f 3057 3300 3053
f 3053 3300 3301
f 3053 3301 3050
f 3050 3301 3302
f 3050 3302 3048
f 3048 3302 3303
f 3048 3303 2994
f 2994 3303 3304
f 2994 3304 2992
f 2992 3304 2996
f 2992 2996 2055
f 2055 2996 2056
f 3305 3306 3307
f 2776 3040 3039
f 3039 3040 3308
f 3039 3308 3070
f 3070 3308 3309
f 3070 3309 3069
f 3069 3309 3310
f 3069 3310 3068
f 3068 3310 3311
f 3068 3311 3067
f 3067 3311 3312
f 3067 3312 3066
f 3066 3312 3305
f 3066 3305 3065
f 3065 3305 3307
f 3065 3307 2902
f 2791 3041 3040
f 3040 3041 3315
f 3040 3315 3308
f 3308 3315 3316
f 3308 3316 3309
f 3309 3316 3317
f 3309 3317 3310
f 3310 3317 3318
f 3310 3318 3311
f 3311 3318 3319
f 3311 3319 3312
f 3312 3319 3313
f 3312 3313 3305
f 3305 3313 3314
f 3305 3314 3306
f 3320 3321 3322
f 2807 3042 3041
f 3041 3042 3323
f 3041 3323 3315
f 3315 3323 3324
f 3315 3324 3316
f 3316 3324 3325
f 3316 3325 3317
f 3317 3325 3326
f 3317 3326 3318
f 3318 3326 3327
f 3318 3327 3319
f 3319 3327 3320
f 3319 3320 3313
f 3313 3320 3322
f 3313 3322 3314
f 3328 3329 3330
f 2821 3043 3042
f 3042 3043 3331
f 3042 3331 3323
f 3323 3331 3332
f 3323 3332 3324
f 3324 3332 3333
f 3324 3333 3325
f 3325 3333 3334
f 3325 3334 3326
f 3326 3334 3335
f 3326 3335 3327
f 3327 3335 3328
f 3327 3328 3320
f 3320 3328 3330
f 3320 3330 3321
f 3336 3337 3338
f 2836 3044 3043
f 3043 3044 3339
f 3043 3339 3331
f 3331 3339 3340
f 3331 3340 3332
f 3332 3340 3341
f 3332 3341 3333
f 3333 3341 3342
f 3333 3342 3334
f 3334 3342 3343
f 3334 3343 3335
f 3335 3343 3336
f 3335 3336 3328
f 3328 3336 3338
f 3328 3338 3329
f 2848 3045 3044
f 3044 3045 3346
f 3044 3346 3339
f 3339 3346 3347
f 3339 3347 3340
f 3340 3347 3348
f 3340 3348 3341
f 3341 3348 3349
f 3341 3349 3342
f 3342 3349 3350
f 3342 3350 3343
f 3343 3350 3344
f 3343 3344 3336
f 3336 3344 3345
f 3336 3345 3337
f 2863 3046 3045
f 3045 3046 3353
f 3045 3353 3346
f 3346 3353 3354
f 3346 3354 3347
f 3347 3354 3355
f 3347 3355 3348
f 3348 3355 3356
f 3348 3356 3349
f 3349 3356 3357
f 3349 3357 3350
f 3350 3357 3351
f 3350 3351 3344
f 3344 3351 3352
f 3344 3352 3345
f 2877 3047 3046
f 3046 3047 3360
f 3046 3360 3353
f 3353 3360 3361
f 3353 3361 3354
f 3354 3361 3362
f 3354 3362 3355
f 3355 3362 3363
f 3355 3363 3356
f 3356 3363 3364
f 3356 3364 3357
f 3357 3364 3358
f 3357 3358 3351
f 3351 3358 3359
f 3351 3359 3352
f 2892 2995 3047
f 3047 2995 3139
f 3047 3139 3360
f 3360 3139 3134
f 3360 3134 3361
f 3361 3134 3130
f 3361 3130 3362
f 3362 3130 3064
f 3362 3064 3363
f 3363 3064 3063
f 3363 3063 3364
f 3364 3063 3071
f 3364 3071 3358
f 3358 3071 3125
f 3358 3125 3359
f 3365 3366 3367
f 3368 3365 3367
f 3369 3368 3367
f 3370 3369 3367
f 3371 3370 3367
f 3372 3371 3367
f 3373 3372 3367
f 3374 3373 3367
f 3375 3374 3367
f 3376 3375 3367
f 3377 3376 3367
f 3378 3377 3367
f 3379 3378 3367
f 3380 3379 3367
f 3381 3380 3367
f 3382 3381 3367
f 3383 3382 3367
f 3384 3383 3367
f 3385 3384 3367
f 3366 3385 3367
f 3386 3387 3126
f 3126 3127 3386
f 3386 3127 3388
f 3127 2990 3388
f 3388 2990 3389
f 2990 2988 3389
f 3389 2988 2987
f 3389 2987 3390
f 2987 2985 3390
f 3390 2985 2984
f 3390 2984 3391
f 2984 2982 3391
f 3391 2982 2981
f 3391 2981 3392
f 2981 2979 3392
f 3392 2979 3393
f 2979 2977 3393
f 3393 2977 2976
f 3393 2976 3394
f 3394 2976 2974
f 3394 2974 2972
f 3394 2972 3395
f 2972 2971 3395
f 3395 2971 2969
f 3395 2969 3396
f 2969 2968 3396
f 3396 2968 2966
f 3396 2966 3397
f 2966 2965 3397
f 3397 2965 2963
f 3397 2963 3398
f 2963 2961 3398
f 3398 2961 3399
f 2961 2959 3399
f 3399 2959 3400
f 2959 2958 3400
f 3400 2958 3401
f 2958 3191 3401
f 3401 3191 3402
f 3402 3191 3190
f 3402 3190 3403
f 3190 3098 3403
f 3403 3098 3099
f 3403 3099 3404
f 3099 2956 3404
f 3404 2956 3405
f 2956 2954 3405
f 3405 2954 3406
f 2954 2952 3406
f 3406 2952 2951
f 3406 2951 3407
f 2951 2949 3407
f 3407 2949 3408
f 2949 2947 3408
f 3408 2947 3409
f 2947 2945 3409
f 3409 2945 2944
f 3409 2944 3410
f 2944 2942 3410
f 3410 2942 2941
f 3410 2941 3411
f 3411 2941 2939
f 2939 2938 3411
f 3411 2938 2936
f 3411 2936 3412
f 2936 2935 3412
f 3412 2935 2933
f 3412 2933 3413
f 2933 2932 3413
f 3413 2932 2930
f 3413 2930 3414
f 2930 2928 3414
f 3414 2928 3415
f 2928 2926 3415
f 3415 2926 3416
f 2926 2925 3416
f 3416 2925 2923
f 3416 2923 3417
f 2923 2921 3417
f 3417 2921 3418
f 2921 2920 3418
f 3418 2920 3419
f 2920 3269 3419
f 3419 3269 3268
f 3419 3268 3420
f 3420 3268 3267
f 3420 3267 3421
f 3267 3124 3421
f 3421 3124 3422
f 3124 2918 3422
f 3422 2918 3423
f 2918 2916 3423
f 3423 2916 3424
f 2916 2914 3424
f 3424 2914 3425
f 2914 2912 3425
f 3425 2912 2911
f 3425 2911 3426
f 2911 2909 3426
f 3426 2909 2908
f 3426 2908 3427
f 2908 2906 3427
f 3427 2906 2905
f 3427 2905 3428
f 3428 2905 2903
f 2903 2902 3428
f 3428 2902 3429
f 2902 3307 3429
f 3429 3307 3306
f 3429 3306 3430
f 3306 3314 3430
f 3430 3314 3431
f 3314 3322 3431
f 3431 3322 3321
f 3431 3321 3432
f 3321 3330 3432
f 3432 3330 3329
f 3432 3329 3433
f 3329 3338 3433
f 3433 3338 3337
f 3433 3337 3434
f 3337 3345 3434
f 3434 3345 3435
f 3345 3352 3435
f 3435 3352 3436
f 3352 3359 3436
f 3436 3359 3437
f 3437 3359 3125
f 3437 3125 3387
f 3387 3125 3126
f 3436 3438 3435
f 3435 3438 3439
f 3435 3439 3434
f 3434 3439 3440
f 3434 3440 3433
f 3433 3440 3441
f 3433 3441 3432
f 3432 3441 3442
f 3432 3442 3431
f 3431 3442 3443
f 3431 3443 3430
f 3430 3443 3444
f 3430 3444 3429
f 3429 3444 3445
f 3429 3445 3428
f 3428 3445 3446
f 3428 3446 3427
f 3427 3446 3447
f 3427 3447 3426
f 3426 3447 3448
f 3426 3448 3425
f 3425 3448 3449
f 3425 3449 3424
f 3424 3449 3450
f 3424 3450 3423
f 3423 3450 3451
f 3423 3451 3422
f 3422 3451 3452
f 3422 3452 3421
f 3421 3452 3453
f 3421 3453 3420
f 3420 3453 3454
f 3420 3454 3419
f 3419 3454 3455
f 3419 3455 3418
f 3418 3455 3456
f 3418 3456 3417
f 3417 3456 3457
f 3417 3457 3416
f 3416 3457 3458
f 3416 3458 3415
f 3415 3458 3459
f 3415 3459 3414
f 3414 3459 3460
f 3414 3460 3413
f 3413 3460 3461
f 3413 3461 3412
f 3412 3461 3462
f 3412 3462 3411
f 3411 3462 3463
f 3411 3463 3410
f 3410 3463 3464
f 3410 3464 3409
f 3409 3464 3465
f 3409 3465 3408
f 3408 3465 3466
f 3408 3466 3407
f 3407 3466 3467
f 3407 3467 3406
f 3406 3467 3468
f 3406 3468 3405
f 3405 3468 3469
f 3405 3469 3404
f 3404 3469 3470
f 3404 3470 3403
f 3403 3470 3471
f 3403 3471 3402
f 3402 3471 3472
f 3402 3472 3401
f 3401 3472 3473
f 3401 3473 3400
f 3400 3473 3474
f 3400 3474 3399
f 3399 3474 3475
f 3399 3475 3398
f 3398 3475 3476
f 3398 3476 3397
f 3397 3476 3477
f 3397 3477 3396
f 3396 3477 3478
f 3396 3478 3395
f 3395 3478 3479
f 3395 3479 3394
f 3394 3479 3480
f 3394 3480 3393
f 3393 3480 3481
f 3393 3481 3392
f 3392 3481 3482
f 3392 3482 3391
f 3391 3482 3483
f 3391 3483 3390
f 3390 3483 3484
f 3390 3484 3389
f 3389 3484 3485
f 3389 3485 3388
f 3388 3485 3486
f 3388 3486 3386
f 3386 3486 3487
f 3386 3487 3387
f 3387 3487 3488
f 3387 3488 3437
f 3437 3488 3489
f 3437 3489 3436
f 3436 3489 3438
f 3438 3490 3439
f 3439 3490 3491
f 3439 3491 3440
f 3440 3491 3492
f 3440 3492 3441
f 3441 3492 3493
f 3441 3493 3442
f 3442 3493 3494
f 3442 3494 3443
f 3443 3494 3495
f 3443 3495 3444
f 3444 3495 3496
f 3444 3496 3445
f 3445 3496 3497
f 3445 3497 3446
f 3446 3497 3498
f 3446 3498 3447
f 3447 3498 3499
f 3447 3499 3448
f 3448 3499 3500
f 3448 3500 3449
f 3449 3500 3501
f 3449 3501 3450
f 3450 3501 3502
f 3450 3502 3451
f 3451 3502 3503
f 3451 3503 3452
f 3452 3503 3504
f 3452 3504 3453
f 3453 3504 3505
f 3453 3505 3454
f 3454 3505 3506
f 3454 3506 3455
f 3455 3506 3507
f 3455 3507 3456
f 3456 3507 3508
f 3456 3508 3457
f 3457 3508 3509
f 3457 3509 3458
f 3458 3509 3510
f 3458 3510 3459
f 3459 3510 3511
f 3459 3511 3460
f 3460 3511 3512
f 3460 3512 3461
f 3461 3512 3513
f 3461 3513 3462
f 3462 3513 3514
f 3462 3514 3463
f 3463 3514 3515
f 3463 3515 3464
f 3464 3515 3516
f 3464 3516 3465
f 3465 3516 3517
f 3465 3517 3466
f 3466 3517 3518
f 3466 3518 3467
f 3467 3518 3519
f 3467 3519 3468
f 3468 3519 3520
f 3468 3520 3469
f 3469 3520 3521
f 3469 3521 3470
f 3470 3521 3522
f 3470 3522 3471
f 3471 3522 3523
f 3471 3523 3472
f 3472 3523 3524
f 3472 3524 3473
f 3473 3524 3525
f 3473 3525 3474
f 3474 3525 3526
f 3474 3526 3475
f 3475 3526 3527
f 3475 3527 3476
f 3476 3527 3528
f 3476 3528 3477
f 3477 3528 3529
f 3477 3529 3478
f 3478 3529 3530
f 3478 3530 3479
f 3479 3530 3531
f 3479 3531 3480
f 3480 3531 3532
f 3480 3532 3481
f 3481 3532 3533
f 3481 3533 3482
f 3482 3533 3534
f 3482 3534 3483
f 3483 3534 3535
f 3483 3535 3484
f 3484 3535 3536
f 3484 3536 3485
f 3485 3536 3537
f 3485 3537 3486
f 3486 3537 3538
f 3486 3538 3487
f 3487 3538 3539
f 3487 3539 3488
f 3488 3539 3540
f 3488 3540 3489
f 3489 3540 3541
f 3489 3541 3438
f 3438 3541 3490
f 3490 3542 3491
f 3491 3542 3543
f 3491 3543 3492
f 3492 3543 3544
f 3492 3544 3493
f 3493 3544 3545
f 3493 3545 3494
f 3494 3545 3546
f 3494 3546 3495
f 3495 3546 3547
f 3495 3547 3496
f 3496 3547 3548
f 3496 3548 3497
f 3497 3548 3549
f 3497 3549 3498
f 3498 3549 3550
f 3498 3550 3499
f 3499 3550 3551
f 3499 3551 3500
f 3500 3551 3552
f 3500 3552 3501
f 3501 3552 3553
f 3501 3553 3502
f 3502 3553 3554
f 3502 3554 3503
f 3503 3554 3555
f 3503 3555 3504
f 3504 3555 3556
f 3504 3556 3505
f 3505 3556 3557
f 3505 3557 3506
f 3506 3557 3558
f 3506 3558 3507
f 3507 3558 3559
f 3507 3559 3508
f 3508 3559 3560
f 3508 3560 3509
f 3509 3560 3561
f 3509 3561 3510
f 3510 3561 3562
f 3510 3562 3511
f 3511 3562 3563
f 3511 3563 3512
f 3512 3563 3564
f 3512 3564 3513
f 3513 3564 3565
f 3513 3565 3514
f 3514 3565 3566
f 3514 3566 3515
f 3515 3566 3567
f 3515 3567 3516
f 3516 3567 3568
f 3516 3568 3517
f 3517 3568 3569
f 3517 3569 3518
f 3518 3569 3570
f 3518 3570 3519
f 3519 3570 3571
f 3519 3571 3520
f 3520 3571 3572
f 3520 3572 3521
f 3521 3572 3573
f 3521 3573 3522
f 3522 3573 3574
f 3522 3574 3523
f 3523 3574 3575
f 3523 3575 3524
f 3524 3575 3576
f 3524 3576 3525
f 3525 3576 3577
f 3525 3577 3526
f 3526 3577 3578
f 3526 3578 3527
f 3527 3578 3579
f 3527 3579 3528
f 3528 3579 3580
f 3528 3580 3529
f 3529 3580 3581
f 3529 3581 3530
f 3530 3581 3582
f 3530 3582 3531
f 3531 3582 3583
f 3531 3583 3532
f 3532 3583 3584
f 3532 3584 3533
f 3533 3584 3585
f 3533 3585 3534
f 3534 3585 3586
f 3534 3586 3535
f 3535 3586 3587
f 3535 3587 3536
f 3536 3587 3588
f 3536 3588 3537
f 3537 3588 3589
f 3537 3589 3538
f 3538 3589 3590
f 3538 3590 3539
f 3539 3590 3591
f 3539 3591 3540
f 3540 3591 3592
f 3540 3592 3541
f 3541 3592 3593
f 3541 3593 3490
f 3490 3593 3542
f 3542 3594 3543
f 3543 3594 3595
f 3543 3595 3544
f 3544 3595 3596
f 3544 3596 3545
f 3545 3596 3597
f 3545 3597 3546
f 3546 3597 3598
f 3546 3598 3547
f 3547 3598 3599
f 3547 3599 3548
f 3548 3599 3600
f 3548 3600 3549
f 3549 3600 3601
f 3549 3601 3550
f 3550 3601 3602
f 3550 3602 3551
f 3551 3602 3603
f 3551 3603 3552
f 3552 3603 3604
f 3552 3604 3553
f 3553 3604 3605
f 3553 3605 3554
f 3554 3605 3606
f 3554 3606 3555
f 3555 3606 3607
f 3555 3607 3556
f 3556 3607 3608
f 3556 3608 3557
f 3557 3608 3609
f 3557 3609 3558
f 3558 3609 3610
f 3558 3610 3559
f 3559 3610 3611
f 3559 3611 3560
f 3560 3611 3612
f 3560 3612 3561
f 3561 3612 3613
f 3561 3613 3562
f 3562 3613 3614
f 3562 3614 3563
f 3563 3614 3615
f 3563 3615 3564
f 3564 3615 3616
f 3564 3616 3565
f 3565 3616 3617
f 3565 3617 3566
f 3566 3617 3618
f 3566 3618 3567
f 3567 3618 3619
f 3567 3619 3568
f 3568 3619 3620
f 3568 3620 3569
f 3569 3620 3621
f 3569 3621 3570
f 3570 3621 3622
f 3570 3622 3571
f 3571 3622 3623
f 3571 3623 3572
f 3572 3623 3624
f 3572 3624 3573
f 3573 3624 3625
f 3573 3625 3574
f 3574 3625 3626
f 3574 3626 3575
f 3575 3626 3627
f 3575 3627 3576
f 3576 3627 3628
f 3576 3628 3577
f 3577 3628 3629
f 3577 3629 3578
f 3578 3629 3630
f 3578 3630 3579
f 3579 3630 3631
f 3579 3631 3580
f 3580 3631 3632
f 3580 3632 3581
f 3581 3632 3633
f 3581 3633 3582
f 3582 3633 3634
f 3582 3634 3583
f 3583 3634 3635
f 3583 3635 3584
f 3584 3635 3636
f 3584 3636 3585
f 3585 3636 3637
f 3585 3637 3586
f 3586 3637 3638
f 3586 3638 3587
f 3587 3638 3639
f 3587 3639 3588
f 3588 3639 3640
f 3588 3640 3589
f 3589 3640 3641
f 3589 3641 3590
f 3590 3641 3642
f 3590 3642 3591
f 3591 3642 3643
f 3591 3643 3592
f 3592 3643 3644
f 3592 3644 3593
f 3593 3644 3645
f 3593 3645 3542
f 3542 3645 3594
f 3594 3646 3595
f 3595 3646 3647
f 3595 3647 3596
f 3596 3647 3648
f 3596 3648 3597
f 3597 3648 3649
f 3597 3649 3598
f 3598 3649 3650
f 3598 3650 3599
f 3599 3650 3651
f 3599 3651 3600
f 3600 3651 3652
f 3600 3652 3601
f 3601 3652 3653
f 3601 3653 3602
f 3602 3653 3654
f 3602 3654 3603
f 3603 3654 3655
f 3603 3655 3604
f 3604 3655 3656
f 3604 3656 3605
f 3605 3656 3657
f 3605 3657 3606
f 3606 3657 3658
f 3606 3658 3607
f 3607 3658 3659
f 3607 3659 3608
f 3608 3659 3660
f 3608 3660 3609
f 3609 3660 3661
f 3609 3661 3610
f 3610 3661 3662
f 3610 3662 3611
f 3611 3662 3663
f 3611 3663 3612
f 3612 3663 3664
f 3612 3664 3613
f 3613 3664 3665
f 3613 3665 3614
f 3614 3665 3666
f 3614 3666 3615
f 3615 3666 3667
f 3615 3667 3616
f 3616 3667 3668
f 3616 3668 3617
f 3617 3668 3669
f 3617 3669 3618
f 3618 3669 3670
f 3618 3670 3619
f 3619 3670 3671
f 3619 3671 3620
f 3620 3671 3672
f 3620 3672 3621
f 3621 3672 3673
f 3621 3673 3622
f 3622 3673 3674
f 3622 3674 3623
f 3623 3674 3675
f 3623 3675 3624
f 3624 3675 3676
f 3624 3676 3625
f 3625 3676 3677
f 3625 3677 3626
f 3626 3677 3678
f 3626 3678 3627
f 3627 3678 3679
f 3627 3679 3628
f 3628 3679 3680
f 3628 3680 3629
f 3629 3680 3681
f 3629 3681 3630
f 3630 3681 3682
f 3630 3682 3631
f 3631 3682 3683
f 3631 3683 3632
f 3632 3683 3684
f 3632 3684 3633
f 3633 3684 3685
f 3633 3685 3634
f 3634 3685 3686
f 3634 3686 3635
f 3635 3686 3687
f 3635 3687 3636
f 3636 3687 3688
f 3636 3688 3637
f 3637 3688 3689
f 3637 3689 3638
f 3638 3689 3690
f 3638 3690 3639
f 3639 3690 3691
f 3639 3691 3640
f 3640 3691 3692
f 3640 3692 3641
f 3641 3692 3693
f 3641 3693 3642
f 3642 3693 3694
f 3642 3694 3643
f 3643 3694 3695
f 3643 3695 3644
f 3644 3695 3696
f 3644 3696 3645
f 3645 3696 3697
f 3645 3697 3594
f 3594 3697 3646
f 3646 3698 3647
f 3647 3698 3699
f 3647 3699 3648
f 3648 3699 3700
f 3648 3700 3649
f 3649 3700 3701
f 3649 3701 3650
f 3650 3701 3702
f 3650 3702 3651
f 3651 3702 3703
f 3651 3703 3652
f 3652 3703 3704
f 3652 3704 3653
f 3653 3704 3705
f 3653 3705 3654
f 3654 3705 3706
f 3654 3706 3655
f 3655 3706 3707
f 3655 3707 3656
f 3656 3707 3708
f 3656 3708 3657
f 3657 3708 3709
f 3657 3709 3658
f 3658 3709 3710
f 3658 3710 3659
f 3659 3710 3711
f 3659 3711 3660
f 3660 3711 3712
f 3660 3712 3661
f 3661 3712 3713
f 3661 3713 3662
f 3662 3713 3714
f 3662 3714 3663
f 3663 3714 3715
f 3663 3715 3664
f 3664 3715 3716
f 3664 3716 3665
f 3665 3716 3717
f 3665 3717 3666
f 3666 3717 3718
f 3666 3718 3667
f 3667 3718 3719
f 3667 3719 3668
f 3668 3719 3720
f 3668 3720 3669
f 3669 3720 3721
f 3669 3721 3670
f 3670 3721 3722
f 3670 3722 3671
f 3671 3722 3723
f 3671 3723 3672
f 3672 3723 3724
f 3672 3724 3673
f 3673 3724 3725
f 3673 3725 3674
f 3674 3725 3726
f 3674 3726 3675
f 3675 3726 3727
f 3675 3727 3676
f 3676 3727 3728
f 3676 3728 3677
f 3677 3728 3729
f 3677 3729 3678
f 3678 3729 3730
f 3678 3730 3679
f 3679 3730 3731
f 3679 3731 3680
f 3680 3731 3732
f 3680 3732 3681
f 3681 3732 3733
f 3681 3733 3682
f 3682 3733 3734
f 3682 3734 3683
f 3683 3734 3735
f 3683 3735 3684
f 3684 3735 3736
f 3684 3736 3685
f 3685 3736 3737
f 3685 3737 3686
f 3686 3737 3738
f 3686 3738 3687
f 3687 3738 3739
f 3687 3739 3688
f 3688 3739 3740
f 3688 3740 3689
f 3689 3740 3741
f 3689 3741 3690
f 3690 3741 3742
f 3690 3742 3691
f 3691 3742 3743
f 3691 3743 3692
f 3692 3743 3744
f 3692 3744 3693
f 3693 3744 3745
f 3693 3745 3694
f 3694 3745 3746
f 3694 3746 3695
f 3695 3746 3747
f 3695 3747 3696
f 3696 3747 3748
f 3696 3748 3697
f 3697 3748 3749
f 3697 3749 3646
f 3646 3749 3698
f 3698 3750 3699
f 3699 3750 3751
f 3699 3751 3700
f 3700 3751 3752
f 3700 3752 3701
f 3701 3752 3753
f 3701 3753 3702
f 3702 3753 3754
f 3702 3754 3703
f 3703 3754 3755
f 3703 3755 3704
f 3704 3755 3756
f 3704 3756 3705
f 3705 3756 3757
f 3705 3757 3706
f 3706 3757 3758
f 3706 3758 3707
f 3707 3758 3759
f 3707 3759 3708
f 3708 3759 3760
f 3708 3760 3709
f 3709 3760 3761
f 3709 3761 3710
f 3710 3761 3762
f 3710 3762 3711
f 3711 3762 3763
f 3711 3763 3712
f 3712 3763 3764
f 3712 3764 3713
f 3713 3764 3765
f 3713 3765 3714
f 3714 3765 3766
f 3714 3766 3715
f 3715 3766 3767
f 3715 3767 3716
f 3716 3767 3768
f 3716 3768 3717
f 3717 3768 3769
f 3717 3769 3718
f 3718 3769 3770
f 3718 3770 3719
f 3719 3770 3771
f 3719 3771 3720
f 3720 3771 3772
f 3720 3772 3721
f 3721 3772 3773
f 3721 3773 3722
f 3722 3773 3774
f 3722 3774 3723
f 3723 3774 3775
f 3723 3775 3724
f 3724 3775 3776
f 3724 3776 3725
f 3725 3776 3777
f 3725 3777 3726
f 3726 3777 3778
f 3726 3778 3727
f 3727 3778 3779
f 3727 3779 3728
f 3728 3779 3780
f 3728 3780 3729
f 3729 3780 3781
f 3729 3781 3730
f 3730 3781 3782
f 3730 3782 3731
f 3731 3782 3783
f 3731 3783 3732
f 3732 3783 3784
f 3732 3784 3733
f 3733 3784 3785
f 3733 3785 3734
f 3734 3785 3786
f 3734 3786 3735
f 3735 3786 3787
f 3735 3787 3736
f 3736 3787 3788
f 3736 3788 3737
f 3737 3788 3789
f 3737 3789 3738
f 3738 3789 3790
f 3738 3790 3739
f 3739 3790 3791
f 3739 3791 3740
f 3740 3791 3792
f 3740 3792 3741
f 3741 3792 3793
f 3741 3793 3742
f 3742 3793 3794
f 3742 3794 3743
f 3743 3794 3795
f 3743 3795 3744
f 3744 3795 3796
f 3744 3796 3745
f 3745 3796 3797
f 3745 3797 3746
f 3746 3797 3798
f 3746 3798 3747
f 3747 3798 3799
f 3747 3799 3748
f 3748 3799 3800
f 3748 3800 3749
f 3749 3800 3801
f 3749 3801 3698
f 3698 3801 3750
f 3750 3802 3751
f 3751 3802 3803
f 3751 3803 3752
f 3752 3803 3804
f 3752 3804 3753
f 3753 3804 3805
f 3753 3805 3754
f 3754 3805 3806
f 3754 3806 3755
f 3755 3806 3807
f 3755 3807 3756
f 3756 3807 3808
f 3756 3808 3757
f 3757 3808 3809
f 3757 3809 3758
f 3758 3809 3810
f 3758 3810 3759
f 3759 3810 3811
f 3759 3811 3760
f 3760 3811 3812
f 3760 3812 3761
f 3761 3812 3813
f 3761 3813 3762
f 3762 3813 3814
f 3762 3814 3763
f 3763 3814 3815
f 3763 3815 3764
f 3764 3815 3816
f 3764 3816 3765
f 3765 3816 3817
f 3765 3817 3766
f 3766 3817 3818
f 3766 3818 3767
f 3767 3818 3819
f 3767 3819 3768
f 3768 3819 3820
f 3768 3820 3769
f 3769 3820 3821
f 3769 3821 3770
f 3770 3821 3822
f 3770 3822 3771
f 3771 3822 3823
f 3771 3823 3772
f 3772 3823 3824
f 3772 3824 3773
f 3773 3824 3825
f 3773 3825 3774
f 3774 3825 3826
f 3774 3826 3775
f 3775 3826 3827
f 3775 3827 3776
f 3776 3827 3828
f 3776 3828 3777
f 3777 3828 3829
f 3777 3829 3778
f 3778 3829 3830
f 3778 3830 3779
f 3779 3830 3831
f 3779 3831 3780
f 3780 3831 3832
f 3780 3832 3781
f 3781 3832 3833
f 3781 3833 3782
f 3782 3833 3834
f 3782 3834 3783
f 3783 3834 3835
f 3783 3835 3784
f 3784 3835 3836
f 3784 3836 3785
f 3785 3836 3837
f 3785 3837 3786
f 3786 3837 3838
f 3786 3838 3787
f 3787 3838 3839
f 3787 3839 3788
f 3788 3839 3840
f 3788 3840 3789
f 3789 3840 3841
f 3789 3841 3790
f 3790 3841 3842
f 3790 3842 3791
f 3791 3842 3843
f 3791 3843 3792
f 3792 3843 3844
f 3792 3844 3793
f 3793 3844 3845
f 3793 3845 3794
f 3794 3845 3846
f 3794 3846 3795
f 3795 3846 3847
f 3795 3847 3796
f 3796 3847 3848
f 3796 3848 3797
f 3797 3848 3849
f 3797 3849 3798
f 3798 3849 3850
f 3798 3850 3799
f 3799 3850 3851
f 3799 3851 3800
f 3800 3851 3852
f 3800 3852 3801
f 3801 3852 3853
f 3801 3853 3750
f 3750 3853 3802
f 3802 3854 3803
f 3803 3854 3855
f 3803 3855 3804
f 3804 3855 3856
f 3804 3856 3805
f 3805 3856 3857
f 3805 3857 3806
f 3806 3857 3858
f 3806 3858 3807
f 3807 3858 3859
f 3807 3859 3808
f 3808 3859 3860
f 3808 3860 3809
f 3809 3860 3861
f 3809 3861 3810
f 3810 3861 3862
f 3810 3862 3811
f 3811 3862 3863
f 3811 3863 3812
f 3812 3863 3864
f 3812 3864 3813
f 3813 3864 3865
f 3813 3865 3814
f 3814 3865 3866
f 3814 3866 3815
f 3815 3866 3867
f 3815 3867 3816
f 3816 3867 3868
f 3816 3868 3817
f 3817 3868 3869
f 3817 3869 3818
f 3818 3869 3870
f 3818 3870 3819
f 3819 3870 3871
f 3819 3871 3820
f 3820 3871 3872
f 3820 3872 3821
f 3821 3872 3873
f 3821 3873 3822
f 3822 3873 3874
f 3822 3874 3823
f 3823 3874 3875
f 3823 3875 3824
f 3824 3875 3876
f 3824 3876 3825
f 3825 3876 3877
f 3825 3877 3826
f 3826 3877 3878
f 3826 3878 3827
f 3827 3878 3879
f 3827 3879 3828
f 3828 3879 3880
f 3828 3880 3829
f 3829 3880 3881
f 3829 3881 3830
f 3830 3881 3882
f 3830 3882 3831
f 3831 3882 3883
f 3831 3883 3832
f 3832 3883 3884
f 3832 3884 3833
f 3833 3884 3885
f 3833 3885 3834
f 3834 3885 3886
f 3834 3886 3835
f 3835 3886 3887
f 3835 3887 3836
f 3836 3887 3888
f 3836 3888 3837
f 3837 3888 3889
f 3837 3889 3838
f 3838 3889 3890
f 3838 3890 3839
f 3839 3890 3891
f 3839 3891 3840
f 3840 3891 3892
f 3840 3892 3841
f 3841 3892 3893
f 3841 3893 3842
f 3842 3893 3894
f 3842 3894 3843
f 3843 3894 3895
f 3843 3895 3844
f 3844 3895 3896
f 3844 3896 3845
f 3845 3896 3897
f 3845 3897 3846
f 3846 3897 3898
f 3846 3898 3847
f 3847 3898 3899
f 3847 3899 3848
f 3848 3899 3900
f 3848 3900 3849
f 3849 3900 3901
f 3849 3901 3850
f 3850 3901 3902
f 3850 3902 3851
f 3851 3902 3903
f 3851 3903 3852
f 3852 3903 3904
f 3852 3904 3853
f 3853 3904 3905
f 3853 3905 3802
f 3802 3905 3854
f 3854 3906 3855
f 3855 3906 3907
f 3855 3907 3856
f 3856 3907 3908
f 3856 3908 3857
f 3857 3908 3909
f 3857 3909 3858
f 3858 3909 3910
f 3858 3910 3859
f 3859 3910 3911
f 3859 3911 3860
f 3860 3911 3912
f 3860 3912 3861
f 3861 3912 3913
f 3861 3913 3862
f 3862 3913 3914
f 3862 3914 3863
f 3863 3914 3915
f 3863 3915 3864
f 3864 3915 3916
f 3864 3916 3865
f 3865 3916 3917
f 3865 3917 3866
f 3866 3917 3918
f 3866 3918 3867
f 3867 3918 3919
f 3867 3919 3868
f 3868 3919 3920
f 3868 3920 3869
f 3869 3920 3921
f 3869 3921 3870
f 3870 3921 3922
f 3870 3922 3871
f 3871 3922 3923
f 3871 3923 3872
f 3872 3923 3924
f 3872 3924 3873
f 3873 3924 3925
f 3873 3925 3874
f 3874 3925 3926
f 3874 3926 3875
f 3875 3926 3927
f 3875 3927 3876
f 3876 3927 3928
f 3876 3928 3877
f 3877 3928 3929
f 3877 3929 3878
f 3878 3929 3930
f 3878 3930 3879
f 3879 3930 3931
f 3879 3931 3880
f 3880 3931 3932
f 3880 3932 3881
f 3881 3932 3933
f 3881 3933 3882
f 3882 3933 3934
f 3882 3934 3883
f 3883 3934 3935
f 3883 3935 3884
f 3884 3935 3936
f 3884 3936 3885
f 3885 3936 3937
f 3885 3937 3886
f 3886 3937 3938
f 3886 3938 3887
f 3887 3938 3939
f 3887 3939 3888
f 3888 3939 3940
f 3888 3940 3889
f 3889 3940 3941
f 3889 3941 3890
f 3890 3941 3942
f 3890 3942 3891
f 3891 3942 3943
f 3891 3943 3892
f 3892 3943 3944
f 3892 3944 3893
f 3893 3944 3945
f 3893 3945 3894
f 3894 3945 3946
f 3894 3946 3895
f 3895 3946 3947
f 3895 3947 3896
f 3896 3947 3948
f 3896 3948 3897
f 3897 3948 3949
f 3897 3949 3898
f 3898 3949 3950
f 3898 3950 3899
f 3899 3950 3951
f 3899 3951 3900
f 3900 3951 3952
f 3900 3952 3901
f 3901 3952 3953
f 3901 3953 3902
f 3902 3953 3954
f 3902 3954 3903
f 3903 3954 3955
f 3903 3955 3904
f 3904 3955 3956
f 3904 3956 3905
f 3905 3956 3957
f 3905 3957 3854
f 3854 3957 3906
f 3906 3958 3907
f 3907 3958 3959
f 3907 3959 3908
f 3908 3959 3960
f 3908 3960 3909
f 3909 3960 3961
f 3909 3961 3910
f 3910 3961 3962
f 3910 3962 3911
f 3911 3962 3963
f 3911 3963 3912
f 3912 3963 3964
f 3912 3964 3913
f 3913 3964 3965
f 3913 3965 3914
f 3914 3965 3966
f 3914 3966 3915
f 3915 3966 3967
f 3915 3967 3916
f 3916 3967 3968
f 3916 3968 3917
f 3917 3968 3969
f 3917 3969 3918
f 3918 3969 3970
f 3918 3970 3919
f 3919 3970 3971
f 3919 3971 3920
f 3920 3971 3972
f 3920 3972 3921
f 3921 3972 3973
f 3921 3973 3922
f 3922 3973 3974
f 3922 3974 3923
f 3923 3974 3975
f 3923 3975 3924
f 3924 3975 3976
f 3924 3976 3925
f 3925 3976 3977
f 3925 3977 3926
f 3926 3977 3978
f 3926 3978 3927
f 3927 3978 3979
f 3927 3979 3928
f 3928 3979 3980
f 3928 3980 3929
f 3929 3980 3981
f 3929 3981 3930
f 3930 3981 3982
f 3930 3982 3931
f 3931 3982 3983
f 3931 3983 3932
f 3932 3983 3984
f 3932 3984 3933
f 3933 3984 3985
f 3933 3985 3934
f 3934 3985 3986
f 3934 3986 3935
f 3935 3986 3987
f 3935 3987 3936
f 3936 3987 3988
f 3936 3988 3937
f 3937 3988 3989
f 3937 3989 3938
f 3938 3989 3990
f 3938 3990 3939
f 3939 3990 3991
f 3939 3991 3940
f 3940 3991 3992
f 3940 3992 3941
f 3941 3992 3993
f 3941 3993 3942
f 3942 3993 3994
f 3942 3994 3943
f 3943 3994 3995
f 3943 3995 3944
f 3944 3995 3996
f 3944 3996 3945
f 3945 3996 3997
f 3945 3997 3946
f 3946 3997 3998
f 3946 3998 3947
f 3947 3998 3999
f 3947 3999 3948
f 3948 3999 4000
f 3948 4000 3949
f 3949 4000 4001
f 3949 4001 3950
f 3950 4001 4002
f 3950 4002 3951
f 3951 4002 4003
f 3951 4003 3952
f 3952 4003 4004
f 3952 4004 3953
f 3953 4004 4005
f 3953 4005 3954
f 3954 4005 4006
f 3954 4006 3955
f 3955 4006 4007
f 3955 4007 3956
f 3956 4007 4008
f 3956 4008 3957
f 3957 4008 4009
f 3957 4009 3906
f 3906 4009 3958
f 3958 4010 3959
f 3959 4010 4011
f 3959 4011 3960
f 3960 4011 4012
f 3960 4012 3961
f 3961 4012 4013
f 3961 4013 3962
f 3962 4013 4014
f 3962 4014 3963
f 3963 4014 4015
f 3963 4015 3964
f 3964 4015 4016
f 3964 4016 3965
f 3965 4016 4017
f 3965 4017 3966
f 3966 4017 4018
f 3966 4018 3967
f 3967 4018 4019
f 3967 4019 3968
f 3968 4019 4020
f 3968 4020 3969
f 3969 4020 4021
f 3969 4021 3970
f 3970 4021 4022
f 3970 4022 3971
f 3971 4022 4023
f 3971 4023 3972
f 3972 4023 4024
f 3972 4024 3973
f 3973 4024 4025
f 3973 4025 3974
f 3974 4025 4026
f 3974 4026 3975
f 3975 4026 4027
f 3975 4027 3976
f 3976 4027 4028
f 3976 4028 3977
f 3977 4028 4029
f 3977 4029 3978
f 3978 4029 4030
f 3978 4030 3979
f 3979 4030 4031
f 3979 4031 3980
f 3980 4031 4032
f 3980 4032 3981
f 3981 4032 4033
f 3981 4033 3982
f 3982 4033 4034
f 3982 4034 3983
f 3983 4034 4035
f 3983 4035 3984
f 3984 4035 4036
f 3984 4036 3985
f 3985 4036 4037
f 3985 4037 3986
f 3986 4037 4038
f 3986 4038 3987
f 3987 4038 4039
f 3987 4039 3988
f 3988 4039 4040
f 3988 4040 3989
f 3989 4040 4041
f 3989 4041 3990
f 3990 4041 4042
f 3990 4042 3991
f 3991 4042 4043
f 3991 4043 3992
f 3992 4043 4044
f 3992 4044 3993
f 3993 4044 4045
f 3993 4045 3994
f 3994 4045 4046
f 3994 4046 3995
f 3995 4046 4047
f 3995 4047 3996
f 3996 4047 4048
f 3996 4048 3997
f 3997 4048 4049
f 3997 4049 3998
f 3998 4049 4050
f 3998 4050 3999
f 3999 4050 4051
f 3999 4051 4000
f 4000 4051 4052
f 4000 4052 4001
f 4001 4052 4053
f 4001 4053 4002
f 4002 4053 4054
f 4002 4054 4003
f 4003 4054 4055
f 4003 4055 4004
f 4004 4055 4056
f 4004 4056 4005
f 4005 4056 4057
f 4005 4057 4006
f 4006 4057 4058
f 4006 4058 4007
f 4007 4058 4059
f 4007 4059 4008
f 4008 4059 4060
f 4008 4060 4009
f 4009 4060 4061
f 4009 4061 3958
f 3958 4061 4010
f 4010 4062 4011
f 4011 4062 4063
f 4011 4063 4012
f 4012 4063 4064
f 4012 4064 4013
f 4013 4064 4065
f 4013 4065 4014
f 4014 4065 4066
f 4014 4066 4015
f 4015 4066 4067
f 4015 4067 4016
f 4016 4067 4068
f 4016 4068 4017
f 4017 4068 4069
f 4017 4069 4018
f 4018 4069 4070
f 4018 4070 4019
f 4019 4070 4071
f 4019 4071 4020
f 4020 4071 4072
f 4020 4072 4021
f 4021 4072 4073
f 4021 4073 4022
f 4022 4073 4074
f 4022 4074 4023
f 4023 4074 4075
f 4023 4075 4024
f 4024 4075 4076
f 4024 4076 4025
f 4025 4076 4077
f 4025 4077 4026
f 4026 4077 4078
f 4026 4078 4027
f 4027 4078 4079
f 4027 4079 4028
f 4028 4079 4080
f 4028 4080 4029
f 4029 4080 4081
f 4029 4081 4030
f 4030 4081 4082
f 4030 4082 4031
f 4031 4082 4083
f 4031 4083 4032
f 4032 4083 4084
f 4032 4084 4033
f 4033 4084 4085
f 4033 4085 4034
f 4034 4085 4086
f 4034 4086 4035
f 4035 4086 4087
f 4035 4087 4036
f 4036 4087 4088
f 4036 4088 4037
f 4037 4088 4089
f 4037 4089 4038
f 4038 4089 4090
f 4038 4090 4039
f 4039 4090 4091
f 4039 4091 4040
f 4040 4091 4092
f 4040 4092 4041
f 4041 4092 4093
f 4041 4093 4042
f 4042 4093 4094
f 4042 4094 4043
f 4043 4094 4095
f 4043 4095 4044
f 4044 4095 4096
f 4044 4096 4045
f 4045 4096 4097
f 4045 4097 4046
f 4046 4097 4098
f 4046 4098 4047
f 4047 4098 4099
f 4047 4099 4048
f 4048 4099 4100
f 4048 4100 4049
f 4049 4100 4101
f 4049 4101 4050
f 4050 4101 4102
f 4050 4102 4051
f 4051 4102 4103
f 4051 4103 4052
f 4052 4103 4104
f 4052 4104 4053
f 4053 4104 4105
f 4053 4105 4054
f 4054 4105 4106
f 4054 4106 4055
f 4055 4106 4107
f 4055 4107 4056
f 4056 4107 4108
f 4056 4108 4057
f 4057 4108 4109
f 4057 4109 4058
f 4058 4109 4110
f 4058 4110 4059
f 4059 4110 4111
f 4059 4111 4060
f 4060 4111 4112
f 4060 4112 4061
f 4061 4112 4113
f 4061 4113 4010
f 4010 4113 4062
f 4062 4114 4063
f 4063 4114 4115
f 4063 4115 4064
f 4064 4115 4116
f 4064 4116 4065
f 4065 4116 4117
f 4065 4117 4066
f 4066 4117 4118
f 4066 4118 4067
f 4067 4118 4119
f 4067 4119 4068
f 4068 4119 4120
f 4068 4120 4069
f 4069 4120 4121
f 4069 4121 4070
f 4070 4121 4122
f 4070 4122 4071
f 4071 4122 4123
f 4071 4123 4072
f 4072 4123 4124
f 4072 4124 4073
f 4073 4124 4125
f 4073 4125 4074
f 4074 4125 4126
f 4074 4126 4075
f 4075 4126 4127
f 4075 4127 4076
f 4076 4127 4128
f 4076 4128 4077
f 4077 4128 4129
f 4077 4129 4078
f 4078 4129 4130
f 4078 4130 4079
f 4079 4130 4131
f 4079 4131 4080
f 4080 4131 4132
f 4080 4132 4081
f 4081 4132 4133
f 4081 4133 4082
f 4082 4133 4134
f 4082 4134 4083
f 4083 4134 4135
f 4083 4135 4084
f 4084 4135 4136
f 4084 4136 4085
f 4085 4136 4137
f 4085 4137 4086
f 4086 4137 4138
f 4086 4138 4087
f 4087 4138 4139
f 4087 4139 4088
f 4088 4139 4140
f 4088 4140 4089
f 4089 4140 4141
f 4089 4141 4090
f 4090 4141 4142
f 4090 4142 4091
f 4091 4142 4143
f 4091 4143 4092
f 4092 4143 4144
f 4092 4144 4093
f 4093 4144 4145
f 4093 4145 4094
f 4094 4145 4146
f 4094 4146 4095
f 4095 4146 4147
f 4095 4147 4096
f 4096 4147 4148
f 4096 4148 4097
f 4097 4148 4149
f 4097 4149 4098
f 4098 4149 4150
f 4098 4150 4099
f 4099 4150 4151
f 4099 4151 4100
f 4100 4151 4152
f 4100 4152 4101
f 4101 4152 4153
f 4101 4153 4102
f 4102 4153 4154
f 4102 4154 4103
f 4103 4154 4155
f 4103 4155 4104
f 4104 4155 4156
f 4104 4156 4105
f 4105 4156 4157
f 4105 4157 4106
f 4106 4157 4158
f 4106 4158 4107
f 4107 4158 4159
f 4107 4159 4108
f 4108 4159 4160
f 4108 4160 4109
f 4109 4160 4161
f 4109 4161 4110
f 4110 4161 4162
f 4110 4162 4111
f 4111 4162 4163
f 4111 4163 4112
f 4112 4163 4164
f 4112 4164 4113
f 4113 4164 4165
f 4113 4165 4062
f 4062 4165 4114
f 4114 4166 4115
f 4115 4166 4167
f 4115 4167 4116
f 4116 4167 4168
f 4116 4168 4117
f 4117 4168 4169
f 4117 4169 4118
f 4118 4169 4170
f 4118 4170 4119
f 4119 4170 4171
f 4119 4171 4120
f 4120 4171 4172
f 4120 4172 4121
f 4121 4172 4173
f 4121 4173 4122
f 4122 4173 4174
f 4122 4174 4123
f 4123 4174 4175
f 4123 4175 4124
f 4124 4175 4176
f 4124 4176 4125
f 4125 4176 4177
f 4125 4177 4126
f 4126 4177 4178
f 4126 4178 4127
f 4127 4178 4179
f 4127 4179 4128
f 4128 4179 4180
f 4128 4180 4129
f 4129 4180 4181
f 4129 4181 4130
f 4130 4181 4182
f 4130 4182 4131
f 4131 4182 4183
f 4131 4183 4132
f 4132 4183 4184
f 4132 4184 4133
f 4133 4184 4185
f 4133 4185 4134
f 4134 4185 4186
f 4134 4186 4135
f 4135 4186 4187
f 4135 4187 4136
f 4136 4187 4188
f 4136 4188 4137
f 4137 4188 4189
f 4137 4189 4138
f 4138 4189 4190
f 4138 4190 4139
f 4139 4190 4191
f 4139 4191 4140
f 4140 4191 4192
f 4140 4192 4141
f 4141 4192 4193
f 4141 4193 4142
f 4142 4193 4194
f 4142 4194 4143
f 4143 4194 4195
f 4143 4195 4144
f 4144 4195 4196
f 4144 4196 4145
f 4145 4196 4197
f 4145 4197 4146
f 4146 4197 4198
f 4146 4198 4147
f 4147 4198 4199
f 4147 4199 4148
f 4148 4199 4200
f 4148 4200 4149
f 4149 4200 4201
f 4149 4201 4150
f 4150 4201 4202
f 4150 4202 4151
f 4151 4202 4203
f 4151 4203 4152
f 4152 4203 4204
f 4152 4204 4153
f 4153 4204 4205
f 4153 4205 4154
f 4154 4205 4206
f 4154 4206 4155
f 4155 4206 4207
f 4155 4207 4156
f 4156 4207 4208
f 4156 4208 4157
f 4157 4208 4209
f 4157 4209 4158
f 4158 4209 4210
f 4158 4210 4159
f 4159 4210 4211
f 4159 4211 4160
f 4160 4211 4212
f 4160 4212 4161
f 4161 4212 4213
f 4161 4213 4162
f 4162 4213 4214
f 4162 4214 4163
f 4163 4214 4215
f 4163 4215 4164
f 4164 4215 4216
f 4164 4216 4165
f 4165 4216 4217
f 4165 4217 4114
f 4114 4217 4166
f 4166 4218 4167
f 4167 4218 4219
f 4167 4219 4168
f 4168 4219 4220
f 4168 4220 4169
f 4169 4220 4221
f 4169 4221 4170
f 4170 4221 4222
f 4170 4222 4171
f 4171 4222 4223
f 4171 4223 4172
f 4172 4223 4224
f 4172 4224 4173
f 4173 4224 4225
f 4173 4225 4174
f 4174 4225 4226
f 4174 4226 4175
f 4175 4226 4227
f 4175 4227 4176
f 4176 4227 4228
f 4176 4228 4177
f 4177 4228 4229
f 4177 4229 4178
f 4178 4229 4230
f 4178 4230 4179
f 4179 4230 4231
f 4179 4231 4180
f 4180 4231 4232
f 4180 4232 4181
f 4181 4232 4233
f 4181 4233 4182
f 4182 4233 4234
f 4182 4234 4183
f 4183 4234 4235
f 4183 4235 4184
f 4184 4235 4236
f 4184 4236 4185
f 4185 4236 4237
f 4185 4237 4186
f 4186 4237 4238
f 4186 4238 4187
f 4187 4238 4239
f 4187 4239 4188
f 4188 4239 4240
f 4188 4240 4189
f 4189 4240 4241
f 4189 4241 4190
f 4190 4241 4242
f 4190 4242 4191
f 4191 4242 4243
f 4191 4243 4192
f 4192 4243 4244
f 4192 4244 4193
f 4193 4244 4245
f 4193 4245 4194
f 4194 4245 4246
f 4194 4246 4195
f 4195 4246 4247
f 4195 4247 4196
f 4196 4247 4248
f 4196 4248 4197
f 4197 4248 4249
f 4197 4249 4198
f 4198 4249 4250
f 4198 4250 4199
f 4199 4250 4251
f 4199 4251 4200
f 4200 4251 4252
f 4200 4252 4201
f 4201 4252 4253
f 4201 4253 4202
f 4202 4253 4254
f 4202 4254 4203
f 4203 4254 4255
f 4203 4255 4204
f 4204 4255 4256
f 4204 4256 4205
f 4205 4256 4257
f 4205 4257 4206
f 4206 4257 4258
f 4206 4258 4207
f 4207 4258 4259
f 4207 4259 4208
f 4208 4259 4260
f 4208 4260 4209
f 4209 4260 4261
f 4209 4261 4210
f 4210 4261 4262
f 4210 4262 4211
f 4211 4262 4263
f 4211 4263 4212
f 4212 4263 4264
f 4212 4264 4213
f 4213 4264 4265
f 4213 4265 4214
f 4214 4265 4266
f 4214 4266 4215
f 4215 4266 4267
f 4215 4267 4216
f 4216 4267 4268
f 4216 4268 4217
f 4217 4268 4269
f 4217 4269 4166
f 4166 4269 4218
f 4218 4270 4219
f 4219 4270 4271
f 4219 4271 4220
f 4220 4271 4272
f 4220 4272 4221
f 4221 4272 4273
f 4221 4273 4222
f 4222 4273 4274
f 4222 4274 4223
f 4223 4274 4275
f 4223 4275 4224
f 4224 4275 4276
f 4224 4276 4225
f 4225 4276 4277
f 4225 4277 4226
f 4226 4277 4278
f 4226 4278 4227
f 4227 4278 4279
f 4227 4279 4228
f 4228 4279 4280
f 4228 4280 4229
f 4229 4280 4281
f 4229 4281 4230
f 4230 4281 4282
f 4230 4282 4231
f 4231 4282 4283
f 4231 4283 4232
f 4232 4283 4284
f 4232 4284 4233
f 4233 4284 4285
f 4233 4285 4234
f 4234 4285 4286
f 4234 4286 4235
f 4235 4286 4287
f 4235 4287 4236
f 4236 4287 4288
f 4236 4288 4237
f 4237 4288 4289
f 4237 4289 4238
f 4238 4289 4290
f 4238 4290 4239
f 4239 4290 4291
f 4239 4291 4240
f 4240 4291 4292
f 4240 4292 4241
f 4241 4292 4293
f 4241 4293 4242
f 4242 4293 4294
f 4242 4294 4243
f 4243 4294 4295
f 4243 4295 4244
f 4244 4295 4296
f 4244 4296 4245
f 4245 4296 4297
f 4245 4297 4246
f 4246 4297 4298
f 4246 4298 4247
f 4247 4298 4299
f 4247 4299 4248
f 4248 4299 4300
f 4248 4300 4249
f 4249 4300 4301
f 4249 4301 4250
f 4250 4301 4302
f 4250 4302 4251
f 4251 4302 4303
f 4251 4303 4252
f 4252 4303 4304
f 4252 4304 4253
f 4253 4304 4305
f 4253 4305 4254
f 4254 4305 4306
f 4254 4306 4255
f 4255 4306 4307
f 4255 4307 4256
f 4256 4307 4308
f 4256 4308 4257
f 4257 4308 4309
f 4257 4309 4258
f 4258 4309 4310
f 4258 4310 4259
f 4259 4310 4311
f 4259 4311 4260
f 4260 4311 4312
f 4260 4312 4261
f 4261 4312 4313
f 4261 4313 4262
f 4262 4313 4314
f 4262 4314 4263
f 4263 4314 4315
f 4263 4315 4264
f 4264 4315 4316
f 4264 4316 4265
f 4265 4316 4317
f 4265 4317 4266
f 4266 4317 4318
f 4266 4318 4267
f 4267 4318 4319
f 4267 4319 4268
f 4268 4319 4320
f 4268 4320 4269
f 4269 4320 4321
f 4269 4321 4218
f 4218 4321 4270
f 4270 4322 4271
f 4271 4322 4323
f 4271 4323 4272
f 4272 4323 4324
f 4272 4324 4273
f 4273 4324 4325
f 4273 4325 4274
f 4274 4325 4326
f 4274 4326 4275
f 4275 4326 4327
f 4275 4327 4276
f 4276 4327 4328
f 4276 4328 4277
f 4277 4328 4329
f 4277 4329 4278
f 4278 4329 4330
f 4278 4330 4279
f 4279 4330 4331
f 4279 4331 4280
f 4280 4331 4332
f 4280 4332 4281
f 4281 4332 4333
f 4281 4333 4282
f 4282 4333 4334
f 4282 4334 4283
f 4283 4334 4335
f 4283 4335 4284
f 4284 4335 4336
f 4284 4336 4285
f 4285 4336 4337
f 4285 4337 4286
f 4286 4337 4338
f 4286 4338 4287
f 4287 4338 4339
f 4287 4339 4288
f 4288 4339 4340
f 4288 4340 4289
f 4289 4340 4341
f 4289 4341 4290
f 4290 4341 4342
f 4290 4342 4291
f 4291 4342 4343
f 4291 4343 4292
f 4292 4343 4344
f 4292 4344 4293
f 4293 4344 4345
f 4293 4345 4294
f 4294 4345 4346
f 4294 4346 4295
f 4295 4346 4347
f 4295 4347 4296
f 4296 4347 4348
f 4296 4348 4297
f 4297 4348 4349
f 4297 4349 4298
f 4298 4349 4350
f 4298 4350 4299
f 4299 4350 4351
f 4299 4351 4300
f 4300 4351 4352
f 4300 4352 4301
f 4301 4352 4353
f 4301 4353 4302
f 4302 4353 4354
f 4302 4354 4303
f 4303 4354 4355
f 4303 4355 4304
f 4304 4355 4356
f 4304 4356 4305
f 4305 4356 4357
f 4305 4357 4306
f 4306 4357 4358
f 4306 4358 4307
f 4307 4358 4359
f 4307 4359 4308
f 4308 4359 4360
f 4308 4360 4309
f 4309 4360 4361
f 4309 4361 4310
f 4310 4361 4362
f 4310 4362 4311
f 4311 4362 4363
f 4311 4363 4312
f 4312 4363 4364
f 4312 4364 4313
f 4313 4364 4365
f 4313 4365 4314
f 4314 4365 4366
f 4314 4366 4315
f 4315 4366 4367
f 4315 4367 4316
f 4316 4367 4368
f 4316 4368 4317
f 4317 4368 4369
f 4317 4369 4318
f 4318 4369 4370
f 4318 4370 4319
f 4319 4370 4371
f 4319 4371 4320
f 4320 4371 4372
f 4320 4372 4321
f 4321 4372 4373
f 4321 4373 4270
f 4270 4373 4322
f 4322 4374 4323
f 4323 4374 4375
f 4323 4375 4324
f 4324 4375 4376
f 4324 4376 4325
f 4325 4376 4326
f 4326 4376 4377
f 4326 4377 4327
f 4327 4377 4378
f 4327 4378 4328
f 4328 4378 4379
f 4328 4379 4329
f 4329 4379 4380
f 4329 4380 4330
f 4330 4380 4381
f 4330 4381 4331
f 4331 4381 4332
f 4332 4381 4382
f 4332 4382 4333
f 4333 4382 4383
f 4333 4383 4334
f 4334 4383 4384
f 4334 4384 4335
f 4335 4384 4385
f 4335 4385 4336
f 4336 4385 4386
f 4336 4386 4337
f 4337 4386 4387
f 4337 4387 4338
f 4338 4387 4339
f 4339 4387 4388
f 4339 4388 4340
f 4340 4388 4389
f 4340 4389 4341
f 4341 4389 4390
f 4341 4390 4342
f 4342 4390 4391
f 4342 4391 4343
f 4343 4391 4392
f 4343 4392 4344
f 4344 4392 4345
f 4345 4392 4393
f 4345 4393 4346
f 4346 4393 4394
f 4346 4394 4347
f 4347 4394 4395
f 4347 4395 4348
f 4348 4395 4396
f 4348 4396 4349
f 4349 4396 4397
f 4349 4397 4350
f 4350 4397 4398
f 4350 4398 4351
f 4351 4398 4352
f 4352 4398 4399
f 4352 4399 4353
f 4353 4399 4400
f 4353 4400 4354
f 4354 4400 4401
f 4354 4401 4355
f 4355 4401 4402
f 4355 4402 4356
f 4356 4402 4403
f 4356 4403 4357
f 4357 4403 4358
f 4358 4403 4404
f 4358 4404 4359
f 4359 4404 4405
f 4359 4405 4360
f 4360 4405 4406
f 4360 4406 4361
f 4361 4406 4407
f 4361 4407 4362
f 4362 4407 4408
f 4362 4408 4363
f 4363 4408 4409
f 4363 4409 4364
f 4364 4409 4365
f 4365 4409 4410
f 4365 4410 4366
f 4366 4410 4411
f 4366 4411 4367
f 4367 4411 4412
f 4367 4412 4368
f 4368 4412 4413
f 4368 4413 4369
f 4369 4413 4414
f 4369 4414 4370
f 4370 4414 4371
f 4371 4414 4415
f 4371 4415 4372
f 4372 4415 4416
f 4372 4416 4373
f 4373 4416 4417
f 4373 4417 4322
f 4322 4417 4374
f 4374 3366 4375
f 4375 3366 3365
f 4375 3365 4376
f 4376 3365 3368
f 4376 3368 4377
f 4377 3368 4378
f 4378 3368 4379
f 4379 3368 3369
f 4379 3369 4380
f 4380 3369 4381
f 4381 3369 3370
f 4381 3370 4382
f 4382 3370 4383
f 4383 3370 3371
f 4383 3371 4384
f 4384 3371 4385
f 4385 3371 4386
f 4386 3371 3372
f 4386 3372 4387
f 4387 3372 3373
f 4387 3373 4388
f 4388 3373 4389
f 4389 3373 4390
f 4390 3373 3374
f 4390 3374 4391
f 4391 3374 4392
f 4392 3374 3375
f 4392 3375 4393
f 4393 3375 4394
f 4394 3375 3376
f 4394 3376 4395
f 4395 3376 4396
f 4396 3376 4397
f 4397 3376 3377
f 4397 3377 4398
f 4398 3377 3378
f 4398 3378 4399
f 4399 3378 4400
f 4400 3378 4401
f 4401 3378 3379
f 4401 3379 4402
f 4402 3379 4403
f 4403 3379 3380
f 4403 3380 4404
f 4404 3380 4405
f 4405 3380 3381
f 4405 3381 4406
f 4406 3381 4407
f 4407 3381 4408
f 4408 3381 3382
f 4408 3382 4409
f 4409 3382 3383
f 4409 3383 4410
f 4410 3383 4411
f 4411 3383 4412
f 4412 3383 3384
f 4412 3384 4413
f 4413 3384 4414
f 4414 3384 3385
f 4414 3385 4415
f 4415 3385 4416
f 4416 3385 3366
f 4416 3366 4417
f 4417 3366 4374
