# Staunton queen, MIT license, source: github.com/clarkerubber/Staunton-Pieces
o queen
v 0.001587 1.343645 0.216583
v 0.026222 1.343645 0.214996
v -0.042747 1.342053 0.210273
v -0.022875 1.342053 0.213557
v -0.023069 1.343645 0.215357
v -0.070451 1.342053 0.202886
v -0.047027 1.342053 0.209567
v -0.047425 1.343645 0.211333
v -0.071033 1.343296 0.204189
v -0.014330 1.342053 0.213981
v 0.001574 1.342053 0.214772
v 0.014324 1.342053 0.213951
v 0.026003 1.342053 0.213198
v 0.042728 1.342053 0.210182
v 0.050093 1.342053 0.208855
v 0.050472 1.343481 0.210434
v -0.072365 1.348528 0.208020
v -0.048266 1.348860 0.215082
v 0.001615 1.348860 0.220425
v 0.026686 1.348860 0.218811
v 0.051227 1.347424 0.213582
v -0.048460 1.352246 0.215936
v -0.072714 1.352246 0.209019
v -0.023479 1.348860 0.219176
v 0.001622 1.352246 0.221303
v 0.026793 1.352246 0.219679
v 0.026778 1.353778 0.219551
v -0.023570 1.352246 0.220049
v 0.051567 1.354010 0.214996
v -0.072455 1.355353 0.208273
v -0.048317 1.355149 0.215315
v -0.048125 1.356322 0.214454
v 0.051467 1.355149 0.214581
v 0.026460 1.357269 0.216954
v 0.001610 1.356322 0.219782
v -0.023503 1.355149 0.219414
v -0.071555 1.357623 0.205689
v -0.047856 1.357269 0.213259
v -0.023279 1.357269 0.217317
v 0.001601 1.357269 0.218555
v 0.026273 1.357963 0.215425
v 0.050976 1.357269 0.212533
v -0.070182 1.358500 0.201740
v -0.047122 1.358387 0.209985
v -0.022705 1.358529 0.211964
v 0.001561 1.358529 0.213173
v 0.025809 1.358529 0.211610
v 0.050396 1.358184 0.210117
v 0.140245 1.358433 0.162374
v 0.158293 1.358387 0.145801
v 0.201117 1.357269 0.085563
v 0.209547 1.357269 0.062121
v 0.203645 1.352246 0.086638
v 0.212180 1.352246 0.062901
v 0.202837 1.348860 0.086294
v 0.211339 1.348860 0.062651
v 0.211938 1.350592 0.062829
v 0.200752 1.345341 0.085407
v 0.209166 1.345341 0.062008
v 0.210406 1.347094 0.062374
v 0.188361 1.343645 0.106918
v 0.205006 1.342053 0.063588
v 0.163763 1.342053 0.138459
v 0.173507 1.342053 0.126588
v 0.174969 1.343645 0.127659
v 0.143914 1.342053 0.159131
v 0.157975 1.342053 0.145511
v 0.159308 1.343645 0.146736
v 0.140391 1.342053 0.162542
v 0.141324 1.343306 0.163619
v 0.141575 1.343645 0.163912
v 0.142179 1.344642 0.164611
v 0.180745 1.342053 0.115381
v 0.186784 1.342053 0.106024
v 0.194570 1.342053 0.090283
v 0.197635 1.342053 0.084081
v 0.161416 1.347094 0.148679
v 0.143924 1.348412 0.166631
v 0.176243 1.345341 0.128585
v 0.162134 1.348860 0.149341
v 0.162779 1.352246 0.149935
v 0.144658 1.352246 0.167483
v 0.191702 1.348860 0.108814
v 0.178074 1.348860 0.129920
v 0.178679 1.353778 0.130360
v 0.162683 1.353778 0.149847
v 0.162591 1.350592 0.149762
v 0.192351 1.353778 0.109183
v 0.191908 1.355149 0.108931
v 0.203056 1.355149 0.086387
v 0.176562 1.357269 0.128820
v 0.160758 1.357269 0.148073
v 0.141857 1.357963 0.164239
v 0.142115 1.357787 0.164535
v 0.159625 1.357963 0.147031
v 0.175319 1.357963 0.127912
v 0.188736 1.357963 0.107132
v 0.187158 1.358387 0.106236
v 0.198033 1.358387 0.084247
v 0.196166 1.358529 0.083455
v 0.204385 1.358529 0.060592
v -0.186773 1.343645 0.109667
v -0.173082 1.343645 0.130205
v -0.205004 1.342053 0.064056
v -0.196383 1.342053 0.086967
v -0.198039 1.343645 0.087701
v -0.212610 1.343530 0.040628
v -0.210959 1.342053 0.040312
v -0.185212 1.342053 0.108749
v -0.180779 1.342053 0.115398
v -0.155828 1.342053 0.147808
v -0.156404 1.342754 0.148358
v -0.163751 1.342053 0.138442
v -0.171634 1.342053 0.129117
v -0.208235 1.345341 0.065067
v -0.175373 1.347094 0.131929
v -0.176150 1.348860 0.132516
v -0.217081 1.350460 0.041481
v -0.210400 1.348860 0.065742
v -0.201552 1.348860 0.089258
v -0.190087 1.348860 0.111611
v -0.176650 1.350592 0.132892
v -0.176851 1.352246 0.133043
v -0.159683 1.348249 0.151467
v -0.217256 1.353675 0.041516
v -0.211238 1.352246 0.066002
v -0.160564 1.352246 0.152301
v -0.190843 1.352246 0.112056
v -0.210626 1.355149 0.065813
v -0.202353 1.352246 0.089610
v -0.190732 1.353778 0.111990
v -0.202234 1.353778 0.089558
v -0.190291 1.355149 0.111731
v -0.174657 1.357269 0.131392
v -0.160100 1.355149 0.151863
v -0.198434 1.357963 0.087874
v -0.207144 1.357963 0.064724
v -0.214678 1.357269 0.041022
v -0.187148 1.357963 0.109884
v -0.199842 1.357269 0.088499
v -0.209786 1.356322 0.065549
v -0.158367 1.357396 0.150218
v -0.158572 1.357269 0.150410
v -0.188474 1.357269 0.110664
v -0.200964 1.356322 0.088997
v -0.171977 1.358387 0.129377
v -0.154666 1.358529 0.146707
v -0.170354 1.358529 0.128156
v -0.203477 1.358529 0.063577
v -0.209390 1.358529 0.040012
v 0.211293 1.358393 -0.040374
v 0.205415 1.358387 -0.064184
v 0.186773 1.343645 -0.109667
v 0.173082 1.343645 -0.130205
v 0.171634 1.342053 -0.129117
v 0.155828 1.342053 -0.147808
v 0.157142 1.343645 -0.149056
v 0.188110 1.342053 -0.103096
v 0.185212 1.342053 -0.108749
v 0.200107 1.342053 -0.077073
v 0.196383 1.342053 -0.086967
v 0.198039 1.343645 -0.087701
v 0.205004 1.342053 -0.064056
v 0.206732 1.343645 -0.064595
v 0.208604 1.342053 -0.049708
v 0.212610 1.343530 -0.040628
v 0.210959 1.342053 -0.040312
v 0.175373 1.347094 -0.131929
v 0.176150 1.348860 -0.132516
v 0.217081 1.350460 -0.041481
v 0.210400 1.348860 -0.065742
v 0.201552 1.348860 -0.089258
v 0.190087 1.348860 -0.111611
v 0.176650 1.350592 -0.132892
v 0.176851 1.352246 -0.133043
v 0.159412 1.347572 -0.151212
v 0.217256 1.353675 -0.041516
v 0.211238 1.352246 -0.066003
v 0.202353 1.352246 -0.089610
v 0.190840 1.352246 -0.112056
v 0.190732 1.353778 -0.111990
v 0.160512 1.353105 -0.152253
v 0.210626 1.355149 -0.065813
v 0.209786 1.356322 -0.065549
v 0.202234 1.353778 -0.089558
v 0.190291 1.355149 -0.111731
v 0.174657 1.357269 -0.131392
v 0.160100 1.355149 -0.151863
v 0.198434 1.357963 -0.087874
v 0.200964 1.356322 -0.088997
v 0.199842 1.357269 -0.088499
v 0.188473 1.357269 -0.110664
v 0.187146 1.357963 -0.109884
v 0.171977 1.358387 -0.129377
v 0.158686 1.357147 -0.150522
v 0.158367 1.357396 -0.150218
v 0.209388 1.358529 -0.040012
v 0.203477 1.358529 -0.063577
v 0.170354 1.358529 -0.128156
v 0.155198 1.358478 -0.147214
v 0.070182 1.358500 -0.201740
v 0.047122 1.358387 -0.209985
v -0.050705 1.344514 -0.211401
v -0.026412 1.345341 -0.216560
v 0.047425 1.343645 -0.211333
v 0.023069 1.343645 -0.215357
v -0.000003 1.342053 -0.214694
v -0.001587 1.343645 -0.216583
v 0.071033 1.343296 -0.204189
v 0.070568 1.342053 -0.202855
v 0.056651 1.342053 -0.206824
v 0.047027 1.342053 -0.209567
v 0.028586 1.342053 -0.212613
v 0.022875 1.342053 -0.213557
v -0.050093 1.342053 -0.208855
v -0.028604 1.342053 -0.212731
v -0.026003 1.342053 -0.213198
v -0.026686 1.348860 -0.218811
v 0.072365 1.348528 -0.208020
v 0.048266 1.348860 -0.215082
v -0.051227 1.347424 -0.213582
v -0.001615 1.348860 -0.220425
v 0.072681 1.353422 -0.208928
v 0.048460 1.352246 -0.215936
v 0.023479 1.348860 -0.219176
v -0.001622 1.352246 -0.221303
v -0.026793 1.352246 -0.219679
v -0.026778 1.353778 -0.219551
v 0.023570 1.352246 -0.220049
v -0.051567 1.354010 -0.214996
v 0.072455 1.355353 -0.208273
v 0.048317 1.355149 -0.215315
v 0.048125 1.356322 -0.214454
v -0.051467 1.355149 -0.214581
v -0.026460 1.357269 -0.216954
v -0.001610 1.356322 -0.219782
v 0.023503 1.355149 -0.219414
v 0.071555 1.357623 -0.205689
v 0.047856 1.357269 -0.213259
v 0.023115 1.357963 -0.215786
v 0.023279 1.357269 -0.217317
v -0.001601 1.357269 -0.218555
v -0.026273 1.357963 -0.215425
v -0.050976 1.357269 -0.212533
v -0.001576 1.358387 -0.215202
v -0.025809 1.358529 -0.211610
v -0.050396 1.358184 -0.210117
v -0.213247 0.000000 0.246099
v -0.246100 0.000000 0.213247
v 0.046342 0.000000 0.322322
v 0.296210 0.000000 -0.135274
v 0.312445 0.000000 -0.091743
v 0.322322 0.000000 -0.046342
v 0.246099 0.000000 -0.213247
v -0.273943 0.000000 0.176053
v -0.296210 0.000000 0.135274
v -0.246100 0.000000 -0.213247
v -0.213247 0.000000 -0.246099
v 0.091743 0.000000 -0.312445
v -0.176053 0.000000 -0.273943
v -0.273943 0.000000 -0.176053
v 0.135274 0.000000 -0.296210
v 0.176053 0.000000 -0.273943
v 0.213247 0.000000 -0.246099
v -0.296210 0.000000 -0.135274
v 0.273943 0.000000 -0.176053
v -0.312445 0.000000 0.091743
v -0.322322 0.000000 0.046342
v -0.325637 0.000000 0.000000
v 0.325637 0.000000 0.000000
v 0.322322 0.000000 0.046342
v 0.312445 0.000000 0.091743
v 0.246099 0.000000 0.213247
v 0.213247 0.000000 0.246099
v 0.176053 0.000000 0.273943
v -0.322322 0.000000 -0.046342
v -0.312445 0.000000 -0.091743
v -0.046342 0.000000 -0.322322
v 0.046342 0.000000 -0.322322
v 0.000000 0.000000 -0.325637
v 0.296210 0.000000 0.135274
v 0.273943 0.000000 0.176053
v 0.135274 0.000000 0.296210
v 0.091743 0.000000 0.312445
v -0.135274 0.000000 -0.296210
v -0.091743 0.000000 -0.312445
v -0.091743 0.000000 0.312445
v -0.135274 0.000000 0.296210
v -0.046342 0.000000 0.322322
v 0.000000 0.000000 0.325637
v -0.176053 0.000000 0.273943
v 0.046301 0.065735 -0.322029
v 0.000000 0.065735 -0.325339
v -0.046301 0.065735 -0.322029
v -0.091659 0.065735 -0.312161
v -0.135151 0.065735 -0.295940
v -0.175892 0.065735 -0.273693
v -0.213053 0.065735 -0.245875
v -0.245876 0.065735 -0.213053
v -0.273693 0.065735 -0.175892
v -0.295940 0.065735 -0.135151
v -0.312161 0.065735 -0.091659
v -0.322029 0.065735 -0.046301
v -0.325339 0.065735 0.000000
v -0.322029 0.065735 0.046301
v -0.312161 0.065735 0.091659
v -0.295940 0.065735 0.135151
v -0.273693 0.065735 0.175892
v -0.245876 0.065735 0.213053
v -0.213053 0.065735 0.245875
v -0.175892 0.065735 0.273693
v -0.135151 0.065735 0.295940
v -0.091659 0.065735 0.312161
v -0.046301 0.065735 0.322029
v 0.000000 0.065735 0.325339
v 0.046301 0.065735 0.322029
v 0.091659 0.065735 0.312161
v 0.135151 0.065735 0.295940
v 0.175892 0.065735 0.273693
v 0.213053 0.065735 0.245875
v 0.245875 0.065735 0.213053
v 0.273693 0.065735 0.175892
v 0.295940 0.065735 0.135151
v 0.312161 0.065735 0.091659
v 0.322029 0.065735 0.046301
v 0.325339 0.065735 0.000000
v 0.322029 0.065735 -0.046301
v 0.312161 0.065735 -0.091659
v 0.295940 0.065735 -0.135151
v 0.273693 0.065735 -0.175892
v 0.245875 0.065735 -0.213053
v 0.213053 0.065735 -0.245875
v 0.175892 0.065735 -0.273693
v 0.135151 0.065735 -0.295940
v 0.091659 0.065735 -0.312161
v 0.197326 0.087647 -0.229857
v 0.198336 0.087647 -0.228897
v 0.299445 0.087647 -0.045874
v 0.299728 0.087647 -0.043101
v 0.257087 0.087647 0.160244
v 0.090690 0.087647 0.289046
v 0.085288 0.087647 0.290443
v -0.197326 0.087647 0.229857
v -0.198336 0.087647 0.228897
v -0.299445 0.087647 0.045874
v -0.299728 0.087647 0.043101
v -0.257087 0.087647 -0.160244
v -0.060981 0.087647 -0.296738
v -0.085288 0.087647 -0.290443
v -0.090690 0.087647 -0.289046
v -0.119467 0.087647 -0.278387
v -0.125726 0.087647 -0.275316
v -0.147017 0.087647 -0.264873
v -0.163590 0.087647 -0.254544
v -0.198336 0.087647 -0.228897
v -0.197326 0.087647 -0.229857
v -0.173059 0.087647 -0.248640
v -0.219567 0.087647 -0.208715
v -0.228655 0.087647 -0.198132
v -0.239557 0.087647 -0.185431
v -0.271980 0.087647 -0.133412
v -0.275279 0.087647 -0.125724
v -0.284082 0.087647 -0.105212
v -0.290347 0.087647 -0.085247
v -0.299728 0.087647 -0.043101
v -0.299445 0.087647 -0.045874
v -0.293269 0.087647 -0.075932
v -0.302550 0.087647 -0.015344
v -0.302550 0.087647 0.000000
v -0.302550 0.087647 0.015344
v -0.293269 0.087647 0.075932
v -0.290347 0.087647 0.085247
v -0.254697 0.087647 0.163675
v -0.271980 0.087647 0.133412
v -0.275279 0.087647 0.125724
v -0.284082 0.087647 0.105212
v -0.239557 0.087647 0.185431
v -0.228655 0.087647 0.198132
v -0.219567 0.087647 0.208715
v -0.173059 0.087647 0.248640
v -0.163590 0.087647 0.254544
v -0.090690 0.087647 0.289046
v -0.119467 0.087647 0.278387
v -0.125726 0.087647 0.275316
v -0.147017 0.087647 0.264873
v -0.030647 0.087647 0.301385
v -0.043057 0.087647 0.299484
v -0.060981 0.087647 0.296738
v -0.085288 0.087647 0.290443
v 0.000000 0.087647 0.302939
v 0.030647 0.087647 0.301385
v 0.043057 0.087647 0.299484
v 0.060981 0.087647 0.296738
v 0.119467 0.087647 0.278387
v 0.125725 0.087647 0.275316
v 0.147017 0.087647 0.264873
v 0.163590 0.087647 0.254544
v 0.198336 0.087647 0.228897
v 0.197326 0.087647 0.229857
v 0.173058 0.087647 0.248640
v 0.219567 0.087647 0.208715
v 0.228653 0.087647 0.198132
v 0.239557 0.087647 0.185431
v 0.271980 0.087647 0.133412
v 0.275279 0.087647 0.125724
v 0.284082 0.087647 0.105212
v 0.290346 0.087647 0.085247
v 0.299728 0.087647 0.043101
v 0.299445 0.087647 0.045874
v 0.293268 0.087647 0.075932
v 0.302549 0.087647 0.015344
v 0.302549 0.087647 0.000000
v 0.302549 0.087647 -0.015344
v 0.293268 0.087647 -0.075932
v 0.290346 0.087647 -0.085247
v 0.254697 0.087647 -0.163675
v 0.271980 0.087647 -0.133412
v 0.275279 0.087647 -0.125724
v 0.284082 0.087647 -0.105212
v 0.239557 0.087647 -0.185431
v 0.228653 0.087647 -0.198132
v 0.219567 0.087647 -0.208715
v 0.173058 0.087647 -0.248640
v 0.163590 0.087647 -0.254544
v 0.085288 0.087647 -0.290443
v 0.090690 0.087647 -0.289046
v 0.119467 0.087647 -0.278387
v 0.125725 0.087647 -0.275316
v 0.147017 0.087647 -0.264873
v 0.060981 0.087647 -0.296738
v 0.043057 0.087647 -0.299484
v -0.043057 0.087647 -0.299484
v -0.030647 0.087647 -0.301385
v 0.000000 0.087647 -0.302939
v 0.030647 0.087647 -0.301385
v 0.289596 0.185349 0.000000
v 0.288828 0.185349 0.014647
v 0.297850 0.179142 0.015106
v 0.288009 0.185349 0.030271
v 0.285868 0.185349 0.043792
v 0.294795 0.179142 0.045162
v 0.283267 0.185349 0.060211
v 0.279978 0.185349 0.072488
v 0.288714 0.179142 0.074753
v 0.275421 0.185349 0.089490
v 0.271217 0.185349 0.100442
v 0.279668 0.179142 0.103578
v 0.264559 0.185349 0.117789
v 0.259676 0.185349 0.127371
v 0.267755 0.179142 0.131340
v 0.250797 0.185349 0.144798
v 0.245472 0.185349 0.152997
v 0.253096 0.179142 0.157755
v 0.234287 0.185349 0.170219
v 0.228751 0.185349 0.177057
v 0.235837 0.179142 0.182550
v 0.215212 0.185349 0.193777
v 0.209682 0.185349 0.199306
v 0.216158 0.179142 0.205473
v 0.193777 0.185349 0.215212
v 0.188460 0.185349 0.219517
v 0.194262 0.179142 0.226288
v 0.170219 0.185349 0.234287
v 0.165302 0.185349 0.237482
v 0.170372 0.179142 0.244780
v 0.144798 0.185349 0.250797
v 0.140445 0.185349 0.253016
v 0.144734 0.179142 0.260761
v 0.117789 0.185349 0.264559
v 0.117611 0.179142 0.274065
v 0.089489 0.185349 0.275421
v 0.089280 0.179142 0.284558
v 0.060211 0.185349 0.283267
v 0.060033 0.179142 0.292130
v 0.030271 0.185349 0.288009
v 0.029295 0.185349 0.288061
v 0.030172 0.179142 0.296703
v -0.289596 0.185349 0.000000
v -0.288828 0.185349 -0.014647
v -0.297850 0.179142 -0.015106
v -0.288009 0.185349 -0.030271
v -0.285868 0.185349 -0.043792
v -0.294796 0.179142 -0.045162
v -0.283267 0.185349 -0.060211
v -0.279978 0.185349 -0.072488
v -0.288714 0.179142 -0.074753
v -0.275421 0.185349 -0.089490
v -0.271217 0.185349 -0.100444
v -0.279670 0.179142 -0.103578
v -0.264560 0.185349 -0.117789
v -0.259676 0.185349 -0.127371
v -0.267756 0.179142 -0.131340
v -0.250797 0.185349 -0.144798
v -0.245472 0.185349 -0.152997
v -0.253096 0.179142 -0.157755
v -0.234287 0.185349 -0.170220
v -0.228751 0.185349 -0.177057
v -0.235837 0.179142 -0.182550
v -0.215212 0.185349 -0.193777
v -0.209682 0.185349 -0.199306
v -0.216158 0.179142 -0.205473
v -0.193777 0.185349 -0.215212
v -0.188460 0.185349 -0.219517
v -0.194262 0.179142 -0.226288
v -0.170220 0.185349 -0.234287
v -0.165302 0.185349 -0.237482
v -0.170372 0.179142 -0.244780
v -0.144798 0.185349 -0.250797
v -0.140445 0.185349 -0.253016
v -0.144734 0.179142 -0.260761
v -0.117789 0.185349 -0.264559
v -0.117611 0.179142 -0.274065
v -0.089490 0.185349 -0.275421
v -0.089280 0.179142 -0.284558
v -0.060211 0.185349 -0.283267
v -0.060035 0.179142 -0.292130
v -0.030271 0.185349 -0.288009
v -0.029295 0.185349 -0.288061
v -0.030172 0.179142 -0.296703
v 0.000000 0.094917 -0.309937
v 0.031356 0.094917 -0.308348
v 0.062390 0.094917 -0.303593
v 0.122225 0.094917 -0.284820
v 0.150414 0.094917 -0.270994
v 0.201885 0.094917 -0.235168
v 0.245092 0.094917 -0.189715
v 0.278264 0.094917 -0.136495
v 0.290645 0.094917 -0.107643
v 0.306365 0.094917 -0.046932
v 0.300044 0.094917 0.077687
v 0.290645 0.094917 0.107643
v 0.263028 0.094917 0.163946
v 0.177058 0.094917 0.254386
v 0.150414 0.094917 0.270994
v 0.092783 0.094917 0.295724
v 0.062390 0.094917 0.303593
v 0.000000 0.094917 0.309937
v -0.031356 0.094917 0.308348
v -0.062390 0.094917 0.303593
v -0.122225 0.094917 0.284820
v -0.150414 0.094917 0.270994
v -0.201886 0.094917 0.235168
v -0.245092 0.094917 0.189715
v -0.278264 0.094917 0.136495
v -0.290645 0.094917 0.107643
v -0.306365 0.094917 0.046932
v -0.300045 0.094917 -0.077687
v -0.290645 0.094917 -0.107643
v -0.263028 0.094917 -0.163946
v -0.177058 0.094917 -0.254386
v -0.150414 0.094917 -0.270994
v -0.092783 0.094917 -0.295724
v -0.062390 0.094917 -0.303593
v -0.031356 0.094917 -0.308348
v -0.122225 0.094917 -0.284820
v -0.201886 0.094917 -0.235168
v -0.224641 0.094917 -0.213537
v -0.245092 0.094917 -0.189715
v -0.278264 0.094917 -0.136495
v -0.306365 0.094917 -0.046932
v -0.309540 0.094917 -0.015698
v -0.309540 0.094917 0.015698
v -0.300045 0.094917 0.077687
v -0.263028 0.094917 0.163946
v -0.224641 0.094917 0.213537
v -0.177058 0.094917 0.254386
v -0.092783 0.094917 0.295724
v 0.031356 0.094917 0.308348
v 0.122225 0.094917 0.284820
v 0.201885 0.094917 0.235168
v 0.224641 0.094917 0.213537
v 0.245092 0.094917 0.189715
v 0.278264 0.094917 0.136495
v 0.306365 0.094917 0.046932
v 0.309540 0.094917 0.015698
v 0.309540 0.094917 -0.015698
v 0.300044 0.094917 -0.077687
v 0.263028 0.094917 -0.163946
v 0.224641 0.094917 -0.213537
v 0.177058 0.094917 -0.254386
v 0.092783 0.094917 -0.295724
v -0.031917 0.103350 -0.313869
v 0.000000 0.103350 -0.315487
v -0.032314 0.112696 -0.317765
v 0.000000 0.112696 -0.319402
v -0.032531 0.122679 -0.319908
v 0.000000 0.122679 -0.321559
v -0.032566 0.133001 -0.320238
v 0.000000 0.133001 -0.321889
v -0.032412 0.143357 -0.318749
v 0.000000 0.143357 -0.320393
v -0.032084 0.153437 -0.315508
v 0.000000 0.153437 -0.317135
v -0.031589 0.162947 -0.310632
v 0.000000 0.162947 -0.312233
v -0.030942 0.171601 -0.304292
v 0.000000 0.171601 -0.305862
v 0.000000 0.179142 -0.298236
v 0.000000 0.185349 -0.289596
v -0.063507 0.103350 -0.309030
v -0.064296 0.112696 -0.312864
v -0.064729 0.122679 -0.314977
v -0.064795 0.133001 -0.315301
v -0.064495 0.143357 -0.313835
v -0.063838 0.153437 -0.310642
v -0.062853 0.162947 -0.305842
v -0.061569 0.171601 -0.299601
v -0.094445 0.103350 -0.301019
v -0.095618 0.112696 -0.304755
v -0.096263 0.122679 -0.306812
v -0.096361 0.133001 -0.307126
v -0.095915 0.143357 -0.305701
v -0.094939 0.153437 -0.302590
v -0.093472 0.162947 -0.297914
v -0.091563 0.171601 -0.291835
v -0.124414 0.103350 -0.289920
v -0.125959 0.112696 -0.293518
v -0.126810 0.122679 -0.295499
v -0.126939 0.133001 -0.295803
v -0.126349 0.143357 -0.294428
v -0.125064 0.153437 -0.291434
v -0.123131 0.162947 -0.286929
v -0.120618 0.171601 -0.281075
v -0.153106 0.103350 -0.275846
v -0.155007 0.112696 -0.279269
v -0.156053 0.122679 -0.281154
v -0.156213 0.133001 -0.281443
v -0.155488 0.143357 -0.280136
v -0.153907 0.153437 -0.277285
v -0.151528 0.162947 -0.273000
v -0.148435 0.171601 -0.267430
v -0.180227 0.103350 -0.258941
v -0.182465 0.112696 -0.262154
v -0.183696 0.122679 -0.263924
v -0.183885 0.133001 -0.264195
v -0.183031 0.143357 -0.262967
v -0.181168 0.153437 -0.260292
v -0.178369 0.162947 -0.256269
v -0.174729 0.171601 -0.251039
v -0.205500 0.103350 -0.239379
v -0.208050 0.112696 -0.242350
v -0.209454 0.122679 -0.243986
v -0.209669 0.133001 -0.244236
v -0.208695 0.143357 -0.243101
v -0.206573 0.153437 -0.240628
v -0.203380 0.162947 -0.236909
v -0.199230 0.171601 -0.232075
v -0.228663 0.103350 -0.217361
v -0.231502 0.112696 -0.220058
v -0.233063 0.122679 -0.221544
v -0.233304 0.133001 -0.221771
v -0.232219 0.143357 -0.220741
v -0.229857 0.153437 -0.218495
v -0.226305 0.162947 -0.215118
v -0.221686 0.171601 -0.210729
v -0.249480 0.103350 -0.193112
v -0.252576 0.112696 -0.195509
v -0.254280 0.122679 -0.196829
v -0.254543 0.133001 -0.197030
v -0.253360 0.143357 -0.196114
v -0.250782 0.153437 -0.194120
v -0.246906 0.162947 -0.191121
v -0.241869 0.171601 -0.187220
v -0.267736 0.103350 -0.166882
v -0.271059 0.112696 -0.168952
v -0.272889 0.122679 -0.170092
v -0.273171 0.133001 -0.170268
v -0.271901 0.143357 -0.169476
v -0.269135 0.153437 -0.167754
v -0.264975 0.162947 -0.165161
v -0.259569 0.171601 -0.161790
v -0.283245 0.103350 -0.138938
v -0.286761 0.112696 -0.140663
v -0.288699 0.122679 -0.141612
v -0.288993 0.133001 -0.141759
v -0.287651 0.143357 -0.141099
v -0.284726 0.153437 -0.139664
v -0.280324 0.162947 -0.137506
v -0.274604 0.171601 -0.134700
v -0.295849 0.103350 -0.109571
v -0.299521 0.112696 -0.110930
v -0.301542 0.122679 -0.111679
v -0.301853 0.133001 -0.111793
v -0.300449 0.143357 -0.111275
v -0.297393 0.153437 -0.110142
v -0.292799 0.162947 -0.108440
v -0.286823 0.171601 -0.106227
v -0.305416 0.103350 -0.079078
v -0.309208 0.112696 -0.080059
v -0.311294 0.122679 -0.080600
v -0.311613 0.133001 -0.080682
v -0.310166 0.143357 -0.080307
v -0.307011 0.153437 -0.079490
v -0.302266 0.162947 -0.078261
v -0.296098 0.171601 -0.076665
v -0.311849 0.103350 -0.047773
v -0.315720 0.112696 -0.048366
v -0.317851 0.122679 -0.048692
v -0.318178 0.133001 -0.048742
v -0.316699 0.143357 -0.048516
v -0.313476 0.153437 -0.048022
v -0.308633 0.162947 -0.047280
v -0.302333 0.171601 -0.046316
v -0.315083 0.103350 -0.015979
v -0.318993 0.112696 -0.016178
v -0.321146 0.122679 -0.016288
v -0.321476 0.133001 -0.016305
v -0.319982 0.143357 -0.016228
v -0.316728 0.153437 -0.016062
v -0.311832 0.162947 -0.015814
v -0.305468 0.171601 -0.015492
v -0.315083 0.103350 0.015979
v -0.318993 0.112696 0.016178
v -0.321146 0.122679 0.016288
v -0.321476 0.133001 0.016305
v -0.319982 0.143357 0.016228
v -0.316728 0.153437 0.016062
v -0.311832 0.162947 0.015814
v -0.305468 0.171601 0.015492
v -0.297850 0.179142 0.015106
v -0.288828 0.185349 0.014647
v -0.294796 0.179142 0.045162
v -0.285868 0.185349 0.043792
v -0.288009 0.185349 0.030271
v -0.311849 0.103350 0.047773
v -0.315720 0.112696 0.048366
v -0.317851 0.122679 0.048692
v -0.318178 0.133001 0.048742
v -0.316699 0.143357 0.048516
v -0.313476 0.153437 0.048022
v -0.308633 0.162947 0.047280
v -0.302333 0.171601 0.046316
v -0.288714 0.179142 0.074753
v -0.279978 0.185349 0.072488
v -0.283267 0.185349 0.060211
v -0.305416 0.103350 0.079078
v -0.309208 0.112696 0.080059
v -0.311294 0.122679 0.080600
v -0.311613 0.133001 0.080682
v -0.310166 0.143357 0.080307
v -0.307011 0.153437 0.079490
v -0.302266 0.162947 0.078261
v -0.296098 0.171601 0.076665
v -0.279670 0.179142 0.103578
v -0.271217 0.185349 0.100442
v -0.275421 0.185349 0.089490
v -0.295849 0.103350 0.109571
v -0.299521 0.112696 0.110930
v -0.301542 0.122679 0.111679
v -0.301853 0.133001 0.111793
v -0.300449 0.143357 0.111275
v -0.297393 0.153437 0.110142
v -0.292799 0.162947 0.108440
v -0.286823 0.171601 0.106227
v -0.267756 0.179142 0.131340
v -0.259676 0.185349 0.127371
v -0.264560 0.185349 0.117789
v -0.283245 0.103350 0.138938
v -0.286761 0.112696 0.140663
v -0.288699 0.122679 0.141612
v -0.288993 0.133001 0.141759
v -0.287651 0.143357 0.141099
v -0.284726 0.153437 0.139664
v -0.280324 0.162947 0.137506
v -0.274604 0.171601 0.134700
v -0.253096 0.179142 0.157755
v -0.245472 0.185349 0.152997
v -0.250797 0.185349 0.144798
v -0.267736 0.103350 0.166882
v -0.271059 0.112696 0.168952
v -0.272889 0.122679 0.170092
v -0.273171 0.133001 0.170268
v -0.271901 0.143357 0.169476
v -0.269135 0.153437 0.167754
v -0.264975 0.162947 0.165161
v -0.259569 0.171601 0.161790
v -0.235837 0.179142 0.182550
v -0.228751 0.185349 0.177057
v -0.234287 0.185349 0.170219
v -0.249480 0.103350 0.193112
v -0.252576 0.112696 0.195509
v -0.254280 0.122679 0.196829
v -0.254543 0.133001 0.197030
v -0.253360 0.143357 0.196114
v -0.250782 0.153437 0.194120
v -0.246906 0.162947 0.191121
v -0.241869 0.171601 0.187220
v -0.216158 0.179142 0.205473
v -0.209682 0.185349 0.199306
v -0.215212 0.185349 0.193777
v -0.228663 0.103350 0.217360
v -0.231502 0.112696 0.220058
v -0.233063 0.122679 0.221544
v -0.233304 0.133001 0.221771
v -0.232219 0.143357 0.220741
v -0.229857 0.153437 0.218495
v -0.226305 0.162947 0.215118
v -0.221686 0.171601 0.210729
v -0.194262 0.179142 0.226288
v -0.188460 0.185349 0.219517
v -0.193777 0.185349 0.215212
v -0.205500 0.103350 0.239379
v -0.208050 0.112696 0.242350
v -0.209454 0.122679 0.243986
v -0.209669 0.133001 0.244236
v -0.208695 0.143357 0.243101
v -0.206573 0.153437 0.240628
v -0.203380 0.162947 0.236909
v -0.199230 0.171601 0.232075
v -0.170372 0.179142 0.244780
v -0.165302 0.185349 0.237482
v -0.170220 0.185349 0.234287
v -0.180227 0.103350 0.258941
v -0.182465 0.112696 0.262154
v -0.183696 0.122679 0.263924
v -0.183885 0.133001 0.264195
v -0.183031 0.143357 0.262967
v -0.181168 0.153437 0.260292
v -0.178369 0.162947 0.256269
v -0.174729 0.171601 0.251039
v -0.144734 0.179142 0.260761
v -0.140445 0.185349 0.253016
v -0.144798 0.185349 0.250797
v -0.153106 0.103350 0.275846
v -0.155007 0.112696 0.279269
v -0.156053 0.122679 0.281154
v -0.156213 0.133001 0.281443
v -0.155488 0.143357 0.280136
v -0.153907 0.153437 0.277285
v -0.151528 0.162947 0.273000
v -0.148435 0.171601 0.267429
v -0.117611 0.179142 0.274065
v -0.114139 0.185349 0.265959
v -0.124414 0.103350 0.289920
v -0.125959 0.112696 0.293518
v -0.126810 0.122679 0.295499
v -0.126939 0.133001 0.295803
v -0.126349 0.143357 0.294428
v -0.125064 0.153437 0.291434
v -0.123131 0.162947 0.286929
v -0.120618 0.171601 0.281075
v -0.089280 0.179142 0.284558
v -0.086659 0.185349 0.276180
v -0.094445 0.103350 0.301019
v -0.095618 0.112696 0.304755
v -0.096263 0.122679 0.306812
v -0.096361 0.133001 0.307126
v -0.095915 0.143357 0.305701
v -0.094939 0.153437 0.302590
v -0.093472 0.162947 0.297914
v -0.091563 0.171601 0.291835
v -0.060035 0.179142 0.292130
v -0.058280 0.185349 0.283573
v -0.063507 0.103350 0.309030
v -0.064296 0.112696 0.312864
v -0.064729 0.122679 0.314977
v -0.064795 0.133001 0.315301
v -0.064495 0.143357 0.313835
v -0.063838 0.153437 0.310642
v -0.062853 0.162947 0.305842
v -0.061569 0.171601 0.299601
v -0.030172 0.179142 0.296703
v -0.029295 0.185349 0.288061
v -0.030271 0.185349 0.288009
v -0.031917 0.103350 0.313869
v -0.032314 0.112696 0.317765
v -0.032531 0.122679 0.319908
v -0.032566 0.133001 0.320238
v -0.032412 0.143357 0.318749
v -0.032084 0.153437 0.315508
v -0.031589 0.162947 0.310632
v -0.030942 0.171601 0.304292
v 0.000000 0.103350 0.315487
v 0.000000 0.112696 0.319402
v 0.000000 0.122679 0.321559
v 0.000000 0.133001 0.321889
v 0.000000 0.143357 0.320393
v 0.000000 0.153437 0.317135
v 0.000000 0.162947 0.312233
v 0.000000 0.171601 0.305862
v 0.000000 0.179142 0.298236
v 0.000000 0.185349 0.289596
v 0.031917 0.103350 0.313869
v 0.032314 0.112696 0.317765
v 0.032531 0.122679 0.319908
v 0.032565 0.133001 0.320238
v 0.032412 0.143357 0.318749
v 0.032084 0.153437 0.315508
v 0.031589 0.162947 0.310632
v 0.030942 0.171601 0.304292
v 0.063507 0.103350 0.309030
v 0.064296 0.112696 0.312864
v 0.064729 0.122679 0.314977
v 0.064795 0.133001 0.315301
v 0.064495 0.143357 0.313835
v 0.063838 0.153437 0.310642
v 0.062853 0.162947 0.305842
v 0.061569 0.171601 0.299601
v 0.094445 0.103350 0.301019
v 0.095618 0.112696 0.304755
v 0.096263 0.122679 0.306812
v 0.096361 0.133001 0.307126
v 0.095915 0.143357 0.305701
v 0.094939 0.153437 0.302590
v 0.093471 0.162947 0.297914
v 0.091563 0.171601 0.291835
v 0.124414 0.103350 0.289920
v 0.125959 0.112696 0.293518
v 0.126809 0.122679 0.295499
v 0.126939 0.133001 0.295803
v 0.126349 0.143357 0.294428
v 0.125064 0.153437 0.291434
v 0.123131 0.162947 0.286929
v 0.120618 0.171601 0.281075
v 0.153106 0.103350 0.275846
v 0.155007 0.112696 0.279269
v 0.156053 0.122679 0.281154
v 0.156213 0.133001 0.281443
v 0.155488 0.143357 0.280136
v 0.153907 0.153437 0.277285
v 0.151528 0.162947 0.273000
v 0.148435 0.171601 0.267429
v 0.180227 0.103350 0.258941
v 0.182465 0.112696 0.262154
v 0.183696 0.122679 0.263924
v 0.183885 0.133001 0.264195
v 0.183031 0.143357 0.262967
v 0.181168 0.153437 0.260292
v 0.178369 0.162947 0.256269
v 0.174729 0.171601 0.251039
v 0.205500 0.103350 0.239379
v 0.208050 0.112696 0.242350
v 0.209454 0.122679 0.243986
v 0.209669 0.133001 0.244236
v 0.208695 0.143357 0.243101
v 0.206573 0.153437 0.240628
v 0.203380 0.162947 0.236909
v 0.199230 0.171601 0.232075
v 0.228663 0.103350 0.217360
v 0.231502 0.112696 0.220058
v 0.233063 0.122679 0.221544
v 0.233304 0.133001 0.221771
v 0.232219 0.143357 0.220741
v 0.229857 0.153437 0.218495
v 0.226305 0.162947 0.215118
v 0.221686 0.171601 0.210729
v 0.249480 0.103350 0.193112
v 0.252576 0.112696 0.195509
v 0.254280 0.122679 0.196829
v 0.254543 0.133001 0.197030
v 0.253360 0.143357 0.196114
v 0.250782 0.153437 0.194120
v 0.246906 0.162947 0.191121
v 0.241869 0.171601 0.187220
v 0.267735 0.103350 0.166882
v 0.271059 0.112696 0.168952
v 0.272888 0.122679 0.170092
v 0.273171 0.133001 0.170268
v 0.271900 0.143357 0.169476
v 0.269135 0.153437 0.167754
v 0.264975 0.162947 0.165161
v 0.259569 0.171601 0.161790
v 0.283245 0.103350 0.138938
v 0.286761 0.112696 0.140663
v 0.288697 0.122679 0.141612
v 0.288993 0.133001 0.141759
v 0.287651 0.143357 0.141099
v 0.284726 0.153437 0.139664
v 0.280324 0.162947 0.137506
v 0.274604 0.171601 0.134700
v 0.295849 0.103350 0.109571
v 0.299520 0.112696 0.110930
v 0.301542 0.122679 0.111679
v 0.301853 0.133001 0.111793
v 0.300449 0.143357 0.111275
v 0.297393 0.153437 0.110142
v 0.292799 0.162947 0.108440
v 0.286823 0.171601 0.106227
v 0.305416 0.103350 0.079078
v 0.309208 0.112696 0.080059
v 0.311294 0.122679 0.080600
v 0.311613 0.133001 0.080682
v 0.310166 0.143357 0.080307
v 0.307011 0.153437 0.079490
v 0.302266 0.162947 0.078261
v 0.296097 0.171601 0.076665
v 0.311849 0.103350 0.047773
v 0.315720 0.112696 0.048366
v 0.317851 0.122679 0.048692
v 0.318178 0.133001 0.048742
v 0.316699 0.143357 0.048516
v 0.313476 0.153437 0.048022
v 0.308633 0.162947 0.047280
v 0.302333 0.171601 0.046316
v 0.315083 0.103350 0.015979
v 0.318993 0.112696 0.016178
v 0.321146 0.122679 0.016288
v 0.321476 0.133001 0.016305
v 0.319982 0.143357 0.016228
v 0.316728 0.153437 0.016062
v 0.311831 0.162947 0.015814
v 0.305468 0.171601 0.015492
v 0.315083 0.103350 -0.015979
v 0.318993 0.112696 -0.016178
v 0.321146 0.122679 -0.016288
v 0.321476 0.133001 -0.016305
v 0.319982 0.143357 -0.016228
v 0.316728 0.153437 -0.016062
v 0.311831 0.162947 -0.015814
v 0.305468 0.171601 -0.015492
v 0.297850 0.179142 -0.015106
v 0.288828 0.185349 -0.014647
v 0.294795 0.179142 -0.045162
v 0.285868 0.185349 -0.043792
v 0.288009 0.185349 -0.030271
v 0.311849 0.103350 -0.047773
v 0.315720 0.112696 -0.048366
v 0.317851 0.122679 -0.048692
v 0.318178 0.133001 -0.048742
v 0.316699 0.143357 -0.048516
v 0.313476 0.153437 -0.048022
v 0.308633 0.162947 -0.047280
v 0.302333 0.171601 -0.046316
v 0.288714 0.179142 -0.074753
v 0.279978 0.185349 -0.072488
v 0.283267 0.185349 -0.060211
v 0.305416 0.103350 -0.079078
v 0.309208 0.112696 -0.080059
v 0.311294 0.122679 -0.080600
v 0.311613 0.133001 -0.080682
v 0.310166 0.143357 -0.080307
v 0.307011 0.153437 -0.079490
v 0.302266 0.162947 -0.078261
v 0.296097 0.171601 -0.076665
v 0.279668 0.179142 -0.103578
v 0.271217 0.185349 -0.100444
v 0.275421 0.185349 -0.089490
v 0.295849 0.103350 -0.109571
v 0.299520 0.112696 -0.110930
v 0.301542 0.122679 -0.111679
v 0.301853 0.133001 -0.111793
v 0.300449 0.143357 -0.111275
v 0.297393 0.153437 -0.110142
v 0.292799 0.162947 -0.108440
v 0.286823 0.171601 -0.106227
v 0.267755 0.179142 -0.131340
v 0.259676 0.185349 -0.127371
v 0.264559 0.185349 -0.117789
v 0.283245 0.103350 -0.138938
v 0.286761 0.112696 -0.140663
v 0.288697 0.122679 -0.141612
v 0.288993 0.133001 -0.141759
v 0.287651 0.143357 -0.141099
v 0.284726 0.153437 -0.139664
v 0.280324 0.162947 -0.137506
v 0.274604 0.171601 -0.134700
v 0.253096 0.179142 -0.157755
v 0.245472 0.185349 -0.152997
v 0.250797 0.185349 -0.144798
v 0.267735 0.103350 -0.166882
v 0.271059 0.112696 -0.168952
v 0.272888 0.122679 -0.170092
v 0.273171 0.133001 -0.170268
v 0.271900 0.143357 -0.169476
v 0.269135 0.153437 -0.167754
v 0.264975 0.162947 -0.165161
v 0.259569 0.171601 -0.161790
v 0.235837 0.179142 -0.182550
v 0.228751 0.185349 -0.177057
v 0.234287 0.185349 -0.170220
v 0.249480 0.103350 -0.193112
v 0.252576 0.112696 -0.195509
v 0.254280 0.122679 -0.196829
v 0.254543 0.133001 -0.197030
v 0.253360 0.143357 -0.196114
v 0.250782 0.153437 -0.194120
v 0.246906 0.162947 -0.191121
v 0.241869 0.171601 -0.187220
v 0.216158 0.179142 -0.205473
v 0.209682 0.185349 -0.199306
v 0.215212 0.185349 -0.193777
v 0.228663 0.103350 -0.217361
v 0.231502 0.112696 -0.220058
v 0.233063 0.122679 -0.221544
v 0.233304 0.133001 -0.221771
v 0.232219 0.143357 -0.220741
v 0.229857 0.153437 -0.218495
v 0.226305 0.162947 -0.215118
v 0.221686 0.171601 -0.210729
v 0.194262 0.179142 -0.226288
v 0.188460 0.185349 -0.219517
v 0.193777 0.185349 -0.215212
v 0.205500 0.103350 -0.239379
v 0.208050 0.112696 -0.242350
v 0.209454 0.122679 -0.243986
v 0.209669 0.133001 -0.244236
v 0.208695 0.143357 -0.243101
v 0.206573 0.153437 -0.240628
v 0.203380 0.162947 -0.236909
v 0.199230 0.171601 -0.232075
v 0.170372 0.179142 -0.244780
v 0.165302 0.185349 -0.237482
v 0.170219 0.185349 -0.234287
v 0.180227 0.103350 -0.258941
v 0.182465 0.112696 -0.262154
v 0.183696 0.122679 -0.263924
v 0.183885 0.133001 -0.264195
v 0.183031 0.143357 -0.262967
v 0.181168 0.153437 -0.260292
v 0.178369 0.162947 -0.256269
v 0.174729 0.171601 -0.251039
v 0.144734 0.179142 -0.260761
v 0.140445 0.185349 -0.253016
v 0.144798 0.185349 -0.250797
v 0.153106 0.103350 -0.275846
v 0.155007 0.112696 -0.279269
v 0.156053 0.122679 -0.281154
v 0.156213 0.133001 -0.281443
v 0.155488 0.143357 -0.280136
v 0.153907 0.153437 -0.277285
v 0.151528 0.162947 -0.273000
v 0.148435 0.171601 -0.267430
v 0.117611 0.179142 -0.274065
v 0.114139 0.185349 -0.265959
v 0.124414 0.103350 -0.289920
v 0.125959 0.112696 -0.293518
v 0.126809 0.122679 -0.295499
v 0.126939 0.133001 -0.295803
v 0.126349 0.143357 -0.294428
v 0.125064 0.153437 -0.291434
v 0.123131 0.162947 -0.286929
v 0.120618 0.171601 -0.281075
v 0.089280 0.179142 -0.284558
v 0.086659 0.185349 -0.276180
v 0.094445 0.103350 -0.301019
v 0.095618 0.112696 -0.304755
v 0.096263 0.122679 -0.306812
v 0.096361 0.133001 -0.307126
v 0.095915 0.143357 -0.305701
v 0.094939 0.153437 -0.302590
v 0.093471 0.162947 -0.297914
v 0.091563 0.171601 -0.291835
v 0.060033 0.179142 -0.292130
v 0.058280 0.185349 -0.283573
v 0.063507 0.103350 -0.309030
v 0.064296 0.112696 -0.312864
v 0.064729 0.122679 -0.314977
v 0.064795 0.133001 -0.315301
v 0.064495 0.143357 -0.313835
v 0.063838 0.153437 -0.310642
v 0.062853 0.162947 -0.305842
v 0.061569 0.171601 -0.299601
v 0.030172 0.179142 -0.296703
v 0.029295 0.185349 -0.288061
v 0.030271 0.185349 -0.288009
v 0.031917 0.103350 -0.313869
v 0.032314 0.112696 -0.317765
v 0.032531 0.122679 -0.319908
v 0.032565 0.133001 -0.320238
v 0.032412 0.143357 -0.318749
v 0.032084 0.153437 -0.315508
v 0.031589 0.162947 -0.310632
v 0.030942 0.171601 -0.304292
v -0.028103 0.199650 -0.267378
v 0.000000 0.199650 -0.268851
v -0.055897 0.199650 -0.262976
v -0.083081 0.199650 -0.255693
v -0.109351 0.199650 -0.245608
v -0.134426 0.199650 -0.232832
v -0.158027 0.199650 -0.217504
v -0.179896 0.199650 -0.199796
v -0.199796 0.199650 -0.179896
v -0.217504 0.199650 -0.158027
v -0.232832 0.199650 -0.134426
v -0.245608 0.199650 -0.109351
v -0.255693 0.199650 -0.083081
v -0.262976 0.199650 -0.055897
v -0.267378 0.199650 -0.028103
v -0.268851 0.199650 0.000000
v -0.267378 0.199650 0.028103
v -0.262976 0.199650 0.055897
v -0.255693 0.199650 0.083081
v -0.245608 0.199650 0.109351
v -0.232832 0.199650 0.134426
v -0.217504 0.199650 0.158027
v -0.199796 0.199650 0.179896
v -0.179896 0.199650 0.199796
v -0.158027 0.199650 0.217504
v -0.134426 0.199650 0.232832
v -0.109351 0.199650 0.245608
v -0.083081 0.199650 0.255693
v -0.055897 0.199650 0.262976
v -0.028103 0.199650 0.267378
v 0.000000 0.199650 0.268851
v 0.028103 0.199650 0.267378
v 0.055897 0.199650 0.262976
v 0.083081 0.199650 0.255693
v 0.109351 0.199650 0.245608
v 0.134426 0.199650 0.232832
v 0.158027 0.199650 0.217504
v 0.179896 0.199650 0.199796
v 0.199794 0.199650 0.179896
v 0.217504 0.199650 0.158027
v 0.232832 0.199650 0.134426
v 0.245608 0.199650 0.109351
v 0.255693 0.199650 0.083081
v 0.262976 0.199650 0.055897
v 0.267378 0.199650 0.028103
v 0.268851 0.199650 0.000000
v 0.267378 0.199650 -0.028103
v 0.262976 0.199650 -0.055897
v 0.255693 0.199650 -0.083081
v 0.245608 0.199650 -0.109351
v 0.232832 0.199650 -0.134426
v 0.217504 0.199650 -0.158027
v 0.199794 0.199650 -0.179896
v 0.179896 0.199650 -0.199796
v 0.158027 0.199650 -0.217504
v 0.134426 0.199650 -0.232832
v 0.109351 0.199650 -0.245608
v 0.083081 0.199650 -0.255693
v 0.055897 0.199650 -0.262976
v 0.028103 0.199650 -0.267378
v 0.026120 0.216381 -0.248503
v 0.051951 0.216381 -0.244412
v 0.077214 0.216381 -0.237642
v 0.101631 0.216381 -0.228270
v 0.124935 0.216381 -0.216395
v 0.146870 0.216381 -0.202150
v 0.167197 0.216381 -0.185691
v 0.185691 0.216381 -0.167197
v 0.202150 0.216381 -0.146870
v 0.216395 0.216381 -0.124935
v 0.228270 0.216381 -0.101631
v 0.237642 0.216381 -0.077214
v 0.244412 0.216381 -0.051951
v 0.248503 0.216381 -0.026120
v 0.249872 0.216381 0.000000
v 0.248503 0.216381 0.026120
v 0.244412 0.216381 0.051951
v 0.237642 0.216381 0.077214
v 0.228270 0.216381 0.101631
v 0.216395 0.216381 0.124935
v 0.202150 0.216381 0.146870
v 0.185691 0.216381 0.167196
v 0.167197 0.216381 0.185691
v 0.146870 0.216381 0.202150
v 0.124935 0.216381 0.216395
v 0.101631 0.216381 0.228270
v 0.077214 0.216381 0.237642
v 0.051951 0.216381 0.244412
v 0.026120 0.216381 0.248503
v 0.000000 0.216381 0.249872
v -0.026120 0.216381 0.248503
v -0.051951 0.216381 0.244412
v -0.077214 0.216381 0.237642
v -0.101631 0.216381 0.228270
v -0.124935 0.216381 0.216395
v -0.146870 0.216381 0.202150
v -0.167197 0.216381 0.185691
v -0.185691 0.216381 0.167196
v -0.202150 0.216381 0.146870
v -0.216395 0.216381 0.124935
v -0.228270 0.216381 0.101631
v -0.237642 0.216381 0.077214
v -0.244412 0.216381 0.051951
v -0.248503 0.216381 0.026120
v -0.249872 0.216381 0.000000
v -0.248503 0.216381 -0.026120
v -0.244412 0.216381 -0.051951
v -0.237642 0.216381 -0.077214
v -0.228270 0.216381 -0.101631
v -0.216395 0.216381 -0.124935
v -0.202150 0.216381 -0.146870
v -0.185691 0.216381 -0.167197
v -0.167197 0.216381 -0.185691
v -0.146870 0.216381 -0.202150
v -0.124935 0.216381 -0.216395
v -0.101631 0.216381 -0.228270
v -0.077214 0.216381 -0.237642
v -0.051951 0.216381 -0.244412
v -0.026120 0.216381 -0.248503
v 0.000000 0.216381 -0.249872
v 0.024351 0.235275 -0.231683
v 0.048434 0.235275 -0.227868
v 0.071988 0.235275 -0.221557
v 0.094753 0.235275 -0.212818
v 0.116480 0.235275 -0.201749
v 0.136929 0.235275 -0.188466
v 0.155880 0.235275 -0.173123
v 0.173123 0.235275 -0.155880
v 0.188466 0.235275 -0.136929
v 0.201747 0.235275 -0.116480
v 0.212818 0.235275 -0.094753
v 0.221557 0.235275 -0.071988
v 0.227868 0.235275 -0.048434
v 0.231682 0.235275 -0.024351
v 0.232958 0.235275 0.000000
v 0.231682 0.235275 0.024351
v 0.227868 0.235275 0.048434
v 0.221557 0.235275 0.071988
v 0.212818 0.235275 0.094753
v 0.201747 0.235275 0.116480
v 0.188466 0.235275 0.136929
v 0.173123 0.235275 0.155880
v 0.155880 0.235275 0.173123
v 0.136929 0.235275 0.188466
v 0.116480 0.235275 0.201749
v 0.094753 0.235275 0.212818
v 0.071988 0.235275 0.221557
v 0.048434 0.235275 0.227868
v 0.024351 0.235275 0.231682
v 0.000000 0.235275 0.232958
v -0.024351 0.235275 0.231682
v -0.048434 0.235275 0.227868
v -0.071988 0.235275 0.221557
v -0.094753 0.235275 0.212818
v -0.116480 0.235275 0.201749
v -0.136929 0.235275 0.188466
v -0.155880 0.235275 0.173123
v -0.173123 0.235275 0.155880
v -0.188466 0.235275 0.136929
v -0.201749 0.235275 0.116480
v -0.212818 0.235275 0.094753
v -0.221557 0.235275 0.071988
v -0.227868 0.235275 0.048434
v -0.231682 0.235275 0.024351
v -0.232958 0.235275 0.000000
v -0.231682 0.235275 -0.024351
v -0.227868 0.235275 -0.048434
v -0.221557 0.235275 -0.071988
v -0.212818 0.235275 -0.094753
v -0.201749 0.235275 -0.116480
v -0.188466 0.235275 -0.136929
v -0.173123 0.235275 -0.155880
v -0.155880 0.235275 -0.173123
v -0.136929 0.235275 -0.188466
v -0.116480 0.235275 -0.201749
v -0.094753 0.235275 -0.212818
v -0.071988 0.235275 -0.221557
v -0.048434 0.235275 -0.227868
v -0.024351 0.235275 -0.231683
v 0.000000 0.235275 -0.232958
v 0.022825 0.256027 -0.217175
v 0.045403 0.256027 -0.213599
v 0.067481 0.256027 -0.207684
v 0.088819 0.256027 -0.199491
v 0.109185 0.256027 -0.189114
v 0.128355 0.256027 -0.176666
v 0.146119 0.256027 -0.162282
v 0.162282 0.256027 -0.146119
v 0.176666 0.256027 -0.128355
v 0.189114 0.256027 -0.109185
v 0.199491 0.256027 -0.088819
v 0.207684 0.256027 -0.067481
v 0.213599 0.256027 -0.045403
v 0.217175 0.256027 -0.022825
v 0.218371 0.256027 0.000000
v 0.217175 0.256027 0.022825
v 0.213599 0.256027 0.045403
v 0.207684 0.256027 0.067481
v 0.199491 0.256027 0.088819
v 0.189114 0.256027 0.109185
v 0.176666 0.256027 0.128355
v 0.162282 0.256027 0.146119
v 0.146119 0.256027 0.162282
v 0.128355 0.256027 0.176666
v 0.109185 0.256027 0.189114
v 0.088819 0.256027 0.199491
v 0.067481 0.256027 0.207684
v 0.045403 0.256027 0.213599
v 0.022825 0.256027 0.217175
v 0.000000 0.256027 0.218371
v -0.022825 0.256027 0.217175
v -0.045403 0.256027 0.213599
v -0.067481 0.256027 0.207684
v -0.088819 0.256027 0.199491
v -0.109186 0.256027 0.189114
v -0.128355 0.256027 0.176666
v -0.146119 0.256027 0.162282
v -0.162282 0.256027 0.146119
v -0.176666 0.256027 0.128355
v -0.189114 0.256027 0.109185
v -0.199491 0.256027 0.088819
v -0.207684 0.256027 0.067481
v -0.213600 0.256027 0.045403
v -0.217175 0.256027 0.022825
v -0.218371 0.256027 0.000000
v -0.217175 0.256027 -0.022825
v -0.213600 0.256027 -0.045403
v -0.207684 0.256027 -0.067481
v -0.199491 0.256027 -0.088819
v -0.189114 0.256027 -0.109185
v -0.176666 0.256027 -0.128355
v -0.162282 0.256027 -0.146119
v -0.146119 0.256027 -0.162282
v -0.128355 0.256027 -0.176666
v -0.109186 0.256027 -0.189114
v -0.088819 0.256027 -0.199491
v -0.067481 0.256027 -0.207684
v -0.045403 0.256027 -0.213599
v -0.022825 0.256027 -0.217175
v 0.000000 0.256027 -0.218371
v 0.021566 0.278301 -0.205186
v 0.042896 0.278301 -0.201808
v 0.063754 0.278301 -0.196220
v 0.083917 0.278301 -0.188480
v 0.103159 0.278301 -0.178676
v 0.121269 0.278301 -0.166913
v 0.138053 0.278301 -0.153323
v 0.153323 0.278301 -0.138053
v 0.166913 0.278301 -0.121269
v 0.178676 0.278301 -0.103159
v 0.188480 0.278301 -0.083917
v 0.196220 0.278301 -0.063755
v 0.201809 0.278301 -0.042896
v 0.205186 0.278301 -0.021566
v 0.206317 0.278301 0.000000
v 0.205186 0.278301 0.021566
v 0.201809 0.278301 0.042896
v 0.196220 0.278301 0.063755
v 0.188480 0.278301 0.083917
v 0.178676 0.278301 0.103159
v 0.166913 0.278301 0.121269
v 0.153323 0.278301 0.138053
v 0.138053 0.278301 0.153323
v 0.121269 0.278301 0.166913
v 0.103159 0.278301 0.178676
v 0.083917 0.278301 0.188480
v 0.063754 0.278301 0.196220
v 0.042896 0.278301 0.201808
v 0.021566 0.278301 0.205186
v 0.000000 0.278301 0.206317
v -0.021566 0.278301 0.205186
v -0.042896 0.278301 0.201808
v -0.063755 0.278301 0.196220
v -0.083917 0.278301 0.188480
v -0.103159 0.278301 0.178676
v -0.121269 0.278301 0.166913
v -0.138053 0.278301 0.153323
v -0.153323 0.278301 0.138053
v -0.166913 0.278301 0.121269
v -0.178676 0.278301 0.103159
v -0.188480 0.278301 0.083917
v -0.196220 0.278301 0.063755
v -0.201809 0.278301 0.042896
v -0.205186 0.278301 0.021566
v -0.206318 0.278301 0.000000
v -0.205186 0.278301 -0.021566
v -0.201809 0.278301 -0.042896
v -0.196220 0.278301 -0.063755
v -0.188480 0.278301 -0.083917
v -0.178676 0.278301 -0.103159
v -0.166913 0.278301 -0.121269
v -0.153323 0.278301 -0.138053
v -0.138053 0.278301 -0.153323
v -0.121269 0.278301 -0.166913
v -0.103159 0.278301 -0.178676
v -0.083917 0.278301 -0.188480
v -0.063755 0.278301 -0.196220
v -0.042896 0.278301 -0.201808
v -0.021566 0.278301 -0.205186
v 0.000000 0.278301 -0.206317
v 0.020704 0.301740 -0.196984
v 0.041180 0.301740 -0.193741
v 0.061206 0.301740 -0.188376
v 0.080562 0.301740 -0.180945
v 0.099035 0.301740 -0.171534
v 0.116422 0.301740 -0.160241
v 0.132535 0.301740 -0.147195
v 0.147195 0.301740 -0.132535
v 0.160241 0.301740 -0.116422
v 0.171534 0.301740 -0.099035
v 0.180945 0.301740 -0.080562
v 0.188376 0.301740 -0.061206
v 0.193741 0.301740 -0.041180
v 0.196984 0.301740 -0.020704
v 0.198070 0.301740 0.000000
v 0.196984 0.301740 0.020704
v 0.193741 0.301740 0.041180
v 0.188376 0.301740 0.061206
v 0.180945 0.301740 0.080562
v 0.171534 0.301740 0.099035
v 0.160241 0.301740 0.116422
v 0.147195 0.301740 0.132535
v 0.132535 0.301740 0.147195
v 0.116422 0.301740 0.160241
v 0.099035 0.301740 0.171534
v 0.080562 0.301740 0.180945
v 0.061206 0.301740 0.188376
v 0.041180 0.301740 0.193741
v 0.020704 0.301740 0.196984
v 0.000000 0.301740 0.198070
v -0.020704 0.301740 0.196984
v -0.041180 0.301740 0.193741
v -0.061206 0.301740 0.188376
v -0.080562 0.301740 0.180945
v -0.099035 0.301740 0.171534
v -0.116422 0.301740 0.160241
v -0.132535 0.301740 0.147195
v -0.147195 0.301740 0.132535
v -0.160241 0.301740 0.116422
v -0.171534 0.301740 0.099035
v -0.180945 0.301740 0.080562
v -0.188376 0.301740 0.061206
v -0.193741 0.301740 0.041180
v -0.196984 0.301740 0.020704
v -0.198070 0.301740 0.000000
v -0.196984 0.301740 -0.020704
v -0.193741 0.301740 -0.041180
v -0.188376 0.301740 -0.061206
v -0.180945 0.301740 -0.080562
v -0.171534 0.301740 -0.099035
v -0.160241 0.301740 -0.116422
v -0.147195 0.301740 -0.132535
v -0.132535 0.301740 -0.147195
v -0.116422 0.301740 -0.160241
v -0.099035 0.301740 -0.171534
v -0.080562 0.301740 -0.180945
v -0.061206 0.301740 -0.188376
v -0.041180 0.301740 -0.193741
v -0.020704 0.301740 -0.196984
v 0.000000 0.301740 -0.198070
v 0.020161 0.325965 -0.191804
v 0.040097 0.325965 -0.188646
v 0.059597 0.325965 -0.183422
v 0.078445 0.325965 -0.176187
v 0.096431 0.325965 -0.167022
v 0.113361 0.325965 -0.156028
v 0.129048 0.325965 -0.143325
v 0.143325 0.325965 -0.129048
v 0.156028 0.325965 -0.113361
v 0.167022 0.325965 -0.096431
v 0.176187 0.325965 -0.078445
v 0.183422 0.325965 -0.059597
v 0.188646 0.325965 -0.040097
v 0.191804 0.325965 -0.020161
v 0.192861 0.325965 0.000000
v 0.191804 0.325965 0.020161
v 0.188646 0.325965 0.040097
v 0.183422 0.325965 0.059597
v 0.176187 0.325965 0.078445
v 0.167022 0.325965 0.096431
v 0.156028 0.325965 0.113361
v 0.143325 0.325965 0.129048
v 0.129048 0.325965 0.143325
v 0.113361 0.325965 0.156028
v 0.096431 0.325965 0.167022
v 0.078445 0.325965 0.176187
v 0.059597 0.325965 0.183422
v 0.040097 0.325965 0.188646
v 0.020161 0.325965 0.191804
v 0.000000 0.325965 0.192861
v -0.020161 0.325965 0.191804
v -0.040097 0.325965 0.188646
v -0.059597 0.325965 0.183422
v -0.078445 0.325965 0.176187
v -0.096431 0.325965 0.167022
v -0.113361 0.325965 0.156028
v -0.129048 0.325965 0.143325
v -0.143325 0.325965 0.129048
v -0.156029 0.325965 0.113361
v -0.167022 0.325965 0.096431
v -0.176187 0.325965 0.078445
v -0.183422 0.325965 0.059597
v -0.188646 0.325965 0.040097
v -0.191804 0.325965 0.020161
v -0.192861 0.325965 0.000000
v -0.191804 0.325965 -0.020161
v -0.188646 0.325965 -0.040097
v -0.183422 0.325965 -0.059597
v -0.176187 0.325965 -0.078445
v -0.167022 0.325965 -0.096431
v -0.156029 0.325965 -0.113361
v -0.143325 0.325965 -0.129048
v -0.129048 0.325965 -0.143325
v -0.113361 0.325965 -0.156028
v -0.096431 0.325965 -0.167022
v -0.078445 0.325965 -0.176187
v -0.059597 0.325965 -0.183422
v -0.040097 0.325965 -0.188646
v -0.020161 0.325965 -0.191804
v 0.000000 0.325965 -0.192861
v 0.019906 0.350588 -0.189405
v 0.039596 0.350588 -0.186288
v 0.058853 0.350588 -0.181128
v 0.077463 0.350588 -0.173984
v 0.095225 0.350588 -0.164933
v 0.111943 0.350588 -0.154076
v 0.127435 0.350588 -0.141531
v 0.141531 0.350588 -0.127435
v 0.154076 0.350588 -0.111943
v 0.164933 0.350588 -0.095225
v 0.173984 0.350588 -0.077463
v 0.181128 0.350588 -0.058853
v 0.186288 0.350588 -0.039596
v 0.189405 0.350588 -0.019906
v 0.190449 0.350588 0.000000
v 0.189405 0.350588 0.019906
v 0.186288 0.350588 0.039596
v 0.181128 0.350588 0.058853
v 0.173984 0.350588 0.077463
v 0.164933 0.350588 0.095225
v 0.154076 0.350588 0.111943
v 0.141531 0.350588 0.127435
v 0.127435 0.350588 0.141531
v 0.111943 0.350588 0.154076
v 0.095225 0.350588 0.164933
v 0.077463 0.350588 0.173984
v 0.058853 0.350588 0.181128
v 0.039596 0.350588 0.186288
v 0.019906 0.350588 0.189405
v 0.000000 0.350588 0.190449
v -0.019906 0.350588 0.189405
v -0.039596 0.350588 0.186288
v -0.058853 0.350588 0.181128
v -0.077463 0.350588 0.173984
v -0.095225 0.350588 0.164933
v -0.111943 0.350588 0.154076
v -0.127435 0.350588 0.141531
v -0.141531 0.350588 0.127435
v -0.154076 0.350588 0.111943
v -0.164933 0.350588 0.095225
v -0.173984 0.350588 0.077463
v -0.181128 0.350588 0.058853
v -0.186288 0.350588 0.039596
v -0.189405 0.350588 0.019906
v -0.190449 0.350588 0.000000
v -0.189405 0.350588 -0.019906
v -0.186288 0.350588 -0.039596
v -0.181128 0.350588 -0.058853
v -0.173984 0.350588 -0.077463
v -0.164933 0.350588 -0.095225
v -0.154076 0.350588 -0.111943
v -0.141531 0.350588 -0.127435
v -0.127435 0.350588 -0.141531
v -0.111943 0.350588 -0.154076
v -0.095225 0.350588 -0.164933
v -0.077463 0.350588 -0.173984
v -0.058853 0.350588 -0.181128
v -0.039596 0.350588 -0.186288
v -0.019906 0.350588 -0.189405
v 0.000000 0.350588 -0.190449
v -0.011381 0.350588 0.170022
v 0.011381 0.350588 0.170022
v 0.033941 0.350588 0.166988
v 0.055896 0.350588 0.160973
v 0.076852 0.350588 0.152087
v 0.096439 0.350588 0.140486
v 0.114302 0.350588 0.126380
v 0.130129 0.350588 0.110017
v -0.159017 0.350588 -0.061243
v -0.165761 0.350588 -0.039501
v -0.169546 0.350588 -0.017056
v -0.170306 0.350588 0.005693
v -0.096439 0.350588 0.140486
v -0.076854 0.350588 0.152087
v -0.055896 0.350588 0.160973
v -0.033941 0.350588 0.166988
v -0.143631 0.350588 0.091691
v -0.130129 0.350588 0.110017
v -0.114302 0.350588 0.126380
v -0.168028 0.350588 0.028342
v -0.162751 0.350588 0.050486
v -0.154570 0.350588 0.071729
v 0.143630 0.350588 0.091691
v 0.154570 0.350588 0.071729
v 0.162751 0.350588 0.050486
v 0.168028 0.350588 0.028342
v -0.105606 0.350588 -0.133731
v -0.122489 0.350588 -0.118462
v -0.137186 0.350588 -0.101080
v -0.149434 0.350588 -0.081893
v 0.170306 0.350588 0.005693
v 0.169546 0.350588 -0.017056
v 0.165761 0.350588 -0.039501
v -0.022712 0.350588 -0.168881
v -0.045019 0.350588 -0.164348
v -0.066524 0.350588 -0.156879
v -0.086839 0.350588 -0.146613
v 0.122489 0.350588 -0.118462
v 0.105606 0.350588 -0.133731
v 0.086839 0.350588 -0.146613
v 0.066524 0.350588 -0.156879
v 0.045019 0.350588 -0.164348
v 0.159017 0.350588 -0.061243
v 0.149434 0.350588 -0.081893
v 0.137186 0.350588 -0.101080
v 0.022712 0.350588 -0.168881
v 0.000000 0.350588 -0.170402
v 0.006821 0.876471 -0.080110
v 0.010739 0.876471 -0.079848
v 0.010749 0.809544 -0.079935
v 0.045015 0.876471 -0.066603
v 0.049932 0.876471 -0.063228
v 0.049985 0.809544 -0.063300
v 0.055649 0.876471 -0.058056
v 0.057913 0.876471 -0.056009
v 0.057978 0.809544 -0.056072
v 0.076863 0.876471 -0.023539
v 0.078372 0.876471 -0.018677
v 0.078458 0.809544 -0.018698
v 0.078603 0.876471 0.016935
v 0.076949 0.876471 0.023870
v 0.077033 0.809544 0.023897
v 0.074597 0.876471 0.029978
v 0.073081 0.876471 0.033914
v 0.073161 0.809544 0.033951
v 0.050505 0.876471 0.062548
v 0.045597 0.876471 0.066422
v 0.045646 0.809544 0.066496
v 0.039213 0.876471 0.070204
v 0.036337 0.876471 0.071908
v 0.036377 0.809544 0.071987
v 0.000000 0.876471 0.080387
v -0.005381 0.876471 0.080387
v -0.005386 0.809544 0.080476
v -0.039213 0.876471 0.070204
v -0.045597 0.876471 0.066422
v -0.045646 0.809544 0.066496
v -0.050505 0.876471 0.062548
v -0.054043 0.876471 0.059752
v -0.054103 0.809544 0.059819
v -0.074597 0.876471 0.029978
v -0.076949 0.876471 0.023870
v -0.077034 0.809544 0.023897
v -0.078603 0.876471 0.016935
v -0.079445 0.876471 0.013402
v -0.079532 0.809544 0.013414
v -0.076863 0.876471 -0.023539
v -0.075183 0.876471 -0.028956
v -0.075266 0.809544 -0.028988
v -0.055650 0.876471 -0.058056
v -0.049932 0.876471 -0.063228
v -0.049985 0.809544 -0.063300
v -0.045015 0.876471 -0.066603
v -0.041059 0.876471 -0.069321
v -0.041103 0.809544 -0.069396
v -0.006821 0.876471 -0.080110
v 0.000000 0.876471 -0.080567
v 0.000000 0.809544 -0.080655
v 0.092644 0.414345 -0.117317
v 0.076182 0.414345 -0.128620
v 0.066825 0.478890 -0.112823
v 0.051191 0.478890 -0.120723
v 0.045033 0.544113 -0.106203
v 0.030477 0.544113 -0.111257
v 0.027017 0.609903 -0.098627
v 0.013631 0.609903 -0.101348
v 0.012258 0.676146 -0.091144
v 0.000000 0.676146 -0.091964
v 0.000000 0.742731 -0.084643
v -0.011282 0.742731 -0.083888
v -0.010750 0.809544 -0.079935
v -0.021309 0.809544 -0.077790
v 0.058359 0.414345 -0.137626
v 0.034643 0.478890 -0.126469
v 0.015376 0.544113 -0.114327
v 0.000000 0.609903 -0.102260
v -0.012258 0.676146 -0.091144
v -0.022362 0.742731 -0.081636
v -0.031487 0.809544 -0.074255
v -0.031453 0.876471 -0.074173
v -0.019925 0.414345 -0.148153
v -0.039494 0.414345 -0.144176
v -0.034643 0.478890 -0.126469
v -0.051191 0.478890 -0.120723
v -0.045033 0.544113 -0.106203
v -0.058787 0.544113 -0.099253
v -0.052114 0.609903 -0.087984
v -0.063376 0.609903 -0.080254
v -0.056995 0.676146 -0.072172
v -0.066107 0.676146 -0.063934
v -0.060843 0.742731 -0.058843
v -0.068145 0.742731 -0.050209
v -0.064933 0.809544 -0.047844
v -0.070731 0.809544 -0.038761
v -0.070653 0.876471 -0.038720
v -0.071816 0.876471 -0.036213
v -0.076182 0.414345 -0.128620
v -0.092646 0.414345 -0.117317
v -0.081267 0.478890 -0.102909
v -0.094258 0.478890 -0.091158
v -0.082920 0.544113 -0.080196
v -0.092870 0.544113 -0.068428
v -0.082326 0.609903 -0.060658
v -0.089677 0.609903 -0.049144
v -0.080649 0.676146 -0.044196
v -0.085819 0.676146 -0.033052
v -0.078988 0.742731 -0.030421
v -0.082339 0.742731 -0.019623
v -0.078458 0.809544 -0.018698
v -0.080251 0.809544 -0.008072
v -0.107456 0.414345 -0.103922
v -0.105567 0.478890 -0.077783
v -0.101162 0.544113 -0.055439
v -0.095428 0.609903 -0.036753
v -0.089460 0.676146 -0.021319
v -0.084218 0.742731 -0.008472
v -0.080611 0.809544 0.002695
v -0.080522 0.876471 0.002692
v -0.139499 0.414345 -0.053727
v -0.145414 0.414345 -0.034655
v -0.127556 0.478890 -0.030399
v -0.130470 0.478890 -0.013126
v -0.114778 0.544113 -0.011547
v -0.115291 0.544113 0.003855
v -0.102203 0.609903 0.003417
v -0.100836 0.609903 0.017009
v -0.090683 0.676146 0.015296
v -0.087836 0.676146 0.027247
v -0.080842 0.742731 0.025077
v -0.076778 0.742731 0.035629
v -0.073161 0.809544 0.033951
v -0.067984 0.809544 0.043399
v -0.148738 0.414345 -0.014963
v -0.131055 0.478890 0.004381
v -0.113749 0.544113 0.019188
v -0.097670 0.609903 0.030298
v -0.083421 0.676146 0.038711
v -0.071344 0.742731 0.045546
v -0.061593 0.809544 0.052074
v -0.061525 0.876471 0.052016
v -0.060414 0.876471 0.053165
v -0.142775 0.414345 0.044290
v -0.135600 0.414345 0.062923
v -0.118944 0.478890 0.055196
v -0.110527 0.478890 0.070557
v -0.097233 0.544113 0.062071
v -0.088092 0.544113 0.074476
v -0.078091 0.609903 0.066023
v -0.068595 0.609903 0.075842
v -0.061688 0.676146 0.068205
v -0.052047 0.676146 0.075820
v -0.047903 0.742731 0.069784
v -0.038176 0.742731 0.075546
v -0.036377 0.809544 0.071987
v -0.026456 0.809544 0.076194
v -0.126002 0.414345 0.080437
v -0.100137 0.478890 0.084659
v -0.077379 0.544113 0.085555
v -0.057873 0.609903 0.084308
v -0.041477 0.676146 0.082080
v -0.027765 0.742731 0.079959
v -0.016066 0.809544 0.079039
v -0.016049 0.876471 0.078952
v -0.013599 0.876471 0.079282
v -0.100275 0.414345 0.110868
v -0.084603 0.414345 0.123244
v -0.074212 0.478890 0.108107
v -0.059141 0.478890 0.117033
v -0.052026 0.544113 0.102958
v -0.037840 0.544113 0.108974
v -0.033544 0.609903 0.096603
v -0.020369 0.609903 0.100211
v -0.018319 0.676146 0.090122
v -0.006143 0.676146 0.091760
v -0.005653 0.742731 0.084454
v 0.005653 0.742731 0.084454
v 0.005386 0.809544 0.080476
v 0.016066 0.809544 0.079039
v -0.067420 0.414345 0.133421
v -0.043013 0.478890 0.123872
v -0.022977 0.544113 0.113046
v -0.006830 0.609903 0.102032
v 0.006143 0.676146 0.091760
v 0.016859 0.742731 0.082947
v 0.026456 0.809544 0.076194
v 0.026428 0.876471 0.076109
v -0.009984 0.414345 0.149155
v 0.009984 0.414345 0.149155
v 0.008758 0.478890 0.130835
v 0.026119 0.478890 0.128501
v 0.022977 0.544113 0.113046
v 0.037840 0.544113 0.108974
v 0.033544 0.609903 0.096603
v 0.046121 0.609903 0.091269
v 0.041477 0.676146 0.082080
v 0.052047 0.676146 0.075820
v 0.047903 0.742731 0.069784
v 0.056778 0.742731 0.062776
v 0.054103 0.809544 0.059819
v 0.061593 0.809544 0.052074
v 0.029776 0.414345 0.146492
v 0.043013 0.478890 0.123872
v 0.052026 0.544113 0.102958
v 0.057873 0.609903 0.084308
v 0.061688 0.676146 0.068205
v 0.064639 0.742731 0.054648
v 0.067984 0.809544 0.043399
v 0.067909 0.876471 0.043353
v 0.084603 0.414345 0.123244
v 0.100274 0.414345 0.110868
v 0.087959 0.478890 0.097251
v 0.100137 0.478890 0.084659
v 0.088092 0.544113 0.074476
v 0.097232 0.544113 0.062071
v 0.086194 0.609903 0.055024
v 0.092759 0.609903 0.043044
v 0.083421 0.676146 0.038711
v 0.087836 0.676146 0.027247
v 0.080842 0.742731 0.025077
v 0.083464 0.742731 0.014079
v 0.079532 0.809544 0.013414
v 0.080611 0.809544 0.002695
v 0.114156 0.414345 0.096514
v 0.110527 0.478890 0.070557
v 0.104639 0.544113 0.048558
v 0.097670 0.609903 0.030298
v 0.090683 0.676146 0.015296
v 0.084595 0.742731 0.002828
v 0.080251 0.809544 -0.008072
v 0.080162 0.876471 -0.008065
v 0.079800 0.876471 -0.010215
v 0.135600 0.414345 0.062923
v 0.142775 0.414345 0.044290
v 0.125240 0.478890 0.038850
v 0.129302 0.478890 0.021811
v 0.113749 0.544113 0.019188
v 0.115291 0.544113 0.003855
v 0.102203 0.609903 0.003417
v 0.101747 0.609903 -0.010236
v 0.091503 0.676146 -0.009205
v 0.089460 0.676146 -0.021319
v 0.082337 0.742731 -0.019623
v 0.078988 0.742731 -0.030421
v 0.075266 0.809544 -0.028988
v 0.070731 0.809544 -0.038761
v 0.147406 0.414345 0.024864
v 0.131055 0.478890 0.004381
v 0.114778 0.544113 -0.011547
v 0.099475 0.609903 -0.023706
v 0.085819 0.676146 -0.033052
v 0.074228 0.742731 -0.040678
v 0.064933 0.809544 -0.047844
v 0.064862 0.876471 -0.047792
v 0.145414 0.414345 -0.034655
v 0.139499 0.414345 -0.053727
v 0.122367 0.478890 -0.047127
v 0.114992 0.478890 -0.063017
v 0.101162 0.544113 -0.055439
v 0.092870 0.544113 -0.068428
v 0.082326 0.609903 -0.060658
v 0.073507 0.609903 -0.071091
v 0.066107 0.676146 -0.063934
v 0.056995 0.676146 -0.072172
v 0.052457 0.742731 -0.066428
v 0.043136 0.742731 -0.072827
v 0.041103 0.809544 -0.069396
v 0.031487 0.809544 -0.074255
v 0.131093 0.414345 -0.071841
v 0.105567 0.478890 -0.077783
v 0.082920 0.544113 -0.080196
v 0.063376 0.609903 -0.080254
v 0.046867 0.676146 -0.079128
v 0.033043 0.742731 -0.077926
v 0.021309 0.809544 -0.077790
v 0.021286 0.876471 -0.077704
v 0.107455 0.414345 -0.103922
v 0.081267 0.478890 -0.102909
v 0.058787 0.544113 -0.099253
v 0.039921 0.609903 -0.094146
v 0.024297 0.676146 -0.088697
v 0.011282 0.742731 -0.083888
v -0.021286 0.876471 -0.077704
v -0.010739 0.876471 -0.079848
v -0.033043 0.742731 -0.077926
v -0.024297 0.676146 -0.088697
v -0.013631 0.609903 -0.101348
v 0.000000 0.544113 -0.115357
v 0.017478 0.478890 -0.129957
v 0.039494 0.414345 -0.144176
v -0.043136 0.742731 -0.072827
v -0.035902 0.676146 -0.084667
v -0.027017 0.609903 -0.098627
v -0.015376 0.544113 -0.114327
v 0.000000 0.478890 -0.131128
v 0.019925 0.414345 -0.148153
v 0.000000 0.414345 -0.149488
v -0.017478 0.478890 -0.129957
v -0.030477 0.544113 -0.111257
v -0.039921 0.609903 -0.094146
v -0.046867 0.676146 -0.079128
v -0.052459 0.742731 -0.066428
v -0.057978 0.809544 -0.056072
v -0.064862 0.876471 -0.047792
v -0.057913 0.876471 -0.056009
v -0.074228 0.742731 -0.040678
v -0.074038 0.676146 -0.054553
v -0.073507 0.609903 -0.071091
v -0.071492 0.544113 -0.090532
v -0.066825 0.478890 -0.112823
v -0.058359 0.414345 -0.137626
v -0.080162 0.876471 -0.008065
v -0.079800 0.876471 -0.010215
v -0.078372 0.876471 -0.018677
v -0.084595 0.742731 0.002828
v -0.091503 0.676146 -0.009205
v -0.099475 0.609903 -0.023706
v -0.107648 0.544113 -0.041461
v -0.114992 0.478890 -0.063017
v -0.120347 0.414345 -0.088673
v -0.083464 0.742731 0.014079
v -0.091913 0.676146 0.003074
v -0.101747 0.609903 -0.010236
v -0.112214 0.544113 -0.026743
v -0.122367 0.478890 -0.047127
v -0.131093 0.414345 -0.071841
v -0.067909 0.876471 0.043353
v -0.073083 0.876471 0.033914
v -0.064639 0.742731 0.054648
v -0.077517 0.676146 0.049486
v -0.092759 0.609903 0.043044
v -0.110178 0.544113 0.034176
v -0.129302 0.478890 0.021811
v -0.149405 0.414345 0.004995
v -0.056778 0.742731 0.062776
v -0.070229 0.676146 0.059375
v -0.086194 0.609903 0.055024
v -0.104639 0.544113 0.048558
v -0.125240 0.478890 0.038850
v -0.147406 0.414345 0.024864
v -0.026428 0.876471 0.076109
v -0.036337 0.876471 0.071908
v -0.016859 0.742731 0.082947
v -0.030167 0.676146 0.086875
v -0.046121 0.609903 0.091269
v -0.065286 0.544113 0.095105
v -0.087959 0.478890 0.097251
v -0.114156 0.414345 0.096514
v 0.016049 0.876471 0.078952
v 0.013599 0.876471 0.079282
v 0.005381 0.876471 0.080387
v 0.027765 0.742731 0.079959
v 0.018319 0.676146 0.090122
v 0.006830 0.609903 0.102032
v -0.007704 0.544113 0.115098
v -0.026119 0.478890 0.128501
v -0.049036 0.414345 0.141216
v 0.038176 0.742731 0.075546
v 0.030167 0.676146 0.086875
v 0.020369 0.609903 0.100211
v 0.007704 0.544113 0.115098
v -0.008758 0.478890 0.130835
v -0.029776 0.414345 0.146492
v 0.061525 0.876471 0.052016
v 0.060414 0.876471 0.053165
v 0.054043 0.876471 0.059752
v 0.071344 0.742731 0.045546
v 0.070229 0.676146 0.059375
v 0.068595 0.609903 0.075842
v 0.065285 0.544113 0.095105
v 0.059141 0.478890 0.117033
v 0.049036 0.414345 0.141216
v 0.076778 0.742731 0.035629
v 0.077517 0.676146 0.049486
v 0.078091 0.609903 0.066023
v 0.077379 0.544113 0.085555
v 0.074212 0.478890 0.108107
v 0.067420 0.414345 0.133421
v 0.080522 0.876471 0.002692
v 0.079445 0.876471 0.013402
v 0.084218 0.742731 -0.008472
v 0.091912 0.676146 0.003074
v 0.100835 0.609903 0.017009
v 0.110178 0.544113 0.034176
v 0.118944 0.478890 0.055196
v 0.126002 0.414345 0.080437
v 0.070653 0.876471 -0.038720
v 0.071816 0.876471 -0.036213
v 0.075183 0.876471 -0.028956
v 0.068145 0.742731 -0.050209
v 0.080649 0.676146 -0.044196
v 0.095428 0.609903 -0.036753
v 0.112214 0.544113 -0.026743
v 0.130470 0.478890 -0.013126
v 0.149405 0.414345 0.004995
v 0.060843 0.742731 -0.058843
v 0.074038 0.676146 -0.054553
v 0.089677 0.609903 -0.049144
v 0.107648 0.544113 -0.041461
v 0.127556 0.478890 -0.030399
v 0.148738 0.414345 -0.014963
v 0.031452 0.876471 -0.074173
v 0.041059 0.876471 -0.069321
v 0.022362 0.742731 -0.081636
v 0.035902 0.676146 -0.084667
v 0.052114 0.609903 -0.087984
v 0.071492 0.544113 -0.090532
v 0.094258 0.478890 -0.091158
v 0.120347 0.414345 -0.088673
v 0.009064 0.888230 0.135388
v 0.000000 0.888230 0.135388
v -0.009064 0.888230 0.135388
v -0.022904 0.888230 0.133527
v -0.027029 0.888230 0.132972
v -0.044511 0.888230 0.128183
v -0.061199 0.888230 0.121107
v -0.066044 0.888230 0.118237
v -0.076794 0.888230 0.111870
v -0.085061 0.888230 0.105341
v -0.091020 0.888230 0.100635
v -0.101749 0.888230 0.089541
v -0.103621 0.888230 0.087606
v -0.114373 0.888230 0.073013
v -0.123084 0.888230 0.057119
v -0.125637 0.888230 0.050488
v -0.129599 0.888230 0.040202
v -0.132383 0.888230 0.028525
v -0.133801 0.888230 0.022569
v -0.135493 0.888230 0.005751
v -0.135010 0.888230 -0.013582
v -0.134399 0.888230 -0.017203
v -0.131994 0.888230 -0.031456
v -0.129456 0.888230 -0.039644
v -0.126625 0.888230 -0.048768
v -0.120953 0.888230 -0.060991
v -0.118996 0.888230 -0.065211
v -0.109241 0.888230 -0.080490
v -0.097538 0.888230 -0.094331
v -0.093724 0.888230 -0.097781
v -0.084094 0.888230 -0.106491
v -0.075814 0.888230 -0.112174
v -0.069150 0.888230 -0.116749
v -0.055813 0.888230 -0.123489
v -0.052973 0.888230 -0.124924
v -0.035849 0.888230 -0.130871
v -0.018086 0.888230 -0.134481
v -0.011488 0.888230 -0.134922
v 0.000000 0.888230 -0.135690
v 0.011488 0.888230 -0.134922
v 0.018086 0.888230 -0.134481
v 0.034170 0.888230 -0.131210
v 0.052973 0.888230 -0.124924
v 0.055813 0.888230 -0.123489
v 0.069150 0.888230 -0.116749
v 0.075814 0.888230 -0.112174
v 0.084094 0.888230 -0.106491
v 0.093724 0.888230 -0.097781
v 0.097538 0.888230 -0.094331
v 0.109083 0.888230 -0.080677
v 0.118994 0.888230 -0.065211
v 0.120953 0.888230 -0.060991
v 0.126625 0.888230 -0.048768
v 0.129454 0.888230 -0.039644
v 0.131994 0.888230 -0.031456
v 0.134399 0.888230 -0.017203
v 0.135010 0.888230 -0.013582
v 0.135616 0.888230 0.004534
v 0.133801 0.888230 0.022569
v 0.132381 0.888230 0.028525
v 0.129599 0.888230 0.040202
v 0.125637 0.888230 0.050488
v 0.123084 0.888230 0.057119
v 0.115431 0.888230 0.071082
v 0.103621 0.888230 0.087606
v 0.101749 0.888230 0.089541
v 0.091020 0.888230 0.100635
v 0.085061 0.888230 0.105341
v 0.076794 0.888230 0.111870
v 0.066044 0.888230 0.118237
v 0.061198 0.888230 0.121107
v 0.045186 0.888230 0.127896
v 0.027029 0.888230 0.132972
v 0.022903 0.888230 0.133527
v 0.046252 0.938173 -0.130902
v 0.054320 0.938173 -0.128101
v 0.055610 0.937117 -0.131145
v 0.067773 0.938173 -0.121302
v 0.072593 0.937117 -0.122562
v 0.118236 0.938173 -0.072796
v 0.122020 0.938173 -0.066868
v 0.124918 0.937117 -0.068458
v 0.129000 0.938173 -0.051830
v 0.129845 0.938173 -0.050009
v 0.132928 0.937117 -0.051196
v 0.137756 0.938173 0.017647
v 0.137204 0.938173 0.023143
v 0.140463 0.937117 0.023693
v 0.096126 0.938173 0.100309
v 0.093335 0.938173 0.103195
v 0.095552 0.937117 0.105647
v 0.077884 0.938173 0.115226
v 0.062753 0.938173 0.124187
v 0.064244 0.937117 0.127137
v -0.011780 0.938173 0.138497
v -0.027715 0.938173 0.136353
v -0.028374 0.937117 0.139593
v -0.034982 0.938173 0.134363
v -0.045642 0.938173 0.131442
v -0.046726 0.937117 0.134566
v -0.133011 0.938173 0.040737
v -0.137204 0.938173 0.023143
v -0.140463 0.937117 0.023693
v -0.129000 0.938173 -0.051830
v -0.122020 0.938173 -0.066868
v -0.124919 0.937117 -0.068458
v -0.118236 0.938173 -0.072796
v -0.112019 0.938173 -0.082536
v -0.114680 0.937117 -0.084496
v -0.023467 0.938173 -0.136900
v -0.018546 0.938173 -0.137901
v -0.018985 0.937117 -0.141177
v 0.054286 0.889287 -0.128023
v 0.070866 0.889287 -0.119645
v 0.086182 0.889287 -0.109131
v 0.121945 0.889287 -0.066828
v 0.129765 0.889287 -0.049978
v 0.138979 0.889287 0.004647
v 0.106192 0.889287 0.089779
v 0.093277 0.889287 0.103132
v -0.093278 0.889287 0.103132
v -0.106192 0.889287 0.089779
v -0.137121 0.889287 0.023129
v -0.138980 0.889287 0.004647
v -0.121946 0.889287 -0.066828
v -0.070866 0.889287 -0.119645
v -0.054286 0.889287 -0.128023
v -0.018534 0.889287 -0.137817
v -0.135269 0.889287 -0.032236
v -0.138360 0.889287 -0.013921
v -0.126138 0.889287 0.058534
v -0.117210 0.889287 0.074824
v -0.078699 0.889287 0.114644
v -0.062715 0.889287 0.124111
v -0.064169 0.890987 0.126988
v -0.009288 0.889287 0.138747
v 0.045614 0.889287 0.131363
v 0.062715 0.889287 0.124111
v 0.117210 0.889287 0.074824
v 0.126138 0.889287 0.058534
v 0.137121 0.889287 0.023129
v 0.138358 0.889287 -0.013921
v 0.135269 0.889287 -0.032236
v 0.111951 0.889287 -0.082486
v 0.036738 0.889287 -0.134116
v 0.018534 0.889287 -0.137817
v -0.047655 0.893284 0.137238
v -0.046671 0.890987 0.134407
v -0.045614 0.889287 0.131363
v -0.019364 0.893284 -0.143981
v 0.000000 0.893284 -0.145278
v 0.000000 0.890987 -0.142280
v -0.029474 0.896119 0.145007
v -0.028937 0.893284 0.142367
v -0.028341 0.890987 0.139430
v -0.010040 0.899413 0.149958
v -0.009883 0.896119 0.147641
v -0.009704 0.893284 0.144954
v -0.009503 0.890987 0.141962
v 0.010165 0.903079 0.151843
v 0.009883 0.896119 0.147641
v 0.009704 0.893284 0.144954
v 0.009503 0.890987 0.141962
v 0.009288 0.889287 0.138747
v -0.020284 0.903079 -0.150825
v 0.000000 0.903079 -0.152183
v 0.030592 0.907017 0.150509
v 0.030312 0.903079 0.149133
v 0.029474 0.896119 0.145007
v 0.028937 0.893284 0.142367
v 0.028341 0.890987 0.139430
v -0.020471 0.907017 -0.152217
v 0.000000 0.907017 -0.153587
v 0.050670 0.911122 0.145921
v 0.050380 0.907017 0.145089
v 0.049920 0.903079 0.143762
v 0.049300 0.899413 0.141978
v 0.048538 0.896119 0.139784
v 0.047655 0.893284 0.137238
v 0.046671 0.890987 0.134407
v 0.069816 0.915282 0.138159
v 0.069666 0.911122 0.137865
v 0.069269 0.907017 0.137079
v 0.068636 0.903079 0.135827
v 0.066737 0.896119 0.132068
v 0.065521 0.893284 0.129663
v 0.064169 0.890987 0.126988
v 0.087474 0.919387 0.127428
v 0.087606 0.915282 0.127622
v 0.087421 0.911122 0.127349
v 0.086922 0.907017 0.126623
v 0.086127 0.903079 0.125466
v 0.085059 0.899413 0.123908
v 0.083743 0.896119 0.121995
v 0.082219 0.893284 0.119773
v 0.080524 0.890987 0.117301
v 0.078699 0.889287 0.114644
v 0.103142 0.923325 0.114039
v 0.103678 0.919387 0.114631
v 0.103835 0.915282 0.114806
v 0.103614 0.911122 0.114561
v 0.103024 0.907017 0.113908
v 0.102081 0.903079 0.112866
v 0.100815 0.899413 0.111466
v 0.099256 0.896119 0.109744
v 0.097449 0.893284 0.107746
v 0.095439 0.890987 0.105522
v -0.095439 0.890987 0.105522
v -0.080524 0.890987 0.117301
v -0.082219 0.893284 0.119773
v -0.065521 0.893284 0.129663
v -0.066737 0.896119 0.132068
v -0.048538 0.896119 0.139784
v -0.049300 0.899413 0.141978
v -0.029938 0.899413 0.147282
v -0.010259 0.907017 0.153244
v 0.010259 0.907017 0.153244
v 0.010317 0.911122 0.154123
v 0.030767 0.911122 0.151372
v 0.030833 0.915282 0.151695
v 0.050777 0.915282 0.146231
v 0.050700 0.919387 0.146009
v 0.069709 0.919387 0.137949
v 0.069349 0.923325 0.137238
v 0.087022 0.923325 0.126770
v 0.086262 0.926991 0.125662
v 0.116395 0.926991 0.098406
v 0.117422 0.923325 0.099274
v 0.118031 0.919387 0.099790
v 0.118211 0.915282 0.099941
v 0.117960 0.911122 0.099729
v 0.117286 0.907017 0.099160
v 0.116215 0.903079 0.098254
v 0.114771 0.899413 0.097034
v 0.112999 0.896119 0.095533
v 0.110942 0.893284 0.093796
v 0.108653 0.890987 0.091859
v -0.108653 0.890987 0.091859
v -0.097449 0.893284 0.107746
v -0.083743 0.896119 0.121995
v -0.067783 0.899413 0.134139
v -0.049920 0.903079 0.143762
v -0.030592 0.907017 0.150509
v -0.010317 0.911122 0.154123
v 0.010338 0.915282 0.154452
v 0.030787 0.919387 0.151465
v 0.050439 0.923325 0.145257
v 0.085209 0.930285 0.124129
v 0.126907 0.930285 0.081015
v 0.128473 0.926991 0.082015
v 0.129607 0.923325 0.082738
v 0.130278 0.919387 0.083166
v 0.130476 0.915282 0.083294
v 0.130199 0.911122 0.083116
v 0.129457 0.907017 0.082642
v 0.128273 0.903079 0.081887
v 0.126682 0.899413 0.080871
v 0.124724 0.896119 0.079621
v 0.122453 0.893284 0.078171
v 0.119927 0.890987 0.076558
v -0.119927 0.890987 0.076558
v -0.110942 0.893284 0.093796
v -0.099258 0.896119 0.109744
v -0.085059 0.899413 0.123908
v -0.050380 0.907017 0.145089
v -0.030768 0.911122 0.151372
v -0.010341 0.915282 0.154452
v 0.010323 0.919387 0.154217
v 0.030628 0.923325 0.150682
v 0.049997 0.926991 0.143986
v 0.067906 0.930285 0.134379
v 0.083894 0.933119 0.122212
v 0.134463 0.933119 0.062398
v 0.136573 0.930285 0.063376
v 0.138258 0.926991 0.064157
v 0.139477 0.923325 0.064724
v 0.140201 0.919387 0.065059
v 0.140415 0.915282 0.065159
v 0.140116 0.911122 0.065019
v 0.139317 0.907017 0.064650
v 0.138043 0.903079 0.064060
v 0.136330 0.899413 0.063264
v 0.134224 0.896119 0.062287
v 0.131780 0.893284 0.061152
v -0.040577 0.907017 -0.148129
v -0.040809 0.911122 -0.148979
v -0.060302 0.911122 -0.142210
v -0.060430 0.915282 -0.142514
v -0.078888 0.915282 -0.133186
v -0.078767 0.919387 -0.132984
v -0.095791 0.919387 -0.121301
v -0.095295 0.923325 -0.120673
v -0.110529 0.923325 -0.106895
v -0.109563 0.926991 -0.105960
v -0.122709 0.926991 -0.090412
v -0.121212 0.930285 -0.089310
v -0.132034 0.930285 -0.072356
v -0.129996 0.933119 -0.071239
v -0.138331 0.933119 -0.053276
v -0.129765 0.889287 -0.049978
v -0.138404 0.890987 -0.032983
v -0.141566 0.890987 -0.014242
v -0.145196 0.893284 0.004854
v -0.147889 0.896119 0.004945
v -0.145910 0.896119 0.024612
v -0.148200 0.899413 0.024998
v -0.143546 0.899413 0.044529
v -0.138043 0.903079 0.064060
v -0.139317 0.907017 0.064650
v -0.129457 0.907017 0.082642
v -0.130199 0.911122 0.083116
v -0.117960 0.911122 0.099729
v -0.118211 0.915282 0.099941
v -0.103835 0.915282 0.114806
v -0.103678 0.919387 0.114631
v -0.087474 0.919387 0.127428
v -0.087022 0.923325 0.126770
v -0.069349 0.923325 0.137238
v -0.049997 0.926991 0.143986
v -0.049388 0.930285 0.142230
v -0.029991 0.930285 0.147544
v -0.029527 0.933119 0.145266
v -0.009901 0.933119 0.147905
v -0.009720 0.935417 0.145183
v -0.132814 0.889287 0.041198
v -0.129062 0.890987 0.059891
v -0.122453 0.893284 0.078171
v -0.112999 0.896119 0.095533
v -0.100815 0.899413 0.111466
v -0.086127 0.903079 0.125466
v -0.069269 0.907017 0.137079
v -0.050670 0.911122 0.145921
v -0.030834 0.915282 0.151695
v -0.010323 0.919387 0.154217
v 0.010270 0.923325 0.153420
v 0.049387 0.930285 0.142230
v 0.066855 0.933119 0.132303
v 0.082349 0.935417 0.119961
v 0.138973 0.935417 0.043110
v 0.141581 0.933119 0.043919
v 0.143801 0.930285 0.044606
v 0.145576 0.926991 0.045158
v 0.147623 0.919387 0.045793
v 0.147846 0.915282 0.045863
v 0.147532 0.911122 0.045764
v 0.146691 0.907017 0.045505
v 0.145350 0.903079 0.045089
v 0.141327 0.896119 0.043840
v 0.138754 0.893284 0.043042
v 0.135893 0.890987 0.042154
v 0.132814 0.889287 0.041198
v -0.020588 0.911122 -0.153089
v -0.040897 0.915282 -0.149297
v -0.060339 0.919387 -0.142298
v -0.078361 0.923325 -0.132298
v -0.094461 0.926991 -0.119618
v -0.108227 0.930285 -0.104669
v -0.119341 0.933119 -0.087932
v -0.132928 0.937117 -0.051196
v -0.132773 0.890987 -0.051137
v -0.141319 0.893284 -0.033678
v -0.147229 0.896119 -0.014812
v -0.150210 0.899413 0.005022
v -0.150062 0.903079 0.025312
v -0.146691 0.907017 0.045505
v -0.140116 0.911122 0.065019
v -0.130476 0.915282 0.083294
v -0.118031 0.919387 0.099790
v -0.103142 0.923325 0.114039
v -0.086262 0.926991 0.125662
v -0.067906 0.930285 0.134379
v -0.048626 0.933119 0.140033
v -0.028983 0.935417 0.142591
v -0.009514 0.937117 0.142129
v -0.135893 0.890987 0.042154
v -0.124724 0.896119 0.079621
v -0.114771 0.899413 0.097034
v -0.102081 0.903079 0.112866
v -0.086922 0.907017 0.126623
v -0.069666 0.911122 0.137865
v -0.050777 0.915282 0.146231
v -0.030787 0.919387 0.151465
v -0.010270 0.923325 0.153420
v 0.029991 0.930285 0.147544
v 0.048626 0.933119 0.140033
v 0.065626 0.935417 0.129867
v 0.080617 0.937117 0.117439
v 0.122648 0.935417 0.078294
v 0.111117 0.935417 0.093942
v 0.113202 0.933119 0.095706
v 0.146171 0.933119 0.024655
v 0.148463 0.930285 0.025042
v 0.150295 0.926991 0.025351
v 0.151622 0.923325 0.025576
v 0.152409 0.919387 0.025708
v 0.152640 0.915282 0.025748
v 0.152315 0.911122 0.025693
v 0.151447 0.907017 0.025546
v 0.150062 0.903079 0.025312
v 0.148199 0.899413 0.024998
v 0.145910 0.896119 0.024612
v 0.143254 0.893284 0.024163
v 0.140299 0.890987 0.023665
v -0.072593 0.937117 -0.122562
v -0.055610 0.937117 -0.131145
v -0.056805 0.935417 -0.133961
v -0.087350 0.938173 -0.108188
v -0.086233 0.938173 -0.109199
v -0.088282 0.937117 -0.111792
v -0.074154 0.935417 -0.125194
v -0.057870 0.933119 -0.136474
v -0.102394 0.937117 -0.099027
v -0.104594 0.935417 -0.101155
v -0.091869 0.933119 -0.116336
v -0.075543 0.933119 -0.127542
v -0.076729 0.930285 -0.129543
v -0.058777 0.930285 -0.138614
v -0.059503 0.926991 -0.140325
v -0.040269 0.926991 -0.147004
v -0.040623 0.923325 -0.148299
v -0.020495 0.923325 -0.152392
v -0.020600 0.919387 -0.153182
v 0.000000 0.919387 -0.154562
v 0.000000 0.915282 -0.154798
v -0.141732 0.937117 -0.014258
v -0.138567 0.937117 -0.033022
v -0.141542 0.935417 -0.033731
v -0.129213 0.937117 0.059961
v -0.136053 0.937117 0.042203
v -0.138975 0.935417 0.043110
v -0.146171 0.933119 0.024655
v -0.148154 0.933119 0.004953
v -0.150476 0.930285 0.005031
v -0.149805 0.930285 -0.015069
v -0.151653 0.926991 -0.015255
v -0.148267 0.926991 -0.035334
v -0.143490 0.923325 -0.055263
v -0.144234 0.919387 -0.055551
v -0.135543 0.919387 -0.074280
v -0.135750 0.915282 -0.074393
v -0.124622 0.915282 -0.091823
v -0.124356 0.911122 -0.091627
v -0.111036 0.911122 -0.107385
v -0.110402 0.907017 -0.106773
v -0.095185 0.907017 -0.120535
v -0.094316 0.903079 -0.119432
v -0.077554 0.903079 -0.130938
v -0.058674 0.899413 -0.138368
v -0.057767 0.896119 -0.136230
v -0.039093 0.896119 -0.142715
v -0.038381 0.893284 -0.140115
v 0.000000 0.889287 -0.139057
v -0.036738 0.889287 -0.134116
v -0.055544 0.890987 -0.130991
v -0.072507 0.890987 -0.122419
v -0.074036 0.893284 -0.124996
v -0.090036 0.893284 -0.114014
v -0.091706 0.896119 -0.116128
v -0.106365 0.896119 -0.102869
v -0.108035 0.899413 -0.104483
v -0.120998 0.899413 -0.089151
v -0.122518 0.903079 -0.090271
v -0.133456 0.903079 -0.073137
v -0.134688 0.907017 -0.073812
v -0.143324 0.907017 -0.055200
v -0.144146 0.911122 -0.055517
v -0.150259 0.911122 -0.035809
v -0.150580 0.915282 -0.035884
v -0.154020 0.915282 -0.015494
v -0.153786 0.919387 -0.015472
v -0.154475 0.919387 0.005164
v -0.153679 0.923325 0.005139
v -0.151622 0.923325 0.025576
v -0.150296 0.926991 0.025351
v -0.145576 0.926991 0.045158
v -0.143801 0.930285 0.044606
v -0.136573 0.930285 0.063376
v -0.134463 0.933119 0.062398
v -0.124947 0.933119 0.079764
v -0.122648 0.935417 0.078294
v -0.111117 0.935417 0.093942
v -0.095552 0.937117 0.105647
v -0.088177 0.890987 -0.111662
v -0.104429 0.893284 -0.100996
v -0.119127 0.896119 -0.087774
v -0.142014 0.903079 -0.054695
v -0.149403 0.907017 -0.035605
v -0.153692 0.911122 -0.015462
v -0.154710 0.915282 0.005172
v -0.152409 0.919387 0.025708
v -0.138258 0.926991 0.064157
v -0.126907 0.930285 0.081015
v -0.113202 0.933119 0.095706
v -0.097605 0.935417 0.107915
v -0.080617 0.937117 0.117439
v -0.078747 0.938173 0.114715
v -0.086182 0.889287 -0.109131
v -0.114546 0.890987 -0.084398
v -0.116958 0.893284 -0.086175
v -0.127402 0.893284 -0.069817
v -0.129764 0.896119 -0.071112
v -0.138085 0.896119 -0.053182
v -0.140251 0.899413 -0.054016
v -0.146199 0.899413 -0.034841
v -0.151417 0.903079 -0.015233
v -0.152816 0.907017 -0.015375
v -0.153501 0.907017 0.005132
v -0.154380 0.911122 0.005161
v -0.152317 0.911122 0.025693
v -0.152641 0.915282 0.025748
v -0.147846 0.915282 0.045863
v -0.147623 0.919387 0.045793
v -0.140201 0.919387 0.065059
v -0.139477 0.923325 0.064724
v -0.129607 0.923325 0.082738
v -0.128473 0.926991 0.082015
v -0.116395 0.926991 0.098406
v -0.114976 0.930285 0.097206
v -0.100995 0.930285 0.111664
v -0.099435 0.933119 0.109940
v -0.083894 0.933119 0.122212
v -0.082349 0.935417 0.119961
v -0.065626 0.935417 0.129867
v -0.064244 0.937117 0.127137
v 0.028374 0.937117 0.139593
v 0.009514 0.937117 0.142129
v 0.009720 0.935417 0.145183
v 0.129213 0.937117 0.059961
v 0.133011 0.938173 0.040737
v 0.136053 0.937117 0.042203
v 0.124947 0.933119 0.079764
v 0.114976 0.930285 0.097206
v 0.000000 0.923325 -0.153764
v -0.020316 0.926991 -0.151060
v -0.020068 0.930285 -0.149219
v 0.000000 0.930285 -0.150561
v -0.019759 0.933119 -0.146913
v 0.000000 0.933119 -0.148236
v 0.000000 0.935417 -0.145506
v 0.000000 0.937117 -0.142447
v 0.000000 0.938173 -0.139141
v -0.039778 0.930285 -0.145212
v -0.039164 0.933119 -0.142968
v -0.038442 0.935417 -0.140337
v -0.037634 0.937117 -0.137386
v -0.036761 0.938173 -0.134198
v -0.046252 0.938173 -0.130902
v -0.070907 0.938173 -0.119718
v -0.054320 0.938173 -0.128101
v -0.100019 0.938173 -0.096730
v -0.104234 0.938173 -0.091744
v -0.117144 0.935417 -0.086312
v -0.093311 0.930285 -0.118160
v -0.040835 0.919387 -0.149071
v -0.020633 0.915282 -0.153415
v 0.000000 0.911122 -0.154467
v -0.129845 0.938173 -0.050009
v -0.135351 0.938173 -0.032256
v -0.137756 0.938173 0.017647
v -0.139064 0.938173 0.004649
v -0.142367 0.937117 0.004760
v -0.144776 0.935417 -0.014565
v -0.144197 0.933119 -0.034363
v -0.140502 0.930285 -0.054114
v -0.133664 0.926991 -0.073251
v -0.123791 0.923325 -0.091210
v -0.111103 0.919387 -0.107450
v -0.095935 0.915282 -0.121485
v -0.078720 0.911122 -0.132905
v -0.059958 0.907017 -0.141399
v -0.040206 0.903079 -0.146775
v -0.020033 0.899413 -0.148953
v 0.000000 0.896119 -0.147972
v -0.138712 0.938173 -0.005894
v -0.138443 0.938173 -0.013929
v -0.135853 0.938173 -0.029286
v -0.145425 0.935417 0.004861
v -0.146460 0.930285 -0.034903
v -0.142235 0.926991 -0.054782
v -0.124433 0.919387 -0.091682
v -0.111273 0.915282 -0.107614
v -0.095731 0.911122 -0.121226
v -0.078271 0.907017 -0.132147
v -0.039707 0.899413 -0.144954
v -0.019723 0.896119 -0.146651
v -0.111619 0.938173 0.082554
v -0.117282 0.938173 0.074870
v -0.141581 0.933119 0.043919
v -0.148463 0.930285 0.025042
v -0.150352 0.919387 -0.035831
v -0.144454 0.915282 -0.055636
v -0.135461 0.911122 -0.074233
v -0.123648 0.907017 -0.091104
v -0.109393 0.903079 -0.105796
v -0.093144 0.899413 -0.117951
v -0.075409 0.896119 -0.127315
v -0.056716 0.893284 -0.133750
v -0.037589 0.890987 -0.137224
v -0.124042 0.938173 0.062533
v -0.126214 0.938173 0.058569
v -0.093335 0.938173 0.103195
v -0.096126 0.938173 0.100309
v -0.106255 0.938173 0.089834
v -0.062754 0.938173 0.124187
v -0.057206 0.938173 0.126539
v -0.047730 0.935417 0.137456
v -0.066855 0.933119 0.132303
v -0.085209 0.930285 0.124129
v -0.102242 0.926991 0.113042
v -0.117422 0.923325 0.099274
v -0.130278 0.919387 0.083166
v -0.140415 0.915282 0.065159
v -0.147532 0.911122 0.045764
v -0.151447 0.907017 0.025546
v -0.143942 0.896119 -0.034302
v -0.124772 0.890987 -0.068377
v -0.111951 0.889287 -0.082486
v -0.009294 0.938173 0.138832
v 0.009294 0.938173 0.138832
v 0.057206 0.938173 0.126539
v 0.045641 0.938173 0.131442
v 0.046726 0.937117 0.134566
v 0.028983 0.935417 0.142591
v 0.009901 0.933119 0.147905
v -0.010056 0.930285 0.150224
v -0.030359 0.926991 0.149364
v -0.050439 0.923325 0.145257
v -0.069709 0.919387 0.137949
v -0.087606 0.915282 0.127622
v -0.103614 0.911122 0.114561
v -0.117286 0.907017 0.099160
v -0.128273 0.903079 0.081887
v -0.136330 0.899413 0.063264
v -0.141327 0.896119 0.043840
v -0.143254 0.893284 0.024163
v -0.142201 0.890987 0.004755
v 0.034982 0.938173 0.134363
v 0.027715 0.938173 0.136353
v 0.011780 0.938173 0.138497
v 0.047730 0.935417 0.137456
v 0.029527 0.933119 0.145266
v 0.010056 0.930285 0.150224
v -0.050700 0.919387 0.146009
v -0.069816 0.915282 0.138159
v -0.087421 0.911122 0.127349
v -0.103024 0.907017 0.113908
v -0.116215 0.903079 0.098254
v -0.126682 0.899413 0.080871
v -0.134224 0.896119 0.062287
v -0.138754 0.893284 0.043042
v -0.140299 0.890987 0.023665
v 0.102242 0.926991 0.113042
v 0.100994 0.930285 0.111664
v 0.099435 0.933119 0.109940
v 0.097605 0.935417 0.107915
v 0.106255 0.938173 0.089834
v 0.126214 0.938173 0.058569
v 0.124042 0.938173 0.062533
v 0.117282 0.938173 0.074870
v 0.111619 0.938173 0.082554
v 0.142201 0.890987 0.004755
v 0.145196 0.893284 0.004854
v 0.147889 0.896119 0.004945
v 0.150210 0.899413 0.005022
v 0.153501 0.907017 0.005132
v 0.154380 0.911122 0.005161
v 0.154710 0.915282 0.005172
v 0.154475 0.919387 0.005164
v 0.153679 0.923325 0.005139
v 0.150476 0.930285 0.005031
v 0.148154 0.933119 0.004953
v 0.145425 0.935417 0.004861
v 0.142367 0.937117 0.004760
v 0.139064 0.938173 0.004649
v 0.141731 0.937117 -0.014258
v 0.138443 0.938173 -0.013929
v 0.138712 0.938173 -0.005894
v 0.141566 0.890987 -0.014242
v 0.147229 0.896119 -0.014812
v 0.149540 0.899413 -0.015043
v 0.152816 0.907017 -0.015375
v 0.153692 0.911122 -0.015462
v 0.154020 0.915282 -0.015494
v 0.153786 0.919387 -0.015472
v 0.152992 0.923325 -0.015391
v 0.149805 0.930285 -0.015069
v 0.147492 0.933119 -0.014837
v 0.138567 0.937117 -0.033022
v 0.135351 0.938173 -0.032256
v 0.135853 0.938173 -0.029286
v 0.138404 0.890987 -0.032983
v 0.141319 0.893284 -0.033678
v 0.143942 0.896119 -0.034302
v 0.146199 0.899413 -0.034841
v 0.149403 0.907017 -0.035605
v 0.150259 0.911122 -0.035809
v 0.150580 0.915282 -0.035884
v 0.150352 0.919387 -0.035831
v 0.149575 0.923325 -0.035646
v 0.146460 0.930285 -0.034903
v 0.144197 0.933119 -0.034363
v 0.141542 0.935417 -0.033731
v 0.132773 0.890987 -0.051137
v 0.138084 0.896119 -0.053182
v 0.140251 0.899413 -0.054016
v 0.142013 0.903079 -0.054695
v 0.143323 0.907017 -0.055200
v 0.144146 0.911122 -0.055517
v 0.144454 0.915282 -0.055636
v 0.144233 0.919387 -0.055551
v 0.143488 0.923325 -0.055263
v 0.142235 0.926991 -0.054782
v 0.140500 0.930285 -0.054114
v 0.138331 0.933119 -0.053276
v 0.124772 0.890987 -0.068377
v 0.127402 0.893284 -0.069817
v 0.129764 0.896119 -0.071112
v 0.131799 0.899413 -0.072229
v 0.134688 0.907017 -0.073812
v 0.135461 0.911122 -0.074233
v 0.135750 0.915282 -0.074393
v 0.135543 0.919387 -0.074280
v 0.134844 0.923325 -0.073896
v 0.132034 0.930285 -0.072356
v 0.129996 0.933119 -0.071239
v 0.114546 0.890987 -0.084398
v 0.116958 0.893284 -0.086175
v 0.119127 0.896119 -0.087774
v 0.120998 0.899413 -0.089151
v 0.122516 0.903079 -0.090271
v 0.123648 0.907017 -0.091104
v 0.124356 0.911122 -0.091627
v 0.124622 0.915282 -0.091823
v 0.124433 0.919387 -0.091682
v 0.123790 0.923325 -0.091210
v 0.122709 0.926991 -0.090412
v 0.121212 0.930285 -0.089310
v 0.119341 0.933119 -0.087932
v 0.117144 0.935417 -0.086312
v 0.114680 0.937117 -0.084496
v 0.112019 0.938173 -0.082536
v 0.102394 0.937117 -0.099027
v 0.100019 0.938173 -0.096730
v 0.104234 0.938173 -0.091744
v 0.102275 0.890987 -0.098912
v 0.106365 0.896119 -0.102869
v 0.108035 0.899413 -0.104483
v 0.109393 0.903079 -0.105796
v 0.110402 0.907017 -0.106773
v 0.111035 0.911122 -0.107385
v 0.111271 0.915282 -0.107614
v 0.111103 0.919387 -0.107450
v 0.110529 0.923325 -0.106895
v 0.109563 0.926991 -0.105960
v 0.108227 0.930285 -0.104669
v 0.106556 0.933119 -0.103053
v 0.088282 0.937117 -0.111792
v 0.086233 0.938173 -0.109199
v 0.087350 0.938173 -0.108188
v 0.088177 0.890987 -0.111662
v 0.090036 0.893284 -0.114014
v 0.091705 0.896119 -0.116128
v 0.093144 0.899413 -0.117951
v 0.094314 0.903079 -0.119432
v 0.095185 0.907017 -0.120535
v 0.095731 0.911122 -0.121226
v 0.095935 0.915282 -0.121485
v 0.095791 0.919387 -0.121301
v 0.095294 0.923325 -0.120673
v 0.094461 0.926991 -0.119618
v 0.093309 0.930285 -0.118160
v 0.091869 0.933119 -0.116336
v 0.072507 0.890987 -0.122419
v 0.074036 0.893284 -0.124996
v 0.075409 0.896119 -0.127315
v 0.076592 0.899413 -0.129313
v 0.078271 0.907017 -0.132147
v 0.078720 0.911122 -0.132905
v 0.078888 0.915282 -0.133186
v 0.078767 0.919387 -0.132984
v 0.078361 0.923325 -0.132298
v 0.076729 0.930285 -0.129543
v 0.075543 0.933119 -0.127542
v 0.074154 0.935417 -0.125194
v 0.055544 0.890987 -0.130991
v 0.056716 0.893284 -0.133750
v 0.057767 0.896119 -0.136230
v 0.058674 0.899413 -0.138368
v 0.059958 0.907017 -0.141399
v 0.060302 0.911122 -0.142210
v 0.060430 0.915282 -0.142514
v 0.060339 0.919387 -0.142298
v 0.060027 0.923325 -0.141563
v 0.058777 0.930285 -0.138614
v 0.057870 0.933119 -0.136474
v 0.056805 0.935417 -0.133961
v 0.037589 0.890987 -0.137224
v 0.038381 0.893284 -0.140115
v 0.039093 0.896119 -0.142715
v 0.039707 0.899413 -0.144954
v 0.040206 0.903079 -0.146775
v 0.040577 0.907017 -0.148129
v 0.040809 0.911122 -0.148979
v 0.040897 0.915282 -0.149297
v 0.040835 0.919387 -0.149071
v 0.040623 0.923325 -0.148299
v 0.040269 0.926991 -0.147004
v 0.039778 0.930285 -0.145212
v 0.039164 0.933119 -0.142968
v 0.038442 0.935417 -0.140337
v 0.037634 0.937117 -0.137386
v 0.036761 0.938173 -0.134198
v 0.018985 0.937117 -0.141177
v 0.018546 0.938173 -0.137901
v 0.023467 0.938173 -0.136900
v 0.018964 0.890987 -0.141011
v 0.019723 0.896119 -0.146651
v 0.020033 0.899413 -0.148953
v 0.020284 0.903079 -0.150825
v 0.020471 0.907017 -0.152217
v 0.020588 0.911122 -0.153089
v 0.020631 0.915282 -0.153415
v 0.020600 0.919387 -0.153182
v 0.020495 0.923325 -0.152392
v 0.020316 0.926991 -0.151060
v 0.020068 0.930285 -0.149219
v 0.019759 0.933119 -0.146913
v 0.000000 0.942206 -0.120154
v -0.018341 0.942206 -0.118747
v -0.036252 0.942206 -0.114555
v -0.039940 0.942206 -0.113070
v -0.053315 0.942206 -0.107678
v -0.058441 0.942206 -0.104631
v -0.069127 0.942206 -0.098278
v -0.075263 0.942206 -0.093217
v -0.083319 0.942206 -0.086573
v -0.089935 0.942206 -0.079151
v -0.095557 0.942206 -0.072840
v -0.102046 0.942206 -0.062823
v -0.105558 0.942206 -0.057399
v -0.111252 0.942206 -0.044694
v -0.113082 0.942206 -0.040614
v -0.117298 0.942206 -0.025271
v -0.120009 0.942206 -0.005095
v -0.119361 0.942206 0.013780
v -0.119078 0.942206 0.015242
v -0.115860 0.942206 0.031840
v -0.114683 0.942206 0.035111
v -0.109642 0.942206 0.049151
v -0.107031 0.942206 0.053953
v -0.100853 0.942206 0.065312
v -0.096333 0.942206 0.071242
v -0.089703 0.942206 0.079941
v -0.082896 0.942206 0.086493
v -0.076447 0.942206 0.092698
v -0.067092 0.942206 0.099276
v -0.061401 0.942206 0.103281
v -0.049368 0.942206 0.109239
v -0.044917 0.942206 0.111443
v -0.030218 0.942206 0.116094
v -0.010179 0.942206 0.119650
v -0.009198 0.942206 0.119802
v 0.009198 0.942206 0.119802
v 0.010178 0.942206 0.119650
v 0.027377 0.942206 0.116994
v 0.044917 0.942206 0.111443
v 0.049368 0.942206 0.109239
v 0.061401 0.942206 0.103281
v 0.067092 0.942206 0.099276
v 0.076447 0.942206 0.092698
v 0.082896 0.942206 0.086493
v 0.089703 0.942206 0.079941
v 0.096333 0.942206 0.071242
v 0.100853 0.942206 0.065312
v 0.107031 0.942206 0.053953
v 0.109642 0.942206 0.049151
v 0.114683 0.942206 0.035111
v 0.115860 0.942206 0.031840
v 0.119078 0.942206 0.015242
v 0.119361 0.942206 0.013780
v 0.120066 0.942206 -0.004602
v 0.117956 0.942206 -0.022876
v 0.113082 0.942206 -0.040614
v 0.111252 0.942206 -0.044694
v 0.105558 0.942206 -0.057399
v 0.102046 0.942206 -0.062823
v 0.095557 0.942206 -0.072840
v 0.089935 0.942206 -0.079151
v 0.083319 0.942206 -0.086573
v 0.075263 0.942206 -0.093217
v 0.069127 0.942206 -0.098278
v 0.058440 0.942206 -0.104631
v 0.053315 0.942206 -0.107678
v 0.039940 0.942206 -0.113070
v 0.036252 0.942206 -0.114555
v 0.020275 0.942206 -0.118293
v 0.078336 1.007941 -0.068943
v 0.083236 1.007941 -0.063447
v 0.089312 0.993053 -0.068080
v 0.088886 1.007941 -0.054721
v 0.091945 1.007941 -0.049998
v 0.098659 0.993053 -0.053648
v 0.096907 1.007941 -0.038930
v 0.098500 1.007941 -0.035377
v 0.105692 0.993053 -0.037960
v 0.102172 1.007941 -0.022011
v 0.102745 1.007941 -0.019927
v 0.110248 0.993053 -0.021382
v 0.072206 1.007941 0.075338
v 0.066589 1.007941 0.080744
v 0.071451 0.993053 0.086639
v 0.058440 1.007941 0.086476
v 0.053483 1.007941 0.089962
v 0.057388 0.993053 0.096530
v 0.043001 1.007941 0.095152
v 0.039123 1.007941 0.097072
v 0.041980 0.993053 0.104160
v 0.026321 1.007941 0.101123
v 0.025588 0.993053 0.109349
v -0.083911 1.007941 0.062055
v -0.087847 1.007941 0.056889
v -0.094262 0.993053 0.061044
v -0.093229 1.007941 0.046995
v -0.095502 1.007941 0.042813
v -0.102476 0.993053 0.045939
v -0.099895 1.007941 0.030583
v -0.108286 0.993053 0.029758
v -0.065556 1.007941 -0.081198
v -0.060213 1.007941 -0.085605
v -0.064609 0.993053 -0.091855
v -0.050905 1.007941 -0.091138
v -0.046440 1.007941 -0.093791
v -0.049831 0.993053 -0.100642
v 0.105492 0.959755 -0.057365
v 0.095499 0.959755 -0.072795
v 0.093426 0.976851 -0.071217
v 0.061363 0.959755 0.103217
v 0.076401 0.959755 0.092642
v 0.074743 0.976851 0.090630
v -0.109574 0.959755 0.049123
v -0.100791 0.959755 0.065272
v -0.098603 0.976851 0.063855
v -0.053282 0.959755 -0.107612
v -0.069084 0.959755 -0.098217
v -0.067585 0.976851 -0.096086
v 0.018329 0.959755 -0.118673
v 0.113014 0.959755 -0.040588
v 0.117884 0.959755 -0.022863
v 0.119992 0.959755 -0.004600
v 0.115788 0.959755 0.031819
v 0.044888 0.959755 0.111375
v 0.027361 0.959755 0.116921
v 0.009191 0.959755 0.119729
v -0.027361 0.959755 0.116921
v -0.115788 0.959755 0.031819
v -0.119289 0.959755 0.013772
v -0.117884 0.959755 -0.022863
v -0.036231 0.959755 -0.114484
v -0.018331 0.959755 -0.118673
v -0.083268 0.959755 -0.086521
v -0.095499 0.959755 -0.072795
v -0.105492 0.959755 -0.057365
v -0.113014 0.959755 -0.040588
v -0.076401 0.959755 0.092642
v -0.061363 0.959755 0.103217
v -0.044888 0.959755 0.111375
v 0.089646 0.959755 0.079892
v 0.100791 0.959755 0.065272
v 0.109573 0.959755 0.049123
v 0.083268 0.959755 -0.086521
v 0.069084 0.959755 -0.098217
v 0.053282 0.959755 -0.107612
v 0.036231 0.959755 -0.114484
v 0.000000 0.959755 -0.120081
v -0.077874 0.993053 -0.080916
v -0.081461 0.976851 -0.084643
v -0.083839 0.993053 0.074717
v -0.087702 0.976851 0.078158
v -0.089646 0.959755 0.079892
v 0.083839 0.993053 0.074717
v 0.087702 0.976851 0.078158
v 0.077874 0.993053 -0.080916
v 0.081461 0.976851 -0.084643
v 0.017932 0.976851 -0.116097
v 0.000000 0.976851 -0.117475
v -0.017932 0.976851 -0.116097
v -0.112219 0.993053 -0.004302
v -0.110248 0.993053 -0.021382
v -0.115326 0.976851 -0.022366
v -0.103721 1.007941 0.013277
v -0.111560 0.993053 0.012879
v -0.117389 0.976851 -0.004500
v -0.008597 0.993053 0.111971
v -0.025588 0.993053 0.109349
v -0.026767 0.976851 0.114384
v 0.008867 1.007941 0.104221
v 0.008597 0.993053 0.111971
v -0.008993 0.976851 0.117130
v 0.111560 0.993053 0.012879
v 0.108286 0.993053 0.029758
v 0.113275 0.976851 0.031130
v 0.104534 1.007941 -0.004439
v 0.112219 0.993053 -0.004302
v 0.116700 0.976851 0.013471
v 0.017143 0.993053 -0.110985
v 0.000000 0.993053 -0.112301
v -0.017143 0.993053 -0.110985
v -0.033884 0.993053 -0.107068
v -0.034789 1.007941 -0.098488
v -0.035446 0.976851 -0.112000
v -0.052127 0.976851 -0.105277
v -0.072574 1.007941 -0.075410
v -0.089312 0.993053 -0.068080
v -0.083236 1.007941 -0.063447
v -0.078336 1.007941 -0.068943
v -0.093426 0.976851 -0.071217
v -0.098659 0.993053 -0.053648
v -0.091945 1.007941 -0.049998
v -0.088886 1.007941 -0.054721
v -0.103203 0.976851 -0.056119
v -0.105692 0.993053 -0.037960
v -0.098500 1.007941 -0.035377
v -0.096907 1.007941 -0.038930
v -0.110560 0.976851 -0.039709
v -0.102172 1.007941 -0.022011
v -0.104583 1.007941 -0.004008
v -0.102745 1.007941 -0.019927
v -0.116700 0.976851 0.013471
v -0.119992 0.959755 -0.004600
v -0.113275 0.976851 0.031130
v -0.107197 0.976851 0.048055
v -0.078134 1.007941 0.069632
v -0.071451 0.993053 0.086639
v -0.066589 1.007941 0.080744
v -0.072206 1.007941 0.075338
v -0.074743 0.976851 0.090630
v -0.057388 0.993053 0.096530
v -0.053483 1.007941 0.089962
v -0.058440 1.007941 0.086476
v -0.060032 0.976851 0.100978
v -0.041980 0.993053 0.104160
v -0.039123 1.007941 0.097072
v -0.043002 1.007941 0.095152
v -0.043913 0.976851 0.108958
v -0.026321 1.007941 0.101123
v -0.008011 1.007941 0.104354
v 0.008993 0.976851 0.117130
v -0.009191 0.959755 0.119729
v 0.026767 0.976851 0.114384
v 0.043913 0.976851 0.108958
v 0.060032 0.976851 0.100978
v 0.078134 1.007941 0.069632
v 0.094262 0.993053 0.061044
v 0.087847 1.007941 0.056889
v 0.083911 1.007941 0.062055
v 0.098603 0.976851 0.063855
v 0.102476 0.993053 0.045939
v 0.095502 1.007941 0.042813
v 0.093227 1.007941 0.046995
v 0.107196 0.976851 0.048055
v 0.099895 1.007941 0.030583
v 0.103970 1.007941 0.012003
v 0.117389 0.976851 -0.004500
v 0.119289 0.959755 0.013772
v 0.115326 0.976851 -0.022366
v 0.110560 0.976851 -0.039709
v 0.103203 0.976851 -0.056119
v 0.072574 1.007941 -0.075410
v 0.064609 0.993053 -0.091855
v 0.060213 1.007941 -0.085605
v 0.065556 1.007941 -0.081198
v 0.067585 0.976851 -0.096086
v 0.049831 0.993053 -0.100642
v 0.046440 1.007941 -0.093791
v 0.050905 1.007941 -0.091138
v 0.052127 0.976851 -0.105277
v 0.033884 0.993053 -0.107068
v 0.031578 1.007941 -0.099782
v 0.035446 0.976851 -0.112000
v 0.017661 1.007941 -0.103038
v -0.017661 1.007941 -0.103038
v 0.000000 1.007941 -0.104661
v 0.016014 1.051765 -0.103679
v 0.000000 1.051765 -0.104908
v -0.016014 1.051765 -0.103679
v -0.031652 1.051765 -0.100019
v -0.046549 1.051765 -0.094014
v -0.051025 1.051765 -0.091355
v -0.060356 1.051765 -0.085808
v -0.065713 1.051765 -0.081389
v -0.072747 1.051765 -0.075589
v -0.078523 1.051765 -0.069106
v -0.083433 1.051765 -0.063598
v -0.089097 1.051765 -0.054852
v -0.092163 1.051765 -0.050116
v -0.097137 1.051765 -0.039022
v -0.098734 1.051765 -0.035462
v -0.102415 1.051765 -0.022065
v -0.102989 1.051765 -0.019973
v -0.104782 1.051765 -0.004449
v -0.104216 1.051765 0.012032
v -0.101158 1.051765 0.027799
v -0.095729 1.051765 0.042915
v -0.093450 1.051765 0.047107
v -0.088056 1.051765 0.057024
v -0.084110 1.051765 0.062203
v -0.078321 1.051765 0.069798
v -0.072377 1.051765 0.075518
v -0.066747 1.051765 0.080936
v -0.058579 1.051765 0.086681
v -0.053610 1.051765 0.090177
v -0.043105 1.051765 0.095377
v -0.039217 1.051765 0.097303
v -0.026383 1.051765 0.101364
v -0.008887 1.051765 0.104469
v 0.008031 1.051765 0.104601
v 0.023902 1.051765 0.102149
v 0.039217 1.051765 0.097303
v 0.043104 1.051765 0.095377
v 0.053610 1.051765 0.090177
v 0.058579 1.051765 0.086681
v 0.066747 1.051765 0.080936
v 0.072377 1.051765 0.075518
v 0.078321 1.051765 0.069798
v 0.084110 1.051765 0.062203
v 0.088056 1.051765 0.057024
v 0.093449 1.051765 0.047107
v 0.095729 1.051765 0.042915
v 0.100133 1.051765 0.030655
v 0.103968 1.051765 0.013308
v 0.104831 1.051765 -0.004018
v 0.102989 1.051765 -0.019973
v 0.102415 1.051765 -0.022065
v 0.098734 1.051765 -0.035462
v 0.097137 1.051765 -0.039022
v 0.092163 1.051765 -0.050116
v 0.089097 1.051765 -0.054852
v 0.083433 1.051765 -0.063598
v 0.078523 1.051765 -0.069106
v 0.072747 1.051765 -0.075589
v 0.065713 1.051765 -0.081389
v 0.060356 1.051765 -0.085808
v 0.051025 1.051765 -0.091355
v 0.046549 1.051765 -0.094014
v 0.034871 1.051765 -0.098722
v 0.013749 1.095588 -0.102232
v 0.015723 1.095588 -0.101831
v 0.027251 1.095588 -0.099486
v 0.031061 1.095588 -0.098165
v 0.032060 1.095290 -0.101305
v 0.096260 1.095588 -0.037073
v 0.096956 1.095588 -0.034829
v 0.100003 1.095290 -0.035917
v 0.100342 1.095588 -0.023912
v 0.101068 1.095588 -0.019607
v 0.104315 1.095290 -0.020231
v 0.086946 1.095588 0.055505
v 0.086549 1.095588 0.056045
v 0.089189 1.095290 0.057758
v 0.078771 1.095588 0.066597
v 0.076905 1.095588 0.068530
v 0.069193 1.095588 0.076503
v 0.065502 1.095588 0.079417
v 0.067605 1.095290 0.081976
v -0.006891 1.095588 0.102922
v -0.008134 1.095290 0.105945
v -0.020546 1.095588 0.101084
v -0.023462 1.095588 0.100287
v -0.024212 1.095290 0.103464
v -0.033836 1.095588 0.097444
v -0.038477 1.095588 0.095477
v -0.039721 1.095290 0.098555
v -0.046522 1.095588 0.092065
v -0.052595 1.095588 0.088469
v -0.054299 1.095290 0.091336
v -0.058379 1.095588 0.085043
v -0.065502 1.095588 0.079417
v -0.067605 1.095290 0.081976
v -0.069193 1.095588 0.076503
v -0.076905 1.095588 0.068530
v -0.098521 1.095588 0.030561
v -0.102460 1.095290 0.028156
v -0.101716 1.095588 0.017157
v -0.102254 1.095588 0.011808
v -0.105556 1.095290 0.012185
v -0.103094 1.095588 0.003448
v -0.102847 1.095588 -0.003944
v -0.106179 1.095290 -0.004070
v -0.102634 1.095588 -0.010326
v -0.101068 1.095588 -0.019607
v -0.104315 1.095290 -0.020231
v -0.100342 1.095588 -0.023912
v -0.096956 1.095588 -0.034829
v -0.100003 1.095290 -0.035917
v -0.063928 1.095588 -0.080954
v -0.059219 1.095588 -0.084186
v -0.061133 1.095290 -0.086911
v -0.052569 1.095588 -0.088753
v -0.045668 1.095588 -0.092239
v -0.047149 1.095290 -0.095224
v -0.032598 1.052063 -0.103008
v 0.032598 1.052063 -0.103008
v 0.047940 1.052063 -0.096824
v 0.062158 1.052063 -0.088370
v 0.074919 1.052063 -0.077846
v 0.107330 1.052063 0.012391
v 0.098589 1.052063 0.044197
v 0.090686 1.052063 0.058729
v -0.008270 1.052063 0.107725
v -0.040388 1.052063 0.100211
v -0.055212 1.052063 0.092870
v -0.068740 1.052063 0.083354
v -0.101683 1.052063 -0.036519
v -0.094918 1.052063 -0.051615
v -0.085926 1.052063 -0.065498
v -0.047940 1.052063 -0.096824
v -0.062158 1.052063 -0.088370
v -0.107330 1.052063 0.012391
v -0.104181 1.052063 0.028629
v -0.098589 1.052063 0.044197
v -0.090686 1.052063 0.058729
v -0.024619 1.052063 0.105201
v 0.008270 1.052063 0.107725
v 0.024619 1.052063 0.105201
v 0.040388 1.052063 0.100211
v 0.055212 1.052063 0.092870
v 0.068740 1.052063 0.083354
v 0.104181 1.052063 0.028629
v 0.107963 1.052063 -0.004138
v 0.101683 1.052063 -0.036519
v 0.094916 1.052063 -0.051615
v 0.085926 1.052063 -0.065498
v -0.050556 1.054405 -0.102103
v -0.049288 1.052952 -0.099545
v -0.067037 1.056386 -0.095307
v -0.065548 1.054405 -0.093189
v -0.063906 1.052952 -0.090855
v -0.082361 1.058836 -0.085579
v -0.080801 1.056386 -0.083958
v -0.077026 1.052952 -0.080034
v -0.018130 1.058836 -0.117382
v 0.000000 1.058836 -0.118774
v 0.000000 1.056386 -0.116523
v -0.095927 1.061692 -0.073122
v -0.092670 1.056386 -0.070640
v -0.090610 1.054405 -0.069070
v -0.088341 1.052952 -0.067338
v 0.000000 1.061692 -0.120618
v -0.107183 1.064874 -0.058283
v -0.105964 1.061692 -0.057622
v -0.102367 1.056386 -0.055666
v -0.097584 1.052952 -0.053065
v -0.018625 1.064874 -0.120574
v 0.000000 1.064874 -0.122004
v -0.115656 1.068297 -0.041539
v -0.114824 1.064874 -0.041240
v -0.113518 1.061692 -0.040771
v -0.109663 1.056386 -0.039387
v -0.104540 1.052952 -0.037547
v -0.120997 1.071868 -0.023465
v -0.119771 1.064874 -0.023229
v -0.118413 1.061692 -0.022965
v -0.114392 1.056386 -0.022186
v -0.109047 1.052952 -0.021148
v -0.122986 1.075485 -0.004715
v -0.123160 1.071868 -0.004721
v -0.122800 1.068297 -0.004707
v -0.121914 1.064874 -0.004673
v -0.120530 1.061692 -0.004619
v -0.118686 1.058836 -0.004549
v -0.116438 1.056386 -0.004464
v -0.113849 1.054405 -0.004365
v -0.110999 1.052952 -0.004255
v -0.121568 1.079056 0.014034
v -0.122265 1.075485 0.014116
v -0.122437 1.071868 0.014135
v -0.121199 1.064874 0.013991
v -0.119822 1.061692 0.013833
v -0.117989 1.058836 0.013621
v -0.115755 1.056386 0.013364
v -0.113182 1.054405 0.013066
v -0.116839 1.082479 0.032108
v -0.118001 1.079056 0.032427
v -0.118677 1.075485 0.032613
v -0.118844 1.071868 0.032660
v -0.117643 1.064874 0.032330
v -0.116307 1.061692 0.031961
v -0.114528 1.058836 0.031472
v -0.112357 1.056386 0.030876
v -0.109861 1.054405 0.030190
v -0.107109 1.052952 0.029435
v -0.109043 1.085661 0.048884
v -0.110567 1.082479 0.049568
v -0.111668 1.079056 0.050061
v -0.112308 1.075485 0.050347
v -0.112466 1.071868 0.050418
v -0.111328 1.064874 0.049908
v -0.110064 1.061692 0.049341
v -0.106328 1.056386 0.047666
v -0.101361 1.052952 0.045440
v -0.018242 1.085661 -0.118099
v 0.000000 1.085661 -0.119499
v -0.098553 1.088517 0.063823
v -0.100304 1.085661 0.064955
v -0.102717 1.079056 0.066519
v -0.103305 1.075485 0.066900
v -0.103452 1.071868 0.066995
v -0.102406 1.064874 0.066317
v -0.101243 1.061692 0.065564
v -0.099693 1.058836 0.064561
v -0.097805 1.056386 0.063339
v -0.017923 1.088517 -0.116038
v 0.000000 1.088517 -0.117413
v -0.085833 1.090969 0.076494
v -0.087655 1.088517 0.078118
v -0.089212 1.085661 0.079506
v -0.091359 1.079056 0.081420
v -0.091883 1.075485 0.081885
v -0.092012 1.071868 0.082000
v -0.091082 1.064874 0.081172
v -0.090048 1.061692 0.080250
v -0.088670 1.058836 0.079023
v -0.086989 1.056386 0.077526
v -0.085058 1.054405 0.075804
v -0.082927 1.052952 0.073903
v -0.036393 1.061692 -0.114996
v -0.036811 1.064874 -0.116318
v -0.054136 1.064874 -0.109335
v -0.054529 1.068297 -0.110129
v -0.070700 1.068297 -0.100515
v -0.085465 1.071868 -0.088804
v -0.085345 1.075485 -0.088679
v -0.097881 1.075485 -0.074612
v -0.097323 1.079056 -0.074186
v -0.107509 1.079056 -0.058461
v -0.106449 1.082479 -0.057886
v -0.114039 1.082479 -0.040958
v -0.117314 1.085661 -0.022751
v -0.115265 1.088517 -0.022354
v -0.117326 1.088517 -0.004497
v -0.114216 1.090969 0.013186
v -0.111508 1.092947 0.012873
v -0.071418 1.092947 0.086600
v -0.073151 1.090969 0.088700
v -0.074703 1.088517 0.090583
v -0.076031 1.085661 0.092193
v -0.077094 1.082479 0.093481
v -0.077861 1.079056 0.094410
v -0.078306 1.075485 0.094953
v -0.078417 1.071868 0.095087
v -0.077624 1.064874 0.094125
v -0.076744 1.061692 0.093056
v -0.074137 1.056386 0.089897
v -0.072489 1.054405 0.087898
v -0.070675 1.052952 0.085697
v -0.035426 1.088517 -0.111941
v -0.034689 1.090969 -0.109616
v -0.051016 1.090969 -0.103034
v -0.049807 1.092947 -0.100594
v -0.064579 1.092947 -0.091811
v -0.062893 1.094401 -0.089413
v -0.037079 1.068297 -0.117163
v -0.070809 1.075485 -0.100667
v -0.084860 1.079056 -0.088173
v -0.096366 1.082479 -0.073455
v -0.104981 1.085661 -0.057086
v -0.110502 1.088517 -0.039688
v -0.112870 1.090969 -0.021890
v -0.112167 1.092947 -0.004300
v -0.055864 1.094401 0.093966
v -0.058754 1.090969 0.098827
v -0.061066 1.085661 0.102718
v -0.062536 1.079056 0.105190
v -0.062895 1.075485 0.105793
v -0.062983 1.071868 0.105942
v -0.062348 1.064874 0.104870
v -0.061637 1.061692 0.103679
v -0.060695 1.058836 0.102094
v -0.059546 1.056386 0.100160
v -0.058222 1.054405 0.097933
v -0.056764 1.052952 0.095480
v -0.017550 1.090969 -0.113626
v -0.033868 1.092947 -0.107018
v -0.018759 1.068297 -0.121449
v -0.054612 1.075485 -0.110296
v -0.070404 1.079056 -0.100094
v -0.084023 1.082479 -0.087306
v -0.095037 1.085661 -0.072444
v -0.103149 1.088517 -0.056090
v -0.108205 1.090969 -0.038863
v -0.110197 1.092947 -0.021371
v -0.040866 1.094401 0.101392
v -0.042979 1.090969 0.106638
v -0.043891 1.088517 0.108900
v -0.044671 1.085661 0.110835
v -0.045746 1.079056 0.113504
v -0.046008 1.075485 0.114154
v -0.046073 1.071868 0.114316
v -0.045607 1.064874 0.113159
v -0.045090 1.061692 0.111873
v -0.044399 1.058836 0.110163
v -0.043558 1.056386 0.108075
v -0.042590 1.054405 0.105674
v -0.041523 1.052952 0.103026
v -0.032060 1.095290 -0.101305
v -0.016221 1.095290 -0.105013
v -0.016687 1.094401 -0.108036
v -0.084505 1.095290 -0.064416
v -0.073683 1.095290 -0.076561
v -0.089189 1.095290 0.057758
v -0.096961 1.095290 0.043467
v -0.099752 1.094401 0.044719
v 0.000000 1.092947 -0.112249
v 0.000000 1.094401 -0.109318
v -0.013749 1.095588 -0.102232
v 0.000000 1.095588 -0.103153
v -0.040269 1.095588 -0.094967
v -0.031061 1.095588 -0.098165
v -0.027251 1.095588 -0.099486
v -0.017135 1.092947 -0.110933
v -0.071408 1.095588 -0.074190
v -0.096260 1.095588 -0.037073
v -0.090460 1.095588 -0.049573
v -0.093349 1.095290 -0.050762
v -0.086939 1.094401 -0.066270
v -0.077837 1.092947 -0.080877
v -0.066146 1.090969 -0.094040
v -0.052098 1.088517 -0.105222
v -0.036054 1.085661 -0.113929
v -0.018497 1.082479 -0.119750
v 0.000000 1.079056 -0.122375
v -0.083045 1.095588 -0.061189
v -0.074148 1.095588 -0.071711
v -0.096036 1.094401 -0.052223
v -0.089270 1.092947 -0.068048
v -0.079726 1.090969 -0.082840
v -0.053025 1.085661 -0.107092
v -0.036559 1.082479 -0.115523
v -0.018681 1.079056 -0.120941
v 0.000000 1.075485 -0.123077
v -0.102883 1.094401 -0.036951
v -0.098612 1.092947 -0.053624
v -0.091438 1.090969 -0.069700
v -0.081418 1.088517 -0.084599
v -0.068750 1.085661 -0.097742
v -0.036923 1.079056 -0.116671
v -0.018787 1.075485 -0.121635
v 0.000000 1.071868 -0.123250
v -0.107319 1.094401 -0.020812
v -0.105643 1.092947 -0.037942
v -0.101006 1.090969 -0.054925
v -0.093378 1.088517 -0.071179
v -0.054301 1.079056 -0.109669
v -0.037135 1.075485 -0.117340
v -0.018815 1.071868 -0.121806
v 0.000000 1.068297 -0.122889
v -0.108237 1.092947 0.029744
v -0.094052 1.095588 0.042168
v -0.078772 1.095588 0.066597
v -0.086549 1.095588 0.056045
v -0.086946 1.095588 0.055505
v -0.102428 1.092947 0.045917
v -0.110863 1.090969 0.030466
v -0.119411 1.085661 -0.004578
v -0.118952 1.082479 -0.023070
v -0.115172 1.079056 -0.041366
v -0.108124 1.075485 -0.058796
v -0.098020 1.071868 -0.074718
v -0.070191 1.064874 -0.099791
v -0.053520 1.061692 -0.108095
v -0.017787 1.056386 -0.115158
v 0.000000 1.054405 -0.113934
v -0.081611 1.094401 0.072732
v -0.094218 1.092947 0.061015
v -0.104912 1.090969 0.047031
v -0.113216 1.088517 0.031112
v -0.118711 1.085661 0.013705
v -0.120137 1.079056 -0.023299
v -0.115832 1.075485 -0.041602
v -0.108277 1.071868 -0.058880
v -0.084601 1.064874 -0.087907
v -0.069395 1.061692 -0.098657
v -0.052701 1.058836 -0.106440
v -0.035157 1.056386 -0.111093
v 0.000000 1.052952 -0.111080
v -0.069553 1.094401 0.084337
v -0.096504 1.090969 0.062495
v -0.107140 1.088517 0.048030
v -0.122286 1.079056 -0.004687
v -0.120826 1.075485 -0.023433
v -0.097030 1.064874 -0.073961
v -0.083641 1.061692 -0.086908
v -0.068333 1.058836 -0.097148
v -0.051704 1.056386 -0.104424
v -0.016956 1.052952 -0.109777
v -0.025309 1.052952 0.108158
v -0.025961 1.054405 0.110937
v -0.026551 1.056386 0.113457
v -0.027063 1.058836 0.115648
v -0.027484 1.061692 0.117445
v -0.027799 1.064874 0.118794
v -0.028000 1.068297 0.119658
v -0.028043 1.075485 0.119839
v -0.027883 1.079056 0.119157
v -0.027609 1.082479 0.117982
v -0.026752 1.088517 0.114325
v -0.026198 1.090969 0.111949
v -0.025577 1.092947 0.109297
v -0.008722 1.054405 0.113599
v -0.008920 1.056386 0.116180
v -0.009092 1.058836 0.118425
v -0.009233 1.061692 0.120263
v -0.009340 1.064874 0.121647
v -0.009407 1.068297 0.122529
v -0.009422 1.075485 0.122715
v -0.009368 1.079056 0.122016
v -0.009274 1.082479 0.120815
v -0.008988 1.088517 0.117069
v -0.008592 1.092947 0.111919
v 0.008134 1.095290 0.105945
v 0.007887 1.095588 0.102788
v 0.008722 1.054405 0.113599
v 0.008920 1.056386 0.116180
v 0.009092 1.058836 0.118425
v 0.009233 1.061692 0.120263
v 0.009340 1.064874 0.121647
v 0.009407 1.068297 0.122529
v 0.009422 1.075485 0.122715
v 0.009368 1.079056 0.122016
v 0.009274 1.082479 0.120815
v 0.008988 1.088517 0.117069
v 0.008592 1.092947 0.111919
v 0.024212 1.095290 0.103464
v 0.023462 1.095588 0.100287
v 0.020546 1.095588 0.101084
v 0.025309 1.052952 0.108158
v 0.025960 1.054405 0.110937
v 0.026551 1.056386 0.113457
v 0.027063 1.058836 0.115648
v 0.027484 1.061692 0.117445
v 0.027799 1.064874 0.118794
v 0.028000 1.068297 0.119658
v 0.028043 1.075485 0.119839
v 0.027883 1.079056 0.119157
v 0.027609 1.082479 0.117982
v 0.026752 1.088517 0.114325
v 0.026198 1.090969 0.111949
v 0.025577 1.092947 0.109297
v 0.039721 1.095290 0.098555
v 0.038477 1.095588 0.095477
v 0.033836 1.095588 0.097444
v 0.041523 1.052952 0.103026
v 0.042590 1.054405 0.105674
v 0.043558 1.056386 0.108075
v 0.044399 1.058836 0.110163
v 0.045090 1.061692 0.111873
v 0.045607 1.064874 0.113159
v 0.045939 1.068297 0.113980
v 0.046008 1.075485 0.114154
v 0.045746 1.079056 0.113504
v 0.045295 1.082479 0.112386
v 0.043891 1.088517 0.108900
v 0.042979 1.090969 0.106638
v 0.041960 1.092947 0.104112
v 0.058379 1.095588 0.085043
v 0.052595 1.095588 0.088469
v 0.054299 1.095290 0.091336
v 0.046522 1.095588 0.092065
v 0.056763 1.052952 0.095480
v 0.058222 1.054405 0.097933
v 0.059546 1.056386 0.100160
v 0.060695 1.058836 0.102094
v 0.061637 1.061692 0.103679
v 0.062347 1.064874 0.104870
v 0.062800 1.068297 0.105632
v 0.062895 1.075485 0.105793
v 0.062536 1.079056 0.105190
v 0.061920 1.082479 0.104153
v 0.059999 1.088517 0.100925
v 0.057362 1.092947 0.096486
v 0.070675 1.052952 0.085697
v 0.072489 1.054405 0.087898
v 0.074137 1.056386 0.089897
v 0.075569 1.058836 0.091631
v 0.077624 1.064874 0.094125
v 0.078187 1.068297 0.094808
v 0.078306 1.075485 0.094953
v 0.077861 1.079056 0.094410
v 0.077094 1.082479 0.093481
v 0.076031 1.085661 0.092193
v 0.074703 1.088517 0.090583
v 0.073151 1.090969 0.088700
v 0.071418 1.092947 0.086600
v 0.069553 1.094401 0.084337
v 0.082927 1.052952 0.073903
v 0.085057 1.054405 0.075804
v 0.086989 1.056386 0.077526
v 0.088670 1.058836 0.079023
v 0.090047 1.061692 0.080250
v 0.091082 1.064874 0.081172
v 0.091744 1.068297 0.081762
v 0.091883 1.075485 0.081885
v 0.091359 1.079056 0.081420
v 0.090459 1.082479 0.080617
v 0.087655 1.088517 0.078118
v 0.085833 1.090969 0.076494
v 0.083800 1.092947 0.074682
v 0.095632 1.054405 0.061930
v 0.099693 1.058836 0.064561
v 0.101243 1.061692 0.065564
v 0.102406 1.064874 0.066317
v 0.103149 1.068297 0.066799
v 0.103305 1.075485 0.066900
v 0.102717 1.079056 0.066519
v 0.101705 1.082479 0.065863
v 0.098553 1.088517 0.063823
v 0.096504 1.090969 0.062495
v 0.094218 1.092947 0.061015
v 0.096961 1.095290 0.043467
v 0.094052 1.095588 0.042168
v 0.101361 1.052952 0.045440
v 0.103965 1.054405 0.046606
v 0.108380 1.058836 0.048586
v 0.111328 1.064874 0.049908
v 0.112137 1.068297 0.050271
v 0.112308 1.075485 0.050347
v 0.111668 1.079056 0.050061
v 0.110567 1.082479 0.049568
v 0.109043 1.085661 0.048884
v 0.107140 1.088517 0.048030
v 0.104912 1.090969 0.047031
v 0.102428 1.092947 0.045917
v 0.099752 1.094401 0.044719
v 0.102460 1.095290 0.028156
v 0.099299 1.095588 0.027294
v 0.107109 1.052952 0.029435
v 0.109861 1.054405 0.030190
v 0.112357 1.056386 0.030876
v 0.114528 1.058836 0.031472
v 0.116306 1.061692 0.031961
v 0.117643 1.064874 0.032330
v 0.118496 1.068297 0.032564
v 0.118677 1.075485 0.032613
v 0.118000 1.079056 0.032427
v 0.116839 1.082479 0.032108
v 0.113216 1.088517 0.031112
v 0.110863 1.090969 0.030466
v 0.108237 1.092947 0.029744
v 0.105556 1.095290 0.012185
v 0.102253 1.095588 0.011808
v 0.101716 1.095588 0.017157
v 0.113182 1.054405 0.013066
v 0.115755 1.056386 0.013364
v 0.117988 1.058836 0.013621
v 0.119822 1.061692 0.013833
v 0.121199 1.064874 0.013991
v 0.122079 1.068297 0.014094
v 0.122265 1.075485 0.014116
v 0.121568 1.079056 0.014034
v 0.120371 1.082479 0.013897
v 0.116638 1.088517 0.013465
v 0.111508 1.092947 0.012873
v 0.102634 1.095588 -0.010326
v 0.102846 1.095588 -0.003944
v 0.106179 1.095290 -0.004070
v 0.103094 1.095588 0.003448
v 0.113849 1.054405 -0.004365
v 0.116438 1.056386 -0.004464
v 0.118686 1.058836 -0.004549
v 0.120530 1.061692 -0.004619
v 0.121914 1.064874 -0.004673
v 0.122800 1.068297 -0.004707
v 0.123160 1.071868 -0.004721
v 0.122986 1.075485 -0.004715
v 0.122286 1.079056 -0.004687
v 0.121081 1.082479 -0.004640
v 0.117326 1.088517 -0.004497
v 0.112167 1.092947 -0.004300
v 0.109047 1.052952 -0.021148
v 0.111850 1.054405 -0.021692
v 0.116601 1.058836 -0.022614
v 0.119771 1.064874 -0.023229
v 0.120642 1.068297 -0.023397
v 0.120825 1.075485 -0.023433
v 0.120137 1.079056 -0.023299
v 0.118952 1.082479 -0.023070
v 0.117313 1.085661 -0.022751
v 0.115265 1.088517 -0.022354
v 0.112870 1.090969 -0.021890
v 0.110195 1.092947 -0.021371
v 0.107319 1.094401 -0.020812
v 0.104540 1.052952 -0.037547
v 0.107228 1.054405 -0.038510
v 0.111781 1.058836 -0.040147
v 0.114824 1.064874 -0.041240
v 0.115656 1.068297 -0.041539
v 0.115832 1.075485 -0.041602
v 0.115172 1.079056 -0.041366
v 0.114039 1.082479 -0.040958
v 0.110502 1.088517 -0.039688
v 0.108205 1.090969 -0.038863
v 0.105643 1.092947 -0.037942
v 0.102883 1.094401 -0.036951
v 0.097584 1.052952 -0.053065
v 0.100092 1.054405 -0.054429
v 0.104344 1.058836 -0.056740
v 0.107183 1.064874 -0.058283
v 0.107961 1.068297 -0.058707
v 0.108124 1.075485 -0.058796
v 0.107509 1.079056 -0.058461
v 0.106449 1.082479 -0.057886
v 0.104981 1.085661 -0.057086
v 0.103149 1.088517 -0.056090
v 0.101006 1.090969 -0.054925
v 0.098612 1.092947 -0.053624
v 0.096036 1.094401 -0.052223
v 0.093348 1.095290 -0.050762
v 0.090460 1.095588 -0.049573
v 0.084505 1.095290 -0.064416
v 0.081961 1.095588 -0.062469
v 0.088341 1.052952 -0.067338
v 0.090610 1.054405 -0.069070
v 0.092670 1.056386 -0.070640
v 0.094459 1.058836 -0.072004
v 0.097030 1.064874 -0.073961
v 0.097733 1.068297 -0.074498
v 0.097881 1.075485 -0.074612
v 0.097323 1.079056 -0.074186
v 0.096366 1.082479 -0.073455
v 0.095037 1.085661 -0.072444
v 0.093378 1.088517 -0.071179
v 0.091438 1.090969 -0.069700
v 0.089270 1.092947 -0.068048
v 0.086939 1.094401 -0.066270
v 0.073683 1.095290 -0.076561
v 0.071408 1.095588 -0.074190
v 0.074148 1.095588 -0.071711
v 0.079005 1.054405 -0.082090
v 0.082361 1.058836 -0.085579
v 0.083641 1.061692 -0.086908
v 0.084601 1.064874 -0.087907
v 0.085216 1.068297 -0.088544
v 0.085345 1.075485 -0.088679
v 0.084860 1.079056 -0.088173
v 0.084023 1.082479 -0.087306
v 0.081418 1.088517 -0.084599
v 0.079726 1.090969 -0.082840
v 0.077837 1.092947 -0.080877
v 0.061133 1.095290 -0.086911
v 0.059219 1.095588 -0.084186
v 0.063928 1.095588 -0.080954
v 0.063906 1.052952 -0.090855
v 0.065548 1.054405 -0.093189
v 0.067037 1.056386 -0.095307
v 0.068331 1.058836 -0.097148
v 0.069395 1.061692 -0.098657
v 0.070191 1.064874 -0.099791
v 0.070700 1.068297 -0.100515
v 0.070809 1.075485 -0.100667
v 0.070404 1.079056 -0.100094
v 0.069711 1.082479 -0.099109
v 0.067549 1.088517 -0.096036
v 0.064579 1.092947 -0.091811
v 0.062893 1.094401 -0.089413
v 0.040269 1.095588 -0.094967
v 0.045668 1.095588 -0.092239
v 0.047149 1.095290 -0.095224
v 0.052569 1.095588 -0.088753
v 0.049287 1.052952 -0.099545
v 0.050556 1.054405 -0.102103
v 0.051704 1.056386 -0.104424
v 0.052701 1.058836 -0.106440
v 0.053520 1.061692 -0.108095
v 0.054135 1.064874 -0.109335
v 0.054529 1.068297 -0.110129
v 0.054612 1.075485 -0.110296
v 0.054301 1.079056 -0.109669
v 0.053765 1.082479 -0.108589
v 0.052098 1.088517 -0.105222
v 0.051016 1.090969 -0.103034
v 0.049807 1.092947 -0.100594
v 0.034376 1.054405 -0.108623
v 0.035836 1.058836 -0.113237
v 0.036811 1.064874 -0.116318
v 0.037079 1.068297 -0.117163
v 0.037135 1.075485 -0.117340
v 0.036923 1.079056 -0.116671
v 0.036559 1.082479 -0.115523
v 0.036054 1.085661 -0.113929
v 0.035426 1.088517 -0.111941
v 0.034689 1.090969 -0.109616
v 0.033868 1.092947 -0.107018
v 0.016956 1.052952 -0.109777
v 0.017392 1.054405 -0.112597
v 0.018130 1.058836 -0.117382
v 0.018625 1.064874 -0.120574
v 0.018759 1.068297 -0.121449
v 0.018815 1.071868 -0.121806
v 0.018787 1.075485 -0.121635
v 0.018681 1.079056 -0.120941
v 0.018497 1.082479 -0.119750
v 0.018242 1.085661 -0.118099
v 0.017923 1.088517 -0.116038
v 0.017550 1.090969 -0.113626
v 0.017135 1.092947 -0.110933
v 0.016687 1.094401 -0.108036
v 0.023770 1.309509 -0.176762
v 0.156406 1.309509 -0.085714
v 0.166436 1.309509 -0.064103
v 0.150332 1.309509 0.095969
v 0.136200 1.309509 0.115150
v -0.173507 1.342053 -0.126588
v -0.143588 1.309509 -0.105796
v 0.000000 1.309509 -0.178352
v 0.130699 1.275748 -0.071626
v 0.119986 1.275748 -0.088406
v 0.143587 1.309509 -0.105796
v 0.125623 1.275748 0.080194
v 0.135191 1.275748 0.062735
v 0.161783 1.309509 0.075076
v 0.118571 1.240961 -0.045666
v 0.111426 1.240961 -0.061064
v 0.097031 1.240961 0.082033
v 0.107098 1.240961 0.068368
v 0.109258 1.205348 -0.026036
v 0.104812 1.205348 -0.040367
v 0.075341 1.205348 0.083300
v 0.085770 1.205348 0.072514
v 0.103889 1.169110 -0.010451
v 0.101570 1.169110 -0.024205
v 0.059093 1.169110 0.086083
v 0.070040 1.169110 0.077438
v -0.094968 1.132454 -0.036575
v -0.098995 1.132454 -0.023592
v -0.101570 1.169110 -0.024205
v 0.026886 1.132454 -0.098152
v 0.039729 1.132454 -0.093692
v 0.051863 1.132454 -0.087560
v 0.063071 1.132454 -0.079867
v 0.073153 1.132454 -0.070749
v 0.101711 1.132454 0.003401
v 0.100350 1.132454 0.016927
v 0.097198 1.132454 0.030151
v 0.045898 1.132454 0.090829
v 0.033381 1.132454 0.096136
v 0.020271 1.132454 0.099728
v 0.006797 1.132454 0.101540
v -0.006797 1.132454 0.101540
v -0.092312 1.132454 0.042838
v -0.073153 1.132454 -0.070749
v -0.063071 1.132454 -0.079867
v -0.051863 1.132454 -0.087560
v -0.039729 1.132454 -0.093692
v -0.026886 1.132454 -0.098152
v -0.013565 1.132454 -0.100860
v -0.082566 1.320408 0.170690
v -0.084240 1.317881 0.166805
v -0.080441 1.309509 0.159186
v -0.094432 1.303410 0.144297
v -0.096406 1.301185 0.140449
v -0.084348 1.275748 0.122873
v -0.159427 1.292587 -0.032186
v -0.157448 1.291615 -0.037299
v -0.144978 1.275748 -0.034550
v 0.076556 1.330717 -0.185978
v 0.077648 1.328895 -0.183221
v 0.069629 1.309509 -0.164202
v 0.115044 1.291512 -0.113658
v 0.116396 1.291759 -0.112568
v 0.107132 1.275748 -0.103609
v 0.199340 1.330717 -0.026690
v 0.193669 1.325060 -0.019553
v 0.177458 1.309509 -0.017852
v 0.122785 1.330717 0.159289
v 0.107831 1.321248 0.157047
v 0.100938 1.309509 0.147042
v 0.040685 1.333395 0.200155
v 0.027355 1.307126 0.173874
v 0.027683 1.309505 0.176197
v 0.011912 1.309509 0.177956
v 0.034658 1.326046 0.192707
v 0.033897 1.324933 0.191581
v 0.030191 1.318290 0.184902
v 0.030359 1.296669 0.163449
v 0.029629 1.297701 0.164525
v 0.009955 1.275748 0.148704
v 0.029686 1.275748 0.146052
v 0.032712 1.294395 0.160933
v 0.028334 1.300344 0.167201
v 0.051840 1.292587 0.154164
v 0.046421 1.291615 0.155004
v 0.048888 1.275748 0.140792
v 0.044365 1.291453 0.155460
v 0.040908 1.291512 0.156459
v 0.038279 1.291913 0.157477
v 0.034851 1.293089 0.159314
v 0.077748 1.303410 0.153929
v 0.071957 1.300421 0.153641
v 0.067217 1.275748 0.133018
v 0.061977 1.295912 0.153529
v 0.058380 1.294553 0.153646
v 0.106539 1.320408 0.156848
v 0.091569 1.311247 0.155071
v 0.088428 1.309493 0.154813
v 0.119637 1.309509 0.132277
v 0.164258 1.307126 0.063245
v 0.166434 1.309505 0.064123
v 0.175225 1.318290 0.066304
v 0.182861 1.324933 0.066435
v 0.193781 1.333470 0.064829
v 0.155916 1.294918 0.053025
v 0.157298 1.297701 0.056606
v 0.155394 1.293089 0.049475
v 0.155656 1.294198 0.051805
v 0.158967 1.300344 0.059063
v 0.146963 1.275748 0.024788
v 0.159427 1.292587 0.032186
v 0.157448 1.291615 0.037299
v 0.142346 1.275748 0.044156
v 0.156815 1.291453 0.039308
v 0.155952 1.291512 0.042800
v 0.172180 1.303410 0.009632
v 0.169036 1.300421 0.014505
v 0.148955 1.275748 0.004980
v 0.163949 1.295912 0.023091
v 0.162251 1.294553 0.026265
v 0.161764 1.294216 0.027283
v 0.189103 1.320408 -0.013842
v 0.180078 1.311247 -0.001767
v 0.173495 1.309509 -0.041346
v 0.136904 1.307126 -0.110628
v 0.138750 1.309505 -0.112074
v 0.140743 1.312045 -0.113635
v 0.145033 1.318290 -0.118597
v 0.148965 1.324933 -0.125146
v 0.153034 1.333470 -0.135405
v 0.155519 1.340828 -0.145909
v 0.123878 1.294918 -0.108516
v 0.125064 1.295712 -0.108224
v 0.120544 1.293089 -0.109839
v 0.122694 1.294198 -0.108899
v 0.130634 1.300344 -0.108139
v 0.133444 1.303191 -0.108905
v 0.103872 1.294553 -0.127381
v 0.107590 1.292587 -0.121977
v 0.092366 1.275748 -0.116966
v 0.111027 1.291615 -0.117704
v 0.094431 1.303410 -0.144297
v 0.097079 1.300421 -0.139138
v 0.075953 1.275748 -0.128233
v 0.101969 1.295912 -0.130440
v 0.082566 1.320408 -0.170690
v 0.088511 1.311247 -0.156837
v 0.089859 1.309493 -0.153987
v 0.047120 1.309509 -0.172018
v -0.027355 1.307126 -0.173874
v -0.027683 1.309505 -0.176197
v -0.034658 1.326046 -0.192707
v -0.033897 1.324933 -0.191581
v -0.030191 1.318290 -0.184902
v -0.040747 1.333470 -0.200233
v -0.029630 1.297701 -0.164525
v -0.019865 1.275748 -0.147708
v -0.028334 1.300344 -0.167201
v -0.032038 1.294918 -0.161541
v -0.031194 1.295712 -0.162420
v -0.034851 1.293089 -0.159314
v -0.038279 1.291913 -0.157477
v -0.071957 1.300421 -0.153641
v -0.065133 1.297349 -0.153565
v -0.058183 1.275748 -0.137213
v -0.058380 1.294553 -0.153646
v -0.051840 1.292587 -0.154164
v -0.046421 1.291615 -0.155004
v -0.039376 1.275748 -0.143743
v -0.044365 1.291453 -0.155460
v -0.040908 1.291512 -0.156459
v -0.106539 1.320408 -0.156848
v -0.091876 1.311440 -0.155107
v -0.088428 1.309493 -0.154814
v -0.110534 1.309509 -0.139971
v -0.126391 1.333090 -0.159967
v -0.122785 1.330717 -0.159289
v -0.157975 1.342053 -0.145512
v -0.154224 1.342053 -0.149143
v -0.128204 1.309509 -0.123990
v -0.140391 1.342053 -0.162542
v -0.184217 1.326046 -0.066338
v -0.200149 1.342053 -0.077092
v -0.175225 1.318290 -0.066304
v -0.193781 1.333470 -0.064829
v -0.204121 1.340828 -0.061730
v -0.156407 1.309509 -0.085714
v -0.166434 1.309505 -0.064123
v -0.197635 1.342053 -0.084081
v -0.157299 1.297701 -0.056606
v -0.139080 1.275748 -0.053566
v -0.158968 1.300344 -0.059063
v -0.164258 1.307126 -0.063245
v -0.155916 1.294918 -0.053025
v -0.156815 1.291453 -0.039308
v -0.155952 1.291512 -0.042800
v -0.155394 1.293089 -0.049475
v -0.155656 1.294198 -0.051805
v -0.169036 1.300421 -0.014505
v -0.148289 1.275748 -0.014917
v -0.163949 1.295912 -0.023091
v -0.162251 1.294553 -0.026265
v -0.189103 1.320408 0.013842
v -0.183391 1.314652 0.006185
v -0.178253 1.309509 0.005960
v -0.180079 1.311247 0.001767
v -0.175870 1.309509 0.029665
v -0.206356 1.337618 0.034888
v -0.199340 1.330717 0.026690
v -0.149605 1.326144 0.126484
v -0.153034 1.333470 0.135405
v -0.155519 1.340828 0.145909
v -0.136904 1.307126 0.110628
v -0.138750 1.309505 0.112074
v -0.150332 1.309509 0.095969
v -0.140743 1.312045 0.113635
v -0.145033 1.318290 0.118596
v -0.127651 1.297688 0.107923
v -0.125623 1.275748 0.080194
v -0.130634 1.300344 0.108139
v -0.133444 1.303191 0.108905
v -0.099974 1.275748 0.110533
v -0.111027 1.291615 0.117704
v -0.115044 1.291512 0.113658
v -0.113812 1.275748 0.096222
v -0.117239 1.291913 0.111890
v -0.123878 1.294918 0.108516
v -0.120544 1.293089 0.109839
v -0.122694 1.294198 0.108899
v -0.103872 1.294553 0.127381
v -0.107590 1.292587 0.121977
v -0.108874 1.292224 0.120381
v -0.097079 1.300421 0.139138
v -0.101971 1.295912 0.130440
v -0.067217 1.275748 0.133018
v -0.089860 1.309493 0.153987
v -0.088511 1.311247 0.156837
v -0.058505 1.309509 0.168485
v -0.076556 1.330717 0.185978
v -0.101256 1.132454 -0.010186
v -0.101711 1.132454 0.003401
v -0.100350 1.132454 0.016927
v -0.097198 1.132454 0.030151
v -0.085779 1.132454 0.054760
v -0.077714 1.132454 0.065704
v -0.068263 1.132454 0.075476
v -0.057595 1.132454 0.083901
v -0.045898 1.132454 0.090829
v -0.033382 1.132454 0.096136
v -0.020271 1.132454 0.099728
v 0.057595 1.132454 0.083901
v 0.068263 1.132454 0.075476
v 0.077714 1.132454 0.065704
v 0.092312 1.132454 0.042838
v 0.085779 1.132454 0.054760
v 0.101256 1.132454 -0.010186
v 0.098995 1.132454 -0.023592
v 0.081930 1.132454 -0.060366
v 0.089245 1.132454 -0.048907
v 0.094967 1.132454 -0.036575
v -0.111752 1.205348 -0.011243
v -0.103889 1.169110 -0.010451
v 0.020799 1.169110 0.102321
v 0.006974 1.169110 0.104180
v 0.079735 1.169110 0.067412
v 0.088008 1.169110 0.056183
v 0.094712 1.169110 0.043951
v 0.099726 1.169110 0.030935
v 0.097437 1.169110 -0.037527
v 0.091566 1.169110 -0.050180
v 0.084060 1.169110 -0.061936
v 0.075055 1.169110 -0.072589
v -0.126988 1.240961 0.004245
v -0.112255 1.205348 0.003751
v -0.104355 1.169110 0.003489
v 0.007501 1.205348 0.112067
v 0.022373 1.205348 0.110066
v 0.036843 1.205348 0.106102
v 0.094672 1.205348 0.060436
v 0.101883 1.205348 0.047278
v 0.107274 1.205348 0.033277
v 0.110753 1.205348 0.018681
v 0.098496 1.205348 -0.053978
v 0.090424 1.205348 -0.066624
v 0.080737 1.205348 -0.078081
v 0.069609 1.205348 -0.088147
v -0.146963 1.275748 0.024788
v -0.125290 1.240961 0.021135
v -0.110753 1.205348 0.018681
v -0.102960 1.169110 0.017367
v 0.008487 1.240961 0.126777
v 0.025310 1.240961 0.124513
v 0.041678 1.240961 0.120030
v 0.057306 1.240961 0.113402
v 0.115256 1.240961 0.053484
v 0.121355 1.240961 0.037644
v 0.125290 1.240961 0.021135
v 0.126988 1.240961 0.004245
v 0.102293 1.240961 -0.075370
v 0.091335 1.240961 -0.088332
v 0.078745 1.240961 -0.099716
v 0.064752 1.240961 -0.109324
v 0.040762 1.169110 -0.096128
v 0.027585 1.169110 -0.100704
v 0.029675 1.205348 -0.108327
v 0.014971 1.205348 -0.111315
v 0.016937 1.240961 -0.125926
v 0.000000 1.240961 -0.127061
v 0.000000 1.275748 -0.149038
v 0.013917 1.169110 -0.103482
v 0.000000 1.205348 -0.112317
v -0.016937 1.240961 -0.125926
v 0.013565 1.132454 -0.100860
v 0.000000 1.169110 -0.104414
v -0.014971 1.205348 -0.111315
v -0.033570 1.240961 -0.122546
v 0.000000 1.132454 -0.101768
v -0.013917 1.169110 -0.103482
v -0.029675 1.205348 -0.108327
v -0.049603 1.240961 -0.116977
v -0.075953 1.275748 -0.128233
v -0.077750 1.303410 -0.153929
v -0.053212 1.169110 -0.089839
v -0.064711 1.169110 -0.081943
v -0.069609 1.205348 -0.088147
v -0.080737 1.205348 -0.078081
v -0.091335 1.240961 -0.088332
v -0.102293 1.240961 -0.075370
v -0.119986 1.275748 -0.088406
v -0.130699 1.275748 -0.071626
v -0.075055 1.169110 -0.072589
v -0.090424 1.205348 -0.066624
v -0.111426 1.240961 -0.061064
v -0.084060 1.169110 -0.061936
v -0.098496 1.205348 -0.053978
v -0.118571 1.240961 -0.045666
v -0.081930 1.132454 -0.060366
v -0.091566 1.169110 -0.050180
v -0.104812 1.205348 -0.040367
v -0.123600 1.240961 -0.029455
v -0.089245 1.132454 -0.048907
v -0.097437 1.169110 -0.037527
v -0.109258 1.205348 -0.026036
v -0.126423 1.240961 -0.012717
v -0.148955 1.275748 0.004980
v -0.172180 1.303410 -0.009632
v -0.170346 1.309509 0.052842
v -0.142346 1.275748 0.044156
v -0.121357 1.240961 0.037644
v -0.107274 1.205348 0.033277
v -0.099726 1.169110 0.030935
v -0.107098 1.240961 0.068368
v -0.097031 1.240961 0.082033
v -0.094672 1.205348 0.060436
v -0.085770 1.205348 0.072514
v -0.088008 1.169110 0.056183
v -0.079735 1.169110 0.067412
v -0.085231 1.240961 0.094235
v -0.075341 1.205348 0.083300
v -0.070040 1.169110 0.077438
v -0.071909 1.240961 0.104753
v -0.063565 1.205348 0.092599
v -0.059093 1.169110 0.086083
v -0.057306 1.240961 0.113402
v -0.050655 1.205348 0.100245
v -0.047092 1.169110 0.093190
v 0.084348 1.275748 0.122873
v 0.148289 1.275748 -0.014917
v 0.058183 1.275748 -0.137213
v -0.027586 1.169110 -0.100704
v -0.043847 1.205348 -0.103406
v -0.064752 1.240961 -0.109324
v -0.092366 1.275748 -0.116966
v -0.048888 1.275748 0.140792
v -0.041679 1.240961 0.120030
v -0.036843 1.205348 0.106102
v -0.034250 1.169110 0.098636
v 0.174838 1.306078 0.005805
v 0.090435 1.308736 -0.152764
v 0.019865 1.275748 -0.147708
v 0.033569 1.240961 -0.122546
v 0.043847 1.205348 -0.103406
v 0.053212 1.169110 -0.089839
v -0.107133 1.275748 -0.103609
v -0.078746 1.240961 -0.099716
v -0.057240 1.205348 -0.096637
v -0.040762 1.169110 -0.096128
v -0.188207 1.342053 -0.103149
v -0.161783 1.309509 0.075076
v -0.094712 1.169110 0.043951
v -0.101883 1.205348 0.047278
v -0.115256 1.240961 0.053484
v -0.135192 1.275748 0.062735
v -0.035525 1.309509 0.174779
v -0.020799 1.169110 0.102321
v -0.022373 1.205348 0.110066
v -0.025310 1.240961 0.124513
v -0.029687 1.275748 0.146052
v -0.011912 1.309509 0.177956
v -0.006974 1.169110 0.104180
v -0.007501 1.205348 0.112067
v -0.008487 1.240961 0.126777
v -0.009955 1.275748 0.148704
v 0.099973 1.275748 0.110533
v 0.071909 1.240961 0.104753
v 0.050655 1.205348 0.100245
v 0.034250 1.169110 0.098636
v 0.113812 1.275748 0.096222
v 0.085230 1.240961 0.094235
v 0.063565 1.205348 0.092599
v 0.047092 1.169110 0.093190
v 0.144978 1.275748 -0.034550
v 0.126423 1.240961 -0.012717
v 0.112255 1.205348 0.003751
v 0.102960 1.169110 0.017367
v 0.139078 1.275748 -0.053566
v 0.123600 1.240961 -0.029455
v 0.111752 1.205348 -0.011243
v 0.104354 1.169110 0.003489
v 0.039376 1.275748 -0.143743
v 0.049603 1.240961 -0.116977
v 0.057239 1.205348 -0.096637
v 0.064711 1.169110 -0.081943
v -0.201117 1.357269 -0.085563
v -0.209549 1.357269 -0.062121
v -0.203646 1.352246 -0.086638
v -0.212180 1.352246 -0.062902
v -0.202837 1.348860 -0.086294
v -0.211340 1.348860 -0.062651
v -0.211938 1.350592 -0.062829
v -0.200752 1.345341 -0.085407
v -0.209166 1.345341 -0.062008
v -0.210406 1.347094 -0.062374
v -0.188361 1.343645 -0.106918
v -0.142179 1.344642 -0.164611
v -0.141575 1.343645 -0.163912
v -0.159308 1.343645 -0.146736
v -0.141324 1.343306 -0.163619
v -0.161416 1.347094 -0.148679
v -0.144134 1.349053 -0.166871
v -0.162134 1.348860 -0.149341
v -0.174969 1.343645 -0.127659
v -0.176243 1.345341 -0.128585
v -0.162591 1.350592 -0.149762
v -0.162779 1.352246 -0.149935
v -0.144658 1.352246 -0.167483
v -0.191702 1.348860 -0.108814
v -0.178074 1.348860 -0.129920
v -0.178679 1.353778 -0.130360
v -0.162683 1.353778 -0.149847
v -0.192351 1.353778 -0.109183
v -0.191908 1.355149 -0.108931
v -0.203056 1.355149 -0.086387
v -0.142637 1.357428 -0.165139
v -0.160758 1.357269 -0.148073
v -0.159625 1.357963 -0.147031
v -0.141857 1.357963 -0.164239
v -0.190077 1.357269 -0.107892
v -0.173855 1.358387 -0.126844
v -0.158293 1.358387 -0.145801
v -0.141069 1.358246 -0.163323
v -0.187158 1.358387 -0.106236
v -0.198033 1.358387 -0.084247
v -0.176562 1.357269 -0.128820
v -0.196166 1.358529 -0.083455
v -0.204388 1.358529 -0.060592
v -0.072624 1.358529 0.169080
v -0.069444 1.358529 0.176694
v -0.048741 1.358529 0.150010
v 0.049077 1.358529 0.203769
v -0.024675 1.358529 0.155786
v 0.048845 1.358529 0.197764
v 0.049730 1.358529 0.191171
v 0.000000 1.358529 0.157728
v 0.052055 1.358529 0.183829
v 0.024675 1.358529 0.155786
v 0.056134 1.358529 0.176015
v 0.048741 1.358529 0.150010
v 0.092710 1.358529 0.127606
v 0.100707 1.358529 0.147869
v 0.111529 1.358529 0.111530
v 0.110116 1.358529 0.147433
v 0.127606 1.358529 0.092710
v 0.118298 1.358529 0.148489
v 0.140539 1.358529 0.071607
v -0.067863 1.358529 0.183734
v -0.067572 1.358529 0.190249
v -0.151932 1.358529 0.144385
v 0.151929 1.358529 -0.144385
v 0.048741 1.358529 -0.150010
v 0.072624 1.358529 -0.169080
v 0.024675 1.358529 -0.155786
v 0.069444 1.358529 -0.176694
v 0.000000 1.358529 -0.157728
v 0.062223 1.358529 0.168095
v 0.070316 1.358529 0.160683
v 0.071607 1.358529 0.140539
v 0.079990 1.358529 0.154512
v 0.090428 1.358529 0.150172
v -0.049077 1.358529 -0.203769
v -0.052055 1.358529 -0.183829
v -0.056134 1.358529 -0.176015
v -0.024675 1.358529 -0.155786
v -0.068360 1.358529 0.196095
v 0.133438 1.358529 0.155381
v 0.185229 1.358529 0.046834
v 0.180499 1.358529 0.039392
v 0.150010 1.358529 0.048741
v 0.176686 1.358529 0.030161
v 0.155786 1.358529 0.024675
v 0.174312 1.358529 0.019446
v 0.157728 1.358529 0.000000
v -0.048741 1.358529 -0.150010
v -0.092710 1.358529 -0.127606
v -0.100707 1.358529 -0.147869
v -0.111530 1.358529 -0.111530
v -0.110116 1.358529 -0.147433
v -0.127606 1.358529 -0.092710
v -0.118298 1.358529 -0.148489
v -0.140539 1.358529 -0.071607
v -0.140539 1.358529 0.071607
v -0.133173 1.358529 0.136996
v -0.127606 1.358529 0.092710
v -0.124365 1.358529 0.136622
v -0.111530 1.358529 0.111530
v -0.114463 1.358529 0.137935
v -0.092710 1.358529 0.127606
v 0.140539 1.358529 -0.071607
v 0.133173 1.358529 -0.136996
v 0.127606 1.358529 -0.092710
v 0.124365 1.358529 -0.136622
v 0.111529 1.358529 -0.111530
v 0.114463 1.358529 -0.137935
v 0.092710 1.358529 -0.127606
v -0.201282 1.358529 0.037869
v 0.198349 1.358529 0.058127
v 0.193045 1.358529 0.054720
v 0.128230 1.358529 0.152058
v 0.201282 1.358529 -0.037869
v -0.103999 1.358529 0.141237
v -0.093817 1.358529 0.146529
v -0.071607 1.358529 0.140539
v -0.084838 1.358529 0.153397
v -0.077705 1.358529 0.161150
v 0.103997 1.358529 -0.141237
v 0.093817 1.358529 -0.146529
v 0.071607 1.358529 -0.140539
v 0.084838 1.358529 -0.153397
v 0.077704 1.358529 -0.161150
v 0.067845 1.358529 -0.193253
v -0.133438 1.358529 -0.155381
v -0.185229 1.358529 -0.046834
v -0.180499 1.358529 -0.039392
v -0.150010 1.358529 -0.048741
v -0.176686 1.358529 -0.030161
v -0.155786 1.358529 -0.024675
v -0.174312 1.358529 -0.019446
v -0.157728 1.358529 0.000000
v 0.173806 1.358529 0.007984
v 0.175266 1.358529 -0.003227
v 0.155786 1.358529 -0.024675
v 0.178411 1.358529 -0.013280
v 0.150010 1.358529 -0.048741
v 0.182738 1.358529 -0.021646
v 0.187743 1.358529 -0.028206
v 0.193051 1.358529 -0.033098
v 0.140694 1.358529 -0.138655
v 0.195799 1.358529 -0.035022
v 0.143912 1.358529 -0.139822
v -0.062224 1.358529 -0.168095
v -0.070316 1.358529 -0.160683
v -0.071607 1.358529 -0.140539
v -0.079990 1.358529 -0.154512
v -0.090428 1.358529 -0.150172
v -0.146847 1.358529 0.141186
v -0.198548 1.358529 0.036604
v -0.140694 1.358529 0.138655
v -0.193052 1.358529 0.033098
v -0.187743 1.358529 0.028206
v -0.182738 1.358529 0.021646
v -0.150010 1.358529 0.048741
v -0.178411 1.358529 0.013280
v -0.155786 1.358529 0.024675
v -0.175266 1.358529 0.003227
v -0.173806 1.358529 -0.007984
v -0.048845 1.358529 -0.197764
v 0.067570 1.358529 -0.187079
v -0.049730 1.358529 -0.191171
v 0.068360 1.358529 -0.196095
v -0.198349 1.358529 -0.058127
v -0.193045 1.358529 -0.054720
v -0.128230 1.358529 -0.152058
v 0.067794 1.402353 -0.027240
v 0.069694 1.402353 -0.022646
v 0.088986 1.401024 -0.028914
v 0.071437 1.402353 -0.015391
v 0.092412 1.401024 -0.014637
v 0.073039 1.402353 -0.003096
v 0.093565 1.401024 0.000000
v 0.072551 1.402353 0.009297
v 0.072383 1.402353 0.011463
v 0.092412 1.401024 0.014637
v 0.050639 1.402353 0.052826
v 0.043074 1.402353 0.059286
v 0.054996 1.401024 0.075695
v 0.040956 1.402353 0.060585
v 0.033268 1.402353 0.065295
v 0.042477 1.401024 0.083369
v 0.022646 1.402353 0.069694
v 0.028914 1.401024 0.088986
v 0.018415 1.402353 0.070712
v 0.011461 1.402353 0.072383
v 0.014637 1.401024 0.092413
v 0.006196 1.402353 0.072796
v 0.000000 1.402353 0.073283
v 0.000000 1.401024 0.093565
v -0.006196 1.402353 0.072796
v -0.011463 1.402353 0.072383
v -0.014637 1.401024 0.092413
v -0.018415 1.402353 0.070712
v -0.022646 1.402353 0.069694
v -0.028914 1.401024 0.088986
v -0.030112 1.402353 0.066602
v -0.042477 1.401024 0.083369
v -0.040956 1.402353 0.060585
v -0.043075 1.402353 0.059286
v -0.054996 1.401024 0.075695
v -0.050639 1.402353 0.052826
v -0.066160 1.401024 0.066160
v -0.072551 1.402353 0.009297
v -0.073283 1.402353 0.000000
v -0.093565 1.401024 0.000000
v -0.072383 1.402353 -0.011463
v -0.092413 1.401024 -0.014637
v -0.069694 1.402353 -0.022646
v -0.088986 1.401024 -0.028914
v -0.067794 1.402353 -0.027240
v -0.065295 1.402353 -0.033268
v -0.083369 1.401024 -0.042477
v -0.062209 1.402353 -0.038305
v -0.059286 1.402353 -0.043074
v -0.075695 1.401024 -0.054996
v -0.054845 1.402353 -0.048274
v -0.051819 1.402353 -0.051819
v -0.066160 1.401024 -0.066160
v -0.045910 1.402353 -0.056867
v -0.054996 1.401024 -0.075695
v -0.035653 1.402353 -0.063835
v -0.033268 1.402353 -0.065295
v -0.042477 1.401024 -0.083369
v 0.150061 1.371062 0.023767
v 0.151932 1.371062 0.000000
v 0.142226 1.381869 0.000000
v 0.023767 1.371062 -0.150061
v 0.046950 1.371062 -0.144495
v 0.068975 1.371062 -0.135372
v 0.089305 1.371062 -0.122916
v 0.107433 1.371062 -0.107433
v 0.122916 1.371062 -0.089305
v 0.127284 1.390626 -0.020159
v 0.140474 1.381869 -0.022249
v 0.150061 1.371062 -0.023767
v 0.106896 1.397076 -0.034733
v 0.122561 1.390626 -0.039823
v 0.135265 1.381869 -0.043949
v 0.144495 1.371062 -0.046950
v -0.017582 1.397076 -0.111013
v 0.000000 1.397076 -0.112398
v 0.000000 1.390626 -0.128870
v 0.083368 1.401024 -0.042477
v 0.100147 1.397076 -0.051028
v 0.114824 1.390626 -0.058507
v 0.126725 1.381869 -0.064571
v 0.135372 1.371062 -0.068975
v 0.000000 1.401024 -0.093565
v -0.014637 1.401024 -0.092413
v -0.028914 1.401024 -0.088986
v -0.135374 1.371062 -0.068975
v -0.144495 1.371062 -0.046950
v -0.135265 1.381869 -0.043949
v -0.140474 1.381869 -0.022249
v -0.127284 1.390626 -0.020159
v -0.128870 1.390626 0.000000
v -0.112398 1.397076 0.000000
v -0.111014 1.397076 0.017582
v -0.092413 1.401024 0.014637
v -0.088986 1.401024 0.028914
v -0.150061 1.371062 -0.023767
v -0.151932 1.371062 0.000000
v -0.142226 1.381869 0.000000
v -0.140474 1.381869 0.022249
v -0.127284 1.390626 0.020159
v -0.122562 1.390626 0.039823
v -0.106896 1.397076 0.034733
v -0.100147 1.397076 0.051028
v -0.083369 1.401024 0.042477
v -0.075695 1.401024 0.054996
v -0.059286 1.402353 0.043074
v 0.023767 1.371062 0.150061
v 0.046950 1.371062 0.144495
v 0.043949 1.381869 0.135265
v 0.064571 1.381869 0.126725
v 0.058505 1.390626 0.114824
v 0.075747 1.390626 0.104258
v 0.066064 1.397076 0.090930
v 0.079478 1.397076 0.079478
v 0.066160 1.401024 0.066160
v 0.075695 1.401024 0.054996
v 0.068975 1.371062 0.135372
v 0.089305 1.371062 0.122916
v 0.083596 1.381869 0.115064
v 0.100568 1.381869 0.100568
v 0.091124 1.390626 0.091124
v 0.104258 1.390626 0.075747
v 0.090930 1.397076 0.066064
v 0.100147 1.397076 0.051028
v 0.083368 1.401024 0.042477
v 0.088986 1.401024 0.028914
v 0.069694 1.402353 0.022646
v 0.069987 1.402353 0.021440
v 0.000000 1.402353 -0.073283
v -0.011463 1.402353 -0.072383
v -0.022646 1.402353 -0.069694
v -0.034733 1.397076 -0.106896
v -0.020159 1.390626 -0.127284
v 0.000000 1.381869 -0.142226
v -0.051028 1.397076 -0.100147
v -0.039823 1.390626 -0.122562
v -0.022249 1.381869 -0.140474
v 0.000000 1.371062 -0.151932
v -0.066064 1.397076 -0.090930
v -0.058505 1.390626 -0.114824
v -0.043950 1.381869 -0.135265
v -0.023767 1.371062 -0.150061
v -0.079478 1.397076 -0.079478
v -0.075747 1.390626 -0.104258
v -0.064571 1.381869 -0.126725
v -0.046950 1.371062 -0.144495
v -0.090930 1.397076 -0.066064
v -0.091124 1.390626 -0.091124
v -0.083596 1.381869 -0.115064
v -0.068975 1.371062 -0.135372
v -0.100147 1.397076 -0.051028
v -0.104258 1.390626 -0.075747
v -0.100568 1.381869 -0.100568
v -0.089305 1.371062 -0.122916
v -0.106896 1.397076 -0.034733
v -0.114824 1.390626 -0.058507
v -0.115064 1.381869 -0.083596
v -0.107433 1.371062 -0.107433
v -0.111014 1.397076 -0.017582
v -0.122562 1.390626 -0.039823
v -0.126725 1.381869 -0.064571
v -0.122916 1.371062 -0.089305
v -0.065295 1.402353 0.033268
v -0.069694 1.402353 0.022646
v -0.069987 1.402353 0.021440
v -0.072383 1.402353 0.011463
v -0.090930 1.397076 0.066064
v -0.114824 1.390626 0.058507
v -0.135265 1.381869 0.043949
v -0.150061 1.371062 0.023767
v -0.079478 1.397076 0.079478
v -0.104258 1.390626 0.075747
v -0.126725 1.381869 0.064571
v -0.144495 1.371062 0.046950
v -0.066064 1.397076 0.090930
v -0.091124 1.390626 0.091124
v -0.115064 1.381869 0.083596
v -0.135374 1.371062 0.068975
v -0.051028 1.397076 0.100147
v -0.075747 1.390626 0.104258
v -0.100568 1.381869 0.100568
v -0.122916 1.371062 0.089305
v -0.034733 1.397076 0.106896
v -0.058505 1.390626 0.114824
v -0.083596 1.381869 0.115064
v -0.107433 1.371062 0.107433
v -0.017582 1.397076 0.111013
v -0.039823 1.390626 0.122562
v -0.064571 1.381869 0.126725
v -0.089305 1.371062 0.122916
v 0.000000 1.397076 0.112398
v -0.020159 1.390626 0.127284
v -0.043950 1.381869 0.135265
v -0.068975 1.371062 0.135372
v 0.017582 1.397076 0.111013
v 0.000000 1.390626 0.128870
v -0.022249 1.381869 0.140474
v -0.046950 1.371062 0.144495
v 0.034733 1.397076 0.106896
v 0.020159 1.390626 0.127284
v 0.000000 1.381869 0.142226
v -0.023767 1.371062 0.150061
v 0.051028 1.397076 0.100147
v 0.039823 1.390626 0.122562
v 0.022249 1.381869 0.140474
v 0.000000 1.371062 0.151932
v 0.065294 1.402353 0.033268
v 0.059286 1.402353 0.043074
v 0.106896 1.397076 0.034733
v 0.114824 1.390626 0.058507
v 0.115064 1.381869 0.083596
v 0.107433 1.371062 0.107433
v 0.111013 1.397076 0.017582
v 0.122561 1.390626 0.039823
v 0.126725 1.381869 0.064571
v 0.122916 1.371062 0.089305
v 0.112398 1.397076 0.000000
v 0.127284 1.390626 0.020159
v 0.135265 1.381869 0.043949
v 0.135372 1.371062 0.068975
v 0.111013 1.397076 -0.017582
v 0.128870 1.390626 0.000000
v 0.140474 1.381869 0.022249
v 0.144495 1.371062 0.046950
v 0.065294 1.402353 -0.033268
v 0.075695 1.401024 -0.054996
v 0.059286 1.402353 -0.043074
v 0.062209 1.402353 -0.038305
v 0.115064 1.381869 -0.083596
v 0.104258 1.390626 -0.075747
v 0.090930 1.397076 -0.066064
v 0.066160 1.401024 -0.066160
v 0.051819 1.402353 -0.051819
v 0.054845 1.402353 -0.048274
v 0.100568 1.381869 -0.100568
v 0.091124 1.390626 -0.091124
v 0.079478 1.397076 -0.079478
v 0.054996 1.401024 -0.075695
v 0.043074 1.402353 -0.059286
v 0.083596 1.381869 -0.115064
v 0.075747 1.390626 -0.104258
v 0.066064 1.397076 -0.090930
v 0.042477 1.401024 -0.083369
v 0.033268 1.402353 -0.065295
v 0.035653 1.402353 -0.063835
v 0.064571 1.381869 -0.126725
v 0.058505 1.390626 -0.114824
v 0.051028 1.397076 -0.100147
v 0.028914 1.401024 -0.088986
v 0.022646 1.402353 -0.069694
v 0.043949 1.381869 -0.135265
v 0.039823 1.390626 -0.122562
v 0.034733 1.397076 -0.106896
v 0.014637 1.401024 -0.092413
v 0.011461 1.402353 -0.072383
v 0.022249 1.381869 -0.140474
v 0.020159 1.390626 -0.127284
v 0.017582 1.397076 -0.111013
v 0.005342 1.489134 -0.015122
v 0.002709 1.489134 -0.015807
v 0.000000 1.490000 0.000000
v 0.012038 1.489134 -0.010597
v 0.015676 1.489134 -0.003377
v 0.015336 1.489134 0.004697
v 0.011097 1.489134 0.011579
v 0.001360 1.489134 0.015980
v -0.004040 1.489134 0.015520
v -0.012895 1.489134 0.009537
v -0.015908 1.489134 0.002035
v -0.014881 1.489134 -0.005978
v -0.010075 1.489134 -0.012477
v -0.026666 1.411919 -0.075464
v -0.013526 1.411919 -0.078884
v -0.039033 1.411919 -0.069872
v -0.050280 1.411919 -0.062271
v -0.060081 1.411919 -0.052878
v -0.068153 1.411919 -0.041961
v -0.074266 1.411919 -0.029841
v -0.078240 1.411919 -0.016861
v -0.079964 1.411919 -0.003396
v -0.079389 1.411919 0.010168
v -0.076527 1.411919 0.023437
v -0.071465 1.411919 0.036034
v -0.064351 1.411919 0.047590
v -0.055380 1.411919 0.057782
v -0.044821 1.411919 0.066311
v -0.032967 1.411919 0.072933
v -0.020168 1.411919 0.077452
v -0.006787 1.411919 0.079751
v 0.006786 1.411919 0.079751
v 0.020168 1.411919 0.077452
v 0.032967 1.411919 0.072933
v 0.044821 1.411919 0.066311
v 0.055379 1.411919 0.057782
v 0.064351 1.411919 0.047590
v 0.071465 1.411919 0.036034
v 0.076527 1.411919 0.023437
v 0.079389 1.411919 0.010168
v 0.079964 1.411919 -0.003396
v 0.078240 1.411919 -0.016861
v 0.074266 1.411919 -0.029841
v 0.068153 1.411919 -0.041961
v 0.060081 1.411919 -0.052878
v 0.050280 1.411919 -0.062271
v 0.039033 1.411919 -0.069872
v 0.026666 1.411919 -0.075464
v 0.013526 1.411919 -0.078884
v 0.000000 1.411919 -0.080036
v 0.014318 1.421975 -0.083514
v 0.028227 1.421975 -0.079894
v 0.041323 1.421975 -0.073975
v 0.053231 1.421975 -0.065925
v 0.063608 1.421975 -0.055983
v 0.072153 1.421975 -0.044425
v 0.078622 1.421975 -0.031594
v 0.082832 1.421975 -0.017851
v 0.084656 1.421975 -0.003596
v 0.084049 1.421975 0.010763
v 0.081019 1.421975 0.024811
v 0.075661 1.421975 0.038147
v 0.068126 1.421975 0.050385
v 0.058631 1.421975 0.061173
v 0.047448 1.421975 0.070203
v 0.034901 1.421975 0.077212
v 0.021351 1.421975 0.081999
v 0.007185 1.421975 0.084428
v -0.007186 1.421975 0.084428
v -0.021351 1.421975 0.081999
v -0.034901 1.421975 0.077212
v -0.047448 1.421975 0.070203
v -0.058631 1.421975 0.061173
v -0.068126 1.421975 0.050385
v -0.075661 1.421975 0.038147
v -0.081019 1.421975 0.024811
v -0.084049 1.421975 0.010763
v -0.084656 1.421975 -0.003596
v -0.082832 1.421975 -0.017851
v -0.078622 1.421975 -0.031594
v -0.072153 1.421975 -0.044425
v -0.063608 1.421975 -0.055983
v -0.053231 1.421975 -0.065925
v -0.041325 1.421975 -0.073975
v -0.028229 1.421975 -0.079894
v -0.014318 1.421975 -0.083514
v 0.000000 1.421975 -0.084733
v 0.014714 1.432235 -0.085813
v 0.029006 1.432235 -0.082092
v 0.042464 1.432235 -0.076012
v 0.054699 1.432235 -0.067742
v 0.065357 1.432235 -0.057522
v 0.074140 1.432235 -0.045651
v 0.080788 1.432235 -0.032463
v 0.085113 1.432235 -0.018342
v 0.086988 1.432235 -0.003693
v 0.086361 1.432235 0.011059
v 0.083250 1.432235 0.025497
v 0.077745 1.432235 0.039197
v 0.070000 1.432235 0.051773
v 0.060244 1.432235 0.062857
v 0.048755 1.432235 0.072136
v 0.035861 1.432235 0.079339
v 0.021940 1.432235 0.084257
v 0.007383 1.432235 0.086753
v -0.007383 1.432235 0.086753
v -0.021940 1.432235 0.084257
v -0.035861 1.432235 0.079339
v -0.048755 1.432235 0.072136
v -0.060246 1.432235 0.062857
v -0.070001 1.432235 0.051773
v -0.077745 1.432235 0.039197
v -0.083251 1.432235 0.025497
v -0.086361 1.432235 0.011059
v -0.086988 1.432235 -0.003693
v -0.085113 1.432235 -0.018342
v -0.080789 1.432235 -0.032463
v -0.074140 1.432235 -0.045651
v -0.065357 1.432235 -0.057522
v -0.054699 1.432235 -0.067742
v -0.042464 1.432235 -0.076012
v -0.029006 1.432235 -0.082092
v -0.014714 1.432235 -0.085813
v 0.000000 1.432235 -0.087067
v 0.014668 1.442408 -0.085547
v 0.028916 1.442408 -0.081835
v 0.042329 1.442408 -0.075772
v 0.054526 1.442408 -0.067530
v 0.065155 1.442408 -0.057344
v 0.073907 1.442408 -0.045507
v 0.080536 1.442408 -0.032364
v 0.084845 1.442408 -0.018285
v 0.086715 1.442408 -0.003684
v 0.086092 1.442408 0.011025
v 0.082993 1.442408 0.025414
v 0.077502 1.442408 0.039075
v 0.069781 1.442408 0.051612
v 0.060058 1.442408 0.062661
v 0.048600 1.442408 0.071910
v 0.035753 1.442408 0.079089
v 0.021870 1.442408 0.083992
v 0.007361 1.442408 0.086483
v -0.007361 1.442408 0.086483
v -0.021870 1.442408 0.083992
v -0.035753 1.442408 0.079089
v -0.048600 1.442408 0.071910
v -0.060058 1.442408 0.062661
v -0.069781 1.442408 0.051612
v -0.077502 1.442408 0.039075
v -0.082993 1.442408 0.025414
v -0.086092 1.442408 0.011025
v -0.086717 1.442408 -0.003684
v -0.084845 1.442408 -0.018285
v -0.080536 1.442408 -0.032364
v -0.073907 1.442408 -0.045507
v -0.065155 1.442408 -0.057344
v -0.054526 1.442408 -0.067530
v -0.042329 1.442408 -0.075772
v -0.028916 1.442408 -0.081835
v -0.014668 1.442408 -0.085547
v 0.000000 1.442408 -0.086794
v 0.014159 1.452201 -0.082570
v 0.027909 1.452201 -0.078991
v 0.040858 1.452201 -0.073137
v 0.052628 1.452201 -0.065180
v 0.062890 1.452201 -0.055349
v 0.071339 1.452201 -0.043925
v 0.077737 1.452201 -0.031236
v 0.081897 1.452201 -0.017649
v 0.083701 1.452201 -0.003554
v 0.083099 1.452201 0.010640
v 0.080102 1.452201 0.024533
v 0.074806 1.452201 0.037714
v 0.067355 1.452201 0.049816
v 0.057968 1.452201 0.060484
v 0.046914 1.452201 0.069409
v 0.034508 1.452201 0.076341
v 0.021109 1.452201 0.081074
v 0.007106 1.452201 0.083476
v -0.007106 1.452201 0.083476
v -0.021109 1.452201 0.081074
v -0.034508 1.452201 0.076341
v -0.046914 1.452201 0.069409
v -0.057968 1.452201 0.060484
v -0.067355 1.452201 0.049816
v -0.074806 1.452201 0.037714
v -0.080105 1.452201 0.024533
v -0.083099 1.452201 0.010640
v -0.083701 1.452201 -0.003554
v -0.081897 1.452201 -0.017649
v -0.077737 1.452201 -0.031236
v -0.071339 1.452201 -0.043925
v -0.062890 1.452201 -0.055349
v -0.052630 1.452201 -0.065180
v -0.040858 1.452201 -0.073137
v -0.027909 1.452201 -0.078991
v -0.014159 1.452201 -0.082570
v 0.000000 1.452201 -0.083775
v 0.013184 1.461339 -0.076875
v 0.025984 1.461339 -0.073542
v 0.038038 1.461339 -0.068095
v 0.049003 1.461339 -0.060687
v 0.058552 1.461339 -0.051533
v 0.066416 1.461339 -0.040894
v 0.072373 1.461339 -0.029082
v 0.076247 1.461339 -0.016433
v 0.077930 1.461339 -0.003311
v 0.077367 1.461339 0.009908
v 0.074579 1.461339 0.022839
v 0.069649 1.461339 0.035115
v 0.062710 1.461339 0.046382
v 0.053970 1.461339 0.056310
v 0.043675 1.461339 0.064621
v 0.032130 1.461339 0.071072
v 0.019654 1.461339 0.075482
v 0.006614 1.461339 0.077717
v -0.006614 1.461339 0.077717
v -0.019654 1.461339 0.075482
v -0.032130 1.461339 0.071072
v -0.043679 1.461339 0.064621
v -0.053970 1.461339 0.056310
v -0.062710 1.461339 0.046382
v -0.069649 1.461339 0.035115
v -0.074580 1.461339 0.022839
v -0.077367 1.461339 0.009908
v -0.077930 1.461339 -0.003311
v -0.076247 1.461339 -0.016433
v -0.072373 1.461339 -0.029082
v -0.066419 1.461339 -0.040894
v -0.058552 1.461339 -0.051533
v -0.049003 1.461339 -0.060687
v -0.038038 1.461339 -0.068095
v -0.025984 1.461339 -0.073542
v -0.013184 1.461339 -0.076875
v 0.000000 1.461339 -0.077998
v 0.011759 1.469562 -0.068580
v 0.023178 1.469562 -0.065606
v 0.033933 1.469562 -0.060744
v 0.043711 1.469562 -0.054137
v 0.052231 1.469562 -0.045971
v 0.059250 1.469562 -0.036480
v 0.064562 1.469562 -0.025942
v 0.068019 1.469562 -0.014659
v 0.069518 1.469562 -0.002951
v 0.069017 1.469562 0.008837
v 0.066528 1.469562 0.020375
v 0.062130 1.469562 0.031325
v 0.055941 1.469562 0.041374
v 0.048145 1.469562 0.050233
v 0.038963 1.469562 0.057647
v 0.028661 1.469562 0.063404
v 0.017534 1.469562 0.067336
v 0.005901 1.469562 0.069327
v -0.005901 1.469562 0.069327
v -0.017534 1.469562 0.067336
v -0.028661 1.469562 0.063404
v -0.038963 1.469562 0.057647
v -0.048145 1.469562 0.050233
v -0.055941 1.469562 0.041374
v -0.062130 1.469562 0.031325
v -0.066529 1.469562 0.020375
v -0.069017 1.469562 0.008837
v -0.069518 1.469562 -0.002951
v -0.068019 1.469562 -0.014659
v -0.064562 1.469562 -0.025942
v -0.059250 1.469562 -0.036480
v -0.052231 1.469562 -0.045971
v -0.043712 1.469562 -0.054137
v -0.033934 1.469562 -0.060744
v -0.023178 1.469562 -0.065606
v -0.011759 1.469562 -0.068580
v 0.000000 1.469562 -0.069579
v 0.009932 1.476634 -0.057927
v 0.019580 1.476634 -0.055416
v 0.028662 1.476634 -0.051309
v 0.036924 1.476634 -0.045728
v 0.044119 1.476634 -0.038832
v 0.050047 1.476634 -0.030815
v 0.054534 1.476634 -0.021914
v 0.057453 1.476634 -0.012382
v 0.058722 1.476634 -0.002496
v 0.058298 1.476634 0.007465
v 0.056198 1.476634 0.017209
v 0.052479 1.476634 0.026461
v 0.047252 1.476634 0.034948
v 0.040667 1.476634 0.042432
v 0.032912 1.476634 0.048695
v 0.024210 1.476634 0.053556
v 0.014810 1.476634 0.056878
v 0.004984 1.476634 0.058561
v -0.004984 1.476634 0.058561
v -0.014810 1.476634 0.056878
v -0.024210 1.476634 0.053556
v -0.032912 1.476634 0.048695
v -0.040667 1.476634 0.042432
v -0.047255 1.476634 0.034948
v -0.052481 1.476634 0.026461
v -0.056198 1.476634 0.017209
v -0.058298 1.476634 0.007465
v -0.058722 1.476634 -0.002496
v -0.057453 1.476634 -0.012382
v -0.054535 1.476634 -0.021914
v -0.050047 1.476634 -0.030815
v -0.044119 1.476634 -0.038832
v -0.036924 1.476634 -0.045728
v -0.028662 1.476634 -0.051309
v -0.019580 1.476634 -0.055416
v -0.009932 1.476634 -0.057927
v 0.000000 1.476634 -0.058773
v 0.007763 1.482355 -0.045281
v 0.015307 1.482355 -0.043319
v 0.022405 1.482355 -0.040108
v 0.028861 1.482355 -0.035744
v 0.034485 1.482355 -0.030351
v 0.039121 1.482355 -0.024087
v 0.042628 1.482355 -0.017130
v 0.044911 1.482355 -0.009680
v 0.045901 1.482355 -0.001951
v 0.045570 1.482355 0.005834
v 0.043928 1.482355 0.013454
v 0.041022 1.482355 0.020683
v 0.036937 1.482355 0.027318
v 0.031787 1.482355 0.033167
v 0.025725 1.482355 0.038062
v 0.018923 1.482355 0.041863
v 0.011577 1.482355 0.044460
v 0.003896 1.482355 0.045775
v -0.003896 1.482355 0.045775
v -0.011577 1.482355 0.044460
v -0.018924 1.482355 0.041863
v -0.025725 1.482355 0.038062
v -0.031787 1.482355 0.033167
v -0.036937 1.482355 0.027318
v -0.041022 1.482355 0.020683
v -0.043928 1.482355 0.013454
v -0.045570 1.482355 0.005834
v -0.045901 1.482355 -0.001951
v -0.044911 1.482355 -0.009680
v -0.042628 1.482355 -0.017130
v -0.039121 1.482355 -0.024087
v -0.034485 1.482355 -0.030351
v -0.028861 1.482355 -0.035744
v -0.022405 1.482355 -0.040108
v -0.015307 1.482355 -0.043319
v -0.007763 1.482355 -0.045281
v 0.000000 1.482355 -0.045942
v 0.005328 1.486561 -0.031076
v 0.015376 1.486561 -0.027523
v 0.019807 1.486561 -0.024530
v 0.026848 1.486561 -0.016530
v 0.030822 1.486561 -0.006641
v 0.031499 1.486561 -0.001337
v 0.031274 1.486561 0.004002
v 0.028153 1.486561 0.014196
v 0.025350 1.486561 0.018749
v 0.021815 1.486561 0.022765
v 0.017654 1.486561 0.026122
v 0.012987 1.486561 0.028731
v 0.007943 1.486561 0.030512
v 0.002673 1.486561 0.031414
v -0.007944 1.486561 0.030512
v -0.012987 1.486561 0.028731
v -0.017654 1.486561 0.026122
v -0.021815 1.486561 0.022765
v -0.025350 1.486561 0.018749
v -0.028153 1.486561 0.014196
v -0.030147 1.486561 0.009231
v -0.031499 1.486561 -0.001337
v -0.030822 1.486561 -0.006641
v -0.029256 1.486561 -0.011756
v -0.023667 1.486561 -0.020830
v -0.015376 1.486561 -0.027523
v -0.010504 1.486561 -0.029729
v 0.000000 1.486561 -0.031528
v -0.160883 1.302221 -0.053207
v -0.181321 1.346280 -0.017826
v -0.208393 1.354503 0.029588
v -0.198164 1.342797 0.016751
v -0.187767 1.330446 0.003141
v -0.200109 1.353939 0.026272
v -0.188900 1.351785 0.013692
v -0.170987 1.310036 -0.020416
v -0.189536 1.351998 0.014931
v -0.192248 1.352646 0.018704
v -0.173790 1.313422 -0.016218
v -0.193279 1.352892 0.020142
v -0.178850 1.319624 -0.009042
v -0.180865 1.322048 -0.006173
v -0.197119 1.353559 0.024046
v -0.162156 1.300048 -0.035766
v -0.186036 1.350810 0.008044
v -0.164969 1.303024 -0.030247
v -0.165979 1.304168 -0.028494
v -0.160747 1.298708 -0.038992
v -0.183878 1.349729 0.001815
v -0.183396 1.349487 0.000425
v -0.159422 1.297773 -0.043123
v -0.182402 1.348595 -0.004683
v -0.159047 1.298821 -0.049428
v -0.181548 1.347438 -0.011265
v -0.159857 1.300505 -0.051750
v -0.163627 1.306148 -0.055135
v -0.181943 1.345157 -0.024131
v -0.182066 1.344936 -0.025369
v -0.165665 1.308814 -0.055924
v -0.183890 1.343678 -0.032390
v -0.172141 1.316355 -0.056427
v -0.186404 1.342663 -0.038015
v -0.174094 1.318506 -0.056383
v -0.187693 1.342322 -0.039899
v -0.189322 1.341889 -0.042288
v -0.179942 1.324520 -0.055366
v -0.184025 1.328457 -0.054107
v -0.190687 1.341618 -0.043773
v -0.190966 1.334893 -0.051482
v -0.195572 1.340953 -0.047427
v -0.196246 1.339587 -0.049062
v -0.034364 1.302221 -0.165932
v -0.075224 1.346280 -0.165944
v -0.129822 1.354503 -0.165679
v -0.128601 1.354439 -0.164300
v -0.113591 1.342797 -0.163240
v -0.126913 1.354320 -0.162783
v -0.096605 1.330446 -0.161039
v -0.122807 1.353939 -0.160163
v -0.106307 1.351785 -0.156747
v -0.067813 1.310036 -0.158285
v -0.068722 1.310652 -0.158346
v -0.112321 1.352646 -0.157138
v -0.081594 1.319624 -0.159411
v -0.085088 1.322048 -0.159719
v -0.050101 1.300048 -0.158315
v -0.099986 1.350810 -0.157088
v -0.056290 1.303024 -0.157992
v -0.058315 1.304168 -0.157989
v -0.046605 1.298708 -0.158708
v -0.093509 1.349729 -0.158337
v -0.092066 1.349487 -0.158614
v -0.042366 1.297773 -0.159624
v -0.087146 1.348595 -0.160307
v -0.040420 1.297708 -0.160294
v -0.081019 1.347438 -0.162857
v -0.083654 1.347959 -0.161506
v -0.075766 1.346396 -0.165553
v -0.034064 1.306148 -0.169269
v -0.034127 1.303285 -0.166874
v -0.069061 1.344936 -0.170357
v -0.034399 1.308814 -0.171432
v -0.063894 1.343678 -0.175446
v -0.037203 1.316355 -0.177293
v -0.060282 1.342663 -0.180438
v -0.038217 1.318506 -0.178962
v -0.040565 1.322235 -0.181773
v -0.059291 1.342322 -0.182496
v -0.058039 1.341889 -0.185103
v -0.042025 1.324520 -0.183516
v -0.045155 1.328457 -0.186421
v -0.057434 1.341618 -0.187028
v -0.056724 1.341124 -0.191229
v -0.048520 1.332493 -0.189423
v -0.050899 1.334893 -0.191121
v 0.126519 1.302221 -0.112727
v 0.106099 1.346280 -0.148117
v 0.078573 1.354503 -0.195269
v 0.084576 1.342797 -0.179989
v 0.077521 1.354320 -0.191301
v 0.091163 1.330446 -0.164181
v 0.082594 1.351785 -0.170437
v 0.103174 1.310036 -0.137871
v 0.081839 1.351998 -0.171609
v 0.079925 1.352646 -0.175842
v 0.100940 1.313422 -0.142399
v 0.097257 1.319624 -0.150369
v 0.078155 1.353368 -0.181220
v 0.095778 1.322048 -0.153547
v 0.112052 1.300048 -0.122546
v 0.086049 1.350810 -0.165133
v 0.108681 1.303024 -0.127744
v 0.107666 1.304168 -0.129496
v 0.107171 1.304721 -0.130347
v 0.114141 1.298708 -0.119715
v 0.090368 1.349729 -0.160150
v 0.116056 1.298031 -0.117554
v 0.095257 1.348595 -0.155622
v 0.118605 1.297708 -0.115150
v 0.122330 1.298821 -0.113023
v 0.100529 1.347438 -0.151593
v 0.098043 1.347959 -0.153198
v 0.105490 1.346396 -0.148390
v 0.129560 1.306148 -0.114137
v 0.127455 1.303285 -0.112991
v 0.111869 1.345157 -0.145500
v 0.131266 1.308814 -0.115505
v 0.117597 1.344110 -0.143719
v 0.119994 1.343678 -0.143056
v 0.134938 1.316355 -0.120867
v 0.126122 1.342663 -0.142424
v 0.135876 1.318506 -0.122577
v 0.128400 1.342322 -0.142598
v 0.131283 1.341889 -0.142816
v 0.137918 1.324520 -0.128151
v 0.138871 1.328457 -0.132316
v 0.135455 1.341335 -0.143951
v 0.140067 1.334893 -0.139639
v 0.140611 1.339587 -0.145424
v 0.140669 1.340788 -0.146991
v 0.160883 1.302221 0.053207
v 0.181321 1.346280 0.017826
v 0.208393 1.354503 -0.029588
v 0.198164 1.342797 -0.016751
v 0.187767 1.330446 -0.003141
v 0.200109 1.353939 -0.026272
v 0.188900 1.351785 -0.013692
v 0.170987 1.310036 0.020416
v 0.189536 1.351998 -0.014931
v 0.192248 1.352646 -0.018704
v 0.173790 1.313422 0.016218
v 0.193279 1.352892 -0.020142
v 0.178850 1.319624 0.009042
v 0.180865 1.322048 0.006173
v 0.197119 1.353559 -0.024046
v 0.162155 1.300048 0.035766
v 0.186036 1.350810 -0.008044
v 0.164969 1.303024 0.030247
v 0.165979 1.304168 0.028494
v 0.160747 1.298708 0.038992
v 0.183878 1.349729 -0.001815
v 0.183396 1.349487 -0.000425
v 0.159422 1.297773 0.043123
v 0.182402 1.348595 0.004683
v 0.159047 1.298821 0.049428
v 0.181548 1.347438 0.011265
v 0.159857 1.300505 0.051750
v 0.163625 1.306148 0.055134
v 0.181943 1.345157 0.024131
v 0.182065 1.344936 0.025369
v 0.165665 1.308814 0.055924
v 0.183890 1.343678 0.032391
v 0.172141 1.316355 0.056427
v 0.186404 1.342663 0.038015
v 0.174094 1.318506 0.056383
v 0.187693 1.342322 0.039899
v 0.189322 1.341889 0.042288
v 0.179941 1.324520 0.055366
v 0.184025 1.328457 0.054107
v 0.190687 1.341618 0.043773
v 0.190966 1.334893 0.051482
v 0.195572 1.340953 0.047427
v 0.196246 1.339587 0.049062
v 0.034363 1.302221 0.165932
v 0.075224 1.346280 0.165942
v 0.129819 1.354503 0.165679
v 0.128601 1.354439 0.164300
v 0.113591 1.342797 0.163240
v 0.126913 1.354320 0.162783
v 0.096604 1.330446 0.161039
v 0.122807 1.353939 0.160163
v 0.106307 1.351785 0.156747
v 0.067812 1.310036 0.158285
v 0.068722 1.310652 0.158345
v 0.112321 1.352646 0.157138
v 0.081594 1.319624 0.159411
v 0.085088 1.322048 0.159719
v 0.050101 1.300048 0.158315
v 0.099986 1.350810 0.157088
v 0.056290 1.303024 0.157992
v 0.058315 1.304168 0.157989
v 0.046605 1.298708 0.158708
v 0.093509 1.349729 0.158337
v 0.092066 1.349487 0.158614
v 0.042366 1.297773 0.159624
v 0.087146 1.348595 0.160307
v 0.040420 1.297708 0.160294
v 0.081019 1.347438 0.162857
v 0.083654 1.347959 0.161506
v 0.075765 1.346396 0.165553
v 0.034064 1.306148 0.169269
v 0.034127 1.303285 0.166874
v 0.069061 1.344936 0.170357
v 0.034399 1.308814 0.171432
v 0.063894 1.343678 0.175446
v 0.037203 1.316355 0.177293
v 0.060281 1.342663 0.180438
v 0.038217 1.318506 0.178962
v 0.040565 1.322235 0.181773
v 0.059291 1.342322 0.182496
v 0.058039 1.341889 0.185103
v 0.042025 1.324520 0.183516
v 0.045155 1.328457 0.186421
v 0.057434 1.341618 0.187028
v 0.056724 1.341124 0.191229
v 0.048519 1.332493 0.189423
v 0.050898 1.334893 0.191121
v -0.126519 1.302221 0.112727
v -0.106099 1.346280 0.148117
v -0.078574 1.354503 0.195269
v -0.084576 1.342797 0.179989
v -0.077521 1.354320 0.191301
v -0.091163 1.330446 0.164181
v -0.082594 1.351785 0.170437
v -0.103174 1.310036 0.137871
v -0.081839 1.351998 0.171609
v -0.079925 1.352646 0.175842
v -0.100940 1.313422 0.142399
v -0.097257 1.319624 0.150369
v -0.078155 1.353368 0.181220
v -0.095778 1.322048 0.153547
v -0.112052 1.300048 0.122546
v -0.086049 1.350810 0.165133
v -0.108681 1.303024 0.127744
v -0.107666 1.304168 0.129496
v -0.107172 1.304721 0.130347
v -0.114141 1.298708 0.119715
v -0.090368 1.349729 0.160150
v -0.116056 1.298031 0.117554
v -0.095257 1.348595 0.155622
v -0.118605 1.297708 0.115150
v -0.122330 1.298821 0.113023
v -0.100529 1.347438 0.151593
v -0.098043 1.347959 0.153198
v -0.105490 1.346396 0.148390
v -0.129560 1.306148 0.114137
v -0.127455 1.303285 0.112991
v -0.111869 1.345157 0.145500
v -0.131266 1.308814 0.115505
v -0.117597 1.344110 0.143719
v -0.119994 1.343678 0.143056
v -0.134938 1.316355 0.120867
v -0.126122 1.342663 0.142424
v -0.135876 1.318506 0.122577
v -0.128400 1.342322 0.142598
v -0.131283 1.341889 0.142816
v -0.137918 1.324520 0.128151
v -0.138871 1.328457 0.132316
v -0.135455 1.341335 0.143951
v -0.140067 1.334893 0.139639
v -0.140611 1.339587 0.145424
v -0.140669 1.340788 0.146991
v -0.150963 1.343107 0.151957
v -0.144032 1.345907 0.153116
v -0.150011 1.344317 0.153223
v -0.150078 1.349173 0.155725
v -0.149263 1.350473 0.155795
v -0.148082 1.347283 0.154931
v -0.140454 1.342362 0.148482
v -0.140500 1.343643 0.149463
v -0.143480 1.351487 0.152701
v -0.146302 1.354713 0.152375
v -0.147549 1.355728 0.151895
v -0.151351 1.357885 0.149668
v -0.147254 1.341106 0.150093
v -0.157435 1.356938 0.151951
v -0.144807 1.353183 0.152696
v -0.147820 1.351328 0.155374
v -0.155833 1.351034 0.155250
v -0.157176 1.354523 0.154294
v -0.136656 1.318335 0.122484
v -0.095361 1.304192 0.144504
v -0.089662 1.312086 0.157061
v -0.095881 1.321305 0.154265
v -0.150874 1.332743 0.136185
v -0.139129 1.312018 0.115204
v -0.108966 1.294467 0.122658
v -0.105049 1.295903 0.127801
v -0.091772 1.313905 0.157235
v -0.079732 1.332637 0.186452
v -0.081156 1.333713 0.186444
v -0.147432 1.332051 0.136961
v -0.144920 1.325102 0.128411
v -0.141411 1.317881 0.120959
v -0.134314 1.307721 0.113540
v -0.131895 1.304000 0.111330
v -0.110117 1.296435 0.123104
v -0.104952 1.299548 0.131130
v -0.100786 1.304423 0.139601
v -0.098537 1.307600 0.144660
v -0.093531 1.315833 0.157028
v -0.088529 1.325353 0.170761
v -0.139041 1.317980 0.121922
v -0.125624 1.298816 0.110937
v -0.105854 1.301067 0.131117
v -0.099690 1.309364 0.144332
v -0.090440 1.328476 0.169316
v -0.085064 1.338257 0.184806
v -0.102896 1.308541 0.138634
v -0.085649 1.340339 0.183127
v -0.085558 1.341252 0.182126
v -0.075246 1.344688 0.203354
v -0.078599 1.347588 0.202637
v -0.080525 1.351152 0.200191
v -0.080527 1.352194 0.199080
v -0.144480 1.354774 0.150754
v -0.137250 1.342708 0.146296
v -0.135558 1.342923 0.145506
v -0.105921 1.347808 0.149024
v -0.081578 1.352870 0.171775
v -0.076933 1.354471 0.185489
v -0.076788 1.354660 0.187831
v -0.077114 1.354926 0.192077
v -0.140416 1.351699 0.150230
v -0.137810 1.350085 0.149129
v -0.128906 1.351000 0.146384
v -0.129558 1.352582 0.146235
v -0.122603 1.351642 0.146093
v -0.123051 1.353105 0.145821
v -0.115099 1.352384 0.147024
v -0.106771 1.353187 0.149514
v -0.098332 1.353991 0.153640
v -0.090630 1.354734 0.159114
v -0.084313 1.355368 0.165372
v -0.076612 1.356264 0.178024
v -0.074197 1.357000 0.183862
v -0.073667 1.357156 0.189259
v -0.074108 1.357255 0.194070
v -0.137869 1.353569 0.148012
v -0.123447 1.354445 0.145253
v -0.115444 1.354909 0.146047
v -0.083052 1.356711 0.164767
v -0.078227 1.357009 0.171471
v -0.075095 1.357235 0.177945
v -0.139964 1.356221 0.146376
v -0.130837 1.355340 0.144945
v -0.106071 1.357100 0.146674
v -0.097260 1.356673 0.151950
v -0.096716 1.357329 0.151093
v -0.089007 1.356990 0.157708
v -0.082301 1.357255 0.164338
v -0.081485 1.357708 0.163831
v -0.077412 1.357465 0.171205
v -0.145563 1.357148 0.147568
v -0.143420 1.357176 0.146274
v -0.141026 1.357210 0.145091
v -0.131973 1.357343 0.142442
v -0.124254 1.357456 0.141884
v -0.115322 1.357584 0.142790
v -0.114013 1.347967 0.146541
v -0.106270 1.349217 0.149462
v -0.073976 1.357895 0.199292
v -0.094630 1.358453 0.147806
v -0.073596 1.357248 0.205494
v -0.075830 1.347055 0.205195
v -0.076051 1.348188 0.205828
v -0.078133 1.352757 0.205036
v -0.077325 1.356118 0.202708
v -0.199784 1.343780 -0.046896
v -0.204608 1.353103 -0.049004
v -0.205419 1.357238 -0.054521
v -0.205831 1.357793 -0.056120
v -0.204591 1.340741 -0.057498
v -0.201032 1.339917 -0.051661
v -0.203984 1.351487 -0.047905
v -0.206006 1.351793 -0.048826
v -0.206395 1.350097 -0.048605
v -0.205341 1.347101 -0.048213
v -0.202618 1.344220 -0.047837
v -0.209146 1.353524 -0.051870
v -0.209131 1.356728 -0.055958
v -0.210342 1.355807 -0.055821
v -0.211844 1.351811 -0.055224
v -0.210006 1.346780 -0.054480
v -0.212163 1.350303 -0.056973
v -0.210503 1.346746 -0.056428
v -0.199477 1.338764 -0.052353
v -0.181478 1.325356 -0.055858
v -0.184210 1.325780 -0.065338
v -0.174403 1.318335 -0.057106
v -0.164531 1.307186 -0.062645
v -0.166600 1.304024 -0.027393
v -0.172823 1.304192 -0.010334
v -0.190026 1.321292 0.012777
v -0.193377 1.332743 -0.062569
v -0.175442 1.318043 -0.064588
v -0.169182 1.312007 -0.063623
v -0.163202 1.295903 -0.027074
v -0.181512 1.312976 0.000003
v -0.201338 1.332637 0.024175
v -0.193083 1.332456 -0.061431
v -0.162142 1.303815 -0.059078
v -0.160710 1.294467 -0.033038
v -0.182054 1.313905 -0.000859
v -0.191875 1.324292 0.009664
v -0.202045 1.333713 0.022941
v -0.183409 1.325037 -0.060314
v -0.166289 1.300307 -0.025730
v -0.171507 1.305264 -0.018016
v -0.174745 1.308484 -0.013607
v -0.174840 1.309364 -0.014169
v -0.182903 1.316809 -0.003232
v -0.192235 1.326415 0.007830
v -0.202578 1.338257 0.018736
v -0.158646 1.295650 -0.043109
v -0.191853 1.328476 0.006334
v -0.166667 1.303306 -0.027116
v -0.200503 1.341252 0.016968
v -0.214059 1.345157 0.035912
v -0.182753 1.315833 -0.002485
v -0.171292 1.304423 -0.017481
v -0.214787 1.347588 0.033249
v -0.213756 1.350949 0.030497
v -0.212671 1.352194 0.029802
v -0.202884 1.356072 -0.051395
v -0.196857 1.342533 -0.046574
v -0.202482 1.353266 -0.048342
v -0.202741 1.357123 -0.053242
v -0.195320 1.342708 -0.045711
v -0.190766 1.343482 -0.041793
v -0.182019 1.347808 -0.017218
v -0.189550 1.352870 0.015239
v -0.200311 1.351699 -0.046489
v -0.200742 1.353350 -0.047577
v -0.195122 1.352153 -0.042968
v -0.195238 1.353705 -0.043909
v -0.191423 1.352582 -0.039083
v -0.191328 1.354040 -0.039886
v -0.187811 1.353105 -0.033654
v -0.184671 1.353706 -0.026533
v -0.182498 1.354352 -0.017890
v -0.181741 1.354993 -0.008320
v -0.182581 1.355580 0.001282
v -0.184852 1.356080 0.010050
v -0.187611 1.357009 0.017988
v -0.192099 1.356780 0.023286
v -0.191653 1.357235 0.023939
v -0.196329 1.357000 0.027672
v -0.200736 1.357156 0.030833
v -0.202936 1.357212 0.031975
v -0.205124 1.357255 0.032858
v -0.181084 1.356325 -0.018298
v -0.180224 1.356673 -0.008254
v -0.181080 1.356990 0.001769
v -0.183470 1.357255 0.010893
v -0.186974 1.357465 0.018561
v -0.186095 1.356645 -0.035805
v -0.180059 1.357100 -0.018523
v -0.179207 1.357329 -0.008213
v -0.180128 1.357535 0.002043
v -0.198388 1.357176 -0.051070
v -0.193923 1.357249 -0.047803
v -0.189345 1.357343 -0.043070
v -0.185001 1.357456 -0.036664
v -0.189935 1.358201 0.026025
v -0.188172 1.357996 -0.044304
v -0.183680 1.358047 -0.037562
v -0.183915 1.347967 -0.025467
v -0.186205 1.352819 0.008738
v -0.190001 1.347628 -0.037702
v -0.186998 1.348480 -0.032447
v -0.196819 1.356042 0.026306
v -0.207183 1.356499 0.031931
v -0.176611 1.358466 0.002922
v -0.210565 1.357418 0.034430
v -0.214310 1.356932 0.036304
v -0.215526 1.356013 0.036217
v -0.052632 1.340679 -0.205754
v -0.055812 1.339918 -0.199843
v -0.058213 1.341873 -0.197116
v -0.051766 1.341099 -0.206919
v -0.052760 1.342122 -0.207925
v -0.055820 1.357099 -0.204998
v -0.057213 1.356322 -0.204955
v -0.058482 1.355033 -0.203153
v -0.061007 1.350510 -0.201780
v -0.060504 1.351487 -0.200608
v -0.060548 1.352191 -0.202696
v -0.060872 1.346958 -0.199851
v -0.060277 1.345923 -0.197455
v -0.058364 1.342362 -0.195877
v -0.056556 1.355693 -0.210702
v -0.059655 1.351858 -0.208543
v -0.059966 1.347003 -0.205829
v -0.058763 1.351525 -0.210181
v -0.058568 1.345528 -0.206806
v -0.054951 1.352481 -0.213831
v -0.055681 1.351579 -0.213313
v -0.056454 1.347174 -0.210792
v -0.136304 1.347448 -0.169294
v -0.119270 1.335985 -0.165298
v -0.037747 1.318335 -0.179589
v -0.028770 1.312016 -0.178533
v -0.028015 1.307186 -0.173808
v -0.061832 1.296603 -0.154214
v -0.071716 1.301173 -0.154466
v -0.091189 1.312086 -0.156180
v -0.077463 1.304192 -0.154837
v -0.042503 1.332743 -0.198754
v -0.032562 1.317960 -0.183839
v -0.029310 1.307354 -0.173599
v -0.041358 1.293019 -0.157549
v -0.051742 1.294467 -0.155698
v -0.077142 1.305009 -0.155673
v -0.090284 1.313905 -0.158093
v -0.104954 1.323250 -0.160441
v -0.046254 1.331880 -0.194271
v -0.040151 1.325015 -0.188250
v -0.033495 1.312381 -0.176472
v -0.046670 1.295716 -0.157708
v -0.057352 1.299494 -0.157135
v -0.069784 1.306103 -0.157901
v -0.075149 1.309364 -0.158500
v -0.088062 1.317775 -0.160362
v -0.087458 1.318719 -0.160554
v -0.102160 1.327462 -0.162880
v -0.101413 1.328476 -0.162982
v -0.117516 1.338257 -0.166069
v -0.100673 1.329439 -0.162869
v -0.104308 1.324292 -0.161336
v -0.136919 1.346691 -0.168783
v -0.044895 1.332051 -0.196161
v -0.133107 1.351152 -0.169833
v -0.132145 1.352194 -0.169280
v -0.055260 1.357123 -0.202200
v -0.053352 1.357896 -0.202874
v -0.058072 1.342708 -0.192010
v -0.058233 1.342923 -0.190150
v -0.064619 1.345239 -0.176480
v -0.076099 1.347808 -0.166242
v -0.107973 1.352870 -0.156536
v -0.062349 1.347628 -0.183398
v -0.065398 1.348480 -0.178167
v -0.069901 1.347967 -0.172008
v -0.076371 1.350599 -0.167106
v -0.092480 1.352803 -0.158730
v -0.100669 1.352819 -0.156889
v -0.100832 1.353730 -0.156621
v -0.114795 1.354382 -0.156793
v -0.120730 1.355487 -0.157752
v -0.060266 1.348273 -0.192978
v -0.076303 1.351929 -0.167258
v -0.084022 1.352901 -0.162232
v -0.129687 1.356450 -0.162000
v -0.061865 1.352582 -0.185318
v -0.065218 1.351642 -0.179225
v -0.064760 1.353105 -0.179475
v -0.069777 1.352384 -0.173190
v -0.076098 1.353187 -0.167221
v -0.092401 1.355580 -0.157478
v -0.122130 1.357000 -0.156191
v -0.124209 1.356658 -0.157781
v -0.124735 1.357087 -0.157231
v -0.129160 1.357212 -0.159762
v -0.131017 1.357255 -0.161215
v -0.059117 1.353451 -0.195599
v -0.059592 1.353705 -0.191038
v -0.061122 1.354040 -0.185639
v -0.109384 1.357009 -0.153482
v -0.116557 1.357235 -0.154007
v -0.060108 1.355340 -0.185780
v -0.082961 1.356673 -0.160206
v -0.101169 1.357255 -0.153445
v -0.109562 1.357465 -0.152641
v -0.054968 1.357176 -0.197342
v -0.055562 1.357249 -0.191844
v -0.057371 1.357343 -0.185516
v -0.060748 1.357456 -0.178548
v -0.065997 1.357584 -0.171270
v -0.073986 1.357100 -0.165197
v -0.073181 1.357717 -0.164261
v -0.082492 1.357329 -0.159304
v -0.091834 1.357535 -0.154974
v -0.101141 1.357708 -0.152484
v -0.053073 1.357921 -0.197644
v -0.059311 1.358047 -0.177854
v -0.134095 1.357306 -0.164436
v -0.135630 1.357542 -0.165191
v -0.143773 1.351880 -0.168148
v -0.135609 1.356809 -0.166911
v -0.135545 1.354563 -0.169367
v -0.141233 1.354210 -0.169205
v 0.152307 1.348148 -0.155297
v 0.149210 1.348767 -0.155556
v 0.148061 1.347139 -0.154871
v 0.148427 1.346187 -0.154474
v 0.143073 1.350830 -0.152591
v 0.140627 1.341100 -0.147284
v 0.146452 1.339906 -0.148424
v 0.153050 1.358368 -0.148279
v 0.147923 1.356031 -0.151752
v 0.145625 1.354024 -0.152521
v 0.146302 1.354713 -0.152375
v 0.142454 1.347025 -0.152520
v 0.142276 1.344908 -0.151648
v 0.157507 1.355832 -0.153265
v 0.146493 1.352052 -0.154605
v 0.155596 1.351328 -0.155374
v 0.147443 1.342613 -0.151753
v 0.136656 1.318335 -0.122484
v 0.095361 1.304192 -0.144504
v 0.089662 1.312086 -0.157061
v 0.095881 1.321305 -0.154265
v 0.078188 1.331632 -0.186295
v 0.150873 1.332743 -0.136185
v 0.105049 1.295903 -0.127801
v 0.142178 1.317906 -0.120558
v 0.139129 1.312018 -0.115204
v 0.108966 1.294467 -0.122658
v 0.091771 1.313905 -0.157235
v 0.087567 1.324292 -0.171002
v 0.081155 1.333713 -0.186444
v 0.147432 1.332051 -0.136961
v 0.144920 1.325102 -0.128411
v 0.134314 1.307721 -0.113540
v 0.131895 1.304000 -0.111330
v 0.110117 1.296435 -0.123104
v 0.104952 1.299548 -0.131130
v 0.100786 1.304423 -0.139601
v 0.098537 1.307600 -0.144660
v 0.093531 1.315833 -0.157028
v 0.139041 1.317980 -0.121922
v 0.125624 1.298816 -0.110937
v 0.105854 1.301067 -0.131117
v 0.099690 1.309364 -0.144332
v 0.090440 1.328476 -0.169316
v 0.085064 1.338257 -0.184806
v 0.085209 1.342055 -0.181047
v 0.075246 1.344688 -0.203354
v 0.078599 1.347588 -0.202637
v 0.080524 1.351152 -0.200191
v 0.085649 1.340339 -0.183127
v 0.080526 1.352194 -0.199080
v 0.102895 1.308541 -0.138634
v 0.077114 1.354926 -0.192077
v 0.144480 1.354774 -0.150754
v 0.137250 1.342708 -0.146296
v 0.135558 1.342923 -0.145506
v 0.105921 1.347808 -0.149024
v 0.081578 1.352870 -0.171775
v 0.076933 1.354471 -0.185489
v 0.076788 1.354660 -0.187831
v 0.114013 1.347967 -0.146541
v 0.106270 1.349217 -0.149462
v 0.085535 1.352819 -0.165627
v 0.127653 1.347628 -0.145694
v 0.121600 1.348480 -0.145723
v 0.091224 1.352803 -0.159453
v 0.136991 1.348273 -0.148679
v 0.098486 1.352901 -0.153884
v 0.077274 1.355689 -0.177998
v 0.115099 1.352384 -0.147024
v 0.106770 1.353187 -0.149514
v 0.138904 1.354996 -0.147358
v 0.139964 1.356221 -0.146376
v 0.130837 1.355340 -0.144945
v 0.123785 1.355635 -0.144393
v 0.115490 1.355969 -0.145183
v 0.106071 1.357100 -0.146674
v 0.097260 1.356673 -0.151950
v 0.096716 1.357329 -0.151093
v 0.089007 1.356990 -0.157708
v 0.082301 1.357255 -0.164338
v 0.081485 1.357708 -0.163831
v 0.077412 1.357465 -0.171205
v 0.074252 1.357625 -0.177838
v 0.072566 1.357741 -0.183990
v 0.072228 1.357850 -0.192293
v 0.072603 1.357873 -0.194761
v 0.145563 1.357148 -0.147568
v 0.143420 1.357176 -0.146274
v 0.141026 1.357210 -0.145091
v 0.131973 1.357343 -0.142442
v 0.124253 1.357456 -0.141884
v 0.115322 1.357584 -0.142790
v 0.140416 1.351699 -0.150230
v 0.129558 1.352582 -0.146235
v 0.123051 1.353105 -0.145821
v 0.083050 1.356711 -0.164767
v 0.078227 1.357009 -0.171471
v 0.073976 1.357895 -0.199292
v 0.094630 1.358453 -0.147806
v 0.073596 1.357248 -0.205494
v 0.075830 1.347055 -0.205195
v 0.077521 1.356296 -0.200557
v 0.079068 1.353229 -0.203290
v 0.076051 1.348188 -0.205828
v 0.199782 1.343780 0.046896
v 0.204608 1.353103 0.049004
v 0.205419 1.357238 0.054521
v 0.205830 1.357793 0.056120
v 0.204591 1.340741 0.057498
v 0.201031 1.339917 0.051661
v 0.203984 1.351487 0.047905
v 0.206006 1.351793 0.048826
v 0.207689 1.343209 0.057886
v 0.209336 1.344934 0.058158
v 0.211724 1.348553 0.058728
v 0.212655 1.352064 0.059287
v 0.212522 1.353658 0.059542
v 0.209131 1.356728 0.055958
v 0.206585 1.343738 0.052197
v 0.210113 1.348434 0.052866
v 0.210800 1.352921 0.053509
v 0.200210 1.342718 0.047643
v 0.199477 1.338764 0.052353
v 0.181478 1.325356 0.055858
v 0.174403 1.318335 0.057106
v 0.184210 1.325780 0.065338
v 0.164531 1.307186 0.062645
v 0.166600 1.304024 0.027393
v 0.172823 1.304192 0.010334
v 0.193376 1.332743 0.062569
v 0.175442 1.318043 0.064588
v 0.169182 1.312007 0.063623
v 0.163202 1.295903 0.027074
v 0.181512 1.312976 -0.000003
v 0.190026 1.321292 -0.012777
v 0.201338 1.332637 -0.024175
v 0.193083 1.332456 0.061431
v 0.162142 1.303815 0.059078
v 0.160710 1.294467 0.033038
v 0.182054 1.313905 0.000859
v 0.191875 1.324292 -0.009664
v 0.202045 1.333713 -0.022941
v 0.183409 1.325037 0.060314
v 0.166038 1.299548 0.025328
v 0.171292 1.304423 0.017481
v 0.171507 1.305264 0.018016
v 0.174548 1.307600 0.013004
v 0.182753 1.315833 0.002485
v 0.182903 1.316809 0.003232
v 0.192235 1.326415 -0.007830
v 0.158646 1.295650 0.043109
v 0.191853 1.328476 -0.006334
v 0.202113 1.339333 -0.017983
v 0.166664 1.303306 0.027116
v 0.200503 1.341252 -0.016968
v 0.214059 1.345157 -0.035912
v 0.214787 1.347588 -0.033249
v 0.174840 1.309364 0.014169
v 0.213756 1.350949 -0.030497
v 0.212671 1.352194 -0.029802
v 0.202882 1.356072 0.051395
v 0.196857 1.342533 0.046574
v 0.202482 1.353266 0.048342
v 0.202741 1.357123 0.053242
v 0.195320 1.342708 0.045711
v 0.190766 1.343482 0.041793
v 0.182019 1.347808 0.017218
v 0.189550 1.352870 -0.015239
v 0.200311 1.351699 0.046489
v 0.200742 1.353350 0.047577
v 0.195122 1.352153 0.042968
v 0.195238 1.353705 0.043909
v 0.191423 1.352582 0.039083
v 0.191328 1.354040 0.039886
v 0.187811 1.353105 0.033654
v 0.184671 1.353706 0.026533
v 0.182498 1.354352 0.017890
v 0.181741 1.354993 0.008320
v 0.182581 1.355580 -0.001282
v 0.184852 1.356080 -0.010050
v 0.187611 1.357009 -0.017988
v 0.192099 1.356780 -0.023286
v 0.191653 1.357235 -0.023939
v 0.196329 1.357000 -0.027672
v 0.200736 1.357156 -0.030833
v 0.202936 1.357212 -0.031975
v 0.205124 1.357255 -0.032858
v 0.181084 1.356325 0.018298
v 0.180224 1.356673 0.008254
v 0.181080 1.356990 -0.001769
v 0.183470 1.357255 -0.010893
v 0.186974 1.357465 -0.018561
v 0.186095 1.356645 0.035805
v 0.180059 1.357100 0.018523
v 0.179207 1.357329 0.008213
v 0.180128 1.357535 -0.002043
v 0.198388 1.357176 0.051070
v 0.193923 1.357249 0.047803
v 0.189344 1.357343 0.043070
v 0.185001 1.357456 0.036664
v 0.189935 1.358201 -0.026026
v 0.188172 1.357996 0.044304
v 0.183680 1.358047 0.037562
v 0.183914 1.347967 0.025467
v 0.186205 1.352819 -0.008738
v 0.190001 1.347628 0.037702
v 0.186998 1.348480 0.032447
v 0.196819 1.356042 -0.026306
v 0.207182 1.356499 -0.031931
v 0.176611 1.358466 -0.002922
v 0.210565 1.357418 -0.034430
v 0.215055 1.352722 -0.032233
v 0.213857 1.354875 -0.032419
v 0.055820 1.357099 0.204998
v 0.052632 1.340679 0.205754
v 0.055812 1.339918 0.199843
v 0.058213 1.341873 0.197116
v 0.051765 1.341099 0.206919
v 0.052760 1.342122 0.207925
v 0.057458 1.356031 0.203980
v 0.058482 1.355033 0.203153
v 0.061007 1.350510 0.201780
v 0.060504 1.351487 0.200608
v 0.060548 1.352191 0.202696
v 0.060872 1.346958 0.199851
v 0.060276 1.345923 0.197455
v 0.058364 1.342362 0.195877
v 0.053479 1.344612 0.210509
v 0.054935 1.348185 0.212554
v 0.054949 1.352481 0.213831
v 0.055876 1.343230 0.207140
v 0.058049 1.348469 0.210100
v 0.056986 1.352277 0.212269
v 0.059057 1.347046 0.207657
v 0.059257 1.348580 0.208518
v 0.037747 1.318335 0.179589
v 0.028769 1.312016 0.178533
v 0.028015 1.307186 0.173808
v 0.061832 1.296603 0.154214
v 0.071716 1.301173 0.154466
v 0.077463 1.304192 0.154837
v 0.091189 1.312086 0.156180
v 0.042503 1.332743 0.198754
v 0.077142 1.305009 0.155673
v 0.032560 1.317960 0.183839
v 0.029310 1.307354 0.173599
v 0.041357 1.293019 0.157549
v 0.051741 1.294467 0.155698
v 0.090284 1.313905 0.158093
v 0.089771 1.314862 0.158870
v 0.104954 1.323250 0.160441
v 0.104308 1.324292 0.161336
v 0.120888 1.333713 0.163504
v 0.044895 1.332051 0.196161
v 0.046638 1.294512 0.157078
v 0.061084 1.299548 0.156456
v 0.070507 1.304423 0.157084
v 0.046846 1.331883 0.193296
v 0.033495 1.312381 0.176472
v 0.074699 1.310232 0.158754
v 0.087458 1.318719 0.160554
v 0.101413 1.328476 0.162982
v 0.100673 1.329439 0.162869
v 0.116631 1.339333 0.166043
v 0.136919 1.346691 0.168783
v 0.136303 1.347448 0.169294
v 0.102898 1.326415 0.162565
v 0.040151 1.325015 0.188250
v 0.133107 1.351152 0.169833
v 0.132145 1.352194 0.169280
v 0.055260 1.357123 0.202200
v 0.053352 1.357896 0.202874
v 0.058072 1.342708 0.192010
v 0.058233 1.342923 0.190150
v 0.064619 1.345239 0.176480
v 0.076099 1.347808 0.166242
v 0.107973 1.352870 0.156536
v 0.062348 1.347628 0.183398
v 0.065398 1.348480 0.178167
v 0.069901 1.347967 0.172008
v 0.076371 1.350599 0.167106
v 0.092480 1.352803 0.158730
v 0.100669 1.352819 0.156889
v 0.100831 1.353730 0.156621
v 0.114795 1.354382 0.156793
v 0.120730 1.355487 0.157752
v 0.060266 1.348273 0.192978
v 0.076303 1.351929 0.167258
v 0.084022 1.352901 0.162232
v 0.129687 1.356450 0.162000
v 0.061865 1.352582 0.185318
v 0.065218 1.351642 0.179225
v 0.064760 1.353105 0.179475
v 0.069776 1.352384 0.173190
v 0.076098 1.353187 0.167221
v 0.092401 1.355580 0.157478
v 0.122128 1.357000 0.156191
v 0.124209 1.356658 0.157781
v 0.124735 1.357087 0.157231
v 0.129160 1.357212 0.159762
v 0.131016 1.357255 0.161215
v 0.059117 1.353451 0.195599
v 0.059591 1.353705 0.191038
v 0.061121 1.354040 0.185639
v 0.109384 1.357009 0.153482
v 0.116557 1.357235 0.154007
v 0.060108 1.355340 0.185780
v 0.082961 1.356673 0.160206
v 0.101169 1.357255 0.153445
v 0.109562 1.357465 0.152641
v 0.054968 1.357176 0.197342
v 0.055562 1.357249 0.191844
v 0.057371 1.357343 0.185516
v 0.060748 1.357456 0.178548
v 0.065996 1.357584 0.171270
v 0.073986 1.357100 0.165197
v 0.073181 1.357717 0.164261
v 0.082490 1.357329 0.159304
v 0.091834 1.357535 0.154974
v 0.101141 1.357708 0.152484
v 0.053073 1.357921 0.197644
v 0.059310 1.358047 0.177854
v 0.134095 1.357306 0.164436
v 0.138059 1.347841 0.169250
v 0.135630 1.357542 0.165191
v 0.143159 1.352821 0.168575
v 0.134275 1.352767 0.169869
v 0.135609 1.356809 0.166911
s 1
f 248 249 250
f 251 252 249
f 249 252 253
f 254 255 256
f 257 258 259
f 259 258 260
f 257 259 261
f 261 259 262
f 261 262 263
f 263 264 261
f 261 264 254
f 261 254 265
f 255 254 249
f 249 254 266
f 249 266 251
f 256 267 254
f 254 267 268
f 254 268 269
f 253 270 249
f 249 270 271
f 249 271 272
f 273 274 249
f 249 274 275
f 269 276 254
f 254 276 277
f 254 277 265
f 259 278 279
f 279 278 280
f 272 281 249
f 249 281 282
f 249 282 273
f 275 283 249
f 249 283 284
f 249 284 250
f 260 285 259
f 259 285 286
f 259 286 278
f 287 288 289
f 289 288 290
f 290 288 250
f 250 288 291
f 250 291 248
f 292 280 293
f 293 280 278
f 293 278 294
f 294 278 286
f 294 286 295
f 295 286 285
f 295 285 296
f 296 285 260
f 296 260 297
f 297 260 258
f 297 258 298
f 298 258 257
f 298 257 299
f 299 257 261
f 299 261 300
f 300 261 265
f 300 265 301
f 301 265 277
f 301 277 302
f 302 277 276
f 302 276 303
f 303 276 269
f 303 269 304
f 304 269 268
f 304 268 305
f 305 268 267
f 305 267 306
f 306 267 256
f 306 256 307
f 307 256 255
f 307 255 308
f 308 255 249
f 308 249 309
f 309 249 248
f 309 248 310
f 310 248 291
f 310 291 311
f 311 291 288
f 311 288 312
f 312 288 287
f 312 287 313
f 313 287 289
f 313 289 314
f 314 289 290
f 314 290 315
f 315 290 250
f 315 250 316
f 316 250 284
f 316 284 317
f 317 284 283
f 317 283 318
f 318 283 275
f 318 275 319
f 319 275 274
f 319 274 320
f 320 274 273
f 320 273 321
f 321 273 282
f 321 282 322
f 322 282 281
f 322 281 323
f 323 281 272
f 323 272 324
f 324 272 271
f 324 271 325
f 325 271 270
f 325 270 326
f 326 270 253
f 326 253 327
f 327 253 252
f 327 252 328
f 328 252 251
f 328 251 329
f 329 251 266
f 329 266 330
f 330 266 254
f 330 254 331
f 331 254 264
f 331 264 332
f 332 264 263
f 332 263 333
f 333 263 262
f 333 262 334
f 334 262 259
f 334 259 335
f 335 259 279
f 335 279 292
f 292 279 280
f 336 337 332
f 338 339 327
f 341 342 317
f 343 344 310
f 345 346 305
f 348 294 349
f 349 294 295
f 349 295 350
f 350 295 351
f 351 295 296
f 351 296 352
f 352 296 353
f 353 296 297
f 353 297 354
f 298 355 356
f 298 356 297
f 297 356 357
f 297 357 354
f 355 298 358
f 358 298 299
f 358 299 359
f 300 347 299
f 299 347 360
f 299 360 359
f 347 300 361
f 361 300 301
f 361 301 362
f 362 301 363
f 363 301 302
f 363 302 364
f 303 365 366
f 303 366 302
f 302 366 367
f 302 367 364
f 365 303 368
f 368 303 304
f 368 304 369
f 305 346 304
f 304 346 370
f 304 370 369
f 345 305 371
f 371 305 306
f 371 306 372
f 308 373 307
f 373 374 307
f 307 374 375
f 307 375 306
f 306 375 376
f 306 376 372
f 373 308 377
f 377 308 309
f 377 309 378
f 310 344 309
f 309 344 379
f 309 379 378
f 343 310 380
f 380 310 311
f 380 311 381
f 312 313 382
f 382 383 312
f 312 383 384
f 312 384 311
f 311 384 385
f 311 385 381
f 386 387 314
f 314 387 388
f 314 388 313
f 313 388 389
f 313 389 382
f 386 314 390
f 390 314 315
f 390 315 391
f 391 315 316
f 391 316 392
f 317 342 316
f 316 342 393
f 316 393 392
f 341 317 394
f 394 317 318
f 394 318 395
f 395 318 396
f 396 318 319
f 396 319 397
f 320 398 399
f 320 399 319
f 319 399 400
f 319 400 397
f 398 320 401
f 401 320 321
f 401 321 402
f 322 340 321
f 321 340 403
f 321 403 402
f 340 322 404
f 404 322 323
f 404 323 405
f 405 323 406
f 406 323 324
f 406 324 407
f 325 408 409
f 325 409 324
f 324 409 410
f 324 410 407
f 408 325 411
f 411 325 326
f 411 326 412
f 327 339 326
f 326 339 413
f 326 413 412
f 338 327 414
f 414 327 328
f 414 328 415
f 330 416 329
f 416 417 329
f 329 417 418
f 329 418 328
f 328 418 419
f 328 419 415
f 416 330 420
f 420 330 331
f 420 331 421
f 332 337 331
f 331 337 422
f 331 422 421
f 336 332 423
f 423 332 333
f 423 333 424
f 335 425 426
f 335 426 334
f 426 427 334
f 334 427 428
f 334 428 333
f 333 428 429
f 333 429 424
f 425 335 430
f 430 335 292
f 430 292 431
f 348 432 294
f 294 432 433
f 294 433 293
f 293 433 434
f 293 434 292
f 292 434 435
f 292 435 431
f 436 437 438
f 439 440 441
f 442 443 444
f 445 446 447
f 448 449 450
f 451 452 453
f 454 455 456
f 457 458 459
f 460 461 462
f 463 464 465
f 466 467 468
f 475 476 477
f 478 479 480
f 481 482 483
f 484 485 486
f 487 488 489
f 490 491 492
f 493 494 495
f 496 497 498
f 499 500 501
f 502 503 504
f 505 506 507
f 508 509 510
f 517 518 519
f 435 434 520
f 431 435 521
f 425 430 522
f 428 427 523
f 424 429 524
f 337 336 525
f 416 420 526
f 418 417 527
f 415 419 528
f 339 338 529
f 407 410 530
f 405 406 531
f 397 400 533
f 395 396 534
f 342 341 535
f 392 393 536
f 386 390 537
f 387 386 538
f 389 388 539
f 384 383 540
f 381 385 541
f 344 343 542
f 373 377 543
f 375 374 544
f 372 376 545
f 346 345 546
f 364 367 547
f 362 363 548
f 354 357 550
f 352 353 551
f 349 350 552
f 432 348 553
f 434 433 554
f 554 433 432
f 349 552 348
f 350 351 555
f 555 351 352
f 354 550 353
f 357 356 556
f 556 356 355
f 355 358 557
f 557 358 359
f 359 360 558
f 558 360 347
f 347 361 559
f 559 361 362
f 364 547 363
f 367 366 560
f 560 366 365
f 365 368 561
f 561 368 369
f 369 370 562
f 562 370 346
f 345 371 563
f 563 371 372
f 375 544 376
f 374 373 564
f 377 378 565
f 565 378 379
f 565 379 344
f 343 380 566
f 566 380 381
f 384 540 385
f 383 382 567
f 567 382 389
f 387 538 388
f 390 391 568
f 568 391 392
f 342 535 393
f 341 394 569
f 569 394 395
f 397 533 396
f 400 399 570
f 570 399 398
f 398 401 571
f 571 401 402
f 402 403 572
f 572 403 340
f 340 404 573
f 573 404 405
f 407 530 406
f 410 409 574
f 574 409 408
f 408 411 575
f 575 411 412
f 412 413 576
f 576 413 339
f 338 414 577
f 577 414 415
f 418 527 419
f 417 416 578
f 420 421 579
f 579 421 422
f 579 422 337
f 336 423 580
f 580 423 424
f 428 523 429
f 427 426 581
f 581 426 425
f 431 521 430
f 434 554 520
f 520 554 582
f 520 582 583
f 583 582 584
f 583 584 585
f 585 584 586
f 585 586 587
f 587 586 588
f 587 588 589
f 589 588 590
f 589 590 591
f 591 590 592
f 591 592 593
f 593 592 594
f 593 594 595
f 595 594 596
f 595 596 597
f 597 596 519
f 597 519 598
f 598 519 518
f 598 518 599
f 432 553 554
f 554 553 600
f 554 600 582
f 582 600 601
f 582 601 584
f 584 601 602
f 584 602 586
f 586 602 603
f 586 603 588
f 588 603 604
f 588 604 590
f 590 604 605
f 590 605 592
f 592 605 606
f 592 606 594
f 594 606 607
f 594 607 596
f 596 607 516
f 596 516 519
f 519 516 515
f 519 515 517
f 348 552 553
f 553 552 608
f 553 608 600
f 600 608 609
f 600 609 601
f 601 609 610
f 601 610 602
f 602 610 611
f 602 611 603
f 603 611 612
f 603 612 604
f 604 612 613
f 604 613 605
f 605 613 614
f 605 614 606
f 606 614 615
f 606 615 607
f 607 615 514
f 607 514 516
f 516 514 513
f 516 513 515
f 350 555 552
f 552 555 616
f 552 616 608
f 608 616 617
f 608 617 609
f 609 617 618
f 609 618 610
f 610 618 619
f 610 619 611
f 611 619 620
f 611 620 612
f 612 620 621
f 612 621 613
f 613 621 622
f 613 622 614
f 614 622 623
f 614 623 615
f 615 623 512
f 615 512 514
f 514 512 511
f 514 511 513
f 352 551 555
f 555 551 624
f 555 624 616
f 616 624 625
f 616 625 617
f 617 625 626
f 617 626 618
f 618 626 627
f 618 627 619
f 619 627 628
f 619 628 620
f 620 628 629
f 620 629 621
f 621 629 630
f 621 630 622
f 622 630 631
f 622 631 623
f 623 631 510
f 623 510 512
f 512 510 509
f 512 509 511
f 353 550 551
f 551 550 632
f 551 632 624
f 624 632 633
f 624 633 625
f 625 633 634
f 625 634 626
f 626 634 635
f 626 635 627
f 627 635 636
f 627 636 628
f 628 636 637
f 628 637 629
f 629 637 638
f 629 638 630
f 630 638 639
f 630 639 631
f 631 639 507
f 631 507 510
f 510 507 506
f 510 506 508
f 357 556 550
f 550 556 640
f 550 640 632
f 632 640 641
f 632 641 633
f 633 641 642
f 633 642 634
f 634 642 643
f 634 643 635
f 635 643 644
f 635 644 636
f 636 644 645
f 636 645 637
f 637 645 646
f 637 646 638
f 638 646 647
f 638 647 639
f 639 647 504
f 639 504 507
f 507 504 503
f 507 503 505
f 355 557 556
f 556 557 648
f 556 648 640
f 640 648 649
f 640 649 641
f 641 649 650
f 641 650 642
f 642 650 651
f 642 651 643
f 643 651 652
f 643 652 644
f 644 652 653
f 644 653 645
f 645 653 654
f 645 654 646
f 646 654 655
f 646 655 647
f 647 655 501
f 647 501 504
f 504 501 500
f 504 500 502
f 359 558 557
f 557 558 656
f 557 656 648
f 648 656 657
f 648 657 649
f 649 657 658
f 649 658 650
f 650 658 659
f 650 659 651
f 651 659 660
f 651 660 652
f 652 660 661
f 652 661 653
f 653 661 662
f 653 662 654
f 654 662 663
f 654 663 655
f 655 663 498
f 655 498 501
f 501 498 497
f 501 497 499
f 347 549 558
f 558 549 664
f 558 664 656
f 656 664 665
f 656 665 657
f 657 665 666
f 657 666 658
f 658 666 667
f 658 667 659
f 659 667 668
f 659 668 660
f 660 668 669
f 660 669 661
f 661 669 670
f 661 670 662
f 662 670 671
f 662 671 663
f 663 671 495
f 663 495 498
f 498 495 494
f 498 494 496
f 347 559 549
f 549 559 672
f 549 672 664
f 664 672 673
f 664 673 665
f 665 673 674
f 665 674 666
f 666 674 675
f 666 675 667
f 667 675 676
f 667 676 668
f 668 676 677
f 668 677 669
f 669 677 678
f 669 678 670
f 670 678 679
f 670 679 671
f 671 679 492
f 671 492 495
f 495 492 491
f 495 491 493
f 362 548 559
f 559 548 680
f 559 680 672
f 672 680 681
f 672 681 673
f 673 681 682
f 673 682 674
f 674 682 683
f 674 683 675
f 675 683 684
f 675 684 676
f 676 684 685
f 676 685 677
f 677 685 686
f 677 686 678
f 678 686 687
f 678 687 679
f 679 687 489
f 679 489 492
f 492 489 488
f 492 488 490
f 363 547 548
f 548 547 688
f 548 688 680
f 680 688 689
f 680 689 681
f 681 689 690
f 681 690 682
f 682 690 691
f 682 691 683
f 683 691 692
f 683 692 684
f 684 692 693
f 684 693 685
f 685 693 694
f 685 694 686
f 686 694 695
f 686 695 687
f 687 695 486
f 687 486 489
f 489 486 485
f 489 485 487
f 367 560 547
f 547 560 696
f 547 696 688
f 688 696 697
f 688 697 689
f 689 697 698
f 689 698 690
f 690 698 699
f 690 699 691
f 691 699 700
f 691 700 692
f 692 700 701
f 692 701 693
f 693 701 702
f 693 702 694
f 694 702 703
f 694 703 695
f 695 703 483
f 695 483 486
f 486 483 482
f 486 482 484
f 365 561 560
f 560 561 704
f 560 704 696
f 696 704 705
f 696 705 697
f 697 705 706
f 697 706 698
f 698 706 707
f 698 707 699
f 699 707 708
f 699 708 700
f 700 708 709
f 700 709 701
f 701 709 710
f 701 710 702
f 702 710 711
f 702 711 703
f 703 711 480
f 703 480 483
f 483 480 479
f 483 479 481
f 369 562 561
f 561 562 712
f 561 712 704
f 704 712 713
f 704 713 705
f 705 713 714
f 705 714 706
f 706 714 715
f 706 715 707
f 707 715 716
f 707 716 708
f 708 716 717
f 708 717 709
f 709 717 718
f 709 718 710
f 710 718 719
f 710 719 711
f 711 719 720
f 711 720 480
f 480 720 721
f 480 721 478
f 722 723 724
f 346 546 562
f 562 546 725
f 562 725 712
f 712 725 726
f 712 726 713
f 713 726 727
f 713 727 714
f 714 727 728
f 714 728 715
f 715 728 729
f 715 729 716
f 716 729 730
f 716 730 717
f 717 730 731
f 717 731 718
f 718 731 732
f 718 732 719
f 719 732 722
f 719 722 720
f 720 722 724
f 720 724 721
f 733 734 735
f 345 563 546
f 546 563 736
f 546 736 725
f 725 736 737
f 725 737 726
f 726 737 738
f 726 738 727
f 727 738 739
f 727 739 728
f 728 739 740
f 728 740 729
f 729 740 741
f 729 741 730
f 730 741 742
f 730 742 731
f 731 742 743
f 731 743 732
f 732 743 733
f 732 733 722
f 722 733 735
f 722 735 723
f 744 745 746
f 372 545 563
f 563 545 747
f 563 747 736
f 736 747 748
f 736 748 737
f 737 748 749
f 737 749 738
f 738 749 750
f 738 750 739
f 739 750 751
f 739 751 740
f 740 751 752
f 740 752 741
f 741 752 753
f 741 753 742
f 742 753 754
f 742 754 743
f 743 754 744
f 743 744 733
f 733 744 746
f 733 746 734
f 755 756 757
f 376 544 545
f 545 544 758
f 545 758 747
f 747 758 759
f 747 759 748
f 748 759 760
f 748 760 749
f 749 760 761
f 749 761 750
f 750 761 762
f 750 762 751
f 751 762 763
f 751 763 752
f 752 763 764
f 752 764 753
f 753 764 765
f 753 765 754
f 754 765 755
f 754 755 744
f 744 755 757
f 744 757 745
f 766 767 768
f 374 564 544
f 544 564 769
f 544 769 758
f 758 769 770
f 758 770 759
f 759 770 771
f 759 771 760
f 760 771 772
f 760 772 761
f 761 772 773
f 761 773 762
f 762 773 774
f 762 774 763
f 763 774 775
f 763 775 764
f 764 775 776
f 764 776 765
f 765 776 766
f 765 766 755
f 755 766 768
f 755 768 756
f 777 778 779
f 373 543 564
f 564 543 780
f 564 780 769
f 769 780 781
f 769 781 770
f 770 781 782
f 770 782 771
f 771 782 783
f 771 783 772
f 772 783 784
f 772 784 773
f 773 784 785
f 773 785 774
f 774 785 786
f 774 786 775
f 775 786 787
f 775 787 776
f 776 787 777
f 776 777 766
f 766 777 779
f 766 779 767
f 788 789 790
f 377 565 543
f 543 565 791
f 543 791 780
f 780 791 792
f 780 792 781
f 781 792 793
f 781 793 782
f 782 793 794
f 782 794 783
f 783 794 795
f 783 795 784
f 784 795 796
f 784 796 785
f 785 796 797
f 785 797 786
f 786 797 798
f 786 798 787
f 787 798 788
f 787 788 777
f 777 788 790
f 777 790 778
f 799 800 801
f 344 542 565
f 565 542 802
f 565 802 791
f 791 802 803
f 791 803 792
f 792 803 804
f 792 804 793
f 793 804 805
f 793 805 794
f 794 805 806
f 794 806 795
f 795 806 807
f 795 807 796
f 796 807 808
f 796 808 797
f 797 808 809
f 797 809 798
f 798 809 799
f 798 799 788
f 788 799 801
f 788 801 789
f 810 811 812
f 343 566 542
f 542 566 813
f 542 813 802
f 802 813 814
f 802 814 803
f 803 814 815
f 803 815 804
f 804 815 816
f 804 816 805
f 805 816 817
f 805 817 806
f 806 817 818
f 806 818 807
f 807 818 819
f 807 819 808
f 808 819 820
f 808 820 809
f 809 820 810
f 809 810 799
f 799 810 812
f 799 812 800
f 821 822 823
f 381 541 566
f 566 541 824
f 566 824 813
f 813 824 825
f 813 825 814
f 814 825 826
f 814 826 815
f 815 826 827
f 815 827 816
f 816 827 828
f 816 828 817
f 817 828 829
f 817 829 818
f 818 829 830
f 818 830 819
f 819 830 831
f 819 831 820
f 820 831 821
f 820 821 810
f 810 821 823
f 810 823 811
f 385 540 541
f 541 540 834
f 541 834 824
f 824 834 835
f 824 835 825
f 825 835 836
f 825 836 826
f 826 836 837
f 826 837 827
f 827 837 838
f 827 838 828
f 828 838 839
f 828 839 829
f 829 839 840
f 829 840 830
f 830 840 841
f 830 841 831
f 831 841 832
f 831 832 821
f 821 832 833
f 821 833 822
f 383 567 540
f 540 567 844
f 540 844 834
f 834 844 845
f 834 845 835
f 835 845 846
f 835 846 836
f 836 846 847
f 836 847 837
f 837 847 848
f 837 848 838
f 838 848 849
f 838 849 839
f 839 849 850
f 839 850 840
f 840 850 851
f 840 851 841
f 841 851 842
f 841 842 832
f 832 842 843
f 832 843 833
f 389 539 567
f 567 539 854
f 567 854 844
f 844 854 855
f 844 855 845
f 845 855 856
f 845 856 846
f 846 856 857
f 846 857 847
f 847 857 858
f 847 858 848
f 848 858 859
f 848 859 849
f 849 859 860
f 849 860 850
f 850 860 861
f 850 861 851
f 851 861 852
f 851 852 842
f 842 852 853
f 842 853 843
f 862 863 864
f 388 538 539
f 539 538 865
f 539 865 854
f 854 865 866
f 854 866 855
f 855 866 867
f 855 867 856
f 856 867 868
f 856 868 857
f 857 868 869
f 857 869 858
f 858 869 870
f 858 870 859
f 859 870 871
f 859 871 860
f 860 871 872
f 860 872 861
f 861 872 862
f 861 862 852
f 852 862 864
f 852 864 853
f 386 537 538
f 538 537 873
f 538 873 865
f 865 873 874
f 865 874 866
f 866 874 875
f 866 875 867
f 867 875 876
f 867 876 868
f 868 876 877
f 868 877 869
f 869 877 878
f 869 878 870
f 870 878 879
f 870 879 871
f 871 879 880
f 871 880 872
f 872 880 881
f 872 881 862
f 862 881 882
f 862 882 863
f 390 568 537
f 537 568 883
f 537 883 873
f 873 883 884
f 873 884 874
f 874 884 885
f 874 885 875
f 875 885 886
f 875 886 876
f 876 886 887
f 876 887 877
f 877 887 888
f 877 888 878
f 878 888 889
f 878 889 879
f 879 889 890
f 879 890 880
f 880 890 477
f 880 477 881
f 881 477 476
f 881 476 882
f 392 536 568
f 568 536 891
f 568 891 883
f 883 891 892
f 883 892 884
f 884 892 893
f 884 893 885
f 885 893 894
f 885 894 886
f 886 894 895
f 886 895 887
f 887 895 896
f 887 896 888
f 888 896 897
f 888 897 889
f 889 897 898
f 889 898 890
f 890 898 474
f 890 474 477
f 477 474 473
f 477 473 475
f 393 535 536
f 536 535 899
f 536 899 891
f 891 899 900
f 891 900 892
f 892 900 901
f 892 901 893
f 893 901 902
f 893 902 894
f 894 902 903
f 894 903 895
f 895 903 904
f 895 904 896
f 896 904 905
f 896 905 897
f 897 905 906
f 897 906 898
f 898 906 472
f 898 472 474
f 474 472 471
f 474 471 473
f 341 569 535
f 535 569 907
f 535 907 899
f 899 907 908
f 899 908 900
f 900 908 909
f 900 909 901
f 901 909 910
f 901 910 902
f 902 910 911
f 902 911 903
f 903 911 912
f 903 912 904
f 904 912 913
f 904 913 905
f 905 913 914
f 905 914 906
f 906 914 470
f 906 470 472
f 472 470 469
f 472 469 471
f 395 534 569
f 569 534 915
f 569 915 907
f 907 915 916
f 907 916 908
f 908 916 917
f 908 917 909
f 909 917 918
f 909 918 910
f 910 918 919
f 910 919 911
f 911 919 920
f 911 920 912
f 912 920 921
f 912 921 913
f 913 921 922
f 913 922 914
f 914 922 468
f 914 468 470
f 470 468 467
f 470 467 469
f 396 533 534
f 534 533 923
f 534 923 915
f 915 923 924
f 915 924 916
f 916 924 925
f 916 925 917
f 917 925 926
f 917 926 918
f 918 926 927
f 918 927 919
f 919 927 928
f 919 928 920
f 920 928 929
f 920 929 921
f 921 929 930
f 921 930 922
f 922 930 465
f 922 465 468
f 468 465 464
f 468 464 466
f 400 570 533
f 533 570 931
f 533 931 923
f 923 931 932
f 923 932 924
f 924 932 933
f 924 933 925
f 925 933 934
f 925 934 926
f 926 934 935
f 926 935 927
f 927 935 936
f 927 936 928
f 928 936 937
f 928 937 929
f 929 937 938
f 929 938 930
f 930 938 462
f 930 462 465
f 465 462 461
f 465 461 463
f 398 571 570
f 570 571 939
f 570 939 931
f 931 939 940
f 931 940 932
f 932 940 941
f 932 941 933
f 933 941 942
f 933 942 934
f 934 942 943
f 934 943 935
f 935 943 944
f 935 944 936
f 936 944 945
f 936 945 937
f 937 945 946
f 937 946 938
f 938 946 459
f 938 459 462
f 462 459 458
f 462 458 460
f 402 572 571
f 571 572 947
f 571 947 939
f 939 947 948
f 939 948 940
f 940 948 949
f 940 949 941
f 941 949 950
f 941 950 942
f 942 950 951
f 942 951 943
f 943 951 952
f 943 952 944
f 944 952 953
f 944 953 945
f 945 953 954
f 945 954 946
f 946 954 456
f 946 456 459
f 459 456 455
f 459 455 457
f 340 532 572
f 572 532 955
f 572 955 947
f 947 955 956
f 947 956 948
f 948 956 957
f 948 957 949
f 949 957 958
f 949 958 950
f 950 958 959
f 950 959 951
f 951 959 960
f 951 960 952
f 952 960 961
f 952 961 953
f 953 961 962
f 953 962 954
f 954 962 453
f 954 453 456
f 456 453 452
f 456 452 454
f 340 573 532
f 532 573 963
f 532 963 955
f 955 963 964
f 955 964 956
f 956 964 965
f 956 965 957
f 957 965 966
f 957 966 958
f 958 966 967
f 958 967 959
f 959 967 968
f 959 968 960
f 960 968 969
f 960 969 961
f 961 969 970
f 961 970 962
f 962 970 450
f 962 450 453
f 453 450 449
f 453 449 451
f 405 531 573
f 573 531 971
f 573 971 963
f 963 971 972
f 963 972 964
f 964 972 973
f 964 973 965
f 965 973 974
f 965 974 966
f 966 974 975
f 966 975 967
f 967 975 976
f 967 976 968
f 968 976 977
f 968 977 969
f 969 977 978
f 969 978 970
f 970 978 447
f 970 447 450
f 450 447 446
f 450 446 448
f 406 530 531
f 531 530 979
f 531 979 971
f 971 979 980
f 971 980 972
f 972 980 981
f 972 981 973
f 973 981 982
f 973 982 974
f 974 982 983
f 974 983 975
f 975 983 984
f 975 984 976
f 976 984 985
f 976 985 977
f 977 985 986
f 977 986 978
f 978 986 444
f 978 444 447
f 447 444 443
f 447 443 445
f 410 574 530
f 530 574 987
f 530 987 979
f 979 987 988
f 979 988 980
f 980 988 989
f 980 989 981
f 981 989 990
f 981 990 982
f 982 990 991
f 982 991 983
f 983 991 992
f 983 992 984
f 984 992 993
f 984 993 985
f 985 993 994
f 985 994 986
f 986 994 441
f 986 441 444
f 444 441 440
f 444 440 442
f 408 575 574
f 574 575 995
f 574 995 987
f 987 995 996
f 987 996 988
f 988 996 997
f 988 997 989
f 989 997 998
f 989 998 990
f 990 998 999
f 990 999 991
f 991 999 1000
f 991 1000 992
f 992 1000 1001
f 992 1001 993
f 993 1001 1002
f 993 1002 994
f 994 1002 438
f 994 438 441
f 441 438 437
f 441 437 439
f 412 576 575
f 575 576 1003
f 575 1003 995
f 995 1003 1004
f 995 1004 996
f 996 1004 1005
f 996 1005 997
f 997 1005 1006
f 997 1006 998
f 998 1006 1007
f 998 1007 999
f 999 1007 1008
f 999 1008 1000
f 1000 1008 1009
f 1000 1009 1001
f 1001 1009 1010
f 1001 1010 1002
f 1002 1010 1011
f 1002 1011 438
f 438 1011 1012
f 438 1012 436
f 1013 1014 1015
f 339 529 576
f 576 529 1016
f 576 1016 1003
f 1003 1016 1017
f 1003 1017 1004
f 1004 1017 1018
f 1004 1018 1005
f 1005 1018 1019
f 1005 1019 1006
f 1006 1019 1020
f 1006 1020 1007
f 1007 1020 1021
f 1007 1021 1008
f 1008 1021 1022
f 1008 1022 1009
f 1009 1022 1023
f 1009 1023 1010
f 1010 1023 1013
f 1010 1013 1011
f 1011 1013 1015
f 1011 1015 1012
f 1024 1025 1026
f 338 577 529
f 529 577 1027
f 529 1027 1016
f 1016 1027 1028
f 1016 1028 1017
f 1017 1028 1029
f 1017 1029 1018
f 1018 1029 1030
f 1018 1030 1019
f 1019 1030 1031
f 1019 1031 1020
f 1020 1031 1032
f 1020 1032 1021
f 1021 1032 1033
f 1021 1033 1022
f 1022 1033 1034
f 1022 1034 1023
f 1023 1034 1024
f 1023 1024 1013
f 1013 1024 1026
f 1013 1026 1014
f 1035 1036 1037
f 415 528 577
f 577 528 1038
f 577 1038 1027
f 1027 1038 1039
f 1027 1039 1028
f 1028 1039 1040
f 1028 1040 1029
f 1029 1040 1041
f 1029 1041 1030
f 1030 1041 1042
f 1030 1042 1031
f 1031 1042 1043
f 1031 1043 1032
f 1032 1043 1044
f 1032 1044 1033
f 1033 1044 1045
f 1033 1045 1034
f 1034 1045 1035
f 1034 1035 1024
f 1024 1035 1037
f 1024 1037 1025
f 1046 1047 1048
f 419 527 528
f 528 527 1049
f 528 1049 1038
f 1038 1049 1050
f 1038 1050 1039
f 1039 1050 1051
f 1039 1051 1040
f 1040 1051 1052
f 1040 1052 1041
f 1041 1052 1053
f 1041 1053 1042
f 1042 1053 1054
f 1042 1054 1043
f 1043 1054 1055
f 1043 1055 1044
f 1044 1055 1056
f 1044 1056 1045
f 1045 1056 1046
f 1045 1046 1035
f 1035 1046 1048
f 1035 1048 1036
f 1057 1058 1059
f 417 578 527
f 527 578 1060
f 527 1060 1049
f 1049 1060 1061
f 1049 1061 1050
f 1050 1061 1062
f 1050 1062 1051
f 1051 1062 1063
f 1051 1063 1052
f 1052 1063 1064
f 1052 1064 1053
f 1053 1064 1065
f 1053 1065 1054
f 1054 1065 1066
f 1054 1066 1055
f 1055 1066 1067
f 1055 1067 1056
f 1056 1067 1057
f 1056 1057 1046
f 1046 1057 1059
f 1046 1059 1047
f 1068 1069 1070
f 416 526 578
f 578 526 1071
f 578 1071 1060
f 1060 1071 1072
f 1060 1072 1061
f 1061 1072 1073
f 1061 1073 1062
f 1062 1073 1074
f 1062 1074 1063
f 1063 1074 1075
f 1063 1075 1064
f 1064 1075 1076
f 1064 1076 1065
f 1065 1076 1077
f 1065 1077 1066
f 1066 1077 1078
f 1066 1078 1067
f 1067 1078 1068
f 1067 1068 1057
f 1057 1068 1070
f 1057 1070 1058
f 1079 1080 1081
f 420 579 526
f 526 579 1082
f 526 1082 1071
f 1071 1082 1083
f 1071 1083 1072
f 1072 1083 1084
f 1072 1084 1073
f 1073 1084 1085
f 1073 1085 1074
f 1074 1085 1086
f 1074 1086 1075
f 1075 1086 1087
f 1075 1087 1076
f 1076 1087 1088
f 1076 1088 1077
f 1077 1088 1089
f 1077 1089 1078
f 1078 1089 1079
f 1078 1079 1068
f 1068 1079 1081
f 1068 1081 1069
f 1090 1091 1092
f 337 525 579
f 579 525 1093
f 579 1093 1082
f 1082 1093 1094
f 1082 1094 1083
f 1083 1094 1095
f 1083 1095 1084
f 1084 1095 1096
f 1084 1096 1085
f 1085 1096 1097
f 1085 1097 1086
f 1086 1097 1098
f 1086 1098 1087
f 1087 1098 1099
f 1087 1099 1088
f 1088 1099 1100
f 1088 1100 1089
f 1089 1100 1090
f 1089 1090 1079
f 1079 1090 1092
f 1079 1092 1080
f 1101 1102 1103
f 336 580 525
f 525 580 1104
f 525 1104 1093
f 1093 1104 1105
f 1093 1105 1094
f 1094 1105 1106
f 1094 1106 1095
f 1095 1106 1107
f 1095 1107 1096
f 1096 1107 1108
f 1096 1108 1097
f 1097 1108 1109
f 1097 1109 1098
f 1098 1109 1110
f 1098 1110 1099
f 1099 1110 1111
f 1099 1111 1100
f 1100 1111 1101
f 1100 1101 1090
f 1090 1101 1103
f 1090 1103 1091
f 1112 1113 1114
f 424 524 580
f 580 524 1115
f 580 1115 1104
f 1104 1115 1116
f 1104 1116 1105
f 1105 1116 1117
f 1105 1117 1106
f 1106 1117 1118
f 1106 1118 1107
f 1107 1118 1119
f 1107 1119 1108
f 1108 1119 1120
f 1108 1120 1109
f 1109 1120 1121
f 1109 1121 1110
f 1110 1121 1122
f 1110 1122 1111
f 1111 1122 1112
f 1111 1112 1101
f 1101 1112 1114
f 1101 1114 1102
f 429 523 524
f 524 523 1125
f 524 1125 1115
f 1115 1125 1126
f 1115 1126 1116
f 1116 1126 1127
f 1116 1127 1117
f 1117 1127 1128
f 1117 1128 1118
f 1118 1128 1129
f 1118 1129 1119
f 1119 1129 1130
f 1119 1130 1120
f 1120 1130 1131
f 1120 1131 1121
f 1121 1131 1132
f 1121 1132 1122
f 1122 1132 1123
f 1122 1123 1112
f 1112 1123 1124
f 1112 1124 1113
f 427 581 523
f 523 581 1135
f 523 1135 1125
f 1125 1135 1136
f 1125 1136 1126
f 1126 1136 1137
f 1126 1137 1127
f 1127 1137 1138
f 1127 1138 1128
f 1128 1138 1139
f 1128 1139 1129
f 1129 1139 1140
f 1129 1140 1130
f 1130 1140 1141
f 1130 1141 1131
f 1131 1141 1142
f 1131 1142 1132
f 1132 1142 1133
f 1132 1133 1123
f 1123 1133 1134
f 1123 1134 1124
f 425 522 581
f 581 522 1145
f 581 1145 1135
f 1135 1145 1146
f 1135 1146 1136
f 1136 1146 1147
f 1136 1147 1137
f 1137 1147 1148
f 1137 1148 1138
f 1138 1148 1149
f 1138 1149 1139
f 1139 1149 1150
f 1139 1150 1140
f 1140 1150 1151
f 1140 1151 1141
f 1141 1151 1152
f 1141 1152 1142
f 1142 1152 1143
f 1142 1143 1133
f 1133 1143 1144
f 1133 1144 1134
f 1153 1154 1155
f 430 521 522
f 522 521 1156
f 522 1156 1145
f 1145 1156 1157
f 1145 1157 1146
f 1146 1157 1158
f 1146 1158 1147
f 1147 1158 1159
f 1147 1159 1148
f 1148 1159 1160
f 1148 1160 1149
f 1149 1160 1161
f 1149 1161 1150
f 1150 1161 1162
f 1150 1162 1151
f 1151 1162 1163
f 1151 1163 1152
f 1152 1163 1153
f 1152 1153 1143
f 1143 1153 1155
f 1143 1155 1144
f 435 520 521
f 521 520 583
f 521 583 1156
f 1156 583 585
f 1156 585 1157
f 1157 585 587
f 1157 587 1158
f 1158 587 589
f 1158 589 1159
f 1159 589 591
f 1159 591 1160
f 1160 591 593
f 1160 593 1161
f 1161 593 595
f 1161 595 1162
f 1162 595 597
f 1162 597 1163
f 1163 597 598
f 1163 598 1153
f 1153 598 599
f 1153 599 1154
f 518 1164 1165
f 518 517 1164
f 1164 517 515
f 1164 515 1166
f 1166 515 513
f 1166 513 1167
f 1167 513 511
f 1167 511 1168
f 1168 511 509
f 1168 509 1169
f 509 508 1169
f 1169 508 506
f 1169 506 1170
f 506 505 1170
f 1170 505 503
f 1170 503 1171
f 503 502 1171
f 1171 502 500
f 1171 500 1172
f 500 499 1172
f 1172 499 497
f 1172 497 1173
f 497 496 1173
f 1173 496 494
f 1173 494 1174
f 494 493 1174
f 1174 493 491
f 1174 491 1175
f 491 490 1175
f 1175 490 488
f 1175 488 1176
f 488 487 1176
f 1176 487 485
f 1176 485 1177
f 485 484 1177
f 1177 484 482
f 1177 482 1178
f 482 481 1178
f 1178 481 479
f 1178 479 1179
f 479 478 1179
f 1179 478 721
f 1179 721 1180
f 721 724 1180
f 1180 724 723
f 1180 723 1181
f 723 735 1181
f 1181 735 734
f 1181 734 1182
f 734 746 1182
f 1182 746 745
f 1182 745 1183
f 745 757 1183
f 1183 757 756
f 1183 756 1184
f 756 768 1184
f 1184 768 767
f 1184 767 1185
f 767 779 1185
f 1185 779 778
f 1185 778 1186
f 778 790 1186
f 1186 790 789
f 1186 789 1187
f 789 801 1187
f 1187 801 800
f 1187 800 1188
f 800 812 1188
f 1188 812 811
f 1188 811 1189
f 811 823 1189
f 1189 823 822
f 1189 822 1190
f 822 833 1190
f 1190 833 1191
f 833 843 1191
f 1191 843 1192
f 843 853 1192
f 1192 853 1193
f 853 864 1193
f 1193 864 863
f 1193 863 1194
f 863 882 1194
f 1194 882 476
f 1194 476 1195
f 476 475 1195
f 1195 475 473
f 1195 473 1196
f 1196 473 471
f 1196 471 1197
f 1197 471 469
f 1197 469 1198
f 1198 469 467
f 1198 467 1199
f 467 466 1199
f 1199 466 464
f 1199 464 1200
f 464 463 1200
f 1200 463 461
f 1200 461 1201
f 461 460 1201
f 1201 460 458
f 1201 458 1202
f 458 457 1202
f 1202 457 455
f 1202 455 1203
f 455 454 1203
f 1203 454 452
f 1203 452 1204
f 452 451 1204
f 1204 451 449
f 1204 449 1205
f 449 448 1205
f 1205 448 446
f 1205 446 1206
f 446 445 1206
f 1206 445 443
f 1206 443 1207
f 443 442 1207
f 1207 442 440
f 1207 440 1208
f 440 439 1208
f 1208 439 437
f 1208 437 1209
f 437 436 1209
f 1209 436 1012
f 1209 1012 1210
f 1012 1015 1210
f 1210 1015 1014
f 1210 1014 1211
f 1014 1026 1211
f 1211 1026 1025
f 1211 1025 1212
f 1025 1037 1212
f 1212 1037 1036
f 1212 1036 1213
f 1036 1048 1213
f 1213 1048 1047
f 1213 1047 1214
f 1047 1059 1214
f 1214 1059 1058
f 1214 1058 1215
f 1058 1070 1215
f 1215 1070 1069
f 1215 1069 1216
f 1069 1081 1216
f 1216 1081 1080
f 1216 1080 1217
f 1080 1092 1217
f 1217 1092 1091
f 1217 1091 1218
f 1091 1103 1218
f 1218 1103 1102
f 1218 1102 1219
f 1102 1114 1219
f 1219 1114 1113
f 1219 1113 1220
f 1113 1124 1220
f 1220 1124 1221
f 1124 1134 1221
f 1221 1134 1222
f 1134 1144 1222
f 1222 1144 1223
f 1144 1155 1223
f 1223 1155 1154
f 1223 1154 1165
f 1165 1154 599
f 1165 599 518
f 1223 1224 1222
f 1222 1224 1225
f 1222 1225 1221
f 1221 1225 1226
f 1221 1226 1220
f 1220 1226 1227
f 1220 1227 1219
f 1219 1227 1228
f 1219 1228 1218
f 1218 1228 1229
f 1218 1229 1217
f 1217 1229 1230
f 1217 1230 1216
f 1216 1230 1231
f 1216 1231 1215
f 1215 1231 1232
f 1215 1232 1214
f 1214 1232 1233
f 1214 1233 1213
f 1213 1233 1234
f 1213 1234 1212
f 1212 1234 1235
f 1212 1235 1211
f 1211 1235 1236
f 1211 1236 1210
f 1210 1236 1237
f 1210 1237 1209
f 1209 1237 1238
f 1209 1238 1208
f 1208 1238 1239
f 1208 1239 1207
f 1207 1239 1240
f 1207 1240 1206
f 1206 1240 1241
f 1206 1241 1205
f 1205 1241 1242
f 1205 1242 1204
f 1204 1242 1243
f 1204 1243 1203
f 1203 1243 1244
f 1203 1244 1202
f 1202 1244 1245
f 1202 1245 1201
f 1201 1245 1246
f 1201 1246 1200
f 1200 1246 1247
f 1200 1247 1199
f 1199 1247 1248
f 1199 1248 1198
f 1198 1248 1249
f 1198 1249 1197
f 1197 1249 1250
f 1197 1250 1196
f 1196 1250 1251
f 1196 1251 1195
f 1195 1251 1252
f 1195 1252 1194
f 1194 1252 1253
f 1194 1253 1193
f 1193 1253 1254
f 1193 1254 1192
f 1192 1254 1255
f 1192 1255 1191
f 1191 1255 1256
f 1191 1256 1190
f 1190 1256 1257
f 1190 1257 1189
f 1189 1257 1258
f 1189 1258 1188
f 1188 1258 1259
f 1188 1259 1187
f 1187 1259 1260
f 1187 1260 1186
f 1186 1260 1261
f 1186 1261 1185
f 1185 1261 1262
f 1185 1262 1184
f 1184 1262 1263
f 1184 1263 1183
f 1183 1263 1264
f 1183 1264 1182
f 1182 1264 1265
f 1182 1265 1181
f 1181 1265 1266
f 1181 1266 1180
f 1180 1266 1267
f 1180 1267 1179
f 1179 1267 1268
f 1179 1268 1178
f 1178 1268 1269
f 1178 1269 1177
f 1177 1269 1270
f 1177 1270 1176
f 1176 1270 1271
f 1176 1271 1175
f 1175 1271 1272
f 1175 1272 1174
f 1174 1272 1273
f 1174 1273 1173
f 1173 1273 1274
f 1173 1274 1172
f 1172 1274 1275
f 1172 1275 1171
f 1171 1275 1276
f 1171 1276 1170
f 1170 1276 1277
f 1170 1277 1169
f 1169 1277 1278
f 1169 1278 1168
f 1168 1278 1279
f 1168 1279 1167
f 1167 1279 1280
f 1167 1280 1166
f 1166 1280 1281
f 1166 1281 1164
f 1164 1281 1282
f 1164 1282 1165
f 1165 1282 1283
f 1165 1283 1223
f 1223 1283 1224
f 1224 1284 1225
f 1225 1284 1285
f 1225 1285 1226
f 1226 1285 1286
f 1226 1286 1227
f 1227 1286 1287
f 1227 1287 1228
f 1228 1287 1288
f 1228 1288 1229
f 1229 1288 1289
f 1229 1289 1230
f 1230 1289 1290
f 1230 1290 1231
f 1231 1290 1291
f 1231 1291 1232
f 1232 1291 1292
f 1232 1292 1233
f 1233 1292 1293
f 1233 1293 1234
f 1234 1293 1294
f 1234 1294 1235
f 1235 1294 1295
f 1235 1295 1236
f 1236 1295 1296
f 1236 1296 1237
f 1237 1296 1297
f 1237 1297 1238
f 1238 1297 1298
f 1238 1298 1239
f 1239 1298 1299
f 1239 1299 1240
f 1240 1299 1300
f 1240 1300 1241
f 1241 1300 1301
f 1241 1301 1242
f 1242 1301 1302
f 1242 1302 1243
f 1243 1302 1303
f 1243 1303 1244
f 1244 1303 1304
f 1244 1304 1245
f 1245 1304 1305
f 1245 1305 1246
f 1246 1305 1306
f 1246 1306 1247
f 1247 1306 1307
f 1247 1307 1248
f 1248 1307 1308
f 1248 1308 1249
f 1249 1308 1309
f 1249 1309 1250
f 1250 1309 1310
f 1250 1310 1251
f 1251 1310 1311
f 1251 1311 1252
f 1252 1311 1312
f 1252 1312 1253
f 1253 1312 1313
f 1253 1313 1254
f 1254 1313 1314
f 1254 1314 1255
f 1255 1314 1315
f 1255 1315 1256
f 1256 1315 1316
f 1256 1316 1257
f 1257 1316 1317
f 1257 1317 1258
f 1258 1317 1318
f 1258 1318 1259
f 1259 1318 1319
f 1259 1319 1260
f 1260 1319 1320
f 1260 1320 1261
f 1261 1320 1321
f 1261 1321 1262
f 1262 1321 1322
f 1262 1322 1263
f 1263 1322 1323
f 1263 1323 1264
f 1264 1323 1324
f 1264 1324 1265
f 1265 1324 1325
f 1265 1325 1266
f 1266 1325 1326
f 1266 1326 1267
f 1267 1326 1327
f 1267 1327 1268
f 1268 1327 1328
f 1268 1328 1269
f 1269 1328 1329
f 1269 1329 1270
f 1270 1329 1330
f 1270 1330 1271
f 1271 1330 1331
f 1271 1331 1272
f 1272 1331 1332
f 1272 1332 1273
f 1273 1332 1333
f 1273 1333 1274
f 1274 1333 1334
f 1274 1334 1275
f 1275 1334 1335
f 1275 1335 1276
f 1276 1335 1336
f 1276 1336 1277
f 1277 1336 1337
f 1277 1337 1278
f 1278 1337 1338
f 1278 1338 1279
f 1279 1338 1339
f 1279 1339 1280
f 1280 1339 1340
f 1280 1340 1281
f 1281 1340 1341
f 1281 1341 1282
f 1282 1341 1342
f 1282 1342 1283
f 1283 1342 1343
f 1283 1343 1224
f 1224 1343 1284
f 1284 1344 1285
f 1285 1344 1345
f 1285 1345 1286
f 1286 1345 1346
f 1286 1346 1287
f 1287 1346 1347
f 1287 1347 1288
f 1288 1347 1348
f 1288 1348 1289
f 1289 1348 1349
f 1289 1349 1290
f 1290 1349 1350
f 1290 1350 1291
f 1291 1350 1351
f 1291 1351 1292
f 1292 1351 1352
f 1292 1352 1293
f 1293 1352 1353
f 1293 1353 1294
f 1294 1353 1354
f 1294 1354 1295
f 1295 1354 1355
f 1295 1355 1296
f 1296 1355 1356
f 1296 1356 1297
f 1297 1356 1357
f 1297 1357 1298
f 1298 1357 1358
f 1298 1358 1299
f 1299 1358 1359
f 1299 1359 1300
f 1300 1359 1360
f 1300 1360 1301
f 1301 1360 1361
f 1301 1361 1302
f 1302 1361 1362
f 1302 1362 1303
f 1303 1362 1363
f 1303 1363 1304
f 1304 1363 1364
f 1304 1364 1305
f 1305 1364 1365
f 1305 1365 1306
f 1306 1365 1366
f 1306 1366 1307
f 1307 1366 1367
f 1307 1367 1308
f 1308 1367 1368
f 1308 1368 1309
f 1309 1368 1369
f 1309 1369 1310
f 1310 1369 1370
f 1310 1370 1311
f 1311 1370 1371
f 1311 1371 1312
f 1312 1371 1372
f 1312 1372 1313
f 1313 1372 1373
f 1313 1373 1314
f 1314 1373 1374
f 1314 1374 1315
f 1315 1374 1375
f 1315 1375 1316
f 1316 1375 1376
f 1316 1376 1317
f 1317 1376 1377
f 1317 1377 1318
f 1318 1377 1378
f 1318 1378 1319
f 1319 1378 1379
f 1319 1379 1320
f 1320 1379 1380
f 1320 1380 1321
f 1321 1380 1381
f 1321 1381 1322
f 1322 1381 1382
f 1322 1382 1323
f 1323 1382 1383
f 1323 1383 1324
f 1324 1383 1384
f 1324 1384 1325
f 1325 1384 1385
f 1325 1385 1326
f 1326 1385 1386
f 1326 1386 1327
f 1327 1386 1387
f 1327 1387 1328
f 1328 1387 1388
f 1328 1388 1329
f 1329 1388 1389
f 1329 1389 1330
f 1330 1389 1390
f 1330 1390 1331
f 1331 1390 1391
f 1331 1391 1332
f 1332 1391 1392
f 1332 1392 1333
f 1333 1392 1393
f 1333 1393 1334
f 1334 1393 1394
f 1334 1394 1335
f 1335 1394 1395
f 1335 1395 1336
f 1336 1395 1396
f 1336 1396 1337
f 1337 1396 1397
f 1337 1397 1338
f 1338 1397 1398
f 1338 1398 1339
f 1339 1398 1399
f 1339 1399 1340
f 1340 1399 1400
f 1340 1400 1341
f 1341 1400 1401
f 1341 1401 1342
f 1342 1401 1402
f 1342 1402 1343
f 1343 1402 1403
f 1343 1403 1284
f 1284 1403 1344
f 1344 1404 1345
f 1345 1404 1405
f 1345 1405 1346
f 1346 1405 1406
f 1346 1406 1347
f 1347 1406 1407
f 1347 1407 1348
f 1348 1407 1408
f 1348 1408 1349
f 1349 1408 1409
f 1349 1409 1350
f 1350 1409 1410
f 1350 1410 1351
f 1351 1410 1411
f 1351 1411 1352
f 1352 1411 1412
f 1352 1412 1353
f 1353 1412 1413
f 1353 1413 1354
f 1354 1413 1414
f 1354 1414 1355
f 1355 1414 1415
f 1355 1415 1356
f 1356 1415 1416
f 1356 1416 1357
f 1357 1416 1417
f 1357 1417 1358
f 1358 1417 1418
f 1358 1418 1359
f 1359 1418 1419
f 1359 1419 1360
f 1360 1419 1420
f 1360 1420 1361
f 1361 1420 1421
f 1361 1421 1362
f 1362 1421 1422
f 1362 1422 1363
f 1363 1422 1423
f 1363 1423 1364
f 1364 1423 1424
f 1364 1424 1365
f 1365 1424 1425
f 1365 1425 1366
f 1366 1425 1426
f 1366 1426 1367
f 1367 1426 1427
f 1367 1427 1368
f 1368 1427 1428
f 1368 1428 1369
f 1369 1428 1429
f 1369 1429 1370
f 1370 1429 1430
f 1370 1430 1371
f 1371 1430 1431
f 1371 1431 1372
f 1372 1431 1432
f 1372 1432 1373
f 1373 1432 1433
f 1373 1433 1374
f 1374 1433 1434
f 1374 1434 1375
f 1375 1434 1435
f 1375 1435 1376
f 1376 1435 1436
f 1376 1436 1377
f 1377 1436 1437
f 1377 1437 1378
f 1378 1437 1438
f 1378 1438 1379
f 1379 1438 1439
f 1379 1439 1380
f 1380 1439 1440
f 1380 1440 1381
f 1381 1440 1441
f 1381 1441 1382
f 1382 1441 1442
f 1382 1442 1383
f 1383 1442 1443
f 1383 1443 1384
f 1384 1443 1444
f 1384 1444 1385
f 1385 1444 1445
f 1385 1445 1386
f 1386 1445 1446
f 1386 1446 1387
f 1387 1446 1447
f 1387 1447 1388
f 1388 1447 1448
f 1388 1448 1389
f 1389 1448 1449
f 1389 1449 1390
f 1390 1449 1450
f 1390 1450 1391
f 1391 1450 1451
f 1391 1451 1392
f 1392 1451 1452
f 1392 1452 1393
f 1393 1452 1453
f 1393 1453 1394
f 1394 1453 1454
f 1394 1454 1395
f 1395 1454 1455
f 1395 1455 1396
f 1396 1455 1456
f 1396 1456 1397
f 1397 1456 1457
f 1397 1457 1398
f 1398 1457 1458
f 1398 1458 1399
f 1399 1458 1459
f 1399 1459 1400
f 1400 1459 1460
f 1400 1460 1401
f 1401 1460 1461
f 1401 1461 1402
f 1402 1461 1462
f 1402 1462 1403
f 1403 1462 1463
f 1403 1463 1344
f 1344 1463 1404
f 1404 1464 1405
f 1405 1464 1465
f 1405 1465 1406
f 1406 1465 1466
f 1406 1466 1407
f 1407 1466 1467
f 1407 1467 1408
f 1408 1467 1468
f 1408 1468 1409
f 1409 1468 1469
f 1409 1469 1410
f 1410 1469 1470
f 1410 1470 1411
f 1411 1470 1471
f 1411 1471 1412
f 1412 1471 1472
f 1412 1472 1413
f 1413 1472 1473
f 1413 1473 1414
f 1414 1473 1474
f 1414 1474 1415
f 1415 1474 1475
f 1415 1475 1416
f 1416 1475 1476
f 1416 1476 1417
f 1417 1476 1477
f 1417 1477 1418
f 1418 1477 1478
f 1418 1478 1419
f 1419 1478 1479
f 1419 1479 1420
f 1420 1479 1480
f 1420 1480 1421
f 1421 1480 1481
f 1421 1481 1422
f 1422 1481 1482
f 1422 1482 1423
f 1423 1482 1483
f 1423 1483 1424
f 1424 1483 1484
f 1424 1484 1425
f 1425 1484 1485
f 1425 1485 1426
f 1426 1485 1486
f 1426 1486 1427
f 1427 1486 1487
f 1427 1487 1428
f 1428 1487 1488
f 1428 1488 1429
f 1429 1488 1489
f 1429 1489 1430
f 1430 1489 1490
f 1430 1490 1431
f 1431 1490 1491
f 1431 1491 1432
f 1432 1491 1492
f 1432 1492 1433
f 1433 1492 1493
f 1433 1493 1434
f 1434 1493 1494
f 1434 1494 1435
f 1435 1494 1495
f 1435 1495 1436
f 1436 1495 1496
f 1436 1496 1437
f 1437 1496 1497
f 1437 1497 1438
f 1438 1497 1498
f 1438 1498 1439
f 1439 1498 1499
f 1439 1499 1440
f 1440 1499 1500
f 1440 1500 1441
f 1441 1500 1501
f 1441 1501 1442
f 1442 1501 1502
f 1442 1502 1443
f 1443 1502 1503
f 1443 1503 1444
f 1444 1503 1504
f 1444 1504 1445
f 1445 1504 1505
f 1445 1505 1446
f 1446 1505 1506
f 1446 1506 1447
f 1447 1506 1507
f 1447 1507 1448
f 1448 1507 1508
f 1448 1508 1449
f 1449 1508 1509
f 1449 1509 1450
f 1450 1509 1510
f 1450 1510 1451
f 1451 1510 1511
f 1451 1511 1452
f 1452 1511 1512
f 1452 1512 1453
f 1453 1512 1513
f 1453 1513 1454
f 1454 1513 1514
f 1454 1514 1455
f 1455 1514 1515
f 1455 1515 1456
f 1456 1515 1516
f 1456 1516 1457
f 1457 1516 1517
f 1457 1517 1458
f 1458 1517 1518
f 1458 1518 1459
f 1459 1518 1519
f 1459 1519 1460
f 1460 1519 1520
f 1460 1520 1461
f 1461 1520 1521
f 1461 1521 1462
f 1462 1521 1522
f 1462 1522 1463
f 1463 1522 1523
f 1463 1523 1404
f 1404 1523 1464
f 1464 1524 1465
f 1465 1524 1525
f 1465 1525 1466
f 1466 1525 1526
f 1466 1526 1467
f 1467 1526 1527
f 1467 1527 1468
f 1468 1527 1528
f 1468 1528 1469
f 1469 1528 1529
f 1469 1529 1470
f 1470 1529 1530
f 1470 1530 1471
f 1471 1530 1531
f 1471 1531 1472
f 1472 1531 1532
f 1472 1532 1473
f 1473 1532 1533
f 1473 1533 1474
f 1474 1533 1534
f 1474 1534 1475
f 1475 1534 1535
f 1475 1535 1476
f 1476 1535 1536
f 1476 1536 1477
f 1477 1536 1537
f 1477 1537 1478
f 1478 1537 1538
f 1478 1538 1479
f 1479 1538 1539
f 1479 1539 1480
f 1480 1539 1540
f 1480 1540 1481
f 1481 1540 1541
f 1481 1541 1482
f 1482 1541 1542
f 1482 1542 1483
f 1483 1542 1543
f 1483 1543 1484
f 1484 1543 1544
f 1484 1544 1485
f 1485 1544 1545
f 1485 1545 1486
f 1486 1545 1546
f 1486 1546 1487
f 1487 1546 1547
f 1487 1547 1488
f 1488 1547 1548
f 1488 1548 1489
f 1489 1548 1549
f 1489 1549 1490
f 1490 1549 1550
f 1490 1550 1491
f 1491 1550 1551
f 1491 1551 1492
f 1492 1551 1552
f 1492 1552 1493
f 1493 1552 1553
f 1493 1553 1494
f 1494 1553 1554
f 1494 1554 1495
f 1495 1554 1555
f 1495 1555 1496
f 1496 1555 1556
f 1496 1556 1497
f 1497 1556 1557
f 1497 1557 1498
f 1498 1557 1558
f 1498 1558 1499
f 1499 1558 1559
f 1499 1559 1500
f 1500 1559 1560
f 1500 1560 1501
f 1501 1560 1561
f 1501 1561 1502
f 1502 1561 1562
f 1502 1562 1503
f 1503 1562 1563
f 1503 1563 1504
f 1504 1563 1564
f 1504 1564 1505
f 1505 1564 1565
f 1505 1565 1506
f 1506 1565 1566
f 1506 1566 1507
f 1507 1566 1567
f 1507 1567 1508
f 1508 1567 1568
f 1508 1568 1509
f 1509 1568 1569
f 1509 1569 1510
f 1510 1569 1570
f 1510 1570 1511
f 1511 1570 1571
f 1511 1571 1512
f 1512 1571 1572
f 1512 1572 1513
f 1513 1572 1573
f 1513 1573 1514
f 1514 1573 1574
f 1514 1574 1515
f 1515 1574 1575
f 1515 1575 1516
f 1516 1575 1576
f 1516 1576 1517
f 1517 1576 1577
f 1517 1577 1518
f 1518 1577 1578
f 1518 1578 1519
f 1519 1578 1579
f 1519 1579 1520
f 1520 1579 1580
f 1520 1580 1521
f 1521 1580 1581
f 1521 1581 1522
f 1522 1581 1582
f 1522 1582 1523
f 1523 1582 1583
f 1523 1583 1464
f 1464 1583 1524
f 1524 1584 1525
f 1525 1584 1585
f 1525 1585 1526
f 1526 1585 1586
f 1526 1586 1527
f 1527 1586 1587
f 1527 1587 1528
f 1528 1587 1588
f 1528 1588 1529
f 1529 1588 1589
f 1529 1589 1530
f 1530 1589 1590
f 1530 1590 1531
f 1531 1590 1591
f 1531 1591 1532
f 1532 1591 1592
f 1532 1592 1533
f 1533 1592 1593
f 1533 1593 1534
f 1534 1593 1594
f 1534 1594 1535
f 1535 1594 1595
f 1535 1595 1536
f 1536 1595 1596
f 1536 1596 1537
f 1537 1596 1597
f 1537 1597 1538
f 1538 1597 1598
f 1538 1598 1539
f 1539 1598 1599
f 1539 1599 1540
f 1540 1599 1600
f 1540 1600 1541
f 1541 1600 1601
f 1541 1601 1542
f 1542 1601 1602
f 1542 1602 1543
f 1543 1602 1603
f 1543 1603 1544
f 1544 1603 1604
f 1544 1604 1545
f 1545 1604 1605
f 1545 1605 1546
f 1546 1605 1606
f 1546 1606 1547
f 1547 1606 1607
f 1547 1607 1548
f 1548 1607 1608
f 1548 1608 1549
f 1549 1608 1609
f 1549 1609 1550
f 1550 1609 1610
f 1550 1610 1551
f 1551 1610 1611
f 1551 1611 1552
f 1552 1611 1612
f 1552 1612 1553
f 1553 1612 1613
f 1553 1613 1554
f 1554 1613 1614
f 1554 1614 1555
f 1555 1614 1615
f 1555 1615 1556
f 1556 1615 1616
f 1556 1616 1557
f 1557 1616 1617
f 1557 1617 1558
f 1558 1617 1618
f 1558 1618 1559
f 1559 1618 1619
f 1559 1619 1560
f 1560 1619 1620
f 1560 1620 1561
f 1561 1620 1621
f 1561 1621 1562
f 1562 1621 1622
f 1562 1622 1563
f 1563 1622 1623
f 1563 1623 1564
f 1564 1623 1624
f 1564 1624 1565
f 1565 1624 1625
f 1565 1625 1566
f 1566 1625 1626
f 1566 1626 1567
f 1567 1626 1627
f 1567 1627 1568
f 1568 1627 1628
f 1568 1628 1569
f 1569 1628 1629
f 1569 1629 1570
f 1570 1629 1630
f 1570 1630 1571
f 1571 1630 1631
f 1571 1631 1572
f 1572 1631 1632
f 1572 1632 1573
f 1573 1632 1633
f 1573 1633 1574
f 1574 1633 1634
f 1574 1634 1575
f 1575 1634 1635
f 1575 1635 1576
f 1576 1635 1636
f 1576 1636 1577
f 1577 1636 1637
f 1577 1637 1578
f 1578 1637 1638
f 1578 1638 1579
f 1579 1638 1639
f 1579 1639 1580
f 1580 1639 1640
f 1580 1640 1581
f 1581 1640 1641
f 1581 1641 1582
f 1582 1641 1642
f 1582 1642 1583
f 1583 1642 1643
f 1583 1643 1524
f 1524 1643 1584
f 1644 1613 1645
f 1645 1613 1612
f 1645 1612 1646
f 1646 1612 1611
f 1646 1611 1647
f 1647 1611 1610
f 1647 1610 1648
f 1610 1609 1648
f 1648 1609 1608
f 1648 1608 1649
f 1649 1608 1607
f 1649 1607 1650
f 1650 1607 1606
f 1650 1606 1651
f 1652 1631 1653
f 1653 1631 1630
f 1653 1630 1654
f 1654 1630 1629
f 1654 1629 1655
f 1656 1618 1657
f 1657 1618 1617
f 1657 1617 1658
f 1658 1617 1616
f 1658 1616 1659
f 1659 1616 1615
f 1659 1615 1644
f 1644 1615 1614
f 1644 1614 1613
f 1660 1622 1661
f 1661 1622 1621
f 1661 1621 1662
f 1662 1621 1620
f 1662 1620 1656
f 1656 1620 1619
f 1656 1619 1618
f 1629 1628 1655
f 1655 1628 1627
f 1655 1627 1663
f 1663 1627 1626
f 1663 1626 1664
f 1664 1626 1625
f 1664 1625 1665
f 1665 1625 1624
f 1665 1624 1660
f 1660 1624 1623
f 1660 1623 1622
f 1606 1605 1651
f 1651 1605 1604
f 1651 1604 1666
f 1666 1604 1603
f 1666 1603 1667
f 1667 1603 1602
f 1667 1602 1668
f 1668 1602 1601
f 1668 1601 1669
f 1670 1636 1671
f 1671 1636 1635
f 1671 1635 1672
f 1672 1635 1634
f 1672 1634 1673
f 1673 1634 1633
f 1673 1633 1652
f 1652 1633 1632
f 1652 1632 1631
f 1601 1600 1669
f 1669 1600 1599
f 1669 1599 1674
f 1674 1599 1598
f 1674 1598 1675
f 1675 1598 1597
f 1675 1597 1676
f 1677 1641 1678
f 1678 1641 1640
f 1678 1640 1679
f 1679 1640 1639
f 1679 1639 1680
f 1680 1639 1638
f 1680 1638 1670
f 1670 1638 1637
f 1670 1637 1636
f 1681 1590 1682
f 1682 1590 1589
f 1682 1589 1683
f 1683 1589 1588
f 1683 1588 1684
f 1684 1588 1587
f 1684 1587 1685
f 1597 1596 1676
f 1676 1596 1595
f 1676 1595 1686
f 1686 1595 1594
f 1686 1594 1687
f 1687 1594 1593
f 1687 1593 1688
f 1688 1593 1592
f 1688 1592 1681
f 1681 1592 1591
f 1681 1591 1590
f 1587 1586 1685
f 1685 1586 1585
f 1685 1585 1689
f 1689 1585 1584
f 1689 1584 1690
f 1690 1584 1643
f 1690 1643 1677
f 1677 1643 1642
f 1677 1642 1641
f 1691 1692 1693
f 1694 1695 1696
f 1697 1698 1699
f 1700 1701 1702
f 1703 1704 1705
f 1706 1707 1708
f 1709 1710 1711
f 1712 1713 1714
f 1715 1716 1717
f 1718 1719 1720
f 1721 1722 1723
f 1724 1725 1726
f 1727 1728 1729
f 1730 1731 1732
f 1733 1734 1735
f 1736 1737 1738
f 1739 1740 1741
f 1681 1682 1742
f 1742 1682 1743
f 1742 1743 1744
f 1744 1743 1745
f 1744 1745 1746
f 1746 1745 1747
f 1746 1747 1748
f 1748 1747 1749
f 1748 1749 1750
f 1750 1749 1751
f 1750 1751 1752
f 1752 1751 1753
f 1752 1753 1754
f 1754 1753 1755
f 1682 1683 1743
f 1743 1683 1756
f 1743 1756 1745
f 1745 1756 1757
f 1745 1757 1747
f 1747 1757 1758
f 1747 1758 1749
f 1749 1758 1759
f 1749 1759 1751
f 1751 1759 1760
f 1751 1760 1753
f 1753 1760 1761
f 1753 1761 1755
f 1755 1761 1762
f 1755 1762 1763
f 1690 1677 1764
f 1764 1677 1765
f 1764 1765 1766
f 1766 1765 1767
f 1766 1767 1768
f 1768 1767 1769
f 1768 1769 1770
f 1770 1769 1771
f 1770 1771 1772
f 1772 1771 1773
f 1772 1773 1774
f 1774 1773 1775
f 1774 1775 1776
f 1776 1775 1777
f 1776 1777 1778
f 1778 1777 1779
f 1679 1680 1780
f 1780 1680 1781
f 1780 1781 1782
f 1782 1781 1783
f 1782 1783 1784
f 1784 1783 1785
f 1784 1785 1786
f 1786 1785 1787
f 1786 1787 1788
f 1788 1787 1789
f 1788 1789 1790
f 1790 1789 1791
f 1790 1791 1792
f 1792 1791 1793
f 1680 1670 1781
f 1781 1670 1794
f 1781 1794 1783
f 1783 1794 1795
f 1783 1795 1785
f 1785 1795 1796
f 1785 1796 1787
f 1787 1796 1797
f 1787 1797 1789
f 1789 1797 1798
f 1789 1798 1791
f 1791 1798 1799
f 1791 1799 1793
f 1793 1799 1800
f 1793 1800 1801
f 1673 1652 1802
f 1802 1652 1803
f 1802 1803 1804
f 1804 1803 1805
f 1804 1805 1806
f 1806 1805 1807
f 1806 1807 1808
f 1808 1807 1809
f 1808 1809 1810
f 1810 1809 1811
f 1810 1811 1812
f 1812 1811 1813
f 1812 1813 1814
f 1814 1813 1815
f 1652 1653 1803
f 1803 1653 1816
f 1803 1816 1805
f 1805 1816 1817
f 1805 1817 1807
f 1807 1817 1818
f 1807 1818 1809
f 1809 1818 1819
f 1809 1819 1811
f 1811 1819 1820
f 1811 1820 1813
f 1813 1820 1821
f 1813 1821 1815
f 1815 1821 1822
f 1815 1822 1823
f 1823 1822 1824
f 1663 1664 1825
f 1825 1664 1826
f 1825 1826 1827
f 1827 1826 1828
f 1827 1828 1829
f 1829 1828 1830
f 1829 1830 1831
f 1831 1830 1832
f 1831 1832 1833
f 1833 1832 1834
f 1833 1834 1835
f 1835 1834 1836
f 1835 1836 1837
f 1837 1836 1838
f 1664 1665 1826
f 1826 1665 1839
f 1826 1839 1828
f 1828 1839 1840
f 1828 1840 1830
f 1830 1840 1841
f 1830 1841 1832
f 1832 1841 1842
f 1832 1842 1834
f 1834 1842 1843
f 1834 1843 1836
f 1836 1843 1844
f 1836 1844 1838
f 1838 1844 1845
f 1838 1845 1846
f 1846 1845 1847
f 1661 1662 1848
f 1848 1662 1849
f 1848 1849 1850
f 1850 1849 1851
f 1850 1851 1852
f 1852 1851 1853
f 1852 1853 1854
f 1854 1853 1855
f 1854 1855 1856
f 1856 1855 1857
f 1856 1857 1858
f 1858 1857 1859
f 1858 1859 1860
f 1860 1859 1861
f 1662 1656 1849
f 1849 1656 1862
f 1849 1862 1851
f 1851 1862 1863
f 1851 1863 1853
f 1853 1863 1864
f 1853 1864 1855
f 1855 1864 1865
f 1855 1865 1857
f 1857 1865 1866
f 1857 1866 1859
f 1859 1866 1867
f 1859 1867 1861
f 1861 1867 1868
f 1861 1868 1869
f 1659 1644 1870
f 1870 1644 1871
f 1870 1871 1872
f 1872 1871 1873
f 1872 1873 1874
f 1874 1873 1875
f 1874 1875 1876
f 1876 1875 1877
f 1876 1877 1878
f 1878 1877 1879
f 1878 1879 1880
f 1880 1879 1881
f 1880 1881 1882
f 1882 1881 1883
f 1644 1645 1871
f 1871 1645 1884
f 1871 1884 1873
f 1873 1884 1885
f 1873 1885 1875
f 1875 1885 1886
f 1875 1886 1877
f 1877 1886 1887
f 1877 1887 1879
f 1879 1887 1888
f 1879 1888 1881
f 1881 1888 1889
f 1881 1889 1883
f 1883 1889 1890
f 1883 1890 1891
f 1648 1649 1892
f 1892 1649 1893
f 1892 1893 1894
f 1894 1893 1895
f 1894 1895 1896
f 1896 1895 1897
f 1896 1897 1898
f 1898 1897 1899
f 1898 1899 1900
f 1900 1899 1901
f 1900 1901 1902
f 1902 1901 1903
f 1902 1903 1904
f 1904 1903 1905
f 1649 1650 1893
f 1893 1650 1906
f 1893 1906 1895
f 1895 1906 1907
f 1895 1907 1897
f 1897 1907 1908
f 1897 1908 1899
f 1899 1908 1909
f 1899 1909 1901
f 1901 1909 1910
f 1901 1910 1903
f 1903 1910 1911
f 1903 1911 1905
f 1905 1911 1912
f 1905 1912 1913
f 1913 1912 1914
f 1666 1667 1915
f 1915 1667 1916
f 1915 1916 1917
f 1917 1916 1918
f 1917 1918 1919
f 1919 1918 1920
f 1919 1920 1921
f 1921 1920 1922
f 1921 1922 1923
f 1923 1922 1924
f 1923 1924 1925
f 1925 1924 1926
f 1925 1926 1927
f 1927 1926 1928
f 1667 1668 1916
f 1916 1668 1929
f 1916 1929 1918
f 1918 1929 1930
f 1918 1930 1920
f 1920 1930 1931
f 1920 1931 1922
f 1922 1931 1932
f 1922 1932 1924
f 1924 1932 1933
f 1924 1933 1926
f 1926 1933 1934
f 1926 1934 1928
f 1928 1934 1935
f 1928 1935 1936
f 1675 1676 1937
f 1937 1676 1938
f 1937 1938 1939
f 1939 1938 1940
f 1939 1940 1941
f 1941 1940 1942
f 1941 1942 1943
f 1943 1942 1944
f 1943 1944 1945
f 1945 1944 1946
f 1945 1946 1947
f 1947 1946 1948
f 1947 1948 1949
f 1949 1948 1950
f 1676 1686 1938
f 1938 1686 1951
f 1938 1951 1940
f 1940 1951 1952
f 1940 1952 1942
f 1942 1952 1953
f 1942 1953 1944
f 1944 1953 1954
f 1944 1954 1946
f 1946 1954 1955
f 1946 1955 1948
f 1948 1955 1956
f 1948 1956 1950
f 1950 1956 1957
f 1950 1957 1958
f 1688 1681 1959
f 1959 1681 1742
f 1959 1742 1960
f 1960 1742 1744
f 1960 1744 1961
f 1961 1744 1746
f 1961 1746 1962
f 1962 1746 1748
f 1962 1748 1963
f 1963 1748 1750
f 1963 1750 1964
f 1964 1750 1752
f 1964 1752 1741
f 1741 1752 1754
f 1741 1754 1739
f 1763 1965 1755
f 1755 1965 1754
f 1754 1965 1966
f 1754 1966 1739
f 1737 1763 1738
f 1738 1763 1762
f 1738 1762 1967
f 1967 1762 1761
f 1967 1761 1968
f 1968 1761 1760
f 1968 1760 1969
f 1969 1760 1759
f 1969 1759 1970
f 1970 1759 1758
f 1970 1758 1971
f 1971 1758 1757
f 1971 1757 1972
f 1972 1757 1756
f 1972 1756 1684
f 1684 1756 1683
f 1734 1736 1735
f 1735 1736 1738
f 1735 1738 1973
f 1973 1738 1967
f 1973 1967 1974
f 1974 1967 1968
f 1974 1968 1975
f 1975 1968 1969
f 1975 1969 1976
f 1976 1969 1970
f 1976 1970 1977
f 1977 1970 1971
f 1977 1971 1978
f 1978 1971 1972
f 1978 1972 1685
f 1685 1972 1684
f 1685 1689 1978
f 1978 1689 1979
f 1978 1979 1977
f 1977 1979 1980
f 1977 1980 1976
f 1976 1980 1981
f 1976 1981 1975
f 1975 1981 1982
f 1975 1982 1974
f 1974 1982 1983
f 1974 1983 1973
f 1973 1983 1984
f 1973 1984 1735
f 1735 1984 1985
f 1735 1985 1733
f 1985 1986 1987
f 1985 1987 1733
f 1689 1690 1979
f 1979 1690 1764
f 1979 1764 1980
f 1980 1764 1766
f 1980 1766 1981
f 1981 1766 1768
f 1981 1768 1982
f 1982 1768 1770
f 1982 1770 1983
f 1983 1770 1772
f 1983 1772 1984
f 1984 1772 1774
f 1984 1774 1985
f 1985 1774 1776
f 1985 1776 1986
f 1986 1776 1778
f 1731 1779 1732
f 1732 1779 1777
f 1732 1777 1988
f 1988 1777 1775
f 1988 1775 1989
f 1989 1775 1773
f 1989 1773 1990
f 1990 1773 1771
f 1990 1771 1991
f 1991 1771 1769
f 1991 1769 1992
f 1992 1769 1767
f 1992 1767 1993
f 1993 1767 1765
f 1993 1765 1678
f 1678 1765 1677
f 1678 1679 1993
f 1993 1679 1780
f 1993 1780 1992
f 1992 1780 1782
f 1992 1782 1991
f 1991 1782 1784
f 1991 1784 1990
f 1990 1784 1786
f 1990 1786 1989
f 1989 1786 1788
f 1989 1788 1988
f 1988 1788 1790
f 1988 1790 1732
f 1732 1790 1792
f 1732 1792 1730
f 1801 1994 1793
f 1793 1994 1995
f 1793 1995 1792
f 1792 1995 1996
f 1792 1996 1730
f 1728 1801 1729
f 1729 1801 1800
f 1729 1800 1997
f 1997 1800 1799
f 1997 1799 1998
f 1998 1799 1798
f 1998 1798 1999
f 1999 1798 1797
f 1999 1797 2000
f 2000 1797 1796
f 2000 1796 2001
f 2001 1796 1795
f 2001 1795 2002
f 2002 1795 1794
f 2002 1794 1671
f 1671 1794 1670
f 1725 1727 1726
f 1726 1727 1729
f 1726 1729 2003
f 2003 1729 1997
f 2003 1997 2004
f 2004 1997 1998
f 2004 1998 2005
f 2005 1998 1999
f 2005 1999 2006
f 2006 1999 2000
f 2006 2000 2007
f 2007 2000 2001
f 2007 2001 2008
f 2008 2001 2002
f 2008 2002 1672
f 1672 2002 1671
f 1672 1673 2008
f 2008 1673 1802
f 2008 1802 2007
f 2007 1802 1804
f 2007 1804 2006
f 2006 1804 1806
f 2006 1806 2005
f 2005 1806 1808
f 2005 1808 2004
f 2004 1808 1810
f 2004 1810 2003
f 2003 1810 1812
f 2003 1812 1726
f 1726 1812 1814
f 1726 1814 1724
f 1823 2009 1815
f 1815 2009 1814
f 1814 2009 2010
f 1814 2010 1724
f 1722 1824 1723
f 1723 1824 1822
f 1723 1822 2011
f 2011 1822 1821
f 2011 1821 2012
f 2012 1821 1820
f 2012 1820 2013
f 2013 1820 1819
f 2013 1819 2014
f 2014 1819 1818
f 2014 1818 2015
f 2015 1818 1817
f 2015 1817 2016
f 2016 1817 1816
f 2016 1816 1654
f 1654 1816 1653
f 1719 1721 1720
f 1720 1721 1723
f 1720 1723 2017
f 2017 1723 2011
f 2017 2011 2018
f 2018 2011 2012
f 2018 2012 2019
f 2019 2012 2013
f 2019 2013 2020
f 2020 2013 2014
f 2020 2014 2021
f 2021 2014 2015
f 2021 2015 2022
f 2022 2015 2016
f 2022 2016 1655
f 1655 2016 1654
f 1655 1663 2022
f 2022 1663 1825
f 2022 1825 2021
f 2021 1825 1827
f 2021 1827 2020
f 2020 1827 1829
f 2020 1829 2019
f 2019 1829 1831
f 2019 1831 2018
f 2018 1831 1833
f 2018 1833 2017
f 2017 1833 1835
f 2017 1835 1720
f 1720 1835 1837
f 1720 1837 1718
f 1846 2023 1838
f 1838 2023 1837
f 1837 2023 2024
f 1837 2024 1718
f 1716 1847 1717
f 1717 1847 1845
f 1717 1845 2025
f 2025 1845 1844
f 2025 1844 2026
f 2026 1844 1843
f 2026 1843 2027
f 2027 1843 1842
f 2027 1842 2028
f 2028 1842 1841
f 2028 1841 2029
f 2029 1841 1840
f 2029 1840 2030
f 2030 1840 1839
f 2030 1839 1660
f 1660 1839 1665
f 1660 1661 2030
f 2030 1661 1848
f 2030 1848 2029
f 2029 1848 1850
f 2029 1850 2028
f 2028 1850 1852
f 2028 1852 2027
f 2027 1852 1854
f 2027 1854 2026
f 2026 1854 1856
f 2026 1856 2025
f 2025 1856 1858
f 2025 1858 1717
f 1717 1858 1860
f 1717 1860 1715
f 1869 2031 1861
f 1861 2031 2032
f 1861 2032 1860
f 1860 2032 2033
f 1860 2033 1715
f 1713 1869 1714
f 1714 1869 1868
f 1714 1868 2034
f 2034 1868 1867
f 2034 1867 2035
f 2035 1867 1866
f 2035 1866 2036
f 2036 1866 1865
f 2036 1865 2037
f 2037 1865 1864
f 2037 1864 2038
f 2038 1864 1863
f 2038 1863 2039
f 2039 1863 1862
f 2039 1862 1657
f 1657 1862 1656
f 1710 1712 1711
f 1711 1712 1714
f 1711 1714 2040
f 2040 1714 2034
f 2040 2034 2041
f 2041 2034 2035
f 2041 2035 2042
f 2042 2035 2036
f 2042 2036 2043
f 2043 2036 2037
f 2043 2037 2044
f 2044 2037 2038
f 2044 2038 2045
f 2045 2038 2039
f 2045 2039 1658
f 1658 2039 1657
f 1658 1659 2045
f 2045 1659 1870
f 2045 1870 2044
f 2044 1870 1872
f 2044 1872 2043
f 2043 1872 1874
f 2043 1874 2042
f 2042 1874 1876
f 2042 1876 2041
f 2041 1876 1878
f 2041 1878 2040
f 2040 1878 1880
f 2040 1880 1711
f 1711 1880 1882
f 1711 1882 1709
f 1891 2046 1883
f 1883 2046 2047
f 1883 2047 1882
f 1882 2047 2048
f 1882 2048 1709
f 1707 1891 1708
f 1708 1891 1890
f 1708 1890 2049
f 2049 1890 1889
f 2049 1889 2050
f 2050 1889 1888
f 2050 1888 2051
f 2051 1888 1887
f 2051 1887 2052
f 2052 1887 1886
f 2052 1886 2053
f 2053 1886 1885
f 2053 1885 2054
f 2054 1885 1884
f 2054 1884 1646
f 1646 1884 1645
f 1704 1706 1705
f 1705 1706 1708
f 1705 1708 2055
f 2055 1708 2049
f 2055 2049 2056
f 2056 2049 2050
f 2056 2050 2057
f 2057 2050 2051
f 2057 2051 2058
f 2058 2051 2052
f 2058 2052 2059
f 2059 2052 2053
f 2059 2053 2060
f 2060 2053 2054
f 2060 2054 1647
f 1647 2054 1646
f 1647 1648 2060
f 2060 1648 1892
f 2060 1892 2059
f 2059 1892 1894
f 2059 1894 2058
f 2058 1894 1896
f 2058 1896 2057
f 2057 1896 1898
f 2057 1898 2056
f 2056 1898 1900
f 2056 1900 2055
f 2055 1900 1902
f 2055 1902 1705
f 1705 1902 1904
f 1705 1904 1703
f 1913 2061 1905
f 1905 2061 1904
f 1904 2061 2062
f 1904 2062 1703
f 1701 1914 1702
f 1702 1914 1912
f 1702 1912 2063
f 2063 1912 1911
f 2063 1911 2064
f 2064 1911 1910
f 2064 1910 2065
f 2065 1910 1909
f 2065 1909 2066
f 2066 1909 1908
f 2066 1908 2067
f 2067 1908 1907
f 2067 1907 2068
f 2068 1907 1906
f 2068 1906 1651
f 1651 1906 1650
f 1651 1666 2068
f 2068 1666 1915
f 2068 1915 2067
f 2067 1915 1917
f 2067 1917 2066
f 2066 1917 1919
f 2066 1919 2065
f 2065 1919 1921
f 2065 1921 2064
f 2064 1921 1923
f 2064 1923 2063
f 2063 1923 1925
f 2063 1925 1702
f 1702 1925 1927
f 1702 1927 1700
f 1936 2069 1928
f 1928 2069 2070
f 1928 2070 1927
f 1927 2070 2071
f 1927 2071 1700
f 1698 1936 1699
f 1699 1936 1935
f 1699 1935 2072
f 2072 1935 1934
f 2072 1934 2073
f 2073 1934 1933
f 2073 1933 2074
f 2074 1933 1932
f 2074 1932 2075
f 2075 1932 1931
f 2075 1931 2076
f 2076 1931 1930
f 2076 1930 2077
f 2077 1930 1929
f 2077 1929 1669
f 1669 1929 1668
f 1695 1697 1696
f 1696 1697 1699
f 1696 1699 2078
f 2078 1699 2072
f 2078 2072 2079
f 2079 2072 2073
f 2079 2073 2080
f 2080 2073 2074
f 2080 2074 2081
f 2081 2074 2075
f 2081 2075 2082
f 2082 2075 2076
f 2082 2076 2083
f 2083 2076 2077
f 2083 2077 1674
f 1674 2077 1669
f 1674 1675 2083
f 2083 1675 1937
f 2083 1937 2082
f 2082 1937 1939
f 2082 1939 2081
f 2081 1939 1941
f 2081 1941 2080
f 2080 1941 1943
f 2080 1943 2079
f 2079 1943 1945
f 2079 1945 2078
f 2078 1945 1947
f 2078 1947 1696
f 1696 1947 1949
f 1696 1949 1694
f 1958 2084 1950
f 1950 2084 1949
f 1949 2084 2085
f 1949 2085 1694
f 1692 1958 1693
f 1693 1958 1957
f 1693 1957 2086
f 2086 1957 1956
f 2086 1956 2087
f 2087 1956 1955
f 2087 1955 2088
f 2088 1955 1954
f 2088 1954 2089
f 2089 1954 1953
f 2089 1953 2090
f 2090 1953 1952
f 2090 1952 2091
f 2091 1952 1951
f 2091 1951 1687
f 1687 1951 1686
f 1740 1691 1741
f 1741 1691 1693
f 1741 1693 1964
f 1964 1693 2086
f 1964 2086 1963
f 1963 2086 2087
f 1963 2087 1962
f 1962 2087 2088
f 1962 2088 1961
f 1961 2088 2089
f 1961 2089 1960
f 1960 2089 2090
f 1960 2090 1959
f 1959 2090 2091
f 1959 2091 1688
f 1688 2091 1687
f 2033 2092 1715
f 1715 2092 2093
f 1715 2093 1716
f 1716 2093 2094
f 1716 2094 1847
f 1847 2094 2095
f 1847 2095 1846
f 1846 2095 2096
f 1846 2096 2023
f 2023 2096 2097
f 2023 2097 2024
f 2024 2097 2098
f 2024 2098 1718
f 1718 2098 2099
f 1718 2099 1719
f 1719 2099 2100
f 1719 2100 1721
f 1721 2100 2101
f 1721 2101 1722
f 1722 2101 2102
f 1722 2102 1824
f 1824 2102 2103
f 1824 2103 1823
f 1823 2103 2104
f 1823 2104 2009
f 2009 2104 2105
f 2009 2105 2010
f 2010 2105 2106
f 2010 2106 1724
f 1724 2106 2107
f 1724 2107 1725
f 1725 2107 2108
f 1725 2108 1727
f 1727 2108 2109
f 1727 2109 1728
f 1728 2109 2110
f 1728 2110 1801
f 1801 2110 2111
f 1801 2111 1994
f 1994 2111 2112
f 1994 2112 1995
f 1995 2112 2113
f 1995 2113 1996
f 1996 2113 2114
f 1996 2114 1730
f 1730 2114 2115
f 1730 2115 1731
f 1731 2115 2116
f 1731 2116 1779
f 1779 2116 2117
f 1779 2117 1778
f 1778 2117 2118
f 1778 2118 1986
f 1986 2118 2119
f 1986 2119 1987
f 1987 2119 2120
f 1987 2120 1733
f 1733 2120 2121
f 1733 2121 1734
f 1734 2121 2122
f 1734 2122 1736
f 1736 2122 2123
f 1736 2123 1737
f 1737 2123 2124
f 1737 2124 1763
f 1763 2124 2125
f 1763 2125 2126
f 1763 2126 1965
f 1965 2126 2127
f 1965 2127 1966
f 1966 2127 2128
f 1966 2128 1739
f 1739 2128 2129
f 1739 2129 1740
f 1740 2129 2130
f 1740 2130 1691
f 1691 2130 2131
f 1691 2131 1692
f 1692 2131 2132
f 1692 2132 1958
f 1958 2132 2133
f 1958 2133 2084
f 2084 2133 2134
f 2084 2134 2135
f 2084 2135 2085
f 2085 2135 2136
f 2085 2136 1694
f 1694 2136 2137
f 1694 2137 1695
f 1695 2137 2138
f 1695 2138 1697
f 1697 2138 2139
f 1697 2139 1698
f 1698 2139 2140
f 1698 2140 1936
f 1936 2140 2141
f 1936 2141 2069
f 2069 2141 2142
f 2069 2142 2070
f 2070 2142 2143
f 2070 2143 2071
f 2071 2143 2144
f 2071 2144 1700
f 1700 2144 2145
f 1700 2145 1701
f 1701 2145 2146
f 1701 2146 1914
f 1914 2146 2147
f 1914 2147 1913
f 1913 2147 2148
f 1913 2148 2061
f 2061 2148 2149
f 2061 2149 2062
f 2062 2149 2150
f 2062 2150 1703
f 1703 2150 2151
f 1703 2151 1704
f 1704 2151 2152
f 1704 2152 1706
f 1706 2152 2153
f 1706 2153 1707
f 1707 2153 2154
f 1707 2154 1891
f 1891 2154 2155
f 1891 2155 2046
f 2046 2155 2156
f 2046 2156 2047
f 2047 2156 2157
f 2047 2157 2048
f 2048 2157 2158
f 2048 2158 1709
f 1709 2158 2159
f 1709 2159 1710
f 1710 2159 2160
f 1710 2160 1712
f 1712 2160 2161
f 1712 2161 1713
f 1713 2161 2162
f 1713 2162 1869
f 1869 2162 2163
f 1869 2163 2031
f 2031 2163 2164
f 2031 2164 2032
f 2032 2164 2165
f 2032 2165 2033
f 2033 2165 2092
f 2166 2167 2168
f 2171 2172 2173
f 2174 2175 2176
f 2177 2178 2179
f 2180 2181 2182
f 2183 2184 2185
f 2186 2187 2188
f 2189 2190 2191
f 2192 2193 2194
f 2195 2196 2197
f 2198 2199 2200
f 2201 2202 2203
f 2135 2134 2204
f 2137 2136 2205
f 2139 2138 2206
f 2143 2142 2207
f 2145 2144 2208
f 2157 2156 2210
f 2159 2158 2211
f 2103 2102 2212
f 2105 2104 2213
f 2111 2110 2214
f 2112 2111 2215
f 2119 2118 2216
f 2125 2124 2217
f 2127 2126 2218
f 2129 2128 2219
f 2129 2219 2130
f 2121 2120 2122
f 2116 2115 2220
f 2114 2113 2221
f 2108 2107 2222
f 2106 2105 2223
f 2101 2100 2224
f 2224 2100 2225
f 2224 2225 2226
f 2100 2099 2225
f 2225 2099 2098
f 2225 2098 2097
f 2227 2094 2093
f 2229 2162 2161
f 2231 2154 2153
f 2151 2150 2232
f 2232 2150 2149
f 2149 2148 2233
f 2233 2148 2147
f 2147 2146 2234
f 2234 2146 2145
f 2143 2207 2144
f 2142 2141 2235
f 2137 2205 2138
f 2135 2204 2136
f 2134 2133 2236
f 2133 2132 2237
f 2237 2132 2131
f 2238 2226 2239
f 2239 2226 2225
f 2239 2225 2240
f 2240 2225 2097
f 2241 2242 2243
f 2244 2238 2245
f 2245 2238 2239
f 2245 2239 2246
f 2246 2239 2240
f 2246 2240 2096
f 2096 2240 2097
f 2247 2244 2248
f 2248 2244 2245
f 2248 2245 2249
f 2249 2245 2246
f 2249 2246 2250
f 2250 2246 2096
f 2250 2096 2227
f 2227 2096 2095
f 2227 2095 2094
f 2251 2247 2248
f 2251 2248 2252
f 2252 2248 2249
f 2252 2249 2253
f 2253 2249 2250
f 2253 2250 2254
f 2254 2250 2227
f 2254 2227 2255
f 2255 2227 2093
f 2255 2093 2092
f 2258 2251 2259
f 2259 2251 2252
f 2259 2252 2260
f 2260 2252 2253
f 2260 2253 2261
f 2261 2253 2254
f 2261 2254 2262
f 2262 2254 2255
f 2262 2255 2164
f 2164 2255 2092
f 2164 2092 2165
f 2263 2264 2257
f 2265 2258 2266
f 2266 2258 2259
f 2266 2259 2267
f 2267 2259 2268
f 2268 2259 2260
f 2268 2260 2269
f 2269 2260 2261
f 2269 2261 2270
f 2270 2261 2262
f 2270 2262 2271
f 2271 2262 2164
f 2271 2164 2228
f 2228 2164 2163
f 2272 2265 2273
f 2273 2265 2266
f 2273 2266 2274
f 2274 2266 2267
f 2274 2267 2275
f 2275 2267 2268
f 2275 2268 2269
f 2275 2269 2276
f 2276 2269 2270
f 2276 2270 2277
f 2277 2270 2271
f 2277 2271 2278
f 2278 2271 2228
f 2278 2228 2229
f 2229 2228 2163
f 2229 2163 2162
f 2279 2272 2280
f 2280 2272 2273
f 2280 2273 2281
f 2281 2273 2274
f 2281 2274 2282
f 2282 2274 2275
f 2282 2275 2283
f 2283 2275 2284
f 2284 2275 2276
f 2284 2276 2285
f 2285 2276 2277
f 2285 2277 2286
f 2286 2277 2278
f 2286 2278 2287
f 2287 2278 2229
f 2287 2229 2288
f 2288 2229 2161
f 2288 2161 2160
f 2289 2279 2290
f 2290 2279 2280
f 2290 2280 2291
f 2291 2280 2281
f 2291 2281 2292
f 2292 2281 2282
f 2292 2282 2293
f 2293 2282 2283
f 2293 2283 2294
f 2294 2283 2284
f 2294 2284 2295
f 2295 2284 2285
f 2295 2285 2296
f 2296 2285 2286
f 2296 2286 2297
f 2297 2286 2287
f 2297 2287 2298
f 2298 2287 2288
f 2298 2288 2211
f 2211 2288 2160
f 2211 2160 2159
f 2104 2103 2213
f 2213 2103 2212
f 2213 2212 2299
f 2299 2212 2300
f 2299 2300 2301
f 2301 2300 2302
f 2301 2302 2303
f 2303 2302 2304
f 2303 2304 2305
f 2305 2304 2306
f 2306 2247 2307
f 2307 2247 2308
f 2307 2308 2309
f 2309 2308 2310
f 2309 2310 2311
f 2311 2310 2312
f 2311 2312 2313
f 2313 2312 2314
f 2313 2314 2315
f 2315 2314 2316
f 2315 2316 2317
f 2318 2289 2319
f 2319 2289 2290
f 2319 2290 2320
f 2320 2290 2291
f 2320 2291 2321
f 2321 2291 2292
f 2321 2292 2322
f 2322 2292 2293
f 2322 2293 2323
f 2323 2293 2294
f 2323 2294 2324
f 2324 2294 2295
f 2324 2295 2325
f 2325 2295 2296
f 2325 2296 2326
f 2326 2296 2297
f 2326 2297 2327
f 2327 2297 2298
f 2327 2298 2328
f 2328 2298 2211
f 2328 2211 2210
f 2210 2211 2158
f 2210 2158 2157
f 2223 2105 2213
f 2223 2213 2329
f 2329 2213 2299
f 2329 2299 2330
f 2330 2299 2301
f 2330 2301 2331
f 2331 2301 2303
f 2331 2303 2332
f 2332 2303 2305
f 2332 2305 2333
f 2333 2305 2306
f 2333 2306 2334
f 2334 2306 2307
f 2334 2307 2335
f 2335 2307 2309
f 2335 2309 2336
f 2336 2309 2311
f 2336 2311 2337
f 2337 2311 2313
f 2337 2313 2338
f 2338 2313 2315
f 2315 2317 2339
f 2340 2318 2341
f 2341 2318 2319
f 2341 2319 2342
f 2342 2319 2320
f 2342 2320 2343
f 2343 2320 2321
f 2343 2321 2344
f 2344 2321 2322
f 2344 2322 2345
f 2345 2322 2323
f 2345 2323 2346
f 2346 2323 2324
f 2346 2324 2347
f 2347 2324 2325
f 2347 2325 2348
f 2348 2325 2326
f 2348 2326 2349
f 2349 2326 2327
f 2349 2327 2350
f 2350 2327 2328
f 2350 2328 2351
f 2351 2328 2210
f 2351 2210 2230
f 2230 2210 2156
f 2230 2156 2155
f 2107 2106 2222
f 2222 2106 2223
f 2222 2223 2352
f 2352 2223 2329
f 2352 2329 2353
f 2353 2329 2330
f 2353 2330 2354
f 2354 2330 2331
f 2354 2331 2355
f 2355 2331 2332
f 2332 2333 2356
f 2356 2333 2334
f 2356 2334 2357
f 2357 2334 2335
f 2357 2335 2358
f 2358 2335 2336
f 2358 2336 2359
f 2359 2336 2337
f 2359 2337 2360
f 2360 2337 2338
f 2360 2338 2361
f 2361 2338 2315
f 2361 2315 2362
f 2362 2315 2339
f 2362 2339 2363
f 2364 2340 2365
f 2365 2340 2341
f 2365 2341 2366
f 2366 2341 2342
f 2366 2342 2367
f 2367 2342 2343
f 2367 2343 2368
f 2368 2343 2344
f 2368 2344 2369
f 2369 2344 2345
f 2369 2345 2370
f 2370 2345 2346
f 2370 2346 2371
f 2371 2346 2347
f 2371 2347 2372
f 2372 2347 2348
f 2372 2348 2373
f 2373 2348 2349
f 2373 2349 2374
f 2374 2349 2350
f 2374 2350 2375
f 2375 2350 2351
f 2375 2351 2230
f 2375 2230 2231
f 2231 2230 2155
f 2231 2155 2154
f 2257 2256 2263
f 2263 2256 2376
f 2263 2376 2377
f 2377 2376 2378
f 2377 2378 2379
f 2379 2378 2380
f 2379 2380 2381
f 2381 2380 2382
f 2381 2382 2383
f 2383 2382 2384
f 2383 2384 2385
f 2385 2384 2386
f 2385 2386 2387
f 2387 2386 2388
f 2387 2388 2389
f 2389 2388 2390
f 2117 2116 2391
f 2391 2116 2220
f 2391 2220 2392
f 2392 2220 2393
f 2393 2394 2395
f 2395 2394 2396
f 2395 2396 2397
f 2397 2396 2398
f 2398 2399 2400
f 2400 2399 2401
f 2400 2401 2402
f 2402 2401 2403
f 2402 2403 2404
f 2404 2403 2405
f 2404 2405 2406
f 2406 2405 2407
f 2406 2407 2408
f 2408 2407 2409
f 2409 2410 2411
f 2411 2410 2412
f 2411 2412 2413
f 2413 2412 2414
f 2413 2414 2415
f 2109 2108 2416
f 2416 2108 2222
f 2416 2222 2417
f 2417 2222 2352
f 2417 2352 2418
f 2418 2352 2353
f 2418 2353 2419
f 2419 2353 2354
f 2419 2354 2420
f 2420 2354 2355
f 2420 2355 2421
f 2421 2355 2332
f 2421 2332 2422
f 2422 2332 2356
f 2422 2356 2423
f 2423 2356 2357
f 2423 2357 2424
f 2424 2357 2358
f 2424 2358 2425
f 2425 2358 2359
f 2425 2359 2426
f 2426 2359 2360
f 2360 2361 2427
f 2427 2361 2362
f 2427 2362 2428
f 2428 2362 2363
f 2428 2363 2429
f 2430 2364 2431
f 2431 2364 2365
f 2431 2365 2432
f 2432 2365 2366
f 2432 2366 2433
f 2433 2366 2367
f 2433 2367 2368
f 2433 2368 2434
f 2434 2368 2369
f 2434 2369 2435
f 2435 2369 2370
f 2435 2370 2436
f 2436 2370 2371
f 2436 2371 2437
f 2437 2371 2372
f 2437 2372 2438
f 2438 2372 2373
f 2438 2373 2374
f 2438 2374 2439
f 2439 2374 2375
f 2439 2375 2440
f 2440 2375 2441
f 2441 2375 2231
f 2441 2231 2442
f 2442 2231 2153
f 2442 2153 2152
f 2264 2263 2443
f 2443 2263 2377
f 2443 2377 2444
f 2444 2377 2379
f 2444 2379 2445
f 2445 2379 2381
f 2445 2381 2446
f 2446 2381 2383
f 2446 2383 2447
f 2447 2383 2385
f 2447 2385 2448
f 2448 2385 2387
f 2448 2387 2449
f 2449 2387 2389
f 2449 2389 2197
f 2197 2389 2390
f 2197 2390 2450
f 2118 2117 2216
f 2216 2117 2391
f 2216 2391 2451
f 2451 2391 2392
f 2451 2392 2452
f 2452 2392 2393
f 2452 2393 2453
f 2453 2393 2395
f 2453 2395 2454
f 2454 2395 2397
f 2454 2397 2455
f 2455 2397 2398
f 2455 2398 2456
f 2456 2398 2400
f 2456 2400 2457
f 2457 2400 2402
f 2457 2402 2458
f 2458 2402 2404
f 2458 2404 2459
f 2459 2404 2406
f 2459 2406 2460
f 2460 2406 2408
f 2460 2408 2461
f 2461 2408 2409
f 2461 2409 2462
f 2462 2409 2411
f 2462 2411 2463
f 2463 2411 2413
f 2463 2413 2464
f 2464 2413 2415
f 2464 2415 2465
f 2110 2109 2214
f 2214 2109 2416
f 2214 2416 2466
f 2466 2416 2417
f 2417 2418 2467
f 2467 2418 2419
f 2467 2419 2468
f 2468 2419 2420
f 2468 2420 2469
f 2469 2420 2421
f 2469 2421 2470
f 2470 2421 2422
f 2470 2422 2471
f 2471 2422 2423
f 2471 2423 2472
f 2472 2423 2424
f 2472 2424 2473
f 2473 2424 2425
f 2473 2425 2474
f 2474 2425 2426
f 2426 2360 2475
f 2475 2360 2427
f 2475 2427 2476
f 2476 2427 2428
f 2476 2428 2477
f 2477 2428 2429
f 2477 2429 2478
f 2479 2480 2481
f 2179 2430 2431
f 2179 2431 2482
f 2482 2431 2432
f 2482 2432 2483
f 2483 2432 2433
f 2483 2433 2484
f 2484 2433 2485
f 2485 2433 2434
f 2485 2434 2486
f 2486 2434 2435
f 2486 2435 2487
f 2487 2435 2436
f 2487 2436 2488
f 2488 2436 2437
f 2488 2437 2489
f 2489 2437 2438
f 2489 2438 2490
f 2490 2438 2491
f 2491 2438 2439
f 2491 2439 2492
f 2492 2439 2440
f 2492 2440 2493
f 2493 2440 2441
f 2493 2441 2494
f 2494 2441 2442
f 2494 2442 2232
f 2232 2442 2152
f 2232 2152 2151
f 2495 2496 2497
f 2498 2499 2500
f 2500 2499 2495
f 2500 2495 2501
f 2501 2495 2497
f 2501 2497 2502
f 2200 2503 2504
f 2504 2503 2500
f 2504 2500 2505
f 2505 2500 2506
f 2505 2506 2507
f 2507 2506 2508
f 2507 2508 2509
f 2509 2508 2510
f 2509 2510 2511
f 2511 2510 2512
f 2511 2512 2513
f 2513 2512 2514
f 2513 2514 2515
f 2516 2517 2518
f 2519 2520 2521
f 2521 2520 2194
f 2521 2194 2522
f 2522 2194 2523
f 2522 2523 2524
f 2524 2523 2525
f 2524 2525 2526
f 2526 2525 2527
f 2527 2528 2529
f 2529 2528 2530
f 2529 2530 2531
f 2531 2530 2532
f 2531 2532 2533
f 2533 2532 2534
f 2533 2534 2535
f 2535 2534 2536
f 2535 2536 2537
f 2537 2536 2538
f 2538 2539 2540
f 2540 2539 2541
f 2540 2541 2542
f 2542 2541 2241
f 2241 2243 2543
f 2544 2127 2218
f 2544 2218 2545
f 2545 2218 2546
f 2545 2546 2547
f 2547 2546 2548
f 2547 2548 2549
f 2549 2548 2550
f 2549 2550 2551
f 2551 2550 2552
f 2551 2552 2553
f 2553 2552 2554
f 2553 2554 2555
f 2555 2554 2556
f 2555 2556 2557
f 2557 2556 2558
f 2557 2558 2559
f 2559 2558 2560
f 2559 2560 2561
f 2561 2560 2562
f 2561 2562 2563
f 2563 2562 2564
f 2563 2564 2565
f 2565 2564 2566
f 2565 2566 2567
f 2567 2566 2568
f 2567 2568 2569
f 2569 2568 2570
f 2569 2570 2571
f 2571 2570 2572
f 2126 2125 2218
f 2218 2125 2217
f 2218 2217 2546
f 2546 2217 2574
f 2546 2574 2548
f 2548 2574 2575
f 2548 2575 2550
f 2550 2575 2576
f 2550 2576 2552
f 2552 2576 2554
f 2554 2577 2556
f 2556 2577 2578
f 2556 2578 2558
f 2558 2578 2579
f 2558 2579 2560
f 2560 2579 2580
f 2560 2580 2562
f 2562 2580 2581
f 2562 2581 2564
f 2564 2581 2566
f 2566 2582 2568
f 2568 2582 2583
f 2568 2583 2570
f 2570 2583 2584
f 2570 2584 2572
f 2572 2584 2585
f 2572 2585 2573
f 2573 2585 2586
f 2573 2586 2587
f 2123 2122 2588
f 2588 2122 2120
f 2588 2120 2575
f 2575 2120 2589
f 2575 2589 2590
f 2590 2589 2591
f 2590 2591 2592
f 2592 2591 2593
f 2592 2593 2594
f 2594 2593 2595
f 2595 2596 2597
f 2597 2596 2598
f 2597 2598 2599
f 2599 2598 2600
f 2599 2600 2601
f 2601 2600 2602
f 2601 2602 2603
f 2603 2602 2604
f 2603 2604 2605
f 2605 2604 2606
f 2605 2606 2607
f 2607 2606 2608
f 2607 2608 2609
f 2609 2608 2610
f 2609 2610 2611
f 2611 2610 2612
f 2611 2612 2613
f 2613 2612 2614
f 2613 2614 2615
f 2615 2614 2191
f 2616 2617 2618
f 2621 2620 2619
f 2621 2619 2364
f 2364 2619 2479
f 2364 2479 2622
f 2622 2479 2481
f 2622 2481 2623
f 2624 2625 2626
f 2624 2626 2627
f 2627 2626 2628
f 2627 2628 2629
f 2629 2628 2630
f 2630 2628 2203
f 2630 2203 2631
f 2631 2203 2202
f 2631 2202 2632
f 2625 2633 2626
f 2626 2633 2634
f 2626 2634 2628
f 2628 2634 2635
f 2628 2635 2636
f 2628 2636 2203
f 2203 2636 2637
f 2203 2637 2201
f 2633 2502 2634
f 2634 2502 2497
f 2634 2497 2635
f 2635 2497 2496
f 2635 2496 2636
f 2636 2496 2638
f 2636 2638 2637
f 2499 2639 2495
f 2495 2639 2496
f 2496 2639 2640
f 2496 2640 2638
f 2641 2498 2503
f 2503 2498 2500
f 2500 2501 2506
f 2506 2501 2502
f 2506 2502 2508
f 2508 2502 2633
f 2508 2633 2510
f 2510 2633 2625
f 2510 2625 2512
f 2512 2625 2624
f 2512 2624 2514
f 2200 2199 2503
f 2503 2199 2642
f 2503 2642 2641
f 2196 2198 2197
f 2197 2198 2200
f 2197 2200 2643
f 2643 2200 2504
f 2504 2505 2644
f 2644 2505 2507
f 2644 2507 2446
f 2446 2507 2509
f 2509 2511 2645
f 2645 2511 2513
f 2645 2513 2646
f 2646 2513 2515
f 2646 2515 2647
f 2648 2195 2450
f 2450 2195 2197
f 2197 2643 2449
f 2449 2643 2504
f 2449 2504 2448
f 2448 2504 2644
f 2448 2644 2447
f 2447 2644 2446
f 2446 2509 2445
f 2445 2509 2645
f 2445 2645 2444
f 2444 2645 2646
f 2444 2646 2443
f 2443 2646 2647
f 2443 2647 2264
f 2390 2518 2517
f 2390 2517 2450
f 2450 2517 2649
f 2450 2649 2648
f 2650 2651 2652
f 2652 2651 2516
f 2652 2516 2653
f 2653 2516 2518
f 2653 2518 2654
f 2654 2518 2390
f 2654 2390 2655
f 2655 2390 2388
f 2655 2388 2656
f 2656 2388 2386
f 2656 2386 2657
f 2657 2386 2384
f 2657 2384 2658
f 2658 2384 2382
f 2658 2382 2659
f 2659 2382 2380
f 2659 2380 2660
f 2660 2380 2378
f 2660 2378 2661
f 2661 2378 2376
f 2661 2376 2662
f 2662 2376 2256
f 2662 2256 2663
f 2663 2256 2257
f 2663 2257 2664
f 2651 2665 2516
f 2516 2665 2666
f 2516 2666 2517
f 2517 2666 2667
f 2517 2667 2649
f 2193 2650 2194
f 2194 2650 2652
f 2194 2652 2668
f 2668 2652 2653
f 2653 2654 2669
f 2669 2654 2655
f 2669 2655 2670
f 2670 2655 2656
f 2656 2657 2671
f 2671 2657 2658
f 2671 2658 2672
f 2672 2658 2659
f 2672 2659 2673
f 2673 2659 2660
f 2673 2660 2674
f 2674 2660 2661
f 2674 2661 2539
f 2539 2661 2662
f 2539 2662 2675
f 2675 2662 2663
f 2675 2663 2676
f 2676 2663 2664
f 2676 2664 2242
f 2242 2241 2676
f 2676 2241 2541
f 2676 2541 2675
f 2675 2541 2539
f 2539 2538 2674
f 2674 2538 2536
f 2674 2536 2673
f 2673 2536 2534
f 2673 2534 2672
f 2672 2534 2532
f 2672 2532 2671
f 2671 2532 2530
f 2671 2530 2656
f 2656 2530 2528
f 2656 2528 2670
f 2670 2528 2527
f 2670 2527 2669
f 2669 2527 2525
f 2669 2525 2653
f 2653 2525 2523
f 2653 2523 2668
f 2668 2523 2194
f 2194 2520 2192
f 2677 2678 2571
f 2571 2678 2519
f 2571 2519 2569
f 2569 2519 2521
f 2569 2521 2679
f 2679 2521 2522
f 2679 2522 2680
f 2680 2522 2524
f 2680 2524 2563
f 2563 2524 2526
f 2526 2527 2681
f 2681 2527 2529
f 2681 2529 2682
f 2682 2529 2531
f 2682 2531 2683
f 2683 2531 2533
f 2683 2533 2684
f 2684 2533 2535
f 2684 2535 2685
f 2685 2535 2537
f 2685 2537 2686
f 2686 2537 2538
f 2686 2538 2687
f 2687 2538 2540
f 2687 2540 2688
f 2688 2540 2542
f 2688 2542 2689
f 2689 2542 2241
f 2689 2241 2219
f 2219 2241 2543
f 2219 2543 2130
f 2130 2543 2131
f 2678 2690 2519
f 2519 2690 2691
f 2519 2691 2520
f 2520 2691 2192
f 2128 2127 2219
f 2219 2127 2544
f 2219 2544 2689
f 2689 2544 2545
f 2689 2545 2688
f 2688 2545 2547
f 2688 2547 2687
f 2687 2547 2549
f 2687 2549 2686
f 2686 2549 2551
f 2686 2551 2685
f 2685 2551 2553
f 2685 2553 2684
f 2684 2553 2555
f 2684 2555 2683
f 2683 2555 2557
f 2683 2557 2682
f 2682 2557 2559
f 2682 2559 2681
f 2681 2559 2561
f 2681 2561 2526
f 2526 2561 2563
f 2563 2565 2680
f 2680 2565 2567
f 2680 2567 2679
f 2679 2567 2569
f 2571 2572 2677
f 2587 2692 2573
f 2573 2692 2693
f 2573 2693 2572
f 2572 2693 2694
f 2572 2694 2677
f 2695 2587 2615
f 2615 2587 2586
f 2615 2586 2613
f 2613 2586 2585
f 2613 2585 2611
f 2611 2585 2584
f 2611 2584 2609
f 2609 2584 2583
f 2609 2583 2607
f 2607 2583 2582
f 2607 2582 2605
f 2605 2582 2566
f 2605 2566 2603
f 2603 2566 2581
f 2603 2581 2601
f 2601 2581 2580
f 2601 2580 2599
f 2599 2580 2579
f 2599 2579 2597
f 2597 2579 2578
f 2597 2578 2595
f 2595 2578 2577
f 2595 2577 2594
f 2594 2577 2554
f 2594 2554 2592
f 2592 2554 2576
f 2592 2576 2590
f 2590 2576 2575
f 2575 2574 2588
f 2588 2574 2217
f 2588 2217 2123
f 2123 2217 2124
f 2191 2190 2615
f 2615 2190 2696
f 2615 2696 2695
f 2187 2189 2188
f 2188 2189 2191
f 2188 2191 2697
f 2697 2191 2614
f 2697 2614 2698
f 2698 2614 2612
f 2698 2612 2699
f 2699 2612 2610
f 2699 2610 2700
f 2700 2610 2608
f 2700 2608 2701
f 2701 2608 2606
f 2701 2606 2702
f 2702 2606 2604
f 2702 2604 2703
f 2703 2604 2602
f 2703 2602 2704
f 2704 2602 2600
f 2704 2600 2705
f 2705 2600 2598
f 2705 2598 2454
f 2454 2598 2596
f 2596 2595 2706
f 2706 2595 2593
f 2706 2593 2451
f 2451 2593 2591
f 2451 2591 2707
f 2707 2591 2589
f 2707 2589 2708
f 2708 2589 2120
f 2708 2120 2119
f 2709 2186 2465
f 2465 2186 2188
f 2465 2188 2464
f 2464 2188 2697
f 2464 2697 2463
f 2463 2697 2698
f 2463 2698 2462
f 2462 2698 2699
f 2462 2699 2461
f 2461 2699 2700
f 2461 2700 2460
f 2460 2700 2701
f 2460 2701 2459
f 2459 2701 2702
f 2459 2702 2458
f 2458 2702 2703
f 2458 2703 2457
f 2457 2703 2704
f 2457 2704 2456
f 2456 2704 2705
f 2456 2705 2455
f 2455 2705 2454
f 2454 2596 2453
f 2453 2596 2706
f 2453 2706 2452
f 2452 2706 2451
f 2451 2707 2216
f 2216 2707 2708
f 2216 2708 2119
f 2414 2618 2415
f 2415 2618 2617
f 2415 2617 2465
f 2465 2617 2710
f 2465 2710 2709
f 2711 2712 2713
f 2713 2712 2616
f 2713 2616 2714
f 2714 2616 2618
f 2714 2618 2715
f 2715 2618 2414
f 2715 2414 2716
f 2716 2414 2412
f 2716 2412 2717
f 2717 2412 2410
f 2717 2410 2718
f 2718 2410 2409
f 2718 2409 2719
f 2719 2409 2407
f 2719 2407 2720
f 2720 2407 2405
f 2720 2405 2721
f 2721 2405 2403
f 2721 2403 2722
f 2722 2403 2401
f 2722 2401 2723
f 2723 2401 2399
f 2723 2399 2724
f 2724 2399 2398
f 2724 2398 2725
f 2725 2398 2396
f 2725 2396 2726
f 2726 2396 2394
f 2726 2394 2727
f 2727 2394 2393
f 2727 2393 2221
f 2221 2393 2220
f 2221 2220 2114
f 2114 2220 2115
f 2712 2728 2616
f 2616 2728 2729
f 2616 2729 2617
f 2617 2729 2730
f 2617 2730 2710
f 2184 2711 2185
f 2185 2711 2713
f 2185 2713 2731
f 2731 2713 2714
f 2731 2714 2732
f 2732 2714 2715
f 2732 2715 2733
f 2733 2715 2716
f 2733 2716 2474
f 2474 2716 2717
f 2717 2718 2734
f 2734 2718 2719
f 2734 2719 2735
f 2735 2719 2720
f 2735 2720 2736
f 2736 2720 2721
f 2736 2721 2737
f 2737 2721 2722
f 2737 2722 2738
f 2738 2722 2723
f 2738 2723 2739
f 2739 2723 2724
f 2739 2724 2740
f 2740 2724 2725
f 2740 2725 2741
f 2741 2725 2726
f 2741 2726 2742
f 2742 2726 2727
f 2742 2727 2215
f 2215 2727 2221
f 2215 2221 2112
f 2112 2221 2113
f 2478 2183 2185
f 2478 2185 2477
f 2477 2185 2731
f 2477 2731 2476
f 2476 2731 2732
f 2476 2732 2475
f 2475 2732 2733
f 2475 2733 2426
f 2426 2733 2474
f 2474 2717 2473
f 2473 2717 2734
f 2473 2734 2472
f 2472 2734 2735
f 2472 2735 2471
f 2471 2735 2736
f 2471 2736 2470
f 2470 2736 2737
f 2470 2737 2469
f 2469 2737 2738
f 2469 2738 2468
f 2468 2738 2739
f 2468 2739 2467
f 2467 2739 2740
f 2467 2740 2417
f 2417 2740 2741
f 2417 2741 2466
f 2466 2741 2742
f 2466 2742 2214
f 2214 2742 2215
f 2214 2215 2111
f 2316 2743 2317
f 2317 2743 2744
f 2317 2744 2339
f 2339 2744 2745
f 2339 2745 2363
f 2363 2745 2746
f 2363 2746 2429
f 2429 2746 2182
f 2429 2182 2478
f 2478 2182 2181
f 2478 2181 2183
f 2743 2623 2744
f 2744 2623 2481
f 2744 2481 2745
f 2745 2481 2480
f 2745 2480 2746
f 2746 2480 2182
f 2182 2480 2747
f 2182 2747 2180
f 2620 2748 2619
f 2619 2748 2749
f 2619 2749 2479
f 2479 2749 2750
f 2479 2750 2480
f 2480 2750 2751
f 2480 2751 2747
f 2178 2620 2179
f 2179 2620 2621
f 2179 2621 2430
f 2430 2621 2364
f 2364 2622 2340
f 2340 2622 2623
f 2340 2623 2318
f 2318 2623 2743
f 2318 2743 2289
f 2289 2743 2316
f 2289 2316 2279
f 2279 2316 2314
f 2279 2314 2272
f 2272 2314 2312
f 2272 2312 2265
f 2265 2312 2310
f 2265 2310 2258
f 2258 2310 2308
f 2258 2308 2251
f 2251 2308 2247
f 2247 2306 2244
f 2244 2306 2304
f 2244 2304 2238
f 2238 2304 2302
f 2238 2302 2226
f 2226 2302 2300
f 2226 2300 2224
f 2224 2300 2212
f 2224 2212 2101
f 2101 2212 2102
f 2149 2209 2232
f 2232 2209 2752
f 2232 2752 2494
f 2494 2752 2753
f 2494 2753 2493
f 2493 2753 2754
f 2493 2754 2492
f 2492 2754 2755
f 2492 2755 2491
f 2491 2755 2490
f 2490 2755 2756
f 2490 2756 2489
f 2489 2756 2757
f 2489 2757 2488
f 2488 2757 2758
f 2488 2758 2487
f 2487 2758 2759
f 2487 2759 2486
f 2486 2759 2760
f 2486 2760 2485
f 2485 2760 2484
f 2484 2760 2761
f 2484 2761 2483
f 2483 2761 2762
f 2483 2762 2482
f 2482 2762 2763
f 2482 2763 2179
f 2179 2763 2764
f 2179 2764 2765
f 2179 2765 2177
f 2766 2767 2768
f 2149 2233 2209
f 2209 2233 2769
f 2209 2769 2752
f 2752 2769 2753
f 2753 2769 2770
f 2753 2770 2754
f 2754 2770 2771
f 2754 2771 2755
f 2755 2771 2772
f 2755 2772 2756
f 2756 2772 2773
f 2756 2773 2757
f 2757 2773 2774
f 2757 2774 2758
f 2758 2774 2775
f 2758 2775 2759
f 2759 2775 2776
f 2759 2776 2760
f 2760 2776 2777
f 2760 2777 2761
f 2761 2777 2778
f 2761 2778 2762
f 2762 2778 2763
f 2763 2778 2766
f 2763 2766 2764
f 2764 2766 2768
f 2764 2768 2765
f 2779 2780 2781
f 2147 2234 2233
f 2233 2234 2782
f 2233 2782 2769
f 2769 2782 2783
f 2769 2783 2784
f 2769 2784 2770
f 2770 2784 2785
f 2770 2785 2771
f 2771 2785 2786
f 2771 2786 2772
f 2772 2786 2787
f 2772 2787 2773
f 2773 2787 2788
f 2773 2788 2774
f 2774 2788 2789
f 2774 2789 2775
f 2775 2789 2790
f 2775 2790 2776
f 2776 2790 2791
f 2776 2791 2777
f 2777 2791 2792
f 2777 2792 2778
f 2778 2792 2793
f 2778 2793 2779
f 2778 2779 2766
f 2766 2779 2781
f 2766 2781 2767
f 2145 2208 2234
f 2234 2208 2794
f 2234 2794 2782
f 2782 2794 2783
f 2783 2794 2795
f 2783 2795 2784
f 2784 2795 2796
f 2784 2796 2785
f 2785 2796 2797
f 2785 2797 2798
f 2785 2798 2786
f 2786 2798 2799
f 2786 2799 2787
f 2787 2799 2800
f 2787 2800 2788
f 2788 2800 2801
f 2788 2801 2789
f 2789 2801 2802
f 2789 2802 2790
f 2790 2802 2803
f 2790 2803 2804
f 2790 2804 2791
f 2791 2804 2805
f 2791 2805 2792
f 2792 2805 2793
f 2793 2805 2176
f 2793 2176 2779
f 2779 2176 2175
f 2779 2175 2780
f 2144 2207 2208
f 2208 2207 2806
f 2208 2806 2794
f 2794 2806 2807
f 2794 2807 2808
f 2794 2808 2795
f 2795 2808 2809
f 2795 2809 2796
f 2796 2809 2797
f 2797 2809 2810
f 2797 2810 2798
f 2798 2810 2811
f 2798 2811 2799
f 2799 2811 2812
f 2799 2812 2800
f 2800 2812 2813
f 2800 2813 2801
f 2801 2813 2814
f 2801 2814 2802
f 2802 2814 2803
f 2803 2814 2815
f 2803 2815 2804
f 2804 2815 2816
f 2804 2816 2805
f 2805 2816 2173
f 2805 2173 2176
f 2176 2173 2172
f 2176 2172 2174
f 2142 2235 2207
f 2207 2235 2817
f 2207 2817 2806
f 2806 2817 2818
f 2806 2818 2807
f 2807 2818 2819
f 2807 2819 2808
f 2808 2819 2820
f 2808 2820 2809
f 2809 2820 2821
f 2809 2821 2822
f 2809 2822 2810
f 2810 2822 2823
f 2810 2823 2811
f 2811 2823 2824
f 2811 2824 2812
f 2812 2824 2825
f 2812 2825 2813
f 2813 2825 2826
f 2813 2826 2814
f 2814 2826 2827
f 2814 2827 2828
f 2814 2828 2815
f 2815 2828 2829
f 2815 2829 2816
f 2816 2829 2830
f 2816 2830 2173
f 2173 2830 2831
f 2173 2831 2832
f 2173 2832 2171
f 2833 2834 2835
f 2141 2140 2235
f 2235 2140 2836
f 2235 2836 2817
f 2817 2836 2818
f 2818 2836 2837
f 2818 2837 2819
f 2819 2837 2838
f 2819 2838 2820
f 2820 2838 2839
f 2820 2839 2821
f 2821 2839 2840
f 2821 2840 2822
f 2822 2840 2841
f 2822 2841 2823
f 2823 2841 2842
f 2823 2842 2824
f 2824 2842 2843
f 2824 2843 2825
f 2825 2843 2844
f 2825 2844 2826
f 2826 2844 2845
f 2826 2845 2827
f 2827 2845 2846
f 2827 2846 2828
f 2828 2846 2847
f 2828 2847 2829
f 2829 2847 2830
f 2830 2847 2833
f 2830 2833 2831
f 2831 2833 2835
f 2831 2835 2832
f 2848 2849 2850
f 2139 2206 2140
f 2140 2206 2851
f 2140 2851 2836
f 2836 2851 2852
f 2836 2852 2853
f 2836 2853 2837
f 2837 2853 2854
f 2837 2854 2838
f 2838 2854 2855
f 2838 2855 2839
f 2839 2855 2856
f 2839 2856 2840
f 2840 2856 2857
f 2840 2857 2841
f 2841 2857 2858
f 2841 2858 2842
f 2842 2858 2859
f 2842 2859 2843
f 2843 2859 2860
f 2843 2860 2844
f 2844 2860 2861
f 2844 2861 2845
f 2845 2861 2862
f 2845 2862 2846
f 2846 2862 2863
f 2846 2863 2847
f 2847 2863 2848
f 2847 2848 2833
f 2833 2848 2850
f 2833 2850 2834
f 2138 2205 2206
f 2206 2205 2864
f 2206 2864 2851
f 2851 2864 2865
f 2851 2865 2852
f 2852 2865 2866
f 2852 2866 2853
f 2853 2866 2867
f 2853 2867 2854
f 2854 2867 2855
f 2855 2867 2868
f 2855 2868 2856
f 2856 2868 2869
f 2856 2869 2857
f 2857 2869 2870
f 2857 2870 2858
f 2858 2870 2871
f 2858 2871 2859
f 2859 2871 2872
f 2859 2872 2860
f 2860 2872 2861
f 2861 2872 2873
f 2861 2873 2862
f 2862 2873 2874
f 2862 2874 2863
f 2863 2874 2875
f 2863 2875 2848
f 2848 2875 2170
f 2848 2170 2169
f 2848 2169 2849
f 2136 2204 2205
f 2205 2204 2876
f 2205 2876 2864
f 2864 2876 2877
f 2864 2877 2865
f 2865 2877 2878
f 2865 2878 2866
f 2866 2878 2879
f 2866 2879 2867
f 2867 2879 2880
f 2867 2880 2868
f 2868 2880 2881
f 2868 2881 2869
f 2869 2881 2882
f 2869 2882 2870
f 2870 2882 2883
f 2870 2883 2871
f 2871 2883 2884
f 2871 2884 2872
f 2872 2884 2885
f 2872 2885 2873
f 2873 2885 2886
f 2873 2886 2874
f 2874 2886 2887
f 2874 2887 2875
f 2875 2887 2168
f 2875 2168 2170
f 2170 2168 2167
f 2170 2167 2169
f 2134 2236 2204
f 2204 2236 2888
f 2204 2888 2876
f 2876 2888 2889
f 2876 2889 2877
f 2877 2889 2890
f 2877 2890 2878
f 2878 2890 2891
f 2878 2891 2879
f 2879 2891 2892
f 2879 2892 2893
f 2879 2893 2880
f 2880 2893 2894
f 2880 2894 2881
f 2881 2894 2895
f 2881 2895 2882
f 2882 2895 2896
f 2882 2896 2883
f 2883 2896 2897
f 2883 2897 2884
f 2884 2897 2898
f 2884 2898 2899
f 2884 2899 2885
f 2885 2899 2900
f 2885 2900 2886
f 2886 2900 2901
f 2886 2901 2887
f 2887 2901 2902
f 2887 2902 2168
f 2168 2902 2903
f 2168 2903 2166
f 2904 2905 2906
f 2133 2237 2236
f 2236 2237 2907
f 2236 2907 2888
f 2888 2907 2889
f 2889 2907 2908
f 2889 2908 2890
f 2890 2908 2909
f 2890 2909 2891
f 2891 2909 2910
f 2891 2910 2892
f 2892 2910 2911
f 2892 2911 2893
f 2893 2911 2912
f 2893 2912 2894
f 2894 2912 2913
f 2894 2913 2895
f 2895 2913 2914
f 2895 2914 2896
f 2896 2914 2915
f 2896 2915 2897
f 2897 2915 2916
f 2897 2916 2898
f 2898 2916 2917
f 2898 2917 2899
f 2899 2917 2918
f 2899 2918 2900
f 2900 2918 2901
f 2901 2918 2904
f 2901 2904 2902
f 2902 2904 2906
f 2902 2906 2903
f 2131 2543 2237
f 2237 2543 2243
f 2237 2243 2907
f 2907 2243 2242
f 2907 2242 2664
f 2907 2664 2908
f 2908 2664 2257
f 2908 2257 2909
f 2909 2257 2910
f 2910 2257 2264
f 2910 2264 2911
f 2911 2264 2647
f 2911 2647 2912
f 2912 2647 2515
f 2912 2515 2913
f 2913 2515 2514
f 2913 2514 2914
f 2914 2514 2624
f 2914 2624 2915
f 2915 2624 2916
f 2916 2624 2627
f 2916 2627 2917
f 2917 2627 2629
f 2917 2629 2918
f 2918 2629 2630
f 2918 2630 2631
f 2918 2631 2904
f 2904 2631 2632
f 2904 2632 2905
f 2919 2202 2920
f 2920 2202 2201
f 2920 2201 2637
f 2920 2637 2921
f 2921 2637 2638
f 2921 2638 2922
f 2922 2638 2640
f 2922 2640 2923
f 2923 2640 2639
f 2923 2639 2924
f 2924 2639 2925
f 2925 2639 2499
f 2925 2499 2926
f 2926 2499 2498
f 2926 2498 2927
f 2927 2498 2641
f 2927 2641 2928
f 2928 2641 2642
f 2928 2642 2929
f 2929 2642 2199
f 2929 2199 2930
f 2930 2199 2198
f 2930 2198 2931
f 2931 2198 2196
f 2931 2196 2932
f 2932 2196 2195
f 2932 2195 2933
f 2195 2648 2933
f 2933 2648 2649
f 2933 2649 2934
f 2934 2649 2667
f 2934 2667 2666
f 2934 2666 2935
f 2935 2666 2665
f 2935 2665 2651
f 2935 2651 2936
f 2936 2651 2650
f 2936 2650 2937
f 2937 2650 2193
f 2937 2193 2938
f 2938 2193 2192
f 2938 2192 2939
f 2939 2192 2940
f 2940 2192 2691
f 2940 2691 2941
f 2941 2691 2690
f 2941 2690 2942
f 2942 2690 2678
f 2942 2678 2943
f 2943 2678 2677
f 2943 2677 2944
f 2944 2677 2694
f 2944 2694 2945
f 2945 2694 2693
f 2945 2693 2946
f 2693 2692 2946
f 2946 2692 2587
f 2946 2587 2947
f 2947 2587 2948
f 2948 2587 2695
f 2948 2695 2949
f 2949 2695 2696
f 2949 2696 2950
f 2950 2696 2190
f 2950 2190 2951
f 2951 2190 2189
f 2951 2189 2187
f 2951 2187 2952
f 2952 2187 2186
f 2952 2186 2953
f 2953 2186 2709
f 2953 2709 2954
f 2709 2710 2954
f 2954 2710 2730
f 2954 2730 2955
f 2955 2730 2729
f 2955 2729 2956
f 2956 2729 2728
f 2956 2728 2712
f 2956 2712 2957
f 2957 2712 2711
f 2957 2711 2958
f 2958 2711 2184
f 2958 2184 2959
f 2959 2184 2183
f 2959 2183 2960
f 2960 2183 2961
f 2961 2183 2181
f 2961 2181 2962
f 2962 2181 2180
f 2962 2180 2963
f 2963 2180 2747
f 2963 2747 2964
f 2964 2747 2751
f 2964 2751 2965
f 2965 2751 2750
f 2965 2750 2966
f 2966 2750 2749
f 2966 2749 2967
f 2749 2748 2967
f 2967 2748 2620
f 2967 2620 2968
f 2968 2620 2969
f 2969 2620 2178
f 2969 2178 2970
f 2970 2178 2177
f 2970 2177 2971
f 2971 2177 2765
f 2971 2765 2972
f 2972 2765 2768
f 2972 2768 2767
f 2972 2767 2973
f 2973 2767 2781
f 2973 2781 2780
f 2973 2780 2974
f 2974 2780 2175
f 2974 2175 2975
f 2975 2175 2174
f 2975 2174 2976
f 2976 2174 2172
f 2976 2172 2977
f 2977 2172 2171
f 2977 2171 2978
f 2978 2171 2832
f 2978 2832 2979
f 2979 2832 2835
f 2979 2835 2980
f 2980 2835 2834
f 2980 2834 2981
f 2981 2834 2850
f 2981 2850 2982
f 2850 2849 2982
f 2982 2849 2169
f 2982 2169 2983
f 2983 2169 2984
f 2984 2169 2167
f 2984 2167 2985
f 2985 2167 2166
f 2985 2166 2986
f 2986 2166 2903
f 2986 2903 2987
f 2987 2903 2906
f 2987 2906 2905
f 2987 2905 2919
f 2919 2905 2632
f 2919 2632 2202
f 2988 2989 2990
f 2991 2992 2993
f 2994 2995 2996
f 2997 2998 2999
f 3000 3001 3002
f 3003 3004 3005
f 3006 3007 3008
f 3011 3012 3013
f 3014 3015 3016
f 3019 3020 3021
f 3022 3023 3024
f 3025 3026 3027
f 3028 3029 3030
f 3031 3032 3033
f 3034 3035 3036
f 2973 2974 3038
f 2972 2973 3039
f 2971 2972 3040
f 2968 2969 3041
f 2956 2957 3042
f 2955 2956 3043
f 2953 2954 3044
f 2937 2938 3046
f 2935 2936 3047
f 2920 2921 3049
f 2919 2920 3050
f 2922 2923 3034
f 3034 2923 2924
f 3034 2924 3035
f 3035 2924 2925
f 3035 2925 2926
f 3051 2927 2928
f 2928 2929 3052
f 3052 2929 2930
f 2930 2931 3053
f 3053 2931 2932
f 2932 2933 3054
f 3054 2933 2934
f 2939 2940 3031
f 3031 2940 2941
f 3031 2941 3032
f 3032 2941 2942
f 3032 2942 2943
f 2944 2945 3055
f 3055 2945 2946
f 3055 2946 2947
f 2947 2948 3056
f 3056 2948 2949
f 2949 2950 3057
f 3057 2950 2951
f 2958 2959 3028
f 3028 2959 2960
f 3028 2960 3029
f 3029 2960 2961
f 3029 2961 2962
f 3058 2963 2964
f 2964 2965 3059
f 3059 2965 2966
f 2966 2967 3060
f 3060 2967 2968
f 2975 2976 3025
f 3025 2976 2977
f 3025 2977 3026
f 3026 2977 2978
f 3026 2978 2979
f 3061 2980 2981
f 2981 2982 3062
f 3062 2982 2983
f 2983 2984 3063
f 3063 2984 2985
f 2985 2986 3064
f 3064 2986 2987
f 3037 2987 3065
f 3066 3036 3067
f 3067 3036 3035
f 3067 3035 3051
f 3051 3035 2926
f 3051 2926 2927
f 3068 3033 3069
f 3069 3033 3032
f 3069 3032 3070
f 3070 3032 2943
f 3070 2943 2944
f 3071 3030 3072
f 3072 3030 3029
f 3072 3029 3058
f 3058 3029 2962
f 3058 2962 2963
f 3073 3027 3074
f 3074 3027 3026
f 3074 3026 3061
f 3061 3026 2979
f 3061 2979 2980
f 3075 3037 3076
f 3076 3037 3065
f 3076 3065 3077
f 3078 3079 3080
f 3082 3081 3078
f 3082 3078 3083
f 3083 3078 3080
f 3083 3080 3048
f 3084 3085 3086
f 3088 3087 3084
f 3088 3084 3089
f 3089 3084 3086
f 3089 3086 3045
f 3090 3091 3092
f 3094 3093 3090
f 3094 3090 3095
f 3095 3090 3092
f 3095 3092 3041
f 3096 3075 3097
f 3097 3075 3076
f 3097 3076 3098
f 3098 3076 3077
f 3098 3077 3099
f 3023 3100 3024
f 3024 3100 3099
f 3024 3099 3101
f 3101 3099 3077
f 3101 3077 3050
f 3050 3077 3065
f 3050 3065 2919
f 2919 3065 2987
f 3020 3022 3021
f 3021 3022 3024
f 3021 3024 3102
f 3102 3024 3101
f 3102 3101 3049
f 3049 3101 3050
f 3049 3050 2920
f 3103 3019 3066
f 3066 3019 3021
f 3066 3021 3036
f 3036 3021 3102
f 3036 3102 3034
f 3034 3102 3049
f 3034 3049 2922
f 2922 3049 2921
f 3104 3105 3106
f 2928 3052 3051
f 3051 3052 3107
f 3051 3107 3067
f 3067 3107 3104
f 3067 3104 3066
f 3066 3104 3106
f 3066 3106 3103
f 3108 3109 3110
f 2930 3053 3052
f 3052 3053 3111
f 3052 3111 3107
f 3107 3111 3108
f 3107 3108 3104
f 3104 3108 3110
f 3104 3110 3105
f 3112 3113 3114
f 2932 3054 3053
f 3053 3054 3115
f 3053 3115 3111
f 3111 3115 3112
f 3111 3112 3108
f 3108 3112 3114
f 3108 3114 3109
f 2934 3048 3054
f 3054 3048 3080
f 3054 3080 3115
f 3115 3080 3079
f 3115 3079 3112
f 3112 3079 3116
f 3112 3116 3113
f 3081 3117 3078
f 3078 3117 3079
f 3079 3117 3118
f 3079 3118 3116
f 3017 3081 3018
f 3018 3081 3082
f 3018 3082 3119
f 3119 3082 3083
f 3119 3083 3120
f 3120 3083 3048
f 3120 3048 2935
f 2935 3048 2934
f 3015 3017 3016
f 3016 3017 3018
f 3016 3018 3121
f 3121 3018 3119
f 3121 3119 3047
f 3047 3119 3120
f 3047 3120 2935
f 3012 3014 3013
f 3013 3014 3016
f 3013 3016 3122
f 3122 3016 3121
f 3122 3121 3046
f 3046 3121 3047
f 3046 3047 2937
f 2937 3047 2936
f 3123 3011 3068
f 3068 3011 3013
f 3068 3013 3033
f 3033 3013 3122
f 3033 3122 3031
f 3031 3122 3046
f 3031 3046 2939
f 2939 3046 2938
f 3124 3125 3126
f 2944 3055 3070
f 3070 3055 3127
f 3070 3127 3069
f 3069 3127 3124
f 3069 3124 3068
f 3068 3124 3126
f 3068 3126 3123
f 3128 3129 3130
f 2947 3056 3055
f 3055 3056 3131
f 3055 3131 3127
f 3127 3131 3128
f 3127 3128 3124
f 3124 3128 3130
f 3124 3130 3125
f 3132 3133 3134
f 2949 3057 3056
f 3056 3057 3135
f 3056 3135 3131
f 3131 3135 3132
f 3131 3132 3128
f 3128 3132 3134
f 3128 3134 3129
f 2951 3045 3057
f 3057 3045 3086
f 3057 3086 3135
f 3135 3086 3085
f 3135 3085 3132
f 3132 3085 3136
f 3132 3136 3133
f 3087 3137 3084
f 3084 3137 3085
f 3085 3137 3136
f 3009 3087 3010
f 3010 3087 3088
f 3010 3088 3138
f 3138 3088 3089
f 3138 3089 3139
f 3139 3089 3045
f 3139 3045 2952
f 2952 3045 2951
f 3007 3009 3008
f 3008 3009 3010
f 3008 3010 3140
f 3140 3010 3138
f 3140 3138 3044
f 3044 3138 3139
f 3044 3139 2953
f 2953 3139 2952
f 3004 3006 3005
f 3005 3006 3008
f 3005 3008 3141
f 3141 3008 3140
f 3141 3140 3043
f 3043 3140 3044
f 3043 3044 2955
f 2955 3044 2954
f 3001 3003 3002
f 3002 3003 3005
f 3002 3005 3142
f 3142 3005 3141
f 3142 3141 3042
f 3042 3141 3043
f 3042 3043 2956
f 3143 3000 3071
f 3071 3000 3002
f 3071 3002 3030
f 3030 3002 3142
f 3030 3142 3028
f 3028 3142 3042
f 3028 3042 2958
f 2958 3042 2957
f 3144 3145 3146
f 2964 3059 3058
f 3058 3059 3147
f 3058 3147 3072
f 3072 3147 3144
f 3072 3144 3071
f 3071 3144 3146
f 3071 3146 3143
f 3148 3149 3150
f 2966 3060 3059
f 3059 3060 3151
f 3059 3151 3147
f 3147 3151 3148
f 3147 3148 3144
f 3144 3148 3150
f 3144 3150 3145
f 2968 3041 3060
f 3060 3041 3092
f 3060 3092 3151
f 3151 3092 3091
f 3151 3091 3148
f 3148 3091 3152
f 3148 3152 3149
f 3093 3153 3090
f 3090 3153 3091
f 3091 3153 3152
f 2998 3093 2999
f 2999 3093 3094
f 2999 3094 3154
f 3154 3094 3095
f 3154 3095 3155
f 3155 3095 3041
f 3155 3041 2970
f 2970 3041 2969
f 2995 2997 2996
f 2996 2997 2999
f 2996 2999 3156
f 3156 2999 3154
f 3156 3154 3040
f 3040 3154 3155
f 3040 3155 2971
f 2971 3155 2970
f 2992 2994 2993
f 2993 2994 2996
f 2993 2996 3157
f 3157 2996 3156
f 3157 3156 3039
f 3039 3156 3040
f 3039 3040 2972
f 2989 2991 2990
f 2990 2991 2993
f 2990 2993 3158
f 3158 2993 3157
f 3158 3157 3038
f 3038 3157 3039
f 3038 3039 2973
f 3159 2988 3073
f 3073 2988 2990
f 3073 2990 3027
f 3027 2990 3158
f 3027 3158 3025
f 3025 3158 3038
f 3025 3038 2975
f 2975 3038 2974
f 3160 3161 3162
f 2981 3062 3061
f 3061 3062 3163
f 3061 3163 3074
f 3074 3163 3160
f 3074 3160 3073
f 3073 3160 3162
f 3073 3162 3159
f 3164 3165 3166
f 2983 3063 3062
f 3062 3063 3167
f 3062 3167 3163
f 3163 3167 3164
f 3163 3164 3160
f 3160 3164 3166
f 3160 3166 3161
f 2985 3064 3063
f 3063 3064 3170
f 3063 3170 3167
f 3167 3170 3168
f 3167 3168 3164
f 3164 3168 3169
f 3164 3169 3165
f 2987 3037 3064
f 3064 3037 3075
f 3064 3075 3170
f 3170 3075 3096
f 3170 3096 3168
f 3168 3096 3171
f 3168 3171 3169
f 3099 3100 3172
f 3099 3172 3098
f 3098 3172 3097
f 3097 3172 3173
f 3097 3173 3096
f 3096 3173 3171
f 3174 3171 3175
f 3175 3171 3173
f 3175 3173 3176
f 3176 3173 3172
f 3176 3172 3177
f 3177 3172 3100
f 3177 3100 3178
f 3178 3100 3023
f 3178 3023 3179
f 3179 3023 3022
f 3179 3022 3180
f 3180 3022 3020
f 3180 3020 3181
f 3181 3020 3019
f 3181 3019 3182
f 3182 3019 3103
f 3182 3103 3183
f 3183 3103 3106
f 3183 3106 3184
f 3184 3106 3105
f 3184 3105 3185
f 3185 3105 3110
f 3185 3110 3186
f 3186 3110 3109
f 3186 3109 3187
f 3187 3109 3114
f 3187 3114 3188
f 3188 3114 3113
f 3188 3113 3189
f 3189 3113 3116
f 3189 3116 3190
f 3190 3116 3118
f 3190 3118 3191
f 3191 3118 3117
f 3191 3117 3192
f 3192 3117 3081
f 3192 3081 3193
f 3193 3081 3017
f 3193 3017 3194
f 3194 3017 3015
f 3194 3015 3195
f 3195 3015 3014
f 3195 3014 3196
f 3196 3014 3012
f 3196 3012 3197
f 3197 3012 3011
f 3197 3011 3198
f 3198 3011 3123
f 3198 3123 3199
f 3199 3123 3126
f 3199 3126 3200
f 3200 3126 3125
f 3200 3125 3201
f 3201 3125 3130
f 3201 3130 3202
f 3202 3130 3129
f 3202 3129 3203
f 3203 3129 3134
f 3203 3134 3204
f 3204 3134 3133
f 3204 3133 3205
f 3205 3133 3136
f 3205 3136 3206
f 3206 3136 3137
f 3206 3137 3207
f 3207 3137 3087
f 3207 3087 3208
f 3208 3087 3009
f 3208 3009 3209
f 3209 3009 3007
f 3209 3007 3210
f 3210 3007 3006
f 3210 3006 3211
f 3211 3006 3004
f 3211 3004 3212
f 3212 3004 3003
f 3212 3003 3213
f 3213 3003 3001
f 3213 3001 3214
f 3214 3001 3000
f 3214 3000 3215
f 3215 3000 3143
f 3215 3143 3216
f 3216 3143 3146
f 3216 3146 3217
f 3217 3146 3145
f 3217 3145 3218
f 3218 3145 3150
f 3218 3150 3219
f 3219 3150 3149
f 3219 3149 3220
f 3220 3149 3152
f 3220 3152 3221
f 3221 3152 3153
f 3221 3153 3222
f 3222 3153 3093
f 3222 3093 3223
f 3223 3093 2998
f 3223 2998 3224
f 3224 2998 2997
f 3224 2997 3225
f 3225 2997 2995
f 3225 2995 3226
f 3226 2995 2994
f 3226 2994 3227
f 3227 2994 2992
f 3227 2992 3228
f 3228 2992 2991
f 3228 2991 3229
f 3229 2991 2989
f 3229 2989 3230
f 3230 2989 2988
f 3230 2988 3231
f 3231 2988 3159
f 3231 3159 3232
f 3232 3159 3162
f 3232 3162 3233
f 3233 3162 3161
f 3233 3161 3234
f 3234 3161 3166
f 3234 3166 3235
f 3235 3166 3165
f 3235 3165 3236
f 3236 3165 3169
f 3236 3169 3174
f 3174 3169 3171
