# Staunton rook, MIT license, source: github.com/clarkerubber/Staunton-Pieces
o rook
v 0.023880 1.083673 -0.189288
v 0.027458 1.155918 -0.217647
v 0.037061 1.155918 -0.215880
v -0.189539 1.083673 -0.023628
v -0.217938 1.155918 -0.027168
v -0.214479 1.155918 -0.045942
v -0.149583 0.981094 -0.032035
v -0.152328 0.981094 -0.019304
v -0.190866 1.083673 -0.007856
v -0.152881 0.981094 -0.006292
v -0.189539 1.083673 0.024130
v -0.153432 0.981094 0.006719
v -0.151779 0.981094 0.019637
v -0.023880 1.083673 0.189790
v -0.038556 0.981094 0.148282
v -0.025953 0.981094 0.151564
v -0.016201 1.083673 0.190600
v -0.012976 0.981094 0.152667
v -0.000000 0.981094 0.153772
v 0.016201 1.083673 0.190600
v 0.051970 1.155918 0.213713
v 0.027458 1.155918 0.218227
v 0.023880 1.083673 0.189790
v 0.012976 0.981094 0.152667
v 0.025953 0.981094 0.151564
v 0.038556 0.981094 0.148282
v 0.189539 1.083673 0.024130
v 0.217938 1.155918 0.027746
v 0.149583 0.981094 -0.032035
v 0.189539 1.083673 -0.023628
v 0.152328 0.981094 -0.019304
v 0.190866 1.083673 -0.007856
v -0.025860 0.981094 -0.150616
v -0.023880 1.083673 -0.189288
v -0.013024 0.981094 -0.152816
v -0.000000 1.083673 -0.190787
v -0.074626 0.981094 -0.133386
v -0.101779 1.155918 -0.194370
v -0.063257 0.981094 -0.139738
v -0.077445 1.155918 -0.205267
v -0.050974 0.981094 -0.144076
v -0.073110 1.155918 -0.206606
v -0.038697 0.981094 -0.148414
v -0.051970 1.155918 -0.213134
v -0.037061 1.155918 -0.215880
v -0.027458 1.155918 -0.217647
v -0.096129 0.981094 -0.118850
v -0.137760 1.155918 -0.170316
v -0.085995 0.981094 -0.127033
v -0.124614 1.155918 -0.180603
v -0.106982 1.155918 -0.191234
v -0.213423 1.155918 -0.051682
v -0.146841 0.981094 -0.044766
v -0.205555 1.155918 -0.077156
v -0.141985 0.981094 -0.056852
v -0.137127 0.981094 -0.068937
v -0.194658 1.155918 -0.101488
v -0.130298 0.981094 -0.080025
v -0.186709 1.155918 -0.114677
v -0.123471 0.981094 -0.091117
v -0.180893 1.155918 -0.124324
v -0.114865 0.981094 -0.100894
v -0.164861 1.155918 -0.144812
v -0.106261 0.981094 -0.110668
v -0.145609 1.155918 -0.164176
v -0.123027 0.981094 0.091191
v -0.180893 1.155918 0.124901
v -0.130769 0.981094 0.080721
v -0.194658 1.155918 0.102067
v -0.136634 0.981094 0.069091
v -0.195983 1.155918 0.099110
v -0.142497 0.981094 0.057463
v -0.205555 1.155918 0.077735
v -0.146311 0.981094 0.045009
v -0.209644 1.155918 0.064491
v -0.150125 0.981094 0.032556
v -0.213423 1.155918 0.052258
v -0.217857 1.155918 0.028185
v -0.085686 0.981094 0.126979
v -0.122947 1.155918 0.182183
v -0.124614 1.155918 0.181181
v -0.096476 0.981094 0.119685
v -0.145609 1.155918 0.164752
v -0.105878 0.981094 0.110674
v -0.151740 1.155918 0.158622
v -0.115281 0.981094 0.101661
v -0.164464 1.155918 0.145898
v -0.176352 1.155918 0.130707
v -0.101779 1.155918 0.194946
v -0.074897 0.981094 0.134271
v -0.090314 1.155918 0.200080
v -0.063029 0.981094 0.139636
v -0.077445 1.155918 0.205844
v -0.051162 0.981094 0.145001
v -0.055296 1.155918 0.212685
v -0.027458 1.155918 0.218227
v 0.105878 0.981094 0.110674
v 0.145609 1.155918 0.164752
v 0.096476 0.981094 0.119685
v 0.124614 1.155918 0.181181
v 0.085686 0.981094 0.126979
v 0.122947 1.155918 0.182183
v 0.074897 0.981094 0.134271
v 0.101779 1.155918 0.194946
v 0.063029 0.981094 0.139636
v 0.090314 1.155918 0.200080
v 0.051162 0.981094 0.145001
v 0.077445 1.155918 0.205844
v 0.136634 0.981094 0.069091
v 0.195983 1.155918 0.099110
v 0.194658 1.155918 0.102067
v 0.130769 0.981094 0.080721
v 0.180893 1.155918 0.124901
v 0.123026 0.981094 0.091191
v 0.176352 1.155918 0.130707
v 0.115281 0.981094 0.101661
v 0.164464 1.155918 0.145898
v 0.151740 1.155918 0.158622
v 0.205555 1.155918 0.077735
v 0.142497 0.981094 0.057463
v 0.209644 1.155918 0.064491
v 0.146311 0.981094 0.045009
v 0.213423 1.155918 0.052258
v 0.150125 0.981094 0.032556
v 0.151779 0.981094 0.019637
v 0.153432 0.981094 0.006719
v 0.152881 0.981094 -0.006292
v 0.141985 0.981094 -0.056852
v 0.205555 1.155918 -0.077156
v 0.146841 0.981094 -0.044766
v 0.213423 1.155918 -0.051682
v 0.214479 1.155918 -0.045942
v 0.217938 1.155918 -0.027168
v 0.106261 0.981094 -0.110668
v 0.164464 1.155918 -0.145322
v 0.114865 0.981094 -0.100894
v 0.123471 0.981094 -0.091117
v 0.180893 1.155918 -0.124324
v 0.130298 0.981094 -0.080025
v 0.186709 1.155918 -0.114677
v 0.137127 0.981094 -0.068937
v 0.194658 1.155918 -0.101488
v 0.050974 0.981094 -0.144076
v 0.073110 1.155918 -0.206606
v 0.077445 1.155918 -0.205267
v 0.063257 0.981094 -0.139738
v 0.101779 1.155918 -0.194370
v 0.074626 0.981094 -0.133386
v 0.106982 1.155918 -0.191234
v 0.085995 0.981094 -0.127033
v 0.124614 1.155918 -0.180603
v 0.096129 0.981094 -0.118850
v 0.137760 1.155918 -0.170316
v 0.145609 1.155918 -0.164176
v 0.051970 1.155918 -0.213134
v 0.038697 0.981094 -0.148414
v 0.025860 0.981094 -0.150616
v 0.013024 0.981094 -0.152816
v -0.000000 0.981094 -0.153370
v -0.027617 1.159832 0.219126
v -0.027762 1.163473 0.219227
v -0.052215 1.163360 0.214721
v -0.052069 1.166851 0.214124
v -0.028038 1.170952 0.216666
v -0.051255 1.172947 0.210787
v -0.028223 1.176298 0.211012
v -0.049837 1.177375 0.204956
v -0.028323 1.179390 0.202928
v -0.028331 1.179629 0.201043
v -0.047974 1.179703 0.197308
v -0.046940 1.180000 0.193065
v -0.214381 1.173400 0.028419
v -0.210491 1.172947 0.051554
v -0.218280 1.166925 0.028185
v -0.213828 1.166851 0.052364
v -0.218496 1.157917 0.027829
v -0.214291 1.159686 0.052474
v -0.208682 1.177316 0.028553
v -0.207850 1.175400 0.050909
v -0.200777 1.179700 0.028630
v -0.201011 1.178821 0.049244
v -0.203480 1.179205 0.028614
v -0.204895 1.178754 0.028599
v -0.028280 1.178084 0.207400
v -0.028137 1.173748 0.214328
v -0.050612 1.175400 0.208147
v -0.051748 1.170073 0.212800
v -0.052181 1.159686 0.214583
v -0.206391 1.159686 0.078051
v -0.195448 1.159686 0.102483
v -0.181628 1.159686 0.125408
v -0.165132 1.159686 0.146492
v -0.146201 1.159686 0.165421
v -0.125119 1.159686 0.181918
v -0.102191 1.159686 0.195739
v -0.077761 1.159686 0.206681
v -0.077809 1.163360 0.206815
v -0.102256 1.163360 0.195867
v -0.125199 1.163360 0.182036
v -0.146295 1.163360 0.165529
v -0.165238 1.163360 0.146588
v -0.181745 1.163360 0.125491
v -0.195576 1.163360 0.102551
v -0.206524 1.163360 0.078100
v -0.124850 1.166851 0.181529
v -0.181237 1.166851 0.125142
v -0.077112 1.170073 0.204964
v -0.101341 1.170073 0.194113
v -0.124075 1.170073 0.180408
v -0.144983 1.170073 0.164049
v -0.163754 1.170073 0.145276
v -0.180113 1.170073 0.124371
v -0.193818 1.170073 0.101634
v -0.204667 1.170073 0.077407
v -0.076380 1.172947 0.203027
v -0.100381 1.172947 0.192279
v -0.143609 1.172947 0.162498
v -0.162204 1.172947 0.143905
v -0.202731 1.172947 0.076677
v -0.075424 1.175400 0.200484
v -0.099122 1.175400 0.189870
v -0.121358 1.175400 0.176464
v -0.141809 1.175400 0.160465
v -0.160169 1.175400 0.142105
v -0.176170 1.175400 0.121655
v -0.189573 1.175400 0.099417
v -0.200187 1.175400 0.075718
v -0.097600 1.177375 0.186960
v -0.119494 1.177375 0.173761
v -0.139631 1.177375 0.158006
v -0.157709 1.177375 0.139927
v -0.173464 1.177375 0.119790
v -0.186663 1.177375 0.097897
v -0.204658 1.177375 0.050135
v -0.072942 1.178821 0.193896
v -0.095859 1.178821 0.183635
v -0.117364 1.178821 0.170670
v -0.137141 1.178821 0.155194
v -0.154897 1.178821 0.137440
v -0.170372 1.178821 0.117661
v -0.183336 1.178821 0.096156
v -0.193600 1.178821 0.073238
v -0.071489 1.179703 0.190044
v -0.115029 1.179703 0.167279
v -0.134411 1.179703 0.152113
v -0.151814 1.179703 0.134710
v -0.189745 1.179703 0.071785
v -0.091927 1.180000 0.176115
v -0.112550 1.180000 0.163681
v -0.131516 1.180000 0.148843
v -0.148544 1.180000 0.131814
v -0.163384 1.180000 0.112850
v -0.175816 1.180000 0.092225
v -0.185659 1.180000 0.070248
v -0.192767 1.180000 0.047238
v -0.196364 1.180000 0.028640
v 0.028333 1.179691 0.201170
v 0.028306 1.178787 0.205352
v 0.048948 1.178821 0.201308
v 0.028258 1.177336 0.209001
v 0.049837 1.177375 0.204956
v 0.218730 1.165059 0.028114
v 0.213828 1.166851 0.052364
v 0.215718 1.171862 0.028365
v 0.210491 1.172947 0.051554
v 0.209654 1.176908 0.028539
v 0.204658 1.177375 0.050135
v 0.201287 1.179629 0.028628
v 0.197010 1.179703 0.048270
v 0.205888 1.178524 0.028592
v 0.207850 1.175400 0.050909
v 0.218948 1.161005 0.027955
v 0.214291 1.159686 0.052474
v 0.027755 1.163337 0.219145
v 0.027688 1.161587 0.219268
v 0.052181 1.159686 0.214583
v 0.028007 1.170033 0.217135
v 0.052067 1.166851 0.214124
v 0.051255 1.172947 0.210787
v 0.102191 1.159686 0.195739
v 0.077760 1.159686 0.206681
v 0.125119 1.159686 0.181918
v 0.146201 1.159686 0.165421
v 0.165132 1.159686 0.146492
v 0.181627 1.159686 0.125408
v 0.195448 1.159686 0.102483
v 0.206391 1.159686 0.078051
v 0.206524 1.163360 0.078100
v 0.195576 1.163360 0.102551
v 0.181744 1.163360 0.125491
v 0.165238 1.163360 0.146588
v 0.146295 1.163360 0.165529
v 0.125199 1.163360 0.182036
v 0.102256 1.163360 0.195867
v 0.077809 1.163360 0.206815
v 0.052215 1.163360 0.214721
v 0.181237 1.166851 0.125142
v 0.124850 1.166851 0.181529
v 0.204667 1.170073 0.077407
v 0.193818 1.170073 0.101634
v 0.180113 1.170073 0.124371
v 0.163754 1.170073 0.145276
v 0.144983 1.170073 0.164049
v 0.124075 1.170073 0.180408
v 0.101341 1.170073 0.194113
v 0.077112 1.170073 0.204964
v 0.051748 1.170073 0.212800
v 0.202731 1.172947 0.076677
v 0.162204 1.172947 0.143905
v 0.143609 1.172947 0.162498
v 0.100381 1.172947 0.192279
v 0.076380 1.172947 0.203027
v 0.200187 1.175400 0.075718
v 0.189573 1.175400 0.099417
v 0.176170 1.175400 0.121655
v 0.160169 1.175400 0.142105
v 0.141809 1.175400 0.160465
v 0.121358 1.175400 0.176464
v 0.099122 1.175400 0.189870
v 0.075424 1.175400 0.200484
v 0.050612 1.175400 0.208147
v 0.186663 1.177375 0.097897
v 0.173464 1.177375 0.119790
v 0.157709 1.177375 0.139927
v 0.139631 1.177375 0.158006
v 0.119494 1.177375 0.173761
v 0.097600 1.177375 0.186960
v 0.193600 1.178821 0.073238
v 0.183336 1.178821 0.096156
v 0.170372 1.178821 0.117661
v 0.154897 1.178821 0.137440
v 0.137141 1.178821 0.155194
v 0.117364 1.178821 0.170670
v 0.095859 1.178821 0.183635
v 0.072942 1.178821 0.193896
v 0.189745 1.179703 0.071785
v 0.151814 1.179703 0.134710
v 0.134411 1.179703 0.152113
v 0.115029 1.179703 0.167279
v 0.071489 1.179703 0.190044
v 0.196364 1.180000 0.028640
v 0.192767 1.180000 0.047238
v 0.185659 1.180000 0.070248
v 0.175816 1.180000 0.092225
v 0.163384 1.180000 0.112850
v 0.148544 1.180000 0.131814
v 0.131516 1.180000 0.148843
v 0.112550 1.180000 0.163681
v 0.091927 1.180000 0.176115
v 0.046940 1.180000 0.193065
v -0.028200 1.175612 -0.211465
v -0.050612 1.175400 -0.207553
v -0.028102 1.172759 -0.214681
v -0.051255 1.172947 -0.210197
v -0.027673 1.161228 -0.218672
v -0.052181 1.159686 -0.214001
v -0.218605 1.165693 -0.027553
v -0.213828 1.166851 -0.051775
v -0.215273 1.172418 -0.027796
v -0.210491 1.172947 -0.050960
v -0.212593 1.174998 -0.027883
v -0.207850 1.175400 -0.050317
v -0.204658 1.177375 -0.049539
v -0.205080 1.178780 -0.028006
v -0.204933 1.178812 -0.028008
v -0.201011 1.178821 -0.048650
v -0.200898 1.179687 -0.028036
v -0.196364 1.180000 -0.028046
v -0.192767 1.180000 -0.046642
v -0.218949 1.161002 -0.027373
v -0.214430 1.163360 -0.051923
v -0.214291 1.159686 -0.051890
v -0.027891 1.166826 -0.217951
v -0.052215 1.163360 -0.214136
v -0.052069 1.166851 -0.213535
v -0.028333 1.179699 -0.200476
v -0.048948 1.178821 -0.200713
v -0.028309 1.178954 -0.204172
v -0.028306 1.178792 -0.204622
v -0.077761 1.159686 -0.206101
v -0.102191 1.159686 -0.195157
v -0.125119 1.159686 -0.181336
v -0.146201 1.159686 -0.164841
v -0.165132 1.159686 -0.145911
v -0.181628 1.159686 -0.124828
v -0.195448 1.159686 -0.101904
v -0.206391 1.159686 -0.077470
v -0.206524 1.163360 -0.077517
v -0.195576 1.163360 -0.101966
v -0.181745 1.163360 -0.124909
v -0.165238 1.163360 -0.146005
v -0.146295 1.163360 -0.164946
v -0.125199 1.163360 -0.181452
v -0.102256 1.163360 -0.195284
v -0.077809 1.163360 -0.206232
v -0.124850 1.166851 -0.180943
v -0.204667 1.170073 -0.076816
v -0.193818 1.170073 -0.101045
v -0.180113 1.170073 -0.123780
v -0.163754 1.170073 -0.144687
v -0.144983 1.170073 -0.163459
v -0.124075 1.170073 -0.179820
v -0.101341 1.170073 -0.193525
v -0.077112 1.170073 -0.204374
v -0.162204 1.172947 -0.143314
v -0.143609 1.172947 -0.161910
v -0.076380 1.172947 -0.202434
v -0.200187 1.175400 -0.075126
v -0.189573 1.175400 -0.098824
v -0.176170 1.175400 -0.121061
v -0.160169 1.175400 -0.141511
v -0.141809 1.175400 -0.159873
v -0.121358 1.175400 -0.175872
v -0.099122 1.175400 -0.189277
v -0.075424 1.175400 -0.199892
v -0.186663 1.177375 -0.097303
v -0.173464 1.177375 -0.119197
v -0.157709 1.177375 -0.139333
v -0.139631 1.177375 -0.157409
v -0.119494 1.177375 -0.173166
v -0.097600 1.177375 -0.186366
v -0.193600 1.178821 -0.072644
v -0.183336 1.178821 -0.095561
v -0.170372 1.178821 -0.117068
v -0.154897 1.178821 -0.136843
v -0.137141 1.178821 -0.154601
v -0.117364 1.178821 -0.170074
v -0.095859 1.178821 -0.183039
v -0.072942 1.178821 -0.193302
v -0.189745 1.179703 -0.071191
v -0.166981 1.179703 -0.114729
v -0.151814 1.179703 -0.134113
v -0.134411 1.179703 -0.151515
v -0.115029 1.179703 -0.166682
v -0.071489 1.179703 -0.189447
v -0.175816 1.180000 -0.091629
v -0.163384 1.180000 -0.112253
v -0.148544 1.180000 -0.131218
v -0.131516 1.180000 -0.148247
v -0.112550 1.180000 -0.163087
v -0.091927 1.180000 -0.175519
v -0.046940 1.180000 -0.192466
v -0.028342 1.180000 -0.196065
v 0.027815 1.164862 -0.218474
v 0.052067 1.166851 -0.213535
v 0.028069 1.171747 -0.215511
v 0.051255 1.172947 -0.210197
v 0.028241 1.176841 -0.209481
v 0.049837 1.177375 -0.204362
v 0.028331 1.179604 -0.201145
v 0.047974 1.179703 -0.196709
v 0.028342 1.180000 -0.196065
v 0.046940 1.180000 -0.192466
v 0.208176 1.177635 -0.027972
v 0.208704 1.177342 -0.027961
v 0.204658 1.177375 -0.049539
v 0.207850 1.175400 -0.050317
v 0.214841 1.172912 -0.027814
v 0.212504 1.170073 -0.051452
v 0.218254 1.166830 -0.027596
v 0.213828 1.166851 -0.051775
v 0.218619 1.158492 -0.027274
v 0.214291 1.159686 -0.051890
v 0.214430 1.163360 -0.051923
v 0.200777 1.179699 -0.028036
v 0.201011 1.178821 -0.048650
v 0.204240 1.179015 -0.028013
v 0.028295 1.178476 -0.205733
v 0.027628 1.160111 -0.218578
v 0.052215 1.163360 -0.214136
v 0.206391 1.159686 -0.077470
v 0.195448 1.159686 -0.101904
v 0.181627 1.159686 -0.124828
v 0.165132 1.159686 -0.145911
v 0.146201 1.159686 -0.164841
v 0.125119 1.159686 -0.181336
v 0.102191 1.159686 -0.195157
v 0.077760 1.159686 -0.206101
v 0.052181 1.159686 -0.214001
v 0.077809 1.163360 -0.206232
v 0.102256 1.163360 -0.195284
v 0.125199 1.163360 -0.181452
v 0.146295 1.163360 -0.164946
v 0.165238 1.163360 -0.146005
v 0.181744 1.163360 -0.124909
v 0.195576 1.163360 -0.101966
v 0.206524 1.163360 -0.077517
v 0.124850 1.166851 -0.180943
v 0.077112 1.170073 -0.204374
v 0.101341 1.170073 -0.193525
v 0.124075 1.170073 -0.179820
v 0.144983 1.170073 -0.163459
v 0.163754 1.170073 -0.144687
v 0.180113 1.170073 -0.123780
v 0.193818 1.170073 -0.101045
v 0.204667 1.170073 -0.076816
v 0.076380 1.172947 -0.202434
v 0.143609 1.172947 -0.161910
v 0.162204 1.172947 -0.143314
v 0.075424 1.175400 -0.199892
v 0.099122 1.175400 -0.189277
v 0.121358 1.175400 -0.175872
v 0.141809 1.175400 -0.159873
v 0.160169 1.175400 -0.141511
v 0.176170 1.175400 -0.121061
v 0.189573 1.175400 -0.098824
v 0.200187 1.175400 -0.075126
v 0.097600 1.177375 -0.186366
v 0.119494 1.177375 -0.173166
v 0.139631 1.177375 -0.157409
v 0.157709 1.177375 -0.139333
v 0.173464 1.177375 -0.119197
v 0.186663 1.177375 -0.097303
v 0.072942 1.178821 -0.193302
v 0.095859 1.178821 -0.183039
v 0.117364 1.178821 -0.170074
v 0.137141 1.178821 -0.154601
v 0.154897 1.178821 -0.136843
v 0.170372 1.178821 -0.117068
v 0.183336 1.178821 -0.095561
v 0.193600 1.178821 -0.072644
v 0.071489 1.179703 -0.189447
v 0.115029 1.179703 -0.166682
v 0.134411 1.179703 -0.151515
v 0.151814 1.179703 -0.134113
v 0.166981 1.179703 -0.114729
v 0.189745 1.179703 -0.071191
v 0.091927 1.180000 -0.175519
v 0.112550 1.180000 -0.163087
v 0.131516 1.180000 -0.148247
v 0.148544 1.180000 -0.131218
v 0.163384 1.180000 -0.112253
v 0.175816 1.180000 -0.091629
v 0.192767 1.180000 -0.046642
v 0.196364 1.180000 -0.028046
v -0.028342 1.180000 0.153584
v -0.045948 1.180000 0.149258
v -0.135001 1.180000 0.078241
v -0.121875 1.180000 0.097492
v -0.106029 1.180000 0.114570
v -0.087813 1.180000 0.129096
v -0.067636 1.180000 0.140744
v -0.153288 1.180000 0.028640
v -0.151977 1.180000 0.034986
v -0.145109 1.180000 0.057249
v 0.028342 1.180000 0.153584
v 0.045948 1.180000 0.149258
v 0.067635 1.180000 0.140744
v 0.087813 1.180000 0.129096
v 0.106029 1.180000 0.114570
v 0.121875 1.180000 0.097492
v 0.153288 1.180000 0.028640
v 0.151977 1.180000 0.034986
v 0.145108 1.180000 0.057249
v 0.135001 1.180000 0.078241
v -0.028342 1.180000 -0.152989
v -0.153288 1.180000 -0.028046
v -0.151977 1.180000 -0.034390
v -0.145109 1.180000 -0.056654
v -0.135001 1.180000 -0.077644
v -0.121875 1.180000 -0.096893
v -0.045948 1.180000 -0.148660
v -0.067636 1.180000 -0.140151
v -0.087813 1.180000 -0.128501
v -0.106029 1.180000 -0.113974
v 0.028342 1.180000 -0.152989
v 0.045948 1.180000 -0.148660
v 0.135001 1.180000 -0.077644
v 0.121875 1.180000 -0.096893
v 0.106029 1.180000 -0.113974
v 0.087813 1.180000 -0.128501
v 0.067635 1.180000 -0.140151
v 0.153288 1.180000 -0.028046
v 0.151977 1.180000 -0.034390
v 0.145108 1.180000 -0.056654
v 0.005092 1.048900 -0.016277
v -0.000000 1.047551 0.000232
v 0.007496 1.048900 -0.015335
v 0.013508 1.048900 -0.010540
v 0.016083 1.048900 -0.006080
v 0.017229 1.048900 -0.001059
v 0.016844 1.048900 0.004076
v 0.014963 1.048900 0.008871
v 0.011751 1.048900 0.012896
v 0.005092 1.048900 0.016740
v 0.002576 1.048900 0.017316
v -0.000000 1.048900 0.017509
v -0.002576 1.048900 0.017316
v -0.005092 1.048900 0.016740
v -0.007496 1.048900 0.015797
v -0.013508 1.048900 0.011005
v -0.016083 1.048900 0.006545
v -0.017229 1.048900 0.001523
v -0.016844 1.048900 -0.003612
v -0.014963 1.048900 -0.008408
v -0.011751 1.048900 -0.012433
v -0.005092 1.048900 -0.016277
v -0.000000 1.048900 -0.017045
v -0.027561 1.158416 0.147283
v -0.026883 1.142766 0.139205
v -0.041810 1.142684 0.135827
v -0.026635 1.137428 0.136418
v -0.026040 1.125142 0.127492
v -0.038388 1.124979 0.124720
v -0.025660 1.117618 0.122094
v -0.025198 1.108626 0.113687
v -0.034347 1.108393 0.111615
v -0.024721 1.099533 0.105385
v -0.024401 1.093528 0.098371
v -0.029880 1.093265 0.097127
v 0.024721 1.099533 0.105385
v 0.025198 1.108626 0.113687
v 0.034347 1.108393 0.111615
v 0.025660 1.117618 0.122094
v 0.026040 1.125142 0.127492
v 0.038388 1.124979 0.124720
v 0.026635 1.137428 0.136418
v 0.026883 1.142766 0.139205
v 0.041810 1.142684 0.135827
v 0.027561 1.158416 0.147283
v 0.044400 1.161151 0.144236
v 0.146992 1.158416 0.027849
v 0.138923 1.142766 0.027164
v 0.136136 1.137428 0.026914
v 0.127222 1.125142 0.026312
v 0.136136 1.137428 -0.026355
v 0.138923 1.142766 -0.026600
v 0.138288 1.142684 -0.031280
v 0.146992 1.158416 -0.027271
v 0.146859 1.161151 -0.033229
v 0.027561 1.158416 -0.146703
v 0.026883 1.142766 -0.138642
v 0.041810 1.142684 -0.135259
v 0.026635 1.137428 -0.135858
v 0.026040 1.125142 -0.126946
v 0.038388 1.124979 -0.124173
v 0.025660 1.117618 -0.121553
v 0.025198 1.108626 -0.113158
v 0.034347 1.108393 -0.111085
v 0.024721 1.099533 -0.104864
v 0.024401 1.093528 -0.097858
v 0.029880 1.093265 -0.096613
v -0.024721 1.099533 -0.104864
v -0.025198 1.108626 -0.113158
v -0.034347 1.108393 -0.111085
v -0.025660 1.117618 -0.121553
v -0.026040 1.125142 -0.126946
v -0.038388 1.124979 -0.124173
v -0.026635 1.137428 -0.135858
v -0.026883 1.142766 -0.138642
v -0.041810 1.142684 -0.135259
v -0.027561 1.158416 -0.146703
v -0.044400 1.161151 -0.143653
v -0.146992 1.158416 -0.027271
v -0.138923 1.142766 -0.026600
v -0.138288 1.142684 -0.031280
v -0.136136 1.137428 -0.026355
v -0.127222 1.125142 -0.025765
v -0.126967 1.124979 -0.028707
v -0.136136 1.137428 0.026914
v -0.138923 1.142766 0.027164
v -0.146992 1.158416 0.027849
v -0.146859 1.161151 0.033811
v -0.127222 1.125142 0.026312
v -0.098116 1.093528 0.024659
v -0.105124 1.099533 0.024980
v -0.108471 1.108393 0.042836
v -0.109725 1.104602 0.025250
v -0.113194 1.108635 0.026212
v -0.079393 1.079902 0.031409
v -0.083150 1.079902 0.019229
v -0.087884 1.083673 0.020310
v -0.085049 1.079902 0.006622
v -0.089893 1.083673 0.006987
v -0.085049 1.079902 -0.006126
v -0.089893 1.083673 -0.006487
v -0.083150 1.079902 -0.018730
v -0.087884 1.083673 -0.019808
v -0.079393 1.079902 -0.030911
v -0.098116 1.093528 -0.024146
v -0.121824 1.117618 -0.025391
v -0.113423 1.108626 -0.024932
v -0.113194 1.108635 -0.025681
v -0.109725 1.104602 -0.024724
v -0.108471 1.108393 -0.042307
v -0.024401 1.093528 -0.097858
v 0.012713 1.079902 -0.084087
v -0.000000 1.083673 -0.089893
v -0.000000 1.079902 -0.085041
v -0.013435 1.083673 -0.088885
v -0.012713 1.079902 -0.084087
v -0.025138 1.079902 -0.081250
v 0.025138 1.079902 -0.081250
v 0.023880 1.083673 -0.086673
v 0.013435 1.083673 -0.088885
v 0.127222 1.125142 -0.025765
v 0.098116 1.093528 -0.024146
v 0.105124 1.099533 -0.024461
v 0.108471 1.108393 -0.042307
v 0.109725 1.104602 -0.024724
v 0.113194 1.108635 -0.025681
v 0.113423 1.108626 -0.024932
v 0.079393 1.079902 -0.030911
v 0.083150 1.079902 -0.018730
v 0.087884 1.083673 -0.019808
v 0.085049 1.079902 -0.006126
v 0.089893 1.083673 -0.006487
v 0.085049 1.079902 0.006622
v 0.089893 1.083673 0.006987
v 0.083150 1.079902 0.019229
v 0.087884 1.083673 0.020310
v 0.086924 1.083673 0.024130
v 0.079393 1.079902 0.031409
v 0.098116 1.093528 0.024659
v 0.121824 1.117618 0.025928
v 0.113423 1.108626 0.025463
v 0.109725 1.104602 0.025250
v 0.108471 1.108393 0.042836
v 0.024401 1.093528 0.098371
v -0.012713 1.079902 0.084584
v -0.000000 1.083673 0.090395
v -0.000000 1.079902 0.085538
v 0.013435 1.083673 0.089388
v 0.012713 1.079902 0.084584
v 0.025138 1.079902 0.081749
v -0.025138 1.079902 0.081749
v -0.023880 1.083673 0.087175
v -0.013435 1.083673 0.089388
v -0.146859 1.161151 -0.033229
v -0.140225 1.161151 -0.054743
v -0.130454 1.161151 -0.075028
v -0.117773 1.161151 -0.093630
v -0.102458 1.161151 -0.110133
v -0.084856 1.161151 -0.124171
v -0.065358 1.161151 -0.135428
v -0.044400 1.161151 0.144236
v -0.065358 1.161151 0.136010
v -0.084856 1.161151 0.124752
v -0.102458 1.161151 0.110716
v -0.117773 1.161151 0.094210
v -0.130454 1.161151 0.075607
v -0.140225 1.161151 0.055324
v 0.146859 1.161151 0.033811
v 0.140224 1.161151 0.055324
v 0.130454 1.161151 0.075607
v 0.117771 1.161151 0.094210
v 0.102458 1.161151 0.110716
v 0.084856 1.161151 0.124752
v 0.065358 1.161151 0.136010
v 0.044400 1.161151 -0.143653
v 0.065358 1.161151 -0.135428
v 0.084856 1.161151 -0.124171
v 0.102458 1.161151 -0.110133
v 0.117771 1.161151 -0.093630
v 0.130454 1.161151 -0.075028
v 0.140224 1.161151 -0.054743
v -0.132041 1.142684 -0.051538
v -0.122843 1.142684 -0.070640
v -0.110899 1.142684 -0.088156
v -0.096480 1.142684 -0.103699
v -0.079905 1.142684 -0.116915
v -0.061544 1.142684 -0.127516
v -0.061544 1.142684 0.128081
v -0.079905 1.142684 0.117483
v -0.096480 1.142684 0.104263
v -0.110899 1.142684 0.088723
v -0.122843 1.142684 0.071204
v -0.132041 1.142684 0.052104
v 0.132041 1.142684 0.052104
v 0.122843 1.142684 0.071204
v 0.110899 1.142684 0.088723
v 0.096480 1.142684 0.104263
v 0.079905 1.142684 0.117483
v 0.061544 1.142684 0.128081
v 0.061544 1.142684 -0.127516
v 0.079905 1.142684 -0.116915
v 0.096480 1.142684 -0.103699
v 0.110899 1.142684 -0.088156
v 0.122843 1.142684 -0.070640
v 0.132041 1.142684 -0.051538
v -0.121232 1.124979 -0.047306
v -0.112786 1.124979 -0.064844
v -0.101820 1.124979 -0.080924
v -0.088580 1.124979 -0.095196
v -0.073363 1.124979 -0.107331
v -0.056506 1.124979 -0.117061
v -0.056506 1.124979 0.117609
v -0.073363 1.124979 0.107878
v -0.088580 1.124979 0.095741
v -0.101820 1.124979 0.081473
v -0.112786 1.124979 0.065389
v -0.121232 1.124979 0.047853
v -0.121824 1.117618 0.025928
v 0.121230 1.124979 0.047853
v 0.112786 1.124979 0.065389
v 0.101820 1.124979 0.081473
v 0.088580 1.124979 0.095741
v 0.073363 1.124979 0.107878
v 0.056506 1.124979 0.117609
v 0.056506 1.124979 -0.117061
v 0.073363 1.124979 -0.107331
v 0.088580 1.124979 -0.095196
v 0.101820 1.124979 -0.080924
v 0.112786 1.124979 -0.064844
v 0.121230 1.124979 -0.047306
v 0.126967 1.124979 -0.028707
v 0.121824 1.117618 -0.025391
v -0.100916 1.108393 -0.057999
v -0.091104 1.108393 -0.072389
v -0.079259 1.108393 -0.085155
v -0.065641 1.108393 -0.096013
v -0.050559 1.108393 -0.104721
v -0.050559 1.108393 0.105252
v -0.065641 1.108393 0.096543
v -0.079259 1.108393 0.085685
v -0.091104 1.108393 0.072918
v -0.100916 1.108393 0.058527
v 0.100916 1.108393 0.058527
v 0.091104 1.108393 0.072918
v 0.079259 1.108393 0.085685
v 0.065641 1.108393 0.096543
v 0.050559 1.108393 0.105252
v 0.050559 1.108393 -0.104721
v 0.065641 1.108393 -0.096013
v 0.079259 1.108393 -0.085155
v 0.091104 1.108393 -0.072389
v 0.100916 1.108393 -0.057999
v -0.105124 1.099533 -0.024461
v -0.094366 1.093265 -0.036780
v -0.087792 1.093265 -0.050431
v -0.079257 1.093265 -0.062949
v -0.068952 1.093265 -0.074056
v -0.057106 1.093265 -0.083503
v -0.043984 1.093265 -0.091078
v -0.029880 1.093265 -0.096613
v -0.023880 1.083673 -0.086673
v -0.043984 1.093265 0.091592
v -0.057106 1.093265 0.084016
v -0.068952 1.093265 0.074571
v -0.079257 1.093265 0.063463
v -0.087792 1.093265 0.050945
v -0.094366 1.093265 0.037293
v -0.086924 1.083673 0.024130
v 0.105124 1.099533 0.024980
v 0.094366 1.093265 0.037293
v 0.087792 1.093265 0.050945
v 0.079257 1.093265 0.063463
v 0.068952 1.093265 0.074571
v 0.057106 1.093265 0.084016
v 0.043984 1.093265 0.091592
v 0.029880 1.093265 0.097127
v 0.023880 1.083673 0.087175
v 0.043984 1.093265 -0.091078
v 0.057106 1.093265 -0.083503
v 0.068952 1.093265 -0.074056
v 0.079257 1.093265 -0.062949
v 0.087792 1.093265 -0.050431
v 0.094366 1.093265 -0.036780
v -0.073861 1.079902 -0.042394
v -0.066682 1.079902 -0.052927
v -0.058010 1.079902 -0.062271
v -0.048046 1.079902 -0.070221
v -0.037005 1.079902 -0.076594
v -0.037005 1.079902 0.077091
v -0.048046 1.079902 0.070719
v -0.058010 1.079902 0.062770
v -0.066682 1.079902 0.053426
v -0.073861 1.079902 0.042894
v 0.073861 1.079902 0.042894
v 0.066682 1.079902 0.053426
v 0.058010 1.079902 0.062770
v 0.048046 1.079902 0.070719
v 0.037005 1.079902 0.077091
v 0.037005 1.079902 -0.076594
v 0.048046 1.079902 -0.070221
v 0.058010 1.079902 -0.062271
v 0.066682 1.079902 -0.052927
v 0.073861 1.079902 -0.042394
v 0.010230 1.068577 -0.067628
v 0.020230 1.068577 -0.065346
v 0.029781 1.068577 -0.061599
v 0.038667 1.068577 -0.056470
v 0.046685 1.068577 -0.050074
v 0.053664 1.068577 -0.042553
v 0.059444 1.068577 -0.034076
v 0.063895 1.068577 -0.024835
v 0.066916 1.068577 -0.015030
v 0.068448 1.068577 -0.004886
v 0.068448 1.068577 0.005371
v 0.066916 1.068577 0.015516
v 0.063895 1.068577 0.025320
v 0.059444 1.068577 0.034563
v 0.053664 1.068577 0.043039
v 0.046685 1.068577 0.050560
v 0.038667 1.068577 0.056954
v 0.029781 1.068577 0.062083
v 0.020230 1.068577 0.065833
v 0.010230 1.068577 0.068115
v -0.000000 1.068577 0.068884
v -0.010230 1.068577 0.068115
v -0.020230 1.068577 0.065833
v -0.029781 1.068577 0.062083
v -0.038667 1.068577 0.056954
v -0.046685 1.068577 0.050560
v -0.053664 1.068577 0.043039
v -0.059444 1.068577 0.034563
v -0.063895 1.068577 0.025320
v -0.066916 1.068577 0.015516
v -0.068448 1.068577 0.005371
v -0.068448 1.068577 -0.004886
v -0.066916 1.068577 -0.015030
v -0.063895 1.068577 -0.024835
v -0.059444 1.068577 -0.034076
v -0.053664 1.068577 -0.042553
v -0.046685 1.068577 -0.050074
v -0.038667 1.068577 -0.056470
v -0.029781 1.068577 -0.061599
v -0.020230 1.068577 -0.065346
v -0.010230 1.068577 -0.067628
v -0.000000 1.068577 -0.068397
v 0.007701 1.059520 -0.050850
v 0.015228 1.059520 -0.049132
v 0.022417 1.059520 -0.046311
v 0.029104 1.059520 -0.042451
v 0.035141 1.059520 -0.037635
v 0.040394 1.059520 -0.031974
v 0.044743 1.059520 -0.025595
v 0.048093 1.059520 -0.018638
v 0.050371 1.059520 -0.011258
v 0.051519 1.059520 -0.003623
v 0.051519 1.059520 0.004098
v 0.050371 1.059520 0.011735
v 0.048093 1.059520 0.019112
v 0.044743 1.059520 0.026071
v 0.040394 1.059520 0.032450
v 0.035141 1.059520 0.038113
v 0.029104 1.059520 0.042924
v 0.022417 1.059520 0.046788
v 0.015228 1.059520 0.049606
v 0.007701 1.059520 0.051325
v -0.000000 1.059520 0.051903
v -0.007701 1.059520 0.051325
v -0.015228 1.059520 0.049606
v -0.022417 1.059520 0.046788
v -0.029104 1.059520 0.042924
v -0.035141 1.059520 0.038113
v -0.040394 1.059520 0.032450
v -0.044743 1.059520 0.026071
v -0.048093 1.059520 0.019112
v -0.050371 1.059520 0.011735
v -0.051519 1.059520 0.004098
v -0.051519 1.059520 -0.003623
v -0.050371 1.059520 -0.011258
v -0.048093 1.059520 -0.018638
v -0.044743 1.059520 -0.025595
v -0.040394 1.059520 -0.031974
v -0.035141 1.059520 -0.037635
v -0.029104 1.059520 -0.042451
v -0.022417 1.059520 -0.046311
v -0.015228 1.059520 -0.049132
v -0.007701 1.059520 -0.050850
v -0.000000 1.059520 -0.051429
v 0.005144 1.052916 -0.033897
v 0.010174 1.052916 -0.032749
v 0.014976 1.052916 -0.030862
v 0.019444 1.052916 -0.028283
v 0.023475 1.052916 -0.025067
v 0.026985 1.052916 -0.021287
v 0.029892 1.052916 -0.017025
v 0.032129 1.052916 -0.012376
v 0.033651 1.052916 -0.007445
v 0.034419 1.052916 -0.002346
v 0.034419 1.052916 0.002814
v 0.033651 1.052916 0.007915
v 0.032129 1.052916 0.012844
v 0.029892 1.052916 0.017492
v 0.023475 1.052916 0.025535
v 0.019444 1.052916 0.028751
v 0.014976 1.052916 0.031333
v 0.010174 1.052916 0.033216
v 0.005144 1.052916 0.034365
v -0.000000 1.052916 0.034751
v -0.005144 1.052916 0.034365
v -0.010174 1.052916 0.033216
v -0.014976 1.052916 0.031333
v -0.019444 1.052916 0.028751
v -0.023475 1.052916 0.025535
v -0.026985 1.052916 0.021754
v -0.032132 1.052916 0.012844
v -0.033651 1.052916 0.007915
v -0.034420 1.052916 0.002814
v -0.034420 1.052916 -0.002346
v -0.033651 1.052916 -0.007445
v -0.032132 1.052916 -0.012376
v -0.029892 1.052916 -0.017025
v -0.026985 1.052916 -0.021287
v -0.023475 1.052916 -0.025067
v -0.019444 1.052916 -0.028283
v -0.014976 1.052916 -0.030862
v -0.010174 1.052916 -0.032749
v -0.005144 1.052916 -0.033897
v -0.000000 1.052916 -0.034281
v 0.082600 0.000000 -0.314758
v -0.325468 0.000000 -0.010210
v 0.041641 0.000000 -0.322736
v -0.000000 0.000000 -0.325409
v -0.141289 0.000000 0.293617
v -0.102611 0.000000 0.309276
v 0.122201 0.000000 -0.301609
v 0.159795 0.000000 -0.283506
v 0.194767 0.000000 -0.260741
v 0.226540 0.000000 -0.233692
v 0.254592 0.000000 -0.202803
v 0.278466 0.000000 -0.168580
v 0.297765 0.000000 -0.131584
v 0.317474 0.000000 0.072690
v 0.324131 0.000000 0.031496
v 0.325468 0.000000 -0.010210
v -0.177645 0.000000 0.273141
v -0.211087 0.000000 0.248183
v -0.241062 0.000000 0.219154
v -0.321463 0.000000 -0.051744
v -0.082600 0.000000 -0.314758
v -0.041641 0.000000 -0.322736
v 0.312177 0.000000 -0.092424
v 0.321463 0.000000 -0.051744
v 0.267078 0.000000 0.186531
v 0.241062 0.000000 0.219154
v 0.211087 0.000000 0.248183
v 0.177645 0.000000 0.273141
v -0.267079 0.000000 0.186531
v -0.288709 0.000000 0.150848
v -0.305599 0.000000 0.112692
v -0.312177 0.000000 -0.092424
v -0.297765 0.000000 -0.131584
v -0.122201 0.000000 -0.301609
v -0.278466 0.000000 -0.168580
v -0.254594 0.000000 -0.202803
v 0.305599 0.000000 0.112692
v 0.288709 0.000000 0.150848
v -0.317474 0.000000 0.072690
v -0.324131 0.000000 0.031496
v -0.226540 0.000000 -0.233692
v -0.194767 0.000000 -0.260741
v -0.159795 0.000000 -0.283506
v 0.141289 0.000000 0.293617
v 0.102611 0.000000 0.309276
v 0.062249 0.000000 0.319860
v 0.020863 0.000000 0.325196
v -0.020863 0.000000 0.325196
v -0.062249 0.000000 0.319860
v 0.041544 0.072245 -0.321973
v -0.000000 0.072245 -0.324641
v -0.041544 0.072245 -0.321973
v -0.082405 0.072245 -0.314015
v -0.121913 0.072245 -0.300897
v -0.159418 0.072245 -0.282837
v -0.194307 0.072245 -0.260126
v -0.226005 0.072245 -0.233141
v -0.253993 0.072245 -0.202325
v -0.277809 0.072245 -0.168182
v -0.297063 0.072245 -0.131273
v -0.311441 0.072245 -0.092206
v -0.320704 0.072245 -0.051623
v -0.324701 0.072245 -0.010185
v -0.323366 0.072245 0.031423
v -0.316723 0.072245 0.072517
v -0.304879 0.072245 0.112426
v -0.288028 0.072245 0.150492
v -0.266448 0.072245 0.186091
v -0.240493 0.072245 0.218637
v -0.210589 0.072245 0.247597
v -0.177227 0.072245 0.272495
v -0.140956 0.072245 0.292925
v -0.102367 0.072245 0.308545
v -0.062102 0.072245 0.319104
v -0.020815 0.072245 0.324428
v 0.020815 0.072245 0.324428
v 0.062102 0.072245 0.319104
v 0.102367 0.072245 0.308545
v 0.140956 0.072245 0.292925
v 0.177227 0.072245 0.272495
v 0.210589 0.072245 0.247597
v 0.240493 0.072245 0.218637
v 0.266447 0.072245 0.186091
v 0.288028 0.072245 0.150492
v 0.304879 0.072245 0.112426
v 0.316723 0.072245 0.072517
v 0.323366 0.072245 0.031423
v 0.324701 0.072245 -0.010185
v 0.320704 0.072245 -0.051623
v 0.311441 0.072245 -0.092206
v 0.297063 0.072245 -0.131273
v 0.277809 0.072245 -0.168182
v 0.253992 0.072245 -0.202325
v 0.226005 0.072245 -0.233141
v 0.194307 0.072245 -0.260126
v 0.159418 0.072245 -0.282837
v 0.121913 0.072245 -0.300897
v 0.082405 0.072245 -0.314015
v 0.179689 0.096327 -0.242417
v 0.288808 0.096327 -0.087832
v 0.289363 0.096327 -0.085659
v 0.284501 0.096327 0.101338
v 0.283232 0.096327 0.104453
v 0.168460 0.096327 0.250798
v 0.164627 0.096327 0.253128
v -0.094609 0.096327 0.286955
v -0.246670 0.096327 0.174347
v -0.247577 0.096327 0.172929
v -0.301856 0.096327 -0.006646
v -0.301665 0.096327 -0.009443
v -0.238491 0.096327 -0.184940
v -0.235944 0.096327 -0.187927
v -0.054684 0.096327 -0.296713
v -0.076545 0.096327 -0.291649
v -0.081461 0.096327 -0.290511
v -0.107562 0.096327 -0.281899
v -0.113220 0.096327 -0.279442
v -0.132772 0.096327 -0.270948
v -0.148025 0.096327 -0.262600
v -0.180559 0.096327 -0.241710
v -0.156880 0.096327 -0.257751
v -0.201011 0.096327 -0.225071
v -0.209834 0.096327 -0.216446
v -0.220665 0.096327 -0.205859
v -0.254340 0.096327 -0.162485
v -0.257985 0.096327 -0.156171
v -0.268083 0.096327 -0.138682
v -0.275842 0.096327 -0.121877
v -0.289363 0.096327 -0.085659
v -0.288808 0.096327 -0.087832
v -0.279604 0.096327 -0.113728
v -0.295619 0.096327 -0.061204
v -0.297755 0.096327 -0.047912
v -0.299979 0.096327 -0.034068
v -0.301230 0.096327 0.020831
v -0.300275 0.096327 0.029189
v -0.283232 0.096327 0.104453
v -0.284501 0.096327 0.101338
v -0.292517 0.096327 0.075049
v -0.294114 0.096327 0.067361
v -0.298108 0.096327 0.048139
v -0.274127 0.096327 0.126790
v -0.267417 0.096327 0.139739
v -0.261482 0.096327 0.151194
v -0.229816 0.096327 0.196056
v -0.223307 0.096327 0.203025
v -0.164627 0.096327 0.253128
v -0.168460 0.096327 0.250798
v -0.190546 0.096327 0.234440
v -0.195568 0.096327 0.229961
v -0.211055 0.096327 0.216144
v -0.144977 0.096327 0.265078
v -0.130869 0.096327 0.271985
v -0.120291 0.096327 0.277164
v -0.068144 0.096327 0.294370
v -0.057664 0.096327 0.296301
v 0.019327 0.096327 0.301339
v 0.013743 0.096327 0.301848
v -0.013743 0.096327 0.301848
v -0.019327 0.096327 0.301339
v -0.041113 0.096327 0.299349
v 0.041113 0.096327 0.299349
v 0.057664 0.096327 0.296301
v 0.095134 0.096327 0.286755
v 0.068144 0.096327 0.294370
v 0.120291 0.096327 0.277164
v 0.130869 0.096327 0.271985
v 0.144977 0.096327 0.265078
v 0.190546 0.096327 0.234440
v 0.195568 0.096327 0.229961
v 0.211055 0.096327 0.216144
v 0.223307 0.096327 0.203025
v 0.247577 0.096327 0.172929
v 0.246670 0.096327 0.174347
v 0.229816 0.096327 0.196056
v 0.261482 0.096327 0.151194
v 0.267417 0.096327 0.139739
v 0.274127 0.096327 0.126790
v 0.292517 0.096327 0.075049
v 0.294114 0.096327 0.067361
v 0.298108 0.096327 0.048139
v 0.300275 0.096327 0.029189
v 0.301665 0.096327 -0.009443
v 0.301856 0.096327 -0.006646
v 0.301229 0.096327 0.020831
v 0.299979 0.096327 -0.034068
v 0.297755 0.096327 -0.047912
v 0.295619 0.096327 -0.061204
v 0.279604 0.096327 -0.113728
v 0.275842 0.096327 -0.121877
v 0.235944 0.096327 -0.187927
v 0.238491 0.096327 -0.184940
v 0.254340 0.096327 -0.162485
v 0.257985 0.096327 -0.156171
v 0.268083 0.096327 -0.138682
v 0.220665 0.096327 -0.205859
v 0.209834 0.096327 -0.216446
v 0.201009 0.096327 -0.225071
v 0.156880 0.096327 -0.257751
v 0.148025 0.096327 -0.262600
v 0.076545 0.096327 -0.291649
v 0.081461 0.096327 -0.290511
v 0.107562 0.096327 -0.281899
v 0.113220 0.096327 -0.279442
v 0.132772 0.096327 -0.270948
v 0.054684 0.096327 -0.296713
v 0.038570 0.096327 -0.298929
v -0.038570 0.096327 -0.298929
v -0.027457 0.096327 -0.300457
v -0.000000 0.096327 -0.301708
v 0.027457 0.096327 -0.300457
v 0.165573 0.234459 -0.201536
v 0.173550 0.234459 -0.194308
v 0.181093 0.228571 -0.202758
v 0.184551 0.234459 -0.184336
v 0.190533 0.234459 -0.177737
v 0.198799 0.228571 -0.185450
v 0.201753 0.234459 -0.165358
v 0.205952 0.234459 -0.159695
v 0.214858 0.228571 -0.166603
v 0.217010 0.234459 -0.144785
v 0.219680 0.234459 -0.140329
v 0.229139 0.228571 -0.146373
v 0.230178 0.234459 -0.122817
v 0.241519 0.228571 -0.124930
v 0.241128 0.234459 -0.099663
v 0.251898 0.228571 -0.102448
v 0.241128 0.234459 0.100095
v 0.236685 0.234459 0.109490
v 0.246965 0.228571 0.114238
v 0.230178 0.234459 0.123248
v 0.225790 0.234459 0.130570
v 0.235573 0.228571 0.136224
v 0.217010 0.234459 0.145218
v 0.213032 0.234459 0.150583
v 0.222229 0.228571 0.157082
v 0.201753 0.234459 0.165790
v 0.198512 0.234459 0.169365
v 0.207044 0.228571 0.176641
v 0.184551 0.234459 0.184767
v 0.182353 0.234459 0.186762
v 0.190142 0.228571 0.194738
v 0.165573 0.234459 0.201969
v 0.164680 0.234459 0.202631
v 0.171665 0.228571 0.211223
v -0.000000 0.234459 0.261213
v -0.011863 0.234459 0.260629
v -0.012382 0.228571 0.271951
v -0.025583 0.234459 0.259955
v -0.035495 0.234459 0.258484
v -0.037039 0.228571 0.269700
v -0.050918 0.234459 0.256197
v -0.058838 0.234459 0.254214
v -0.061391 0.228571 0.265214
v -0.075763 0.234459 0.249973
v -0.081702 0.234459 0.247849
v -0.085235 0.228571 0.258533
v -0.099878 0.234459 0.241343
v -0.103903 0.234459 0.239440
v -0.108371 0.228571 0.249713
v -0.123033 0.234459 0.230393
v -0.125261 0.234459 0.229059
v -0.130610 0.228571 0.238824
v -0.145003 0.234459 0.217226
v -0.151767 0.228571 0.225959
v -0.249758 0.234459 0.075979
v -0.252553 0.234459 0.064818
v -0.263531 0.228571 0.067625
v -0.255981 0.234459 0.051133
v -0.257397 0.234459 0.041589
v -0.268569 0.228571 0.043381
v -0.259739 0.234459 0.025799
v -0.260122 0.234459 0.018014
v -0.271382 0.228571 0.018780
v -0.260995 0.234459 0.000215
v -0.260704 0.234459 -0.005713
v -0.271945 0.228571 -0.005977
v -0.259739 0.234459 -0.025365
v -0.259141 0.234459 -0.029403
v -0.270257 0.228571 -0.030680
v -0.255981 0.234459 -0.050702
v -0.255441 0.234459 -0.052860
v -0.266326 0.228571 -0.055127
v -0.249758 0.234459 -0.075547
v -0.260190 0.228571 -0.079115
v -0.145003 0.234459 -0.216795
v -0.135450 0.234459 -0.222519
v -0.141335 0.228571 -0.232199
v -0.123033 0.234459 -0.229961
v -0.114644 0.234459 -0.233929
v -0.119614 0.228571 -0.244089
v -0.099878 0.234459 -0.240913
v -0.092890 0.234459 -0.243413
v -0.096904 0.228571 -0.253954
v -0.075763 0.234459 -0.249540
v -0.070364 0.234459 -0.250895
v -0.073389 0.228571 -0.261712
v -0.050918 0.234459 -0.255764
v -0.047247 0.234459 -0.256309
v -0.049267 0.228571 -0.267302
v -0.025583 0.234459 -0.259523
v -0.023730 0.234459 -0.259614
v -0.024736 0.228571 -0.270674
v -0.000000 0.107102 -0.308946
v 0.028116 0.107102 -0.307666
v 0.055996 0.107102 -0.303834
v 0.110140 0.107102 -0.288663
v 0.183998 0.107102 -0.248236
v 0.225953 0.107102 -0.210802
v 0.260439 0.107102 -0.166387
v 0.274510 0.107102 -0.142013
v 0.295732 0.107102 -0.089943
v 0.307173 0.107102 -0.034890
v 0.308453 0.107102 0.021325
v 0.305255 0.107102 0.049287
v 0.291322 0.107102 0.103762
v 0.235326 0.107102 0.200751
v 0.216115 0.107102 0.221319
v 0.172499 0.107102 0.256804
v 0.069778 0.107102 0.301423
v 0.042098 0.107102 0.306520
v -0.014072 0.107102 0.309079
v -0.096877 0.107102 0.293830
v -0.148452 0.107102 0.271427
v -0.195115 0.107102 0.240055
v -0.252584 0.107102 0.178520
v -0.280700 0.107102 0.129825
v -0.299529 0.107102 0.076842
v -0.305255 0.107102 0.049287
v -0.309093 0.107102 -0.006812
v -0.286308 0.107102 -0.116463
v -0.274510 0.107102 -0.142013
v -0.244209 0.107102 -0.189379
v -0.160642 0.107102 -0.263937
v -0.135954 0.107102 -0.277450
v -0.083414 0.107102 -0.297481
v -0.028116 0.107102 -0.307666
v -0.055996 0.107102 -0.303834
v -0.110140 0.107102 -0.288663
v -0.183998 0.107102 -0.248236
v -0.205830 0.107102 -0.230474
v -0.225953 0.107102 -0.210802
v -0.260439 0.107102 -0.166387
v -0.295732 0.107102 -0.089943
v -0.302707 0.107102 -0.062677
v -0.307173 0.107102 -0.034890
v -0.308453 0.107102 0.021325
v -0.291322 0.107102 0.103762
v -0.267753 0.107102 0.154812
v -0.235326 0.107102 0.200751
v -0.216115 0.107102 0.221319
v -0.172499 0.107102 0.256804
v -0.123176 0.107102 0.283803
v -0.069778 0.107102 0.301423
v -0.042098 0.107102 0.306520
v 0.014071 0.107102 0.309079
v 0.096877 0.107102 0.293830
v 0.123176 0.107102 0.283803
v 0.148452 0.107102 0.271427
v 0.195115 0.107102 0.240055
v 0.252584 0.107102 0.178520
v 0.267753 0.107102 0.154812
v 0.280700 0.107102 0.129825
v 0.299529 0.107102 0.076842
v 0.309093 0.107102 -0.006812
v 0.302707 0.107102 -0.062677
v 0.286308 0.107102 -0.116463
v 0.244209 0.107102 -0.189379
v 0.205830 0.107102 -0.230474
v 0.160642 0.107102 -0.263937
v 0.135954 0.107102 -0.277450
v 0.083414 0.107102 -0.297481
v -0.028595 0.119207 -0.312925
v -0.000000 0.119207 -0.314228
v -0.028882 0.132307 -0.316066
v -0.000000 0.132307 -0.317381
v -0.028967 0.146042 -0.316995
v -0.000000 0.146042 -0.318315
v -0.028849 0.160033 -0.315716
v -0.000000 0.160033 -0.317029
v -0.028539 0.173893 -0.312302
v -0.000000 0.173893 -0.313602
v -0.028045 0.187241 -0.306908
v -0.000000 0.187241 -0.308187
v -0.027389 0.199709 -0.299741
v -0.000000 0.199709 -0.300988
v -0.026597 0.210952 -0.291050
v -0.000000 0.210952 -0.292261
v -0.025690 0.220663 -0.281112
v -0.000000 0.220663 -0.282283
v -0.000000 0.228571 -0.271800
v -0.000000 0.234459 -0.260780
v -0.056952 0.119207 -0.309027
v -0.057523 0.132307 -0.312128
v -0.057693 0.146042 -0.313048
v -0.057459 0.160033 -0.311783
v -0.056839 0.173893 -0.308413
v -0.055858 0.187241 -0.303084
v -0.054552 0.199709 -0.296007
v -0.052972 0.210952 -0.287425
v -0.051165 0.220663 -0.277610
v -0.084839 0.119207 -0.302568
v -0.085689 0.132307 -0.305603
v -0.085941 0.146042 -0.306504
v -0.085593 0.160033 -0.305264
v -0.084669 0.173893 -0.301966
v -0.083207 0.187241 -0.296750
v -0.081266 0.199709 -0.289819
v -0.078911 0.210952 -0.281415
v -0.076217 0.220663 -0.271806
v -0.112022 0.119207 -0.293598
v -0.113145 0.132307 -0.296545
v -0.113477 0.146042 -0.297417
v -0.113018 0.160033 -0.296216
v -0.111797 0.173893 -0.293014
v -0.109867 0.187241 -0.287952
v -0.107302 0.199709 -0.281227
v -0.104193 0.210952 -0.273073
v -0.100640 0.220663 -0.263749
v -0.138277 0.119207 -0.282194
v -0.139663 0.132307 -0.285025
v -0.140072 0.146042 -0.285865
v -0.139507 0.160033 -0.284711
v -0.138000 0.173893 -0.281632
v -0.135617 0.187241 -0.276769
v -0.132452 0.199709 -0.270304
v -0.128614 0.210952 -0.262465
v -0.124225 0.220663 -0.253505
v -0.163385 0.119207 -0.268450
v -0.165024 0.132307 -0.271145
v -0.165508 0.146042 -0.271941
v -0.164838 0.160033 -0.270844
v -0.163059 0.173893 -0.267916
v -0.160243 0.187241 -0.263289
v -0.156502 0.199709 -0.257140
v -0.151967 0.210952 -0.249681
v -0.146782 0.220663 -0.241156
v -0.187140 0.119207 -0.252480
v -0.189015 0.132307 -0.255013
v -0.189572 0.146042 -0.255765
v -0.188807 0.160033 -0.254732
v -0.186765 0.173893 -0.251977
v -0.183542 0.187241 -0.247625
v -0.179256 0.199709 -0.241841
v -0.174063 0.210952 -0.234828
v -0.168123 0.220663 -0.226809
v -0.161884 0.228571 -0.218385
v -0.155138 0.234459 -0.209276
v -0.181093 0.228571 -0.202758
v -0.173550 0.234459 -0.194308
v -0.165573 0.234459 -0.201536
v -0.209343 0.119207 -0.234415
v -0.211442 0.132307 -0.236767
v -0.212063 0.146042 -0.237465
v -0.211208 0.160033 -0.236506
v -0.208924 0.173893 -0.233950
v -0.205318 0.187241 -0.229907
v -0.200526 0.199709 -0.224538
v -0.194716 0.210952 -0.218026
v -0.188071 0.220663 -0.210581
v -0.198799 0.228571 -0.185450
v -0.190533 0.234459 -0.177737
v -0.184551 0.234459 -0.184336
v -0.229814 0.119207 -0.214406
v -0.232117 0.132307 -0.216557
v -0.232800 0.146042 -0.217197
v -0.231860 0.160033 -0.216319
v -0.229354 0.173893 -0.213980
v -0.225395 0.187241 -0.210284
v -0.220133 0.199709 -0.205371
v -0.213754 0.210952 -0.199415
v -0.206461 0.220663 -0.192604
v -0.214858 0.228571 -0.166603
v -0.205952 0.234459 -0.159695
v -0.201753 0.234459 -0.165358
v -0.248380 0.119207 -0.192618
v -0.250870 0.132307 -0.194553
v -0.251606 0.146042 -0.195126
v -0.250589 0.160033 -0.194337
v -0.247883 0.173893 -0.192236
v -0.243602 0.187241 -0.188916
v -0.237917 0.199709 -0.184501
v -0.231023 0.210952 -0.179149
v -0.223140 0.220663 -0.173030
v -0.229139 0.228571 -0.146373
v -0.219680 0.234459 -0.140329
v -0.217010 0.234459 -0.144785
v -0.264887 0.119207 -0.169233
v -0.267541 0.132307 -0.170933
v -0.268328 0.146042 -0.171436
v -0.267244 0.160033 -0.170744
v -0.264355 0.173893 -0.168898
v -0.259791 0.187241 -0.165980
v -0.253728 0.199709 -0.162101
v -0.246376 0.210952 -0.157398
v -0.237969 0.220663 -0.152021
v -0.241519 0.228571 -0.124930
v -0.231605 0.234459 -0.119797
v -0.279199 0.119207 -0.144444
v -0.281998 0.132307 -0.145895
v -0.282827 0.146042 -0.146324
v -0.281682 0.160033 -0.145734
v -0.278640 0.173893 -0.144158
v -0.273829 0.187241 -0.141667
v -0.267438 0.199709 -0.138356
v -0.259688 0.210952 -0.134341
v -0.250827 0.220663 -0.129752
v -0.251898 0.228571 -0.102448
v -0.241628 0.234459 -0.098266
v -0.291198 0.119207 -0.118455
v -0.294116 0.132307 -0.119646
v -0.294980 0.146042 -0.120000
v -0.293789 0.160033 -0.119515
v -0.290615 0.173893 -0.118223
v -0.285596 0.187241 -0.116178
v -0.278932 0.199709 -0.113462
v -0.270848 0.210952 -0.110169
v -0.261607 0.220663 -0.106404
v -0.300784 0.119207 -0.091484
v -0.303798 0.132307 -0.092403
v -0.304691 0.146042 -0.092677
v -0.303461 0.160033 -0.092303
v -0.300182 0.173893 -0.091303
v -0.294998 0.187241 -0.089725
v -0.288113 0.199709 -0.087627
v -0.279764 0.210952 -0.085082
v -0.270218 0.220663 -0.082173
v -0.307877 0.119207 -0.063752
v -0.310962 0.132307 -0.064394
v -0.311877 0.146042 -0.064584
v -0.310616 0.160033 -0.064324
v -0.307261 0.173893 -0.063629
v -0.301955 0.187241 -0.062528
v -0.294908 0.199709 -0.061064
v -0.286361 0.210952 -0.059289
v -0.276590 0.220663 -0.057259
v -0.312420 0.119207 -0.035491
v -0.315550 0.132307 -0.035850
v -0.316478 0.146042 -0.035956
v -0.315200 0.160033 -0.035811
v -0.311793 0.173893 -0.035422
v -0.306410 0.187241 -0.034808
v -0.299258 0.199709 -0.033992
v -0.290585 0.210952 -0.033002
v -0.280671 0.220663 -0.031870
v -0.314373 0.119207 -0.006933
v -0.317523 0.132307 -0.007005
v -0.318457 0.146042 -0.007028
v -0.317170 0.160033 -0.006999
v -0.313743 0.173893 -0.006923
v -0.308327 0.187241 -0.006800
v -0.301129 0.199709 -0.006638
v -0.292403 0.210952 -0.006441
v -0.282425 0.220663 -0.006213
v -0.313721 0.119207 0.021684
v -0.316866 0.132307 0.021898
v -0.317796 0.146042 0.021962
v -0.316512 0.160033 0.021873
v -0.313093 0.173893 0.021638
v -0.307688 0.187241 0.021266
v -0.300505 0.199709 0.020774
v -0.291797 0.210952 0.020178
v -0.281841 0.220663 0.019495
v -0.310469 0.119207 0.050124
v -0.313581 0.132307 0.050623
v -0.314504 0.146042 0.050770
v -0.313231 0.160033 0.050564
v -0.309848 0.173893 0.050021
v -0.304498 0.187241 0.049159
v -0.297391 0.199709 0.048015
v -0.288774 0.210952 0.046629
v -0.278920 0.220663 0.045045
v -0.304645 0.119207 0.078149
v -0.307700 0.132307 0.078930
v -0.308604 0.146042 0.079160
v -0.307357 0.160033 0.078841
v -0.304035 0.173893 0.077989
v -0.298786 0.187241 0.076645
v -0.291813 0.199709 0.074860
v -0.283356 0.210952 0.072696
v -0.273687 0.220663 0.070222
v -0.296298 0.119207 0.105530
v -0.299267 0.132307 0.106584
v -0.300147 0.146042 0.106897
v -0.298933 0.160033 0.106463
v -0.295704 0.173893 0.105315
v -0.290600 0.187241 0.103500
v -0.283815 0.199709 0.101086
v -0.275592 0.210952 0.098164
v -0.266188 0.220663 0.094820
v -0.256310 0.228571 0.091308
v -0.245630 0.234459 0.087513
v -0.246965 0.228571 0.114238
v -0.236685 0.234459 0.109490
v -0.241128 0.234459 0.100095
v -0.285493 0.119207 0.132037
v -0.288354 0.132307 0.133358
v -0.289202 0.146042 0.133748
v -0.288035 0.160033 0.133207
v -0.284921 0.173893 0.131768
v -0.280004 0.187241 0.129497
v -0.273468 0.199709 0.126478
v -0.265543 0.210952 0.122818
v -0.256482 0.220663 0.118633
v -0.235573 0.228571 0.136224
v -0.225790 0.234459 0.130570
v -0.230178 0.234459 0.123248
v -0.272325 0.119207 0.157453
v -0.275054 0.132307 0.159028
v -0.275863 0.146042 0.159493
v -0.274748 0.160033 0.158849
v -0.271779 0.173893 0.157132
v -0.267087 0.187241 0.154423
v -0.260853 0.199709 0.150824
v -0.253294 0.210952 0.146457
v -0.244652 0.220663 0.141467
v -0.222229 0.228571 0.157082
v -0.213032 0.234459 0.150583
v -0.217010 0.234459 0.145218
v -0.256900 0.119207 0.181564
v -0.259474 0.132307 0.183381
v -0.260237 0.146042 0.183918
v -0.259185 0.160033 0.183176
v -0.256385 0.173893 0.181197
v -0.251957 0.187241 0.178072
v -0.246079 0.199709 0.173919
v -0.238946 0.210952 0.168883
v -0.230794 0.220663 0.163129
v -0.207045 0.228571 0.176641
v -0.198512 0.234459 0.169365
v -0.201753 0.234459 0.165790
v -0.239345 0.119207 0.204174
v -0.241743 0.132307 0.206218
v -0.242453 0.146042 0.206823
v -0.241475 0.160033 0.205987
v -0.238866 0.173893 0.203761
v -0.234743 0.187241 0.200246
v -0.229262 0.199709 0.195577
v -0.222619 0.210952 0.189914
v -0.215023 0.220663 0.183440
v -0.190142 0.228571 0.194738
v -0.182354 0.234459 0.186762
v -0.184551 0.234459 0.184767
v -0.219808 0.119207 0.225095
v -0.222011 0.132307 0.227348
v -0.222663 0.146042 0.228014
v -0.221763 0.160033 0.227092
v -0.219367 0.173893 0.224639
v -0.215580 0.187241 0.220764
v -0.210548 0.199709 0.215616
v -0.204446 0.210952 0.209371
v -0.197470 0.220663 0.202234
v -0.171665 0.228571 0.211223
v -0.164680 0.234459 0.202631
v -0.165573 0.234459 0.201969
v -0.198449 0.119207 0.244152
v -0.200438 0.132307 0.246594
v -0.201025 0.146042 0.247319
v -0.200213 0.160033 0.246319
v -0.198050 0.173893 0.243657
v -0.194631 0.187241 0.239454
v -0.190089 0.199709 0.233869
v -0.184580 0.210952 0.227097
v -0.178283 0.220663 0.219354
v -0.175445 0.119207 0.261186
v -0.177202 0.132307 0.263801
v -0.177724 0.146042 0.264575
v -0.177006 0.160033 0.263505
v -0.175093 0.173893 0.260658
v -0.172071 0.187241 0.256161
v -0.168053 0.199709 0.250187
v -0.163184 0.210952 0.242942
v -0.157617 0.220663 0.234658
v -0.150987 0.119207 0.276059
v -0.152500 0.132307 0.278823
v -0.152949 0.146042 0.279641
v -0.152331 0.160033 0.278511
v -0.150684 0.173893 0.275502
v -0.148083 0.187241 0.270749
v -0.144627 0.199709 0.264432
v -0.140436 0.210952 0.256776
v -0.135643 0.220663 0.248020
v -0.125279 0.119207 0.288646
v -0.126534 0.132307 0.291536
v -0.126906 0.146042 0.292393
v -0.126393 0.160033 0.291211
v -0.125028 0.173893 0.288064
v -0.122870 0.187241 0.283093
v -0.120001 0.199709 0.276489
v -0.116524 0.210952 0.268482
v -0.112548 0.220663 0.259328
v -0.098533 0.119207 0.298843
v -0.099520 0.132307 0.301836
v -0.099812 0.146042 0.302721
v -0.099409 0.160033 0.301498
v -0.098334 0.173893 0.298240
v -0.096637 0.187241 0.293095
v -0.094381 0.199709 0.286258
v -0.091648 0.210952 0.277968
v -0.088520 0.220663 0.268489
v -0.070969 0.119207 0.306566
v -0.071680 0.132307 0.309635
v -0.071891 0.146042 0.310544
v -0.071601 0.160033 0.309289
v -0.070827 0.173893 0.305948
v -0.069604 0.187241 0.300668
v -0.067980 0.199709 0.293655
v -0.066009 0.210952 0.285151
v -0.063757 0.220663 0.275427
v -0.042819 0.119207 0.311750
v -0.043247 0.132307 0.314871
v -0.043375 0.146042 0.315796
v -0.043199 0.160033 0.314520
v -0.042732 0.173893 0.311121
v -0.041995 0.187241 0.305754
v -0.041015 0.199709 0.298621
v -0.039826 0.210952 0.289973
v -0.038466 0.220663 0.280086
v -0.014313 0.119207 0.314353
v -0.014455 0.132307 0.317501
v -0.014499 0.146042 0.318433
v -0.014439 0.160033 0.317145
v -0.014283 0.173893 0.313718
v -0.014036 0.187241 0.308306
v -0.013710 0.199709 0.301114
v -0.013312 0.210952 0.292394
v -0.012857 0.220663 0.282423
v 0.014312 0.119207 0.314353
v 0.014455 0.132307 0.317501
v 0.014499 0.146042 0.318433
v 0.014439 0.160033 0.317145
v 0.014283 0.173893 0.313718
v 0.014036 0.187241 0.308306
v 0.013710 0.199709 0.301114
v 0.013312 0.210952 0.292394
v 0.012856 0.220663 0.282423
v 0.012382 0.228571 0.271951
v 0.011863 0.234459 0.260629
v 0.037039 0.228571 0.269700
v 0.035495 0.234459 0.258484
v 0.025583 0.234459 0.259955
v 0.042819 0.119207 0.311750
v 0.043247 0.132307 0.314871
v 0.043375 0.146042 0.315796
v 0.043199 0.160033 0.314520
v 0.042732 0.173893 0.311121
v 0.041995 0.187241 0.305754
v 0.041015 0.199709 0.298621
v 0.039826 0.210952 0.289973
v 0.038466 0.220663 0.280086
v 0.061391 0.228571 0.265214
v 0.058838 0.234459 0.254214
v 0.050918 0.234459 0.256197
v 0.070969 0.119207 0.306566
v 0.071680 0.132307 0.309635
v 0.071891 0.146042 0.310544
v 0.071601 0.160033 0.309289
v 0.070827 0.173893 0.305948
v 0.069604 0.187241 0.300668
v 0.067980 0.199709 0.293655
v 0.066009 0.210952 0.285151
v 0.063757 0.220663 0.275427
v 0.085235 0.228571 0.258533
v 0.081702 0.234459 0.247849
v 0.075763 0.234459 0.249973
v 0.098533 0.119207 0.298843
v 0.099520 0.132307 0.301836
v 0.099812 0.146042 0.302721
v 0.099409 0.160033 0.301498
v 0.098334 0.173893 0.298240
v 0.096637 0.187241 0.293095
v 0.094381 0.199709 0.286258
v 0.091648 0.210952 0.277968
v 0.088520 0.220663 0.268489
v 0.108371 0.228571 0.249713
v 0.103903 0.234459 0.239440
v 0.099878 0.234459 0.241343
v 0.125279 0.119207 0.288646
v 0.126534 0.132307 0.291536
v 0.126906 0.146042 0.292393
v 0.126393 0.160033 0.291211
v 0.125028 0.173893 0.288064
v 0.122870 0.187241 0.283093
v 0.120001 0.199709 0.276489
v 0.116524 0.210952 0.268482
v 0.112548 0.220663 0.259328
v 0.130610 0.228571 0.238824
v 0.125261 0.234459 0.229059
v 0.123033 0.234459 0.230393
v 0.150987 0.119207 0.276059
v 0.152500 0.132307 0.278823
v 0.152949 0.146042 0.279641
v 0.152331 0.160033 0.278511
v 0.150684 0.173893 0.275502
v 0.148083 0.187241 0.270749
v 0.144627 0.199709 0.264432
v 0.140436 0.210952 0.256776
v 0.135643 0.220663 0.248020
v 0.151767 0.228571 0.225959
v 0.145597 0.234459 0.216784
v 0.175445 0.119207 0.261186
v 0.177202 0.132307 0.263801
v 0.177724 0.146042 0.264575
v 0.177006 0.160033 0.263505
v 0.175093 0.173893 0.260658
v 0.172071 0.187241 0.256161
v 0.168053 0.199709 0.250187
v 0.163183 0.210952 0.242942
v 0.157617 0.220663 0.234658
v 0.198449 0.119207 0.244152
v 0.200438 0.132307 0.246594
v 0.201025 0.146042 0.247319
v 0.200213 0.160033 0.246319
v 0.198050 0.173893 0.243657
v 0.194631 0.187241 0.239454
v 0.190089 0.199709 0.233869
v 0.184580 0.210952 0.227097
v 0.178283 0.220663 0.219354
v 0.219808 0.119207 0.225095
v 0.222011 0.132307 0.227348
v 0.222663 0.146042 0.228014
v 0.221763 0.160033 0.227092
v 0.219367 0.173893 0.224639
v 0.215580 0.187241 0.220764
v 0.210548 0.199709 0.215616
v 0.204446 0.210952 0.209371
v 0.197470 0.220663 0.202234
v 0.239345 0.119207 0.204174
v 0.241743 0.132307 0.206218
v 0.242453 0.146042 0.206823
v 0.241475 0.160033 0.205987
v 0.238866 0.173893 0.203761
v 0.234743 0.187241 0.200246
v 0.229262 0.199709 0.195577
v 0.222619 0.210952 0.189914
v 0.215023 0.220663 0.183440
v 0.256900 0.119207 0.181564
v 0.259474 0.132307 0.183381
v 0.260237 0.146042 0.183918
v 0.259185 0.160033 0.183176
v 0.256385 0.173893 0.181197
v 0.251957 0.187241 0.178072
v 0.246079 0.199709 0.173919
v 0.238946 0.210952 0.168883
v 0.230794 0.220663 0.163129
v 0.272325 0.119207 0.157453
v 0.275054 0.132307 0.159028
v 0.275863 0.146042 0.159493
v 0.274748 0.160033 0.158849
v 0.271779 0.173893 0.157132
v 0.267087 0.187241 0.154423
v 0.260853 0.199709 0.150824
v 0.253294 0.210952 0.146457
v 0.244651 0.220663 0.141467
v 0.285493 0.119207 0.132037
v 0.288354 0.132307 0.133358
v 0.289202 0.146042 0.133748
v 0.288035 0.160033 0.133207
v 0.284921 0.173893 0.131768
v 0.280004 0.187241 0.129497
v 0.273468 0.199709 0.126478
v 0.265543 0.210952 0.122818
v 0.256482 0.220663 0.118633
v 0.296298 0.119207 0.105530
v 0.299267 0.132307 0.106584
v 0.300147 0.146042 0.106897
v 0.298933 0.160033 0.106463
v 0.295704 0.173893 0.105315
v 0.290600 0.187241 0.103500
v 0.283815 0.199709 0.101086
v 0.275592 0.210952 0.098164
v 0.266188 0.220663 0.094820
v 0.256310 0.228571 0.091308
v 0.245630 0.234459 0.087513
v 0.263531 0.228571 0.067625
v 0.252553 0.234459 0.064818
v 0.249758 0.234459 0.075979
v 0.304645 0.119207 0.078149
v 0.307700 0.132307 0.078930
v 0.308604 0.146042 0.079160
v 0.307357 0.160033 0.078841
v 0.304035 0.173893 0.077989
v 0.298786 0.187241 0.076645
v 0.291813 0.199709 0.074860
v 0.283356 0.210952 0.072696
v 0.273687 0.220663 0.070222
v 0.268569 0.228571 0.043381
v 0.257397 0.234459 0.041589
v 0.255981 0.234459 0.051133
v 0.310469 0.119207 0.050124
v 0.313581 0.132307 0.050623
v 0.314503 0.146042 0.050770
v 0.313231 0.160033 0.050564
v 0.309848 0.173893 0.050021
v 0.304498 0.187241 0.049159
v 0.297391 0.199709 0.048015
v 0.288774 0.210952 0.046629
v 0.278920 0.220663 0.045045
v 0.271382 0.228571 0.018780
v 0.260122 0.234459 0.018014
v 0.259739 0.234459 0.025799
v 0.313721 0.119207 0.021684
v 0.316866 0.132307 0.021898
v 0.317796 0.146042 0.021962
v 0.316512 0.160033 0.021873
v 0.313093 0.173893 0.021638
v 0.307688 0.187241 0.021266
v 0.300505 0.199709 0.020774
v 0.291797 0.210952 0.020178
v 0.281841 0.220663 0.019495
v 0.271945 0.228571 -0.005977
v 0.260704 0.234459 -0.005713
v 0.260995 0.234459 0.000215
v 0.314373 0.119207 -0.006933
v 0.317523 0.132307 -0.007005
v 0.318457 0.146042 -0.007028
v 0.317170 0.160033 -0.006999
v 0.313743 0.173893 -0.006923
v 0.308326 0.187241 -0.006800
v 0.301129 0.199709 -0.006638
v 0.292403 0.210952 -0.006441
v 0.282425 0.220663 -0.006213
v 0.270257 0.228571 -0.030680
v 0.259141 0.234459 -0.029403
v 0.259739 0.234459 -0.025365
v 0.312419 0.119207 -0.035491
v 0.315550 0.132307 -0.035850
v 0.316478 0.146042 -0.035956
v 0.315200 0.160033 -0.035811
v 0.311793 0.173893 -0.035422
v 0.306410 0.187241 -0.034808
v 0.299258 0.199709 -0.033992
v 0.290585 0.210952 -0.033002
v 0.280671 0.220663 -0.031870
v 0.266326 0.228571 -0.055127
v 0.255441 0.234459 -0.052860
v 0.255981 0.234459 -0.050702
v 0.307877 0.119207 -0.063752
v 0.310962 0.132307 -0.064394
v 0.311877 0.146042 -0.064584
v 0.310616 0.160033 -0.064324
v 0.307260 0.173893 -0.063629
v 0.301955 0.187241 -0.062528
v 0.294908 0.199709 -0.061064
v 0.286361 0.210952 -0.059289
v 0.276590 0.220663 -0.057259
v 0.260190 0.228571 -0.079115
v 0.249632 0.234459 -0.075896
v 0.300784 0.119207 -0.091484
v 0.303798 0.132307 -0.092403
v 0.304691 0.146042 -0.092677
v 0.303461 0.160033 -0.092303
v 0.300182 0.173893 -0.091303
v 0.294998 0.187241 -0.089725
v 0.288113 0.199709 -0.087627
v 0.279764 0.210952 -0.085082
v 0.270218 0.220663 -0.082173
v 0.291198 0.119207 -0.118455
v 0.294116 0.132307 -0.119646
v 0.294980 0.146042 -0.120000
v 0.293789 0.160033 -0.119515
v 0.290614 0.173893 -0.118223
v 0.285596 0.187241 -0.116178
v 0.278932 0.199709 -0.113462
v 0.270848 0.210952 -0.110169
v 0.261607 0.220663 -0.106404
v 0.279199 0.119207 -0.144444
v 0.281998 0.132307 -0.145895
v 0.282827 0.146042 -0.146324
v 0.281682 0.160033 -0.145734
v 0.278640 0.173893 -0.144158
v 0.273829 0.187241 -0.141667
v 0.267438 0.199709 -0.138356
v 0.259688 0.210952 -0.134341
v 0.250827 0.220663 -0.129752
v 0.264887 0.119207 -0.169233
v 0.267541 0.132307 -0.170933
v 0.268328 0.146042 -0.171436
v 0.267244 0.160033 -0.170744
v 0.264355 0.173893 -0.168898
v 0.259791 0.187241 -0.165980
v 0.253728 0.199709 -0.162101
v 0.246376 0.210952 -0.157398
v 0.237969 0.220663 -0.152021
v 0.248380 0.119207 -0.192618
v 0.250870 0.132307 -0.194553
v 0.251606 0.146042 -0.195126
v 0.250589 0.160033 -0.194337
v 0.247882 0.173893 -0.192236
v 0.243602 0.187241 -0.188916
v 0.237917 0.199709 -0.184501
v 0.231023 0.210952 -0.179149
v 0.223140 0.220663 -0.173030
v 0.229814 0.119207 -0.214406
v 0.232117 0.132307 -0.216557
v 0.232800 0.146042 -0.217197
v 0.231859 0.160033 -0.216319
v 0.229354 0.173893 -0.213980
v 0.225395 0.187241 -0.210284
v 0.220133 0.199709 -0.205371
v 0.213753 0.210952 -0.199415
v 0.206461 0.220663 -0.192604
v 0.209343 0.119207 -0.234415
v 0.211442 0.132307 -0.236767
v 0.212063 0.146042 -0.237465
v 0.211208 0.160033 -0.236506
v 0.208924 0.173893 -0.233950
v 0.205318 0.187241 -0.229907
v 0.200526 0.199709 -0.224538
v 0.194716 0.210952 -0.218026
v 0.188071 0.220663 -0.210581
v 0.187140 0.119207 -0.252480
v 0.189015 0.132307 -0.255013
v 0.189572 0.146042 -0.255765
v 0.188807 0.160033 -0.254732
v 0.186765 0.173893 -0.251977
v 0.183542 0.187241 -0.247625
v 0.179256 0.199709 -0.241841
v 0.174063 0.210952 -0.234828
v 0.168123 0.220663 -0.226809
v 0.161884 0.228571 -0.218385
v 0.155138 0.234459 -0.209276
v 0.141335 0.228571 -0.232199
v 0.135450 0.234459 -0.222519
v 0.145003 0.234459 -0.216795
v 0.163385 0.119207 -0.268450
v 0.165024 0.132307 -0.271145
v 0.165508 0.146042 -0.271941
v 0.164838 0.160033 -0.270844
v 0.163059 0.173893 -0.267916
v 0.160243 0.187241 -0.263289
v 0.156502 0.199709 -0.257140
v 0.151967 0.210952 -0.249681
v 0.146782 0.220663 -0.241156
v 0.119614 0.228571 -0.244089
v 0.114644 0.234459 -0.233929
v 0.123033 0.234459 -0.229961
v 0.138277 0.119207 -0.282194
v 0.139663 0.132307 -0.285025
v 0.140072 0.146042 -0.285865
v 0.139507 0.160033 -0.284711
v 0.138000 0.173893 -0.281632
v 0.135617 0.187241 -0.276769
v 0.132452 0.199709 -0.270304
v 0.128614 0.210952 -0.262465
v 0.124225 0.220663 -0.253505
v 0.096904 0.228571 -0.253954
v 0.092890 0.234459 -0.243413
v 0.099878 0.234459 -0.240913
v 0.112022 0.119207 -0.293598
v 0.113145 0.132307 -0.296545
v 0.113477 0.146042 -0.297417
v 0.113018 0.160033 -0.296216
v 0.111797 0.173893 -0.293014
v 0.109867 0.187241 -0.287952
v 0.107302 0.199709 -0.281227
v 0.104192 0.210952 -0.273073
v 0.100640 0.220663 -0.263749
v 0.073389 0.228571 -0.261712
v 0.070364 0.234459 -0.250895
v 0.075763 0.234459 -0.249540
v 0.084838 0.119207 -0.302568
v 0.085689 0.132307 -0.305603
v 0.085941 0.146042 -0.306504
v 0.085593 0.160033 -0.305264
v 0.084669 0.173893 -0.301966
v 0.083206 0.187241 -0.296750
v 0.081266 0.199709 -0.289819
v 0.078911 0.210952 -0.281415
v 0.076217 0.220663 -0.271806
v 0.049267 0.228571 -0.267302
v 0.047247 0.234459 -0.256309
v 0.050918 0.234459 -0.255764
v 0.056952 0.119207 -0.309027
v 0.057523 0.132307 -0.312128
v 0.057693 0.146042 -0.313048
v 0.057459 0.160033 -0.311783
v 0.056839 0.173893 -0.308413
v 0.055858 0.187241 -0.303084
v 0.054552 0.199709 -0.296007
v 0.052972 0.210952 -0.287425
v 0.051164 0.220663 -0.277610
v 0.024736 0.228571 -0.270674
v 0.023730 0.234459 -0.259614
v 0.025583 0.234459 -0.259523
v 0.028595 0.119207 -0.312925
v 0.028882 0.132307 -0.316066
v 0.028967 0.146042 -0.316995
v 0.028849 0.160033 -0.315716
v 0.028538 0.173893 -0.312302
v 0.028044 0.187241 -0.306908
v 0.027389 0.199709 -0.299741
v 0.026597 0.210952 -0.291050
v 0.025690 0.220663 -0.281112
v 0.233876 0.354091 0.012072
v 0.232752 0.354091 0.023135
v 0.226919 0.344925 0.022562
v 0.231477 0.354091 0.035672
v 0.229389 0.354091 0.045838
v 0.223637 0.344925 0.044697
v 0.226702 0.354091 0.058909
v 0.223817 0.354091 0.068102
v 0.218200 0.344925 0.066402
v 0.219601 0.354091 0.081542
v 0.216092 0.354091 0.089717
v 0.210661 0.344925 0.087471
v 0.210245 0.354091 0.103341
v 0.206289 0.354091 0.110471
v 0.201095 0.344925 0.107698
v 0.198732 0.354091 0.124083
v 0.194499 0.354091 0.130165
v 0.189590 0.344925 0.126892
v 0.185181 0.354091 0.143554
v 0.180837 0.354091 0.148614
v 0.176260 0.344925 0.144864
v 0.169731 0.354091 0.161552
v 0.165432 0.354091 0.165636
v 0.161233 0.344925 0.161445
v 0.152536 0.354091 0.177895
v 0.148434 0.354091 0.181071
v 0.144653 0.344925 0.176473
v 0.133778 0.354091 0.192416
v 0.130004 0.354091 0.194768
v 0.126679 0.344925 0.189802
v 0.113646 0.354091 0.204965
v 0.110321 0.354091 0.206595
v 0.107487 0.344925 0.201306
v 0.092348 0.354091 0.215410
v 0.089571 0.354091 0.216440
v 0.087259 0.344925 0.210873
v 0.070104 0.354091 0.223650
v 0.067952 0.354091 0.224205
v 0.066190 0.344925 0.218411
v 0.047139 0.354091 0.229594
v 0.045675 0.354091 0.229819
v 0.044485 0.344925 0.223848
v -0.047139 0.354091 0.229594
v -0.067952 0.354091 0.224205
v -0.066190 0.344925 0.218411
v -0.070104 0.354091 0.223650
v -0.089571 0.354091 0.216440
v -0.087259 0.344925 0.210873
v -0.092348 0.354091 0.215410
v -0.110321 0.354091 0.206595
v -0.107487 0.344925 0.201306
v -0.113646 0.354091 0.204965
v -0.130004 0.354091 0.194768
v -0.126679 0.344925 0.189802
v -0.133778 0.354091 0.192416
v -0.148434 0.354091 0.181071
v -0.144653 0.344925 0.176473
v -0.152536 0.354091 0.177895
v -0.165432 0.354091 0.165636
v -0.161233 0.344925 0.161445
v -0.169731 0.354091 0.161552
v -0.180837 0.354091 0.148614
v -0.176260 0.344925 0.144864
v -0.185182 0.354091 0.143554
v -0.194499 0.354091 0.130165
v -0.189590 0.344925 0.126892
v -0.198732 0.354091 0.124083
v -0.206289 0.354091 0.110471
v -0.201095 0.344925 0.107698
v -0.210245 0.354091 0.103341
v -0.216092 0.354091 0.089717
v -0.210661 0.344925 0.087471
v -0.219601 0.354091 0.081542
v -0.223817 0.354091 0.068102
v -0.218200 0.344925 0.066402
v -0.226702 0.354091 0.058909
v -0.229389 0.354091 0.045838
v -0.223637 0.344925 0.044697
v -0.231477 0.354091 0.035672
v -0.232752 0.354091 0.023135
v -0.226919 0.344925 0.022562
v -0.226702 0.354091 -0.058486
v -0.223817 0.354091 -0.067680
v -0.218200 0.344925 -0.065979
v -0.219601 0.354091 -0.081120
v -0.216092 0.354091 -0.089293
v -0.210661 0.344925 -0.087047
v -0.210245 0.354091 -0.102919
v -0.206289 0.354091 -0.110048
v -0.201095 0.344925 -0.107275
v -0.198732 0.354091 -0.123659
v -0.194499 0.354091 -0.129743
v -0.189590 0.344925 -0.126468
v -0.185182 0.354091 -0.143130
v -0.180837 0.354091 -0.148191
v -0.176260 0.344925 -0.144441
v -0.169731 0.354091 -0.161130
v -0.165432 0.354091 -0.165214
v -0.161233 0.344925 -0.161021
v -0.152536 0.354091 -0.177473
v -0.148434 0.354091 -0.180647
v -0.144653 0.344925 -0.176048
v -0.133778 0.354091 -0.191992
v -0.130004 0.354091 -0.194344
v -0.126679 0.344925 -0.189378
v -0.113646 0.354091 -0.204541
v -0.110321 0.354091 -0.206172
v -0.107487 0.344925 -0.200881
v -0.092348 0.354091 -0.214987
v -0.089571 0.354091 -0.216017
v -0.087259 0.344925 -0.210449
v -0.070104 0.354091 -0.223226
v -0.067952 0.354091 -0.223783
v -0.066190 0.344925 -0.217988
v -0.024646 0.239577 0.250449
v -0.000000 0.239577 0.251660
v -0.000000 0.246467 0.242920
v -0.000000 0.239577 -0.251229
v 0.159514 0.239577 -0.194153
v 0.177798 0.239577 -0.177582
v 0.194368 0.239577 -0.159298
v 0.209069 0.239577 -0.139479
v 0.232303 0.239577 0.096439
v 0.221754 0.239577 0.118745
v 0.209069 0.239577 0.139911
v -0.096223 0.239577 0.232520
v -0.118530 0.239577 0.221969
v -0.139695 0.239577 0.209283
v -0.159515 0.239577 0.194584
v -0.177798 0.239577 0.178014
v -0.194368 0.239577 0.159731
v -0.209069 0.239577 0.139911
v -0.221754 0.239577 0.118745
v -0.232303 0.239577 0.096439
v -0.240616 0.239577 0.073207
v -0.250233 0.239577 -0.024429
v -0.246613 0.239577 -0.048839
v -0.240616 0.239577 -0.072776
v -0.232303 0.239577 -0.096008
v -0.221754 0.239577 -0.118314
v -0.209069 0.239577 -0.139479
v -0.194368 0.239577 -0.159298
v -0.177798 0.239577 -0.177582
v -0.159515 0.239577 -0.194153
v -0.139695 0.239577 -0.208852
v -0.049054 0.239577 -0.246397
v -0.024646 0.239577 -0.250016
v -0.096223 0.239577 -0.232088
v -0.118530 0.239577 -0.221538
v -0.250233 0.239577 0.024862
v -0.246613 0.239577 0.049271
v -0.049054 0.239577 0.246829
v 0.024646 0.239577 0.250449
v 0.049054 0.239577 0.246829
v 0.072990 0.239577 0.240832
v 0.096223 0.239577 0.232520
v 0.118530 0.239577 0.221969
v 0.139695 0.239577 0.209283
v 0.159514 0.239577 0.194584
v 0.177798 0.239577 0.178014
v 0.240616 0.239577 0.073207
v 0.246613 0.239577 0.049271
v 0.250233 0.239577 0.024862
v 0.251444 0.239577 0.000216
v 0.250233 0.239577 -0.024429
v 0.246613 0.239577 -0.048839
v 0.240616 0.239577 -0.072776
v 0.232303 0.239577 -0.096008
v 0.221754 0.239577 -0.118314
v 0.139695 0.239577 -0.208852
v 0.118530 0.239577 -0.221538
v 0.096223 0.239577 -0.232088
v 0.072990 0.239577 -0.240402
v 0.049054 0.239577 -0.246397
v 0.024646 0.239577 -0.250016
v -0.023789 0.246467 -0.241319
v -0.000000 0.246467 -0.242489
v 0.023037 0.254935 0.234102
v 0.023789 0.246467 0.241751
v 0.044598 0.264740 0.224422
v 0.045851 0.254935 0.230719
v 0.047349 0.246467 0.238255
v 0.064913 0.275605 0.214206
v 0.066359 0.264740 0.218972
v 0.068223 0.254935 0.225114
v 0.070453 0.246467 0.232469
v -0.114409 0.246467 -0.213830
v -0.134839 0.246467 -0.201586
v -0.130570 0.254935 -0.195195
v -0.149094 0.254935 -0.181457
v -0.145022 0.264740 -0.176494
v -0.161645 0.264740 -0.161431
v -0.158123 0.275605 -0.157908
v -0.172861 0.275605 -0.141648
v -0.170225 0.287224 -0.139486
v 0.084271 0.287224 0.203663
v 0.085577 0.275605 0.206813
v 0.087481 0.264740 0.211415
v 0.089938 0.254935 0.217345
v 0.092880 0.246467 0.224445
v -0.072990 0.239577 -0.240402
v -0.092880 0.246467 -0.224014
v -0.110787 0.254935 -0.207053
v -0.127004 0.264740 -0.189859
v -0.141863 0.275605 -0.172646
v -0.155713 0.287224 -0.155498
v -0.168869 0.299270 -0.138374
v 0.102980 0.299270 0.192875
v 0.103806 0.287224 0.194422
v 0.105413 0.275605 0.197430
v 0.107761 0.264740 0.201822
v 0.110787 0.254935 0.207483
v 0.114409 0.246467 0.214262
v -0.070453 0.246467 -0.232039
v -0.089938 0.254935 -0.216914
v -0.107761 0.264740 -0.201392
v -0.124237 0.275605 -0.185719
v -0.139699 0.287224 -0.170010
v -0.154470 0.299270 -0.154258
v -0.168819 0.311401 -0.138333
v 0.121331 0.311401 0.181799
v 0.121367 0.299270 0.181853
v 0.122342 0.287224 0.183313
v 0.124237 0.275605 0.186147
v 0.127004 0.264740 0.190290
v 0.130570 0.254935 0.195627
v 0.134839 0.246467 0.202017
v -0.047349 0.246467 -0.237825
v -0.068223 0.254935 -0.224684
v -0.087481 0.264740 -0.210984
v -0.105413 0.275605 -0.197001
v -0.122342 0.287224 -0.182884
v -0.138586 0.299270 -0.168654
v -0.154426 0.311401 -0.154213
v -0.170068 0.323275 -0.139360
v 0.139572 0.323275 0.170281
v 0.138547 0.311401 0.169033
v 0.138586 0.299270 0.169082
v 0.139699 0.287224 0.170440
v 0.141863 0.275605 0.173076
v 0.145022 0.264740 0.176925
v 0.149094 0.254935 0.181887
v 0.153970 0.246467 0.187829
v -0.045851 0.254935 -0.230287
v -0.066359 0.264740 -0.218541
v -0.085577 0.275605 -0.206383
v -0.103806 0.287224 -0.193994
v -0.121367 0.299270 -0.181425
v -0.138547 0.311401 -0.168606
v -0.155570 0.323275 -0.155357
v -0.172575 0.334555 -0.141415
v 0.157862 0.334555 0.158074
v 0.155570 0.323275 0.155783
v 0.154426 0.311401 0.154640
v 0.154470 0.299270 0.154686
v 0.155713 0.287224 0.155927
v 0.158123 0.275605 0.158338
v 0.161645 0.264740 0.161860
v 0.166184 0.254935 0.166399
v 0.171618 0.246467 0.171834
v -0.021883 0.334555 -0.221964
v -0.000000 0.334555 -0.223037
v -0.000000 0.323275 -0.219796
v -0.023037 0.254935 -0.233671
v -0.044598 0.264740 -0.223992
v -0.064913 0.275605 -0.213777
v -0.084271 0.287224 -0.203233
v -0.102980 0.299270 -0.192446
v -0.121331 0.311401 -0.181373
v -0.139572 0.323275 -0.169855
v -0.157862 0.334555 -0.157649
v 0.172574 0.334555 0.141841
v 0.170068 0.323275 0.139785
v 0.168819 0.311401 0.138759
v 0.168869 0.299270 0.138801
v 0.170225 0.287224 0.139915
v 0.172861 0.275605 0.142078
v 0.176711 0.264740 0.145237
v 0.181671 0.254935 0.149309
v 0.187613 0.246467 0.154184
v 0.194368 0.239577 0.159731
v -0.000000 0.344925 -0.227806
v -0.022350 0.344925 -0.226708
v -0.044485 0.344925 -0.223425
v -0.226919 0.344925 -0.022138
v -0.223637 0.344925 -0.044273
v -0.218960 0.334555 -0.043341
v -0.214045 0.246467 0.114626
v -0.201801 0.246467 0.135054
v -0.195412 0.254935 0.130784
v -0.181671 0.254935 0.149309
v -0.176711 0.264740 0.145237
v -0.161645 0.264740 0.161860
v -0.158123 0.275605 0.158338
v -0.141863 0.275605 0.173076
v -0.139699 0.287224 0.170440
v -0.122342 0.287224 0.183313
v -0.121367 0.299270 0.181853
v -0.102980 0.299270 0.192875
v -0.102949 0.311401 0.192817
v -0.083575 0.311401 0.201982
v -0.084193 0.323275 0.203474
v -0.063865 0.323275 0.210748
v -0.064807 0.334555 0.213848
v -0.043555 0.334555 0.219172
v -0.044485 0.344925 0.223848
v -0.022350 0.344925 0.227132
v -0.187613 0.246467 0.154184
v -0.171618 0.246467 0.171834
v -0.166184 0.254935 0.166399
v -0.149094 0.254935 0.181887
v -0.145022 0.264740 0.176925
v -0.127004 0.264740 0.190290
v -0.124237 0.275605 0.186147
v -0.105413 0.275605 0.197430
v -0.103806 0.287224 0.194422
v -0.084271 0.287224 0.203663
v -0.083599 0.299270 0.202040
v -0.063413 0.299270 0.209262
v -0.063395 0.311401 0.209201
v -0.042606 0.311401 0.214409
v -0.042921 0.323275 0.215994
v -0.021565 0.323275 0.219162
v -0.021883 0.334555 0.222387
v -0.000000 0.334555 0.223462
v -0.000000 0.344925 0.228230
v 0.022350 0.344925 0.227132
v 0.022952 0.354091 0.233224
v -0.000000 0.354091 -0.233965
v -0.022952 0.354091 -0.232802
v -0.045675 0.354091 -0.229398
v -0.047139 0.354091 -0.229173
v -0.043555 0.334555 -0.218748
v -0.021565 0.323275 -0.218736
v -0.000000 0.311401 -0.218178
v -0.064807 0.334555 -0.213424
v -0.042921 0.323275 -0.215568
v -0.021406 0.311401 -0.217125
v -0.000000 0.299270 -0.218242
v -0.085434 0.334555 -0.206043
v -0.063865 0.323275 -0.210322
v -0.042606 0.311401 -0.213981
v -0.021412 0.299270 -0.217190
v -0.000000 0.287224 -0.219995
v -0.105240 0.334555 -0.196676
v -0.084193 0.323275 -0.203048
v -0.063395 0.311401 -0.208774
v -0.042619 0.299270 -0.214044
v -0.021584 0.287224 -0.218935
v -0.000000 0.275605 -0.223407
v -0.124031 0.334555 -0.185414
v -0.103711 0.323275 -0.193819
v -0.083575 0.311401 -0.201553
v -0.063413 0.299270 -0.208835
v -0.042961 0.287224 -0.215765
v -0.021918 0.275605 -0.222329
v -0.000000 0.264740 -0.228386
v -0.141629 0.334555 -0.172361
v -0.122230 0.323275 -0.182717
v -0.102949 0.311401 -0.192390
v -0.083599 0.299270 -0.201612
v -0.063923 0.287224 -0.210513
v -0.043626 0.275605 -0.219109
v -0.022407 0.264740 -0.227284
v -0.000000 0.254935 -0.234804
v -0.183098 0.287224 -0.122129
v -0.181639 0.299270 -0.121153
v -0.181586 0.311401 -0.121119
v -0.182929 0.323275 -0.122016
v -0.185625 0.334555 -0.123819
v -0.192661 0.299270 -0.102765
v -0.192605 0.311401 -0.102736
v -0.194029 0.323275 -0.103498
v -0.196889 0.334555 -0.105027
v -0.201768 0.311401 -0.083361
v -0.203261 0.323275 -0.083980
v -0.206257 0.334555 -0.085221
v -0.210535 0.323275 -0.063652
v -0.213636 0.334555 -0.064594
v -0.229389 0.354091 -0.045414
v -0.233877 0.354091 0.012072
v -0.233877 0.354091 0.000210
v -0.228018 0.344925 0.000211
v -0.222175 0.334555 -0.021669
v -0.215781 0.323275 -0.042709
v -0.208988 0.311401 -0.063182
v -0.201827 0.299270 -0.083385
v -0.194208 0.287224 -0.103591
v -0.185933 0.275605 -0.124022
v -0.176711 0.264740 -0.144806
v -0.166184 0.254935 -0.165968
v -0.153970 0.246467 -0.187398
v -0.233877 0.354091 -0.011649
v -0.232752 0.354091 -0.022712
v -0.231477 0.354091 -0.035250
v -0.223251 0.334555 0.000213
v -0.218949 0.323275 -0.021352
v -0.214196 0.311401 -0.042394
v -0.209049 0.299270 -0.063201
v -0.203449 0.287224 -0.084056
v -0.197215 0.275605 -0.105199
v -0.190074 0.264740 -0.126788
v -0.181671 0.254935 -0.148880
v -0.171618 0.246467 -0.171402
v -0.222175 0.334555 0.022095
v -0.220009 0.323275 0.000213
v -0.217340 0.311401 -0.021193
v -0.214259 0.299270 -0.042404
v -0.210728 0.287224 -0.063709
v -0.206598 0.275605 -0.085360
v -0.201608 0.264740 -0.107546
v -0.195412 0.254935 -0.130355
v -0.187613 0.246467 -0.153754
v -0.218960 0.334555 0.043766
v -0.218949 0.323275 0.021777
v -0.218392 0.311401 0.000213
v -0.217403 0.299270 -0.021198
v -0.215980 0.287224 -0.042747
v -0.213991 0.275605 -0.064699
v -0.211199 0.264740 -0.087267
v -0.207268 0.254935 -0.110571
v -0.201801 0.246467 -0.134623
v -0.213636 0.334555 0.065018
v -0.215781 0.323275 0.043134
v -0.217340 0.311401 0.021620
v -0.218456 0.299270 0.000215
v -0.219150 0.287224 -0.021369
v -0.219324 0.275605 -0.043412
v -0.218757 0.264740 -0.066144
v -0.217129 0.254935 -0.089723
v -0.214045 0.246467 -0.114193
v -0.206257 0.334555 0.085646
v -0.210535 0.323275 0.064077
v -0.214196 0.311401 0.042819
v -0.217403 0.299270 0.021626
v -0.220210 0.287224 0.000214
v -0.222543 0.275605 -0.021703
v -0.224207 0.264740 -0.044382
v -0.224899 0.254935 -0.068006
v -0.224230 0.246467 -0.092663
v -0.196889 0.334555 0.105451
v -0.203261 0.323275 0.084406
v -0.208988 0.311401 0.063609
v -0.214259 0.299270 0.042833
v -0.219150 0.287224 0.021798
v -0.223621 0.275605 0.000214
v -0.227500 0.264740 -0.022192
v -0.230503 0.254935 -0.045634
v -0.232253 0.246467 -0.070238
v -0.185625 0.334555 0.124243
v -0.194029 0.323275 0.103923
v -0.201768 0.311401 0.083789
v -0.209049 0.299270 0.063628
v -0.215980 0.287224 0.043175
v -0.222543 0.275605 0.022132
v -0.228600 0.264740 0.000214
v -0.233888 0.254935 -0.022821
v -0.238041 0.246467 -0.047133
v -0.172575 0.334555 0.141841
v -0.182929 0.323275 0.122443
v -0.192605 0.311401 0.103163
v -0.201827 0.299270 0.083813
v -0.210728 0.287224 0.064139
v -0.219324 0.275605 0.043841
v -0.227500 0.264740 0.022622
v -0.235019 0.254935 0.000216
v -0.241536 0.246467 -0.023573
v -0.157862 0.334555 0.158074
v -0.170068 0.323275 0.139785
v -0.181586 0.311401 0.121544
v -0.192661 0.299270 0.103193
v -0.203449 0.287224 0.084485
v -0.213991 0.275605 0.065129
v -0.224207 0.264740 0.044813
v -0.233888 0.254935 0.023251
v -0.242704 0.246467 0.000215
v -0.141629 0.334555 0.172787
v -0.155570 0.323275 0.155783
v -0.168819 0.311401 0.138759
v -0.181639 0.299270 0.121583
v -0.194208 0.287224 0.104021
v -0.206598 0.275605 0.085791
v -0.218757 0.264740 0.066574
v -0.230503 0.254935 0.046064
v -0.241536 0.246467 0.024006
v -0.251444 0.239577 0.000216
v -0.124031 0.334555 0.185839
v -0.139572 0.323275 0.170281
v -0.154426 0.311401 0.154640
v -0.168869 0.299270 0.138801
v -0.183098 0.287224 0.122556
v -0.197215 0.275605 0.105628
v -0.211199 0.264740 0.087696
v -0.224899 0.254935 0.068439
v -0.238041 0.246467 0.047565
v -0.105240 0.334555 0.197101
v -0.122230 0.323275 0.183142
v -0.138547 0.311401 0.169033
v -0.154470 0.299270 0.154686
v -0.170225 0.287224 0.139915
v -0.185933 0.275605 0.124452
v -0.201608 0.264740 0.107977
v -0.217129 0.254935 0.090154
v -0.232253 0.246467 0.070670
v -0.085434 0.334555 0.206469
v -0.103711 0.323275 0.194242
v -0.121331 0.311401 0.181799
v -0.138586 0.299270 0.169082
v -0.155713 0.287224 0.155927
v -0.172861 0.275605 0.142078
v -0.190074 0.264740 0.127219
v -0.207268 0.254935 0.111003
v -0.224230 0.246467 0.093095
v -0.000000 0.354091 0.234389
v -0.022952 0.354091 0.233224
v -0.045675 0.354091 0.229819
v 0.021883 0.334555 0.222387
v -0.000000 0.323275 0.220221
v -0.021406 0.311401 0.217553
v -0.042619 0.299270 0.214471
v -0.063923 0.287224 0.210943
v -0.085577 0.275605 0.206813
v -0.107761 0.264740 0.201822
v -0.130570 0.254935 0.195627
v -0.153970 0.246467 0.187829
v 0.043555 0.334555 0.219172
v 0.021565 0.323275 0.219162
v -0.000000 0.311401 0.218604
v -0.021412 0.299270 0.217617
v -0.042961 0.287224 0.216193
v -0.064913 0.275605 0.214206
v -0.087481 0.264740 0.211415
v -0.110787 0.254935 0.207483
v -0.134839 0.246467 0.202017
v 0.064807 0.334555 0.213848
v 0.042921 0.323275 0.215994
v 0.021406 0.311401 0.217553
v -0.000000 0.299270 0.218669
v -0.021584 0.287224 0.219365
v -0.043626 0.275605 0.219539
v -0.066359 0.264740 0.218972
v -0.089938 0.254935 0.217345
v -0.114409 0.246467 0.214262
v 0.085434 0.334555 0.206469
v 0.063865 0.323275 0.210748
v 0.042606 0.311401 0.214409
v 0.021412 0.299270 0.217617
v -0.000000 0.287224 0.220425
v -0.021918 0.275605 0.222757
v -0.044598 0.264740 0.224422
v -0.068223 0.254935 0.225114
v -0.092880 0.246467 0.224445
v 0.105240 0.334555 0.197101
v 0.084193 0.323275 0.203474
v 0.063395 0.311401 0.209201
v 0.042619 0.299270 0.214471
v 0.021584 0.287224 0.219365
v -0.000000 0.275605 0.223835
v -0.022407 0.264740 0.227714
v -0.045851 0.254935 0.230719
v -0.070453 0.246467 0.232469
v 0.124031 0.334555 0.185839
v 0.103711 0.323275 0.194242
v 0.083575 0.311401 0.201982
v 0.063413 0.299270 0.209262
v 0.042961 0.287224 0.216193
v 0.021918 0.275605 0.222757
v -0.000000 0.264740 0.228816
v -0.023037 0.254935 0.234102
v -0.047349 0.246467 0.238255
v -0.072990 0.239577 0.240832
v 0.141629 0.334555 0.172787
v 0.122230 0.323275 0.183142
v 0.102949 0.311401 0.192817
v 0.083599 0.299270 0.202040
v 0.063923 0.287224 0.210943
v 0.043626 0.275605 0.219539
v 0.022407 0.264740 0.227714
v -0.000000 0.254935 0.235235
v -0.023789 0.246467 0.241751
v 0.201801 0.246467 0.135054
v 0.195412 0.254935 0.130784
v 0.190074 0.264740 0.127219
v 0.185933 0.275605 0.124452
v 0.183098 0.287224 0.122556
v 0.181639 0.299270 0.121583
v 0.181586 0.311401 0.121544
v 0.182929 0.323275 0.122443
v 0.185625 0.334555 0.124243
v 0.214045 0.246467 0.114626
v 0.207268 0.254935 0.111003
v 0.201608 0.264740 0.107977
v 0.197215 0.275605 0.105628
v 0.194208 0.287224 0.104021
v 0.192661 0.299270 0.103193
v 0.192605 0.311401 0.103163
v 0.194029 0.323275 0.103923
v 0.196889 0.334555 0.105451
v 0.224230 0.246467 0.093095
v 0.217129 0.254935 0.090154
v 0.211199 0.264740 0.087696
v 0.206598 0.275605 0.085791
v 0.203449 0.287224 0.084485
v 0.201827 0.299270 0.083813
v 0.201768 0.311401 0.083789
v 0.203261 0.323275 0.084406
v 0.206257 0.334555 0.085646
v 0.232253 0.246467 0.070670
v 0.224899 0.254935 0.068439
v 0.218757 0.264740 0.066574
v 0.213991 0.275605 0.065129
v 0.210727 0.287224 0.064139
v 0.209049 0.299270 0.063628
v 0.208988 0.311401 0.063609
v 0.210535 0.323275 0.064077
v 0.213636 0.334555 0.065018
v 0.238041 0.246467 0.047565
v 0.230503 0.254935 0.046064
v 0.224207 0.264740 0.044813
v 0.219324 0.275605 0.043841
v 0.215980 0.287224 0.043175
v 0.214259 0.299270 0.042833
v 0.214196 0.311401 0.042819
v 0.215781 0.323275 0.043134
v 0.218960 0.334555 0.043766
v 0.241536 0.246467 0.024006
v 0.233888 0.254935 0.023251
v 0.227500 0.264740 0.022622
v 0.222543 0.275605 0.022132
v 0.219150 0.287224 0.021798
v 0.217403 0.299270 0.021626
v 0.217340 0.311401 0.021620
v 0.218949 0.323275 0.021777
v 0.222175 0.334555 0.022095
v 0.242704 0.246467 0.000215
v 0.235019 0.254935 0.000216
v 0.228600 0.264740 0.000214
v 0.223621 0.275605 0.000214
v 0.220210 0.287224 0.000214
v 0.218456 0.299270 0.000215
v 0.218392 0.311401 0.000213
v 0.220009 0.323275 0.000213
v 0.223251 0.334555 0.000213
v 0.228018 0.344925 0.000211
v 0.233876 0.354091 0.000210
v 0.226919 0.344925 -0.022138
v 0.232752 0.354091 -0.022712
v 0.233876 0.354091 -0.011649
v 0.241536 0.246467 -0.023573
v 0.233888 0.254935 -0.022821
v 0.227500 0.264740 -0.022192
v 0.222543 0.275605 -0.021703
v 0.219150 0.287224 -0.021369
v 0.217403 0.299270 -0.021198
v 0.217340 0.311401 -0.021193
v 0.218949 0.323275 -0.021352
v 0.222175 0.334555 -0.021669
v 0.223637 0.344925 -0.044273
v 0.229389 0.354091 -0.045414
v 0.231477 0.354091 -0.035250
v 0.238041 0.246467 -0.047133
v 0.230503 0.254935 -0.045634
v 0.224207 0.264740 -0.044382
v 0.219324 0.275605 -0.043412
v 0.215980 0.287224 -0.042747
v 0.214259 0.299270 -0.042404
v 0.214196 0.311401 -0.042394
v 0.215781 0.323275 -0.042709
v 0.218960 0.334555 -0.043341
v 0.218200 0.344925 -0.065979
v 0.223817 0.354091 -0.067680
v 0.226702 0.354091 -0.058486
v 0.232253 0.246467 -0.070238
v 0.224899 0.254935 -0.068006
v 0.218757 0.264740 -0.066144
v 0.213991 0.275605 -0.064699
v 0.210727 0.287224 -0.063709
v 0.209049 0.299270 -0.063201
v 0.208988 0.311401 -0.063182
v 0.210535 0.323275 -0.063652
v 0.213636 0.334555 -0.064594
v 0.210661 0.344925 -0.087047
v 0.216092 0.354091 -0.089293
v 0.219601 0.354091 -0.081120
v 0.224230 0.246467 -0.092663
v 0.217129 0.254935 -0.089723
v 0.211199 0.264740 -0.087267
v 0.206598 0.275605 -0.085360
v 0.203449 0.287224 -0.084056
v 0.201827 0.299270 -0.083385
v 0.201768 0.311401 -0.083361
v 0.203261 0.323275 -0.083980
v 0.206257 0.334555 -0.085221
v 0.201095 0.344925 -0.107275
v 0.206289 0.354091 -0.110048
v 0.210245 0.354091 -0.102919
v 0.214045 0.246467 -0.114193
v 0.207268 0.254935 -0.110571
v 0.201608 0.264740 -0.107546
v 0.197215 0.275605 -0.105199
v 0.194208 0.287224 -0.103591
v 0.192661 0.299270 -0.102765
v 0.192605 0.311401 -0.102736
v 0.194029 0.323275 -0.103498
v 0.196889 0.334555 -0.105027
v 0.189590 0.344925 -0.126468
v 0.194499 0.354091 -0.129743
v 0.198732 0.354091 -0.123659
v 0.201801 0.246467 -0.134623
v 0.195412 0.254935 -0.130355
v 0.190074 0.264740 -0.126788
v 0.185933 0.275605 -0.124022
v 0.183098 0.287224 -0.122129
v 0.181639 0.299270 -0.121153
v 0.181586 0.311401 -0.121119
v 0.182929 0.323275 -0.122016
v 0.185625 0.334555 -0.123819
v 0.176260 0.344925 -0.144441
v 0.180837 0.354091 -0.148191
v 0.185181 0.354091 -0.143130
v 0.187613 0.246467 -0.153754
v 0.181671 0.254935 -0.148880
v 0.176711 0.264740 -0.144806
v 0.172861 0.275605 -0.141648
v 0.170225 0.287224 -0.139486
v 0.168869 0.299270 -0.138374
v 0.168819 0.311401 -0.138333
v 0.170068 0.323275 -0.139360
v 0.172574 0.334555 -0.141415
v 0.161233 0.344925 -0.161021
v 0.165432 0.354091 -0.165214
v 0.169731 0.354091 -0.161130
v 0.171618 0.246467 -0.171402
v 0.166184 0.254935 -0.165968
v 0.161645 0.264740 -0.161431
v 0.158123 0.275605 -0.157908
v 0.155713 0.287224 -0.155498
v 0.154470 0.299270 -0.154258
v 0.154426 0.311401 -0.154213
v 0.155570 0.323275 -0.155357
v 0.157862 0.334555 -0.157649
v 0.144653 0.344925 -0.176048
v 0.148434 0.354091 -0.180647
v 0.152536 0.354091 -0.177473
v 0.153970 0.246467 -0.187398
v 0.149094 0.254935 -0.181457
v 0.145022 0.264740 -0.176494
v 0.141863 0.275605 -0.172646
v 0.139699 0.287224 -0.170010
v 0.138586 0.299270 -0.168654
v 0.138547 0.311401 -0.168606
v 0.139572 0.323275 -0.169855
v 0.141629 0.334555 -0.172361
v 0.126679 0.344925 -0.189378
v 0.130004 0.354091 -0.194344
v 0.133778 0.354091 -0.191992
v 0.134839 0.246467 -0.201586
v 0.130570 0.254935 -0.195195
v 0.127004 0.264740 -0.189859
v 0.124237 0.275605 -0.185719
v 0.122342 0.287224 -0.182884
v 0.121367 0.299270 -0.181425
v 0.121331 0.311401 -0.181373
v 0.122230 0.323275 -0.182717
v 0.124031 0.334555 -0.185414
v 0.107487 0.344925 -0.200881
v 0.110321 0.354091 -0.206172
v 0.113646 0.354091 -0.204541
v 0.114409 0.246467 -0.213830
v 0.110787 0.254935 -0.207053
v 0.107761 0.264740 -0.201392
v 0.105413 0.275605 -0.197001
v 0.103806 0.287224 -0.193994
v 0.102980 0.299270 -0.192446
v 0.102949 0.311401 -0.192390
v 0.103711 0.323275 -0.193819
v 0.105240 0.334555 -0.196676
v 0.087259 0.344925 -0.210449
v 0.089571 0.354091 -0.216017
v 0.092348 0.354091 -0.214987
v 0.092880 0.246467 -0.224014
v 0.089938 0.254935 -0.216914
v 0.087481 0.264740 -0.210984
v 0.085577 0.275605 -0.206383
v 0.084271 0.287224 -0.203233
v 0.083599 0.299270 -0.201612
v 0.083575 0.311401 -0.201553
v 0.084193 0.323275 -0.203048
v 0.085434 0.334555 -0.206043
v 0.066190 0.344925 -0.217988
v 0.067952 0.354091 -0.223783
v 0.070104 0.354091 -0.223226
v 0.070453 0.246467 -0.232039
v 0.068223 0.254935 -0.224684
v 0.066359 0.264740 -0.218541
v 0.064913 0.275605 -0.213777
v 0.063923 0.287224 -0.210513
v 0.063413 0.299270 -0.208835
v 0.063395 0.311401 -0.208774
v 0.063865 0.323275 -0.210322
v 0.064807 0.334555 -0.213424
v 0.044485 0.344925 -0.223425
v 0.045675 0.354091 -0.229398
v 0.047139 0.354091 -0.229173
v 0.047349 0.246467 -0.237825
v 0.045851 0.254935 -0.230287
v 0.044598 0.264740 -0.223992
v 0.043626 0.275605 -0.219109
v 0.042961 0.287224 -0.215765
v 0.042619 0.299270 -0.214044
v 0.042606 0.311401 -0.213981
v 0.042921 0.323275 -0.215568
v 0.043555 0.334555 -0.218748
v 0.022350 0.344925 -0.226708
v 0.022952 0.354091 -0.232802
v 0.023789 0.246467 -0.241319
v 0.023037 0.254935 -0.233671
v 0.022407 0.264740 -0.227284
v 0.021918 0.275605 -0.222329
v 0.021584 0.287224 -0.218935
v 0.021412 0.299270 -0.217190
v 0.021406 0.311401 -0.217125
v 0.021565 0.323275 -0.218736
v 0.021883 0.334555 -0.221964
v -0.012045 0.370378 0.233872
v -0.023638 0.370378 0.232675
v -0.036006 0.370378 0.231396
v -0.047034 0.370378 0.229091
v -0.059587 0.370378 0.226468
v -0.069949 0.370378 0.223161
v -0.082535 0.370378 0.219143
v -0.092147 0.370378 0.214943
v -0.104609 0.370378 0.209495
v -0.113399 0.370378 0.204521
v -0.114055 0.368745 0.205695
v -0.125573 0.370378 0.197631
v -0.133489 0.370378 0.192003
v -0.145205 0.370378 0.183673
v -0.152209 0.370378 0.177518
v -0.163299 0.370378 0.167771
v -0.169369 0.370378 0.161213
v -0.170337 0.368745 0.162128
v -0.179664 0.370378 0.150091
v -0.184793 0.370378 0.143256
v -0.194121 0.370378 0.130823
v -0.198321 0.370378 0.123830
v -0.206522 0.370378 0.110172
v -0.209816 0.370378 0.103136
v -0.210997 0.368745 0.103709
v -0.216734 0.370378 0.088354
v -0.219159 0.370378 0.081384
v -0.220385 0.368745 0.081832
v -0.224648 0.370378 0.065603
v -0.226253 0.370378 0.058798
v -0.227513 0.368745 0.059117
v -0.230181 0.370378 0.042157
v -0.231029 0.370378 0.035609
v -0.232306 0.368745 0.035798
v -0.233275 0.370378 0.018269
v -0.233435 0.370378 0.012055
v -0.233894 0.370378 -0.005814
v -0.233446 0.370378 -0.011623
v -0.232036 0.370378 -0.029832
v -0.231061 0.370378 -0.035180
v -0.232306 0.368745 -0.035378
v -0.227716 0.370378 -0.053530
v -0.226306 0.370378 -0.058378
v -0.227513 0.368745 -0.058696
v -0.187140 0.370378 -0.140223
v -0.185843 0.368745 -0.143643
v -0.171708 0.370378 -0.158722
v -0.169485 0.370378 -0.160889
v -0.170337 0.368745 -0.161708
v -0.154457 0.370378 -0.175534
v -0.135570 0.370378 -0.190482
v -0.133603 0.370378 -0.191733
v -0.115243 0.370378 -0.203412
v -0.114055 0.368745 -0.205273
v -0.093695 0.370378 -0.214183
v -0.071154 0.370378 -0.222680
v -0.047859 0.370378 -0.228816
v -0.024058 0.370378 -0.232521
v -0.153192 0.355591 0.178658
v -0.134354 0.355591 0.193241
v 0.114136 0.355591 0.205844
v -0.170459 0.355591 0.162245
v -0.185978 0.355591 0.144168
v -0.220545 0.355591 0.081891
v -0.232472 0.355591 0.035824
v -0.232472 0.355591 -0.035402
v -0.185978 0.355591 -0.143746
v -0.170459 0.355591 -0.161822
v -0.153192 0.355591 -0.178236
v -0.134354 0.355591 -0.192819
v -0.070405 0.355591 -0.224187
v -0.114136 0.355591 0.205844
v 0.134354 0.355591 0.193241
v 0.153192 0.355591 0.178658
v 0.170459 0.355591 0.162245
v 0.185978 0.355591 0.144168
v 0.220545 0.355591 0.081891
v 0.232472 0.355591 0.035824
v 0.232472 0.355591 -0.035402
v 0.185978 0.355591 -0.143746
v 0.170459 0.355591 -0.161822
v 0.153192 0.355591 -0.178236
v 0.134354 0.355591 -0.192819
v 0.070405 0.355591 -0.224187
v -0.114762 0.359127 0.206972
v -0.093354 0.361068 0.217749
v -0.070859 0.363055 0.226052
v -0.070866 0.361068 0.226077
v -0.047587 0.365031 0.231769
v -0.047652 0.361068 0.232089
v -0.047601 0.359127 0.231844
v -0.023859 0.366945 0.234832
v -0.023948 0.361068 0.235719
v -0.000000 0.368745 0.235225
v -0.000000 0.366945 0.236040
v -0.000000 0.361068 0.236933
v -0.210997 0.368745 -0.103288
v -0.199443 0.368745 -0.124103
v -0.200137 0.366945 -0.124535
v -0.023924 0.359127 -0.235049
v -0.000000 0.359127 -0.236262
v -0.000000 0.361068 -0.236513
v -0.023947 0.363055 -0.235271
v -0.000000 0.363055 -0.236487
v -0.000000 0.366945 -0.235618
v -0.000000 0.368745 -0.234804
v -0.047601 0.359127 -0.231422
v -0.047647 0.363055 -0.231640
v -0.070792 0.359127 -0.225418
v -0.070859 0.363055 -0.225632
v -0.093254 0.359127 -0.217098
v -0.093342 0.363055 -0.217304
v -0.114510 0.357284 -0.206096
v -0.114762 0.359127 -0.206549
v -0.114869 0.363055 -0.206744
v -0.135090 0.359127 -0.193878
v -0.135218 0.363055 -0.194061
v -0.154194 0.361068 -0.179404
v -0.154178 0.363055 -0.179385
v -0.171556 0.363055 -0.162865
v -0.186937 0.365031 -0.144489
v -0.220984 0.370378 -0.076660
v -0.219229 0.370378 -0.080977
v -0.211729 0.366945 -0.103646
v -0.171576 0.361068 -0.162882
v -0.211909 0.370378 -0.098975
v -0.200588 0.370378 -0.120237
v -0.187195 0.361068 -0.144688
v -0.200872 0.363055 -0.124993
v -0.221150 0.366945 -0.081695
v -0.200894 0.361068 -0.125007
v -0.228301 0.366945 -0.058901
v -0.212532 0.361068 -0.104040
v -0.233110 0.366945 -0.035500
v -0.221988 0.361068 -0.082004
v -0.235528 0.366945 -0.011734
v -0.229166 0.361068 -0.059124
v -0.236094 0.365031 -0.011762
v -0.235528 0.366945 0.012155
v -0.233992 0.361068 -0.035635
v -0.236094 0.365031 0.012184
v -0.233110 0.366945 0.035922
v -0.228422 0.357284 -0.058932
v -0.236418 0.361068 -0.011778
v -0.228301 0.366945 0.059322
v -0.236171 0.359127 -0.011766
v -0.236418 0.361068 0.012202
v -0.221150 0.366945 0.082115
v -0.236171 0.359127 0.012188
v -0.233992 0.361068 0.036057
v -0.211729 0.366945 0.104070
v -0.229166 0.361068 0.059545
v -0.200137 0.366945 0.124956
v -0.221988 0.361068 0.082427
v -0.186488 0.366945 0.144564
v -0.228422 0.357284 0.059353
v -0.212532 0.361068 0.104463
v -0.200872 0.363055 0.125416
v -0.170928 0.366945 0.162690
v -0.200894 0.361068 0.125429
v -0.153614 0.366945 0.179149
v -0.211842 0.357284 0.104124
v -0.187195 0.361068 0.145110
v -0.134722 0.366945 0.193773
v -0.171576 0.361068 0.163304
v -0.114450 0.366945 0.206408
v -0.154194 0.361068 0.179827
v -0.093001 0.366945 0.216928
v -0.135232 0.361068 0.194505
v -0.153695 0.357284 0.179245
v -0.047473 0.366945 0.231214
v 0.023775 0.368745 0.234019
v 0.012045 0.370378 0.233872
v 0.023924 0.359127 0.235473
v 0.023947 0.363055 0.235693
v 0.047308 0.368745 0.230415
v 0.036006 0.370378 0.231396
v 0.047601 0.359127 0.231844
v 0.047652 0.361068 0.232089
v 0.047647 0.363055 0.232063
v 0.047473 0.366945 0.231214
v 0.070354 0.368745 0.224448
v 0.059587 0.370378 0.226468
v 0.070792 0.359127 0.225841
v 0.070859 0.363055 0.226052
v 0.092681 0.368745 0.216179
v 0.082535 0.370378 0.219143
v 0.093254 0.359127 0.217520
v 0.093342 0.363055 0.217725
v 0.114055 0.368745 0.205695
v 0.113399 0.370378 0.204521
v 0.104609 0.370378 0.209495
v 0.114762 0.359127 0.206972
v 0.114869 0.363055 0.207166
v 0.134256 0.368745 0.193103
v 0.125573 0.370378 0.197631
v 0.135090 0.359127 0.194300
v 0.135218 0.363055 0.194482
v 0.153082 0.368745 0.178530
v 0.145205 0.370378 0.183673
v 0.153695 0.357284 0.179245
v 0.154032 0.359127 0.179638
v 0.154178 0.363055 0.179807
v 0.170337 0.368745 0.162128
v 0.169369 0.370378 0.161213
v 0.163299 0.370378 0.167771
v 0.171394 0.359127 0.163134
v 0.171556 0.363055 0.163288
v 0.185843 0.368745 0.144065
v 0.179664 0.370378 0.150091
v 0.186998 0.359127 0.144959
v 0.187174 0.363055 0.145095
v 0.199443 0.368745 0.124525
v 0.194121 0.370378 0.130823
v 0.200682 0.359127 0.125297
v 0.200872 0.363055 0.125416
v 0.200616 0.365031 0.125256
v 0.210997 0.368745 0.103709
v 0.209816 0.370378 0.103136
v 0.206522 0.370378 0.110172
v 0.211842 0.357284 0.104124
v 0.212307 0.359127 0.104353
v 0.212508 0.363055 0.104451
v 0.220385 0.368745 0.081832
v 0.219159 0.370378 0.081384
v 0.216734 0.370378 0.088354
v 0.221753 0.359127 0.082340
v 0.221963 0.363055 0.082417
v 0.227513 0.368745 0.059117
v 0.226253 0.370378 0.058798
v 0.224648 0.370378 0.065603
v 0.228422 0.357284 0.059353
v 0.228925 0.359127 0.059483
v 0.229141 0.363055 0.059540
v 0.232306 0.368745 0.035798
v 0.231029 0.370378 0.035609
v 0.230181 0.370378 0.042157
v 0.233747 0.359127 0.036020
v 0.233966 0.363055 0.036054
v 0.234713 0.368745 0.012114
v 0.233275 0.370378 0.018269
v 0.236171 0.359127 0.012188
v 0.236418 0.361068 0.012202
v 0.236392 0.363055 0.012199
v 0.235528 0.366945 0.012155
v 0.234713 0.368745 -0.011693
v 0.233894 0.370378 -0.005814
v 0.236171 0.359127 -0.011766
v 0.236418 0.361068 -0.011778
v 0.236392 0.363055 -0.011777
v 0.235528 0.366945 -0.011734
v 0.232306 0.368745 -0.035378
v 0.231061 0.370378 -0.035180
v 0.232036 0.370378 -0.029832
v 0.233747 0.359127 -0.035598
v 0.233966 0.363055 -0.035630
v 0.227513 0.368745 -0.058696
v 0.226306 0.370378 -0.058378
v 0.227716 0.370378 -0.053530
v 0.228422 0.357284 -0.058932
v 0.228925 0.359127 -0.059061
v 0.229141 0.363055 -0.059117
v 0.220385 0.368745 -0.081410
v 0.220984 0.370378 -0.076660
v 0.221753 0.359127 -0.081918
v 0.221963 0.363055 -0.081995
v 0.210997 0.368745 -0.103288
v 0.211909 0.370378 -0.098975
v 0.212307 0.359127 -0.103931
v 0.212508 0.363055 -0.104029
v 0.199443 0.368745 -0.124103
v 0.200588 0.370378 -0.120237
v 0.200682 0.359127 -0.124876
v 0.200872 0.363055 -0.124993
v 0.200616 0.365031 -0.124834
v 0.185843 0.368745 -0.143643
v 0.184903 0.370378 -0.142907
v 0.186998 0.359127 -0.144535
v 0.187174 0.363055 -0.144673
v 0.170337 0.368745 -0.161708
v 0.169485 0.370378 -0.160889
v 0.171708 0.370378 -0.158722
v 0.171394 0.359127 -0.162712
v 0.171556 0.363055 -0.162865
v 0.153082 0.368745 -0.178109
v 0.154032 0.359127 -0.179216
v 0.154178 0.363055 -0.179385
v 0.134256 0.368745 -0.192681
v 0.135568 0.370378 -0.190482
v 0.135090 0.359127 -0.193878
v 0.135218 0.363055 -0.194061
v 0.114055 0.368745 -0.205273
v 0.113506 0.370378 -0.204280
v 0.114510 0.357284 -0.206096
v 0.114762 0.359127 -0.206549
v 0.114869 0.363055 -0.206744
v 0.092681 0.368745 -0.215759
v 0.093254 0.359127 -0.217098
v 0.093342 0.363055 -0.217304
v 0.070354 0.368745 -0.224025
v 0.070792 0.359127 -0.225418
v 0.070859 0.363055 -0.225632
v 0.047308 0.368745 -0.229994
v 0.047601 0.359127 -0.231422
v 0.047647 0.363055 -0.231640
v 0.023775 0.368745 -0.233599
v 0.023924 0.359127 -0.235049
v 0.023947 0.363055 -0.235271
v 0.040399 0.818776 -0.089172
v 0.048337 0.818776 -0.085202
v 0.048425 0.774627 -0.085358
v 0.078876 0.818776 -0.058132
v 0.084137 0.818776 -0.050315
v 0.084287 0.774627 -0.050408
v 0.073599 0.818776 0.064976
v 0.068496 0.818776 0.070489
v 0.068619 0.774627 0.070612
v 0.032668 0.818776 0.092660
v 0.024993 0.818776 0.095110
v 0.025039 0.774627 0.095278
v -0.016572 0.818776 0.096870
v -0.024993 0.818776 0.095110
v -0.025039 0.774627 0.095278
v -0.061625 0.818776 0.076528
v -0.068496 0.818776 0.070489
v -0.068619 0.774627 0.070612
v -0.091041 0.818776 0.036792
v -0.094229 0.818776 0.027635
v -0.094397 0.774627 0.027682
v -0.087538 0.818776 -0.043926
v -0.084137 0.818776 -0.050315
v -0.084287 0.774627 -0.050408
v -0.054905 0.818776 -0.081025
v -0.048337 0.818776 -0.085202
v -0.048425 0.774627 -0.085358
v -0.008319 0.818776 -0.097505
v -0.000000 0.818776 -0.097933
v -0.000000 0.774627 -0.098111
v -0.000000 0.405334 -0.209228
v 0.021536 0.405334 -0.208116
v 0.042840 0.405334 -0.204799
v 0.063692 0.405334 -0.199307
v 0.083870 0.405334 -0.191701
v 0.103157 0.405334 -0.182060
v 0.121352 0.405334 -0.170487
v 0.138260 0.405334 -0.157105
v 0.153701 0.405334 -0.142056
v 0.167515 0.405334 -0.125497
v 0.179552 0.405334 -0.107607
v 0.189686 0.405334 -0.088575
v 0.197811 0.405334 -0.068599
v 0.203836 0.405334 -0.047898
v 0.207702 0.405334 -0.026682
v 0.209366 0.405334 -0.005185
v 0.208811 0.405334 0.016372
v 0.206042 0.405334 0.037757
v 0.201090 0.405334 0.058743
v 0.194006 0.405334 0.079109
v 0.184864 0.405334 0.098638
v 0.173765 0.405334 0.117124
v 0.160821 0.405334 0.134371
v 0.146174 0.405334 0.150196
v 0.129976 0.405334 0.164431
v 0.112403 0.405334 0.176925
v 0.093638 0.405334 0.187546
v 0.073879 0.405334 0.196180
v 0.053338 0.405334 0.202738
v 0.032230 0.405334 0.207150
v 0.010781 0.405334 0.209366
v -0.010781 0.405334 0.209366
v -0.032230 0.405334 0.207150
v -0.053338 0.405334 0.202738
v -0.073879 0.405334 0.196180
v -0.093638 0.405334 0.187546
v -0.112403 0.405334 0.176925
v -0.129976 0.405334 0.164431
v -0.146174 0.405334 0.150196
v -0.160821 0.405334 0.134371
v -0.173765 0.405334 0.117124
v -0.184864 0.405334 0.098638
v -0.194006 0.405334 0.079109
v -0.201090 0.405334 0.058743
v -0.206042 0.405334 0.037757
v -0.208811 0.405334 0.016372
v -0.209366 0.405334 -0.005185
v -0.207702 0.405334 -0.026682
v -0.203836 0.405334 -0.047898
v -0.197811 0.405334 -0.068599
v -0.189686 0.405334 -0.088575
v -0.179552 0.405334 -0.107607
v -0.167515 0.405334 -0.125497
v -0.153701 0.405334 -0.142056
v -0.138260 0.405334 -0.157105
v -0.121352 0.405334 -0.170487
v -0.103157 0.405334 -0.182060
v -0.083870 0.405334 -0.191701
v -0.063692 0.405334 -0.199307
v -0.042840 0.405334 -0.204799
v -0.021536 0.405334 -0.208116
v 0.123318 0.441911 -0.140107
v 0.108238 0.441911 -0.152043
v 0.096327 0.479966 -0.135291
v 0.081884 0.479966 -0.144477
v 0.072876 0.519351 -0.128565
v 0.059249 0.519351 -0.135376
v 0.052918 0.559910 -0.120888
v 0.040187 0.559910 -0.125687
v 0.036208 0.601484 -0.113225
v 0.024353 0.601484 -0.116346
v 0.022305 0.643911 -0.106547
v 0.011212 0.643911 -0.108273
v 0.010534 0.687024 -0.101708
v -0.000000 0.687024 -0.102250
v -0.000000 0.730653 -0.098992
v -0.010199 0.730653 -0.098467
v -0.010109 0.774627 -0.097589
v -0.020110 0.774627 -0.096032
v 0.092009 0.441911 -0.162364
v 0.066574 0.479966 -0.152130
v 0.044996 0.519351 -0.140749
v 0.027031 0.559910 -0.129152
v 0.012242 0.601484 -0.118233
v -0.000000 0.643911 -0.108851
v -0.010534 0.687024 -0.101708
v -0.020289 0.730653 -0.096896
v -0.029898 0.774627 -0.093454
v 0.074806 0.441911 -0.170963
v 0.050558 0.479966 -0.158168
v 0.030265 0.519351 -0.144629
v 0.013587 0.559910 -0.131246
v -0.000000 0.601484 -0.118864
v -0.011212 0.643911 -0.108273
v -0.020956 0.687024 -0.100085
v -0.030165 0.730653 -0.094294
v -0.039370 0.774627 -0.089884
v -0.039299 0.818776 -0.089720
v 0.038210 0.441911 -0.182647
v 0.019208 0.441911 -0.185607
v 0.017093 0.479966 -0.165161
v -0.000000 0.479966 -0.166042
v -0.000000 0.519351 -0.147757
v -0.015214 0.519351 -0.146973
v -0.013587 0.559910 -0.131246
v -0.027031 0.559910 -0.129152
v -0.024353 0.601484 -0.116346
v -0.036208 0.601484 -0.113225
v -0.033162 0.643911 -0.103687
v -0.043669 0.643911 -0.099727
v -0.041025 0.687024 -0.093678
v -0.050460 0.687024 -0.088963
v -0.048856 0.730653 -0.086125
v -0.057474 0.730653 -0.080645
v -0.056966 0.774627 -0.079925
v -0.064903 0.774627 -0.073642
v -0.000000 0.441911 -0.186596
v -0.017093 0.479966 -0.165161
v -0.030265 0.519351 -0.144629
v -0.040187 0.559910 -0.125687
v -0.047677 0.601484 -0.108901
v -0.053710 0.643911 -0.094706
v -0.059359 0.687024 -0.083301
v -0.065482 0.730653 -0.074307
v -0.072151 0.774627 -0.066579
v -0.019208 0.441911 -0.185607
v -0.034006 0.479966 -0.162526
v -0.044996 0.519351 -0.140749
v -0.052918 0.559910 -0.120888
v -0.058643 0.601484 -0.103421
v -0.063183 0.643911 -0.088681
v -0.067630 0.687024 -0.076755
v -0.072796 0.730653 -0.067179
v -0.078636 0.774627 -0.058807
v -0.078495 0.818776 -0.058697
v -0.078876 0.818776 -0.058132
v -0.056810 0.441911 -0.177749
v -0.074806 0.441911 -0.170963
v -0.066574 0.479966 -0.152130
v -0.081884 0.479966 -0.144477
v -0.072876 0.519351 -0.128565
v -0.085729 0.519351 -0.120389
v -0.076567 0.559910 -0.107505
v -0.087235 0.559910 -0.099061
v -0.078597 0.601484 -0.089234
v -0.087375 0.601484 -0.080679
v -0.080027 0.643911 -0.073878
v -0.087220 0.643911 -0.065257
v -0.081941 0.687024 -0.061294
v -0.087830 0.687024 -0.052544
v -0.085039 0.730653 -0.050863
v -0.089838 0.730653 -0.041849
v -0.089045 0.774627 -0.041473
v -0.092858 0.774627 -0.032096
v -0.092009 0.441911 -0.162364
v -0.096327 0.479966 -0.135291
v -0.097674 0.519351 -0.110934
v -0.096978 0.559910 -0.089565
v -0.095227 0.601484 -0.071265
v -0.093486 0.643911 -0.055942
v -0.092786 0.687024 -0.043234
v -0.093685 0.730653 -0.032389
v -0.095687 0.774627 -0.022376
v -0.108238 0.441911 -0.152043
v -0.109747 0.479966 -0.124670
v -0.108583 0.519351 -0.100303
v -0.105694 0.559910 -0.079118
v -0.102071 0.601484 -0.061096
v -0.098764 0.643911 -0.046033
v -0.096759 0.687024 -0.033463
v -0.096539 0.730653 -0.022583
v -0.097501 0.774627 -0.012418
v -0.097327 0.818776 -0.012395
v -0.123318 0.441911 -0.140107
v -0.137091 0.441911 -0.126684
v -0.122005 0.479966 -0.112723
v -0.132971 0.479966 -0.099579
v -0.118341 0.519351 -0.088605
v -0.126846 0.519351 -0.075967
v -0.113290 0.559910 -0.067830
v -0.119683 0.559910 -0.055820
v -0.107833 0.601484 -0.050276
v -0.112451 0.601484 -0.038922
v -0.102992 0.643911 -0.035634
v -0.106131 0.643911 -0.024853
v -0.099707 0.687024 -0.023334
v -0.101599 0.687024 -0.012959
v -0.098370 0.730653 -0.012537
v -0.099159 0.730653 -0.002355
v -0.098282 0.774627 -0.002328
v -0.098021 0.774627 0.007793
v -0.149411 0.441911 -0.111915
v -0.142524 0.479966 -0.085378
v -0.134004 0.519351 -0.062521
v -0.124808 0.559910 -0.043218
v -0.115877 0.601484 -0.027152
v -0.108144 0.643911 -0.013807
v -0.102413 0.687024 -0.002443
v -0.098896 0.730653 0.007854
v -0.096722 0.774627 0.017830
v -0.096550 0.818776 0.017801
v -0.095828 0.818776 0.020857
v -0.169187 0.441911 -0.078982
v -0.176432 0.441911 -0.061166
v -0.157017 0.479966 -0.054415
v -0.161801 0.479966 -0.037982
v -0.144000 0.519351 -0.033783
v -0.146733 0.519351 -0.018798
v -0.131051 0.559910 -0.016770
v -0.132100 0.559910 -0.003205
v -0.119019 0.601484 -0.002870
v -0.118704 0.601484 0.009383
v -0.108720 0.643911 0.008609
v -0.107279 0.643911 0.019745
v -0.100786 0.687024 0.018562
v -0.098363 0.687024 0.028828
v -0.095239 0.730653 0.027923
v -0.091884 0.730653 0.037568
v -0.091072 0.774627 0.037243
v -0.086781 0.774627 0.046410
v -0.181808 0.441911 -0.042701
v -0.164868 0.479966 -0.021143
v -0.147908 0.519351 -0.003609
v -0.131750 0.559910 0.010396
v -0.117129 0.601484 0.021540
v -0.104702 0.643911 0.030671
v -0.094898 0.687024 0.038789
v -0.087554 0.730653 0.046817
v -0.081571 0.774627 0.055087
v -0.185255 0.441911 -0.023779
v -0.166190 0.479966 -0.004077
v -0.147516 0.519351 0.011619
v -0.130003 0.559910 0.023888
v -0.114314 0.601484 0.033470
v -0.101012 0.643911 0.041274
v -0.090428 0.687024 0.048343
v -0.082298 0.730653 0.055574
v -0.075494 0.774627 0.063184
v -0.075359 0.818776 0.063075
v -0.186246 0.441911 0.014623
v -0.183777 0.441911 0.033696
v -0.163551 0.479966 0.030008
v -0.159620 0.479966 0.046666
v -0.142061 0.519351 0.041552
v -0.137056 0.519351 0.055940
v -0.122409 0.559910 0.049981
v -0.116642 0.559910 0.062301
v -0.105091 0.601484 0.056151
v -0.098781 0.601484 0.066659
v -0.090472 0.643911 0.061067
v -0.083734 0.643911 0.070048
v -0.078667 0.687024 0.065822
v -0.071501 0.687024 0.073561
v -0.069229 0.730653 0.071235
v -0.061559 0.730653 0.077977
v -0.061015 0.774627 0.077296
v -0.052766 0.774627 0.083159
v -0.179359 0.441911 0.052415
v -0.153996 0.479966 0.062833
v -0.130598 0.519351 0.069737
v -0.109637 0.559910 0.073965
v -0.091423 0.601484 0.076463
v -0.076108 0.643911 0.078287
v -0.063579 0.687024 0.080525
v -0.053236 0.730653 0.083895
v -0.043956 0.774627 0.088146
v -0.173041 0.441911 0.070581
v -0.146741 0.479966 0.078334
v -0.122758 0.519351 0.082797
v -0.101471 0.559910 0.084847
v -0.083096 0.601484 0.085458
v -0.067675 0.643911 0.085699
v -0.054982 0.687024 0.086637
v -0.044348 0.730653 0.088925
v -0.034680 0.774627 0.092199
v -0.034619 0.818776 0.092037
v -0.154985 0.441911 0.104488
v -0.143443 0.441911 0.119870
v -0.127656 0.479966 0.106698
v -0.116030 0.479966 0.119260
v -0.103266 0.519351 0.106160
v -0.091824 0.519351 0.116217
v -0.082009 0.559910 0.103814
v -0.070922 0.559910 0.111698
v -0.063898 0.601484 0.100654
v -0.053231 0.601484 0.106692
v -0.048753 0.643911 0.097734
v -0.038465 0.643911 0.102230
v -0.036138 0.687024 0.096057
v -0.026091 0.687024 0.099263
v -0.025262 0.730653 0.096120
v -0.015265 0.730653 0.098209
v -0.015129 0.774627 0.097349
v -0.005061 0.774627 0.098388
v -0.130378 0.441911 0.133985
v -0.103174 0.479966 0.130558
v -0.079408 0.519351 0.125043
v -0.059080 0.559910 0.118398
v -0.041999 0.601484 0.111600
v -0.027771 0.643911 0.105645
v -0.015766 0.687024 0.101421
v -0.005106 0.730653 0.099260
v 0.005061 0.774627 0.098388
v -0.115931 0.441911 0.146681
v -0.089223 0.479966 0.140477
v -0.066151 0.519351 0.132547
v -0.046614 0.559910 0.123847
v -0.030320 0.601484 0.115328
v -0.016781 0.643911 0.107940
v -0.005274 0.687024 0.102507
v 0.005106 0.730653 0.099260
v 0.015129 0.774627 0.097349
v 0.015103 0.818776 0.097176
v 0.016572 0.818776 0.096870
v -0.083517 0.441911 0.167298
v -0.065896 0.441911 0.174999
v -0.058643 0.479966 0.155762
v -0.042338 0.479966 0.160966
v -0.037681 0.519351 0.143279
v -0.022770 0.519351 0.146395
v -0.020337 0.559910 0.130766
v -0.006803 0.559910 0.132165
v -0.006128 0.601484 0.119095
v 0.006128 0.601484 0.119095
v 0.005614 0.643911 0.109096
v 0.016781 0.643911 0.107940
v 0.015766 0.687024 0.101421
v 0.026091 0.687024 0.099263
v 0.025262 0.730653 0.096120
v 0.034991 0.730653 0.093016
v 0.034680 0.774627 0.092199
v 0.043956 0.774627 0.088146
v -0.047573 0.441911 0.180849
v -0.025583 0.479966 0.164469
v -0.007617 0.519351 0.147961
v 0.006803 0.559910 0.132165
v 0.018322 0.601484 0.117836
v 0.027770 0.643911 0.105645
v 0.036138 0.687024 0.096057
v 0.044348 0.730653 0.088925
v 0.052765 0.774627 0.083159
v -0.028748 0.441911 0.184782
v -0.008559 0.479966 0.166228
v 0.007617 0.519351 0.147961
v 0.020337 0.559910 0.130766
v 0.030320 0.601484 0.115328
v 0.038465 0.643911 0.102230
v 0.045803 0.687024 0.091832
v 0.053236 0.730653 0.083895
v 0.061014 0.774627 0.077296
v 0.060906 0.818776 0.077159
v 0.009616 0.441911 0.186760
v 0.028748 0.441911 0.184782
v 0.025583 0.479966 0.164469
v 0.042338 0.479966 0.160966
v 0.037681 0.519351 0.143279
v 0.052192 0.519351 0.138646
v 0.046614 0.559910 0.123847
v 0.059080 0.559910 0.118398
v 0.053231 0.601484 0.106692
v 0.063898 0.601484 0.100654
v 0.058525 0.643911 0.092204
v 0.067675 0.643911 0.085699
v 0.063579 0.687024 0.080525
v 0.071501 0.687024 0.073561
v 0.069229 0.730653 0.071235
v 0.076167 0.730653 0.063741
v 0.075494 0.774627 0.063184
v 0.081571 0.774627 0.055087
v 0.047573 0.441911 0.180849
v 0.058643 0.479966 0.155762
v 0.066151 0.519351 0.132547
v 0.070922 0.559910 0.111698
v 0.073889 0.601484 0.093552
v 0.076108 0.643911 0.078287
v 0.078667 0.687024 0.065822
v 0.082298 0.730653 0.055574
v 0.086781 0.774627 0.046410
v 0.065896 0.441911 0.174999
v 0.074326 0.479966 0.148908
v 0.079408 0.519351 0.125043
v 0.082009 0.559910 0.103814
v 0.083096 0.601484 0.085458
v 0.083734 0.643911 0.070048
v 0.084998 0.687024 0.057386
v 0.087554 0.730653 0.046817
v 0.091072 0.774627 0.037243
v 0.090908 0.818776 0.037178
v 0.083517 0.441911 0.167298
v 0.100257 0.441911 0.157825
v 0.089223 0.479966 0.140477
v 0.103174 0.479966 0.130558
v 0.091824 0.519351 0.116217
v 0.103266 0.519351 0.106160
v 0.092230 0.559910 0.094832
v 0.101471 0.559910 0.084847
v 0.091423 0.601484 0.076463
v 0.098781 0.601484 0.066659
v 0.090472 0.643911 0.061067
v 0.096253 0.643911 0.051443
v 0.090428 0.687024 0.048343
v 0.094898 0.687024 0.038789
v 0.091884 0.730653 0.037568
v 0.095239 0.730653 0.027923
v 0.094397 0.774627 0.027682
v 0.096722 0.774627 0.017830
v 0.115931 0.441911 0.146681
v 0.116030 0.479966 0.119260
v 0.113614 0.519351 0.094981
v 0.109637 0.559910 0.073965
v 0.105091 0.601484 0.056151
v 0.101012 0.643911 0.041274
v 0.098363 0.687024 0.028828
v 0.097585 0.730653 0.017983
v 0.098021 0.774627 0.007793
v 0.097847 0.818776 0.007780
v 0.097934 0.818776 0.004369
v 0.130378 0.441911 0.133985
v 0.143443 0.441911 0.119870
v 0.127656 0.479966 0.106698
v 0.137930 0.479966 0.093008
v 0.122758 0.519351 0.082797
v 0.130598 0.519351 0.069737
v 0.116642 0.559910 0.062301
v 0.122409 0.559910 0.049981
v 0.110287 0.601484 0.045048
v 0.114314 0.601484 0.033470
v 0.104700 0.643911 0.030671
v 0.107279 0.643911 0.019745
v 0.100786 0.687024 0.018562
v 0.102140 0.687024 0.008101
v 0.098896 0.730653 0.007854
v 0.099159 0.730653 -0.002355
v 0.098282 0.774627 -0.002328
v 0.097501 0.774627 -0.012418
v 0.154985 0.441911 0.104488
v 0.146741 0.479966 0.078334
v 0.137056 0.519351 0.055940
v 0.126878 0.559910 0.037129
v 0.117129 0.601484 0.021540
v 0.108720 0.643911 0.008609
v 0.102413 0.687024 -0.002443
v 0.098370 0.730653 -0.012537
v 0.095687 0.774627 -0.022376
v 0.164887 0.441911 0.087999
v 0.153996 0.479966 0.062833
v 0.142061 0.519351 0.041552
v 0.130003 0.559910 0.023888
v 0.118704 0.601484 0.009383
v 0.109011 0.643911 -0.002614
v 0.101599 0.687024 -0.012959
v 0.096539 0.730653 -0.022583
v 0.092858 0.774627 -0.032096
v 0.173041 0.441911 0.070581
v 0.159620 0.479966 0.046666
v 0.145559 0.519351 0.026726
v 0.131750 0.559910 0.010396
v 0.119019 0.601484 -0.002870
v 0.108144 0.643911 -0.013807
v 0.099707 0.687024 -0.023334
v 0.093685 0.730653 -0.032389
v 0.089045 0.774627 -0.041473
v 0.088884 0.818776 -0.041395
v 0.087538 0.818776 -0.043926
v 0.183777 0.441911 0.033696
v 0.186246 0.441911 0.014623
v 0.165750 0.479966 0.013032
v 0.166189 0.479966 -0.004077
v 0.147908 0.519351 -0.003609
v 0.146733 0.519351 -0.018798
v 0.131051 0.559910 -0.016770
v 0.128611 0.559910 -0.030155
v 0.115877 0.601484 -0.027152
v 0.112451 0.601484 -0.038922
v 0.102992 0.643911 -0.035634
v 0.098764 0.643911 -0.046033
v 0.092786 0.687024 -0.043234
v 0.087830 0.687024 -0.052544
v 0.085039 0.730653 -0.050863
v 0.079338 0.730653 -0.059337
v 0.078636 0.774627 -0.058807
v 0.072151 0.774627 -0.066579
v 0.186740 0.441911 -0.004602
v 0.164868 0.479966 -0.021143
v 0.144000 0.519351 -0.033783
v 0.124808 0.559910 -0.043218
v 0.107833 0.601484 -0.050276
v 0.093486 0.643911 -0.055942
v 0.081941 0.687024 -0.061294
v 0.072796 0.730653 -0.067179
v 0.064903 0.774627 -0.073642
v 0.185255 0.441911 -0.023779
v 0.161801 0.479966 -0.037982
v 0.139743 0.519351 -0.048410
v 0.119683 0.559910 -0.055820
v 0.102071 0.601484 -0.061096
v 0.087220 0.643911 -0.065257
v 0.075183 0.687024 -0.069394
v 0.065482 0.730653 -0.074307
v 0.056966 0.774627 -0.079925
v 0.056864 0.818776 -0.079780
v 0.054905 0.818776 -0.081025
v 0.176432 0.441911 -0.061166
v 0.169187 0.441911 -0.078982
v 0.150568 0.479966 -0.070271
v 0.142524 0.479966 -0.085378
v 0.126846 0.519351 -0.075967
v 0.118341 0.519351 -0.088605
v 0.105694 0.559910 -0.079118
v 0.096978 0.559910 -0.089565
v 0.087375 0.601484 -0.080679
v 0.078597 0.601484 -0.089234
v 0.071987 0.643911 -0.081714
v 0.063183 0.643911 -0.088681
v 0.059359 0.687024 -0.083301
v 0.050460 0.687024 -0.088963
v 0.048856 0.730653 -0.086125
v 0.039721 0.730653 -0.090691
v 0.039370 0.774627 -0.089884
v 0.029898 0.774627 -0.093454
v 0.160149 0.441911 -0.095958
v 0.132971 0.479966 -0.099579
v 0.108583 0.519351 -0.100303
v 0.087235 0.559910 -0.099061
v 0.068985 0.601484 -0.096841
v 0.053710 0.643911 -0.094706
v 0.041025 0.687024 -0.093678
v 0.030165 0.730653 -0.094294
v 0.020110 0.774627 -0.096032
v 0.149411 0.441911 -0.111915
v 0.122005 0.479966 -0.112723
v 0.097674 0.519351 -0.110934
v 0.076567 0.559910 -0.107505
v 0.058642 0.601484 -0.103421
v 0.043669 0.643911 -0.099727
v 0.031156 0.687024 -0.097399
v 0.020289 0.730653 -0.096896
v 0.010109 0.774627 -0.097589
v 0.010090 0.818776 -0.097413
v 0.137091 0.441911 -0.126684
v 0.109747 0.479966 -0.124670
v 0.085729 0.519351 -0.120389
v 0.065087 0.559910 -0.114806
v 0.047677 0.601484 -0.108901
v 0.033162 0.643911 -0.103687
v 0.020956 0.687024 -0.100085
v 0.010199 0.730653 -0.098467
v -0.029845 0.818776 -0.093285
v -0.024696 0.818776 -0.094641
v -0.020074 0.818776 -0.095858
v -0.039721 0.730653 -0.090691
v -0.031156 0.687024 -0.097399
v -0.022305 0.643911 -0.106547
v -0.012242 0.601484 -0.118233
v -0.000000 0.559910 -0.131947
v 0.015214 0.519351 -0.146973
v 0.034006 0.479966 -0.162526
v 0.056810 0.441911 -0.177749
v -0.072023 0.818776 -0.066458
v -0.067818 0.818776 -0.070555
v -0.064787 0.818776 -0.073510
v -0.056864 0.818776 -0.079780
v -0.079338 0.730653 -0.059337
v -0.075185 0.687024 -0.069394
v -0.071987 0.643911 -0.081714
v -0.068985 0.601484 -0.096841
v -0.065087 0.559910 -0.114806
v -0.059249 0.519351 -0.135376
v -0.050558 0.479966 -0.158168
v -0.038210 0.441911 -0.182647
v -0.095516 0.818776 -0.022335
v -0.093722 0.818776 -0.028498
v -0.092691 0.818776 -0.032036
v -0.088884 0.818776 -0.041395
v -0.097847 0.818776 0.007780
v -0.097934 0.818776 0.004369
v -0.098107 0.818776 -0.002320
v -0.097585 0.730653 0.017983
v -0.102140 0.687024 0.008101
v -0.109011 0.643911 -0.002614
v -0.118073 0.601484 -0.015091
v -0.128611 0.559910 -0.030155
v -0.139743 0.519351 -0.048410
v -0.150568 0.479966 -0.070271
v -0.160149 0.441911 -0.095958
v -0.081425 0.818776 0.054991
v -0.083462 0.818776 0.051598
v -0.086625 0.818776 0.046329
v -0.076167 0.730653 0.063741
v -0.084998 0.687024 0.057386
v -0.096253 0.643911 0.051443
v -0.110287 0.601484 0.045048
v -0.126878 0.559910 0.037129
v -0.145559 0.519351 0.026726
v -0.165750 0.479966 0.013032
v -0.186740 0.441911 -0.004602
v -0.043877 0.818776 0.087991
v -0.047798 0.818776 0.085771
v -0.052671 0.818776 0.083013
v -0.034991 0.730653 0.093016
v -0.045803 0.687024 0.091832
v -0.058525 0.643911 0.092204
v -0.073889 0.601484 0.093552
v -0.092230 0.559910 0.094832
v -0.113614 0.519351 0.094981
v -0.137930 0.479966 0.093008
v -0.164887 0.441911 0.087999
v 0.005053 0.818776 0.098216
v -0.000000 0.818776 0.098216
v -0.005053 0.818776 0.098216
v -0.015103 0.818776 0.097176
v 0.015265 0.730653 0.098209
v 0.005274 0.687024 0.102507
v -0.005614 0.643911 0.109096
v -0.018322 0.601484 0.117836
v -0.033653 0.559910 0.127983
v -0.052192 0.519351 0.138646
v -0.074326 0.479966 0.148908
v -0.100257 0.441911 0.157825
v 0.052671 0.818776 0.083013
v 0.047798 0.818776 0.085771
v 0.043877 0.818776 0.087991
v 0.061559 0.730653 0.077977
v 0.054982 0.687024 0.086637
v 0.048753 0.643911 0.097734
v 0.041999 0.601484 0.111600
v 0.033653 0.559910 0.127983
v 0.022770 0.519351 0.146395
v 0.008559 0.479966 0.166228
v -0.009617 0.441911 0.186760
v 0.086625 0.818776 0.046329
v 0.083462 0.818776 0.051598
v 0.081425 0.818776 0.054991
v 0.096550 0.818776 0.017801
v 0.095828 0.818776 0.020857
v 0.094228 0.818776 0.027635
v 0.098107 0.818776 -0.002320
v 0.092691 0.818776 -0.032036
v 0.093722 0.818776 -0.028498
v 0.095516 0.818776 -0.022335
v 0.097327 0.818776 -0.012395
v 0.089838 0.730653 -0.041849
v 0.096759 0.687024 -0.033463
v 0.106131 0.643911 -0.024853
v 0.118073 0.601484 -0.015091
v 0.132100 0.559910 -0.003205
v 0.147516 0.519351 0.011619
v 0.163551 0.479966 0.030008
v 0.179359 0.441911 0.052415
v 0.064787 0.818776 -0.073510
v 0.067818 0.818776 -0.070555
v 0.072023 0.818776 -0.066458
v 0.078495 0.818776 -0.058697
v 0.057474 0.730653 -0.080645
v 0.067630 0.687024 -0.076755
v 0.080027 0.643911 -0.073878
v 0.095227 0.601484 -0.071265
v 0.113288 0.559910 -0.067830
v 0.134004 0.519351 -0.062521
v 0.157017 0.479966 -0.054415
v 0.181808 0.441911 -0.042701
v 0.020074 0.818776 -0.095858
v 0.024696 0.818776 -0.094641
v 0.029845 0.818776 -0.093285
v -0.095602 0.825145 0.084355
v -0.082630 0.825145 0.097268
v -0.069541 0.825145 0.107039
v -0.062039 0.825145 0.111264
v -0.055308 0.825145 0.115055
v -0.042416 0.825145 0.120274
v -0.124523 0.825145 0.027049
v -0.124276 0.825145 0.028571
v -0.119629 0.825145 0.044230
v -0.118110 0.825145 0.047660
v -0.113016 0.825145 0.059167
v -0.108324 0.825145 0.066906
v -0.104549 0.825145 0.073135
v -0.121822 0.825145 -0.037098
v -0.122203 0.825145 -0.036063
v -0.125837 0.825145 -0.020138
v -0.126241 0.825145 -0.015966
v -0.127407 0.825145 -0.003880
v -0.127102 0.825145 0.005607
v -0.126883 0.825145 0.012447
v -0.088176 0.825145 -0.091792
v -0.088680 0.825145 -0.091363
v -0.099661 0.825145 -0.079271
v -0.102311 0.825145 -0.075471
v -0.109007 0.825145 -0.065874
v -0.113601 0.825145 -0.057067
v -0.116562 0.825145 -0.051392
v -0.010795 0.825145 -0.126573
v -0.016301 0.825145 -0.126219
v -0.032117 0.825145 -0.123139
v -0.047836 0.825145 -0.117949
v -0.052409 0.825145 -0.115747
v -0.062553 0.825145 -0.110862
v -0.071249 0.825145 -0.105203
v -0.076242 0.825145 -0.101951
v 0.032117 0.825145 -0.123139
v 0.016301 0.825145 -0.126219
v 0.010795 0.825145 -0.126573
v -0.000000 0.825145 -0.127266
v 0.047836 0.825145 -0.117949
v 0.052409 0.825145 -0.115747
v 0.062553 0.825145 -0.110862
v 0.071249 0.825145 -0.105203
v 0.076242 0.825145 -0.101951
v 0.088176 0.825145 -0.091792
v 0.102311 0.825145 -0.075471
v 0.099661 0.825145 -0.079271
v 0.088680 0.825145 -0.091363
v 0.121822 0.825145 -0.037098
v 0.116562 0.825145 -0.051392
v 0.113601 0.825145 -0.057067
v 0.109007 0.825145 -0.065874
v 0.122203 0.825145 -0.036063
v 0.125837 0.825145 -0.020138
v 0.126241 0.825145 -0.015966
v 0.127407 0.825145 -0.003880
v 0.127102 0.825145 0.005607
v 0.126883 0.825145 0.012447
v 0.124523 0.825145 0.027049
v 0.118110 0.825145 0.047660
v 0.119629 0.825145 0.044230
v 0.124276 0.825145 0.028571
v 0.095602 0.825145 0.084355
v 0.104549 0.825145 0.073135
v 0.108324 0.825145 0.066906
v 0.113016 0.825145 0.059167
v 0.082630 0.825145 0.097268
v 0.069541 0.825145 0.107039
v 0.062039 0.825145 0.111264
v 0.055308 0.825145 0.115055
v 0.042416 0.825145 0.120274
v 0.021523 0.825145 0.125693
v 0.024368 0.825145 0.125328
v 0.040167 0.825145 0.121184
v -0.040167 0.825145 0.121184
v -0.024368 0.825145 0.125328
v -0.021523 0.825145 0.125693
v -0.008167 0.825145 0.127415
v -0.000000 0.825145 0.127415
v 0.008167 0.825145 0.127415
v 0.017261 0.863713 -0.139194
v 0.017454 0.858805 -0.135175
v 0.034261 0.863713 -0.136016
v 0.034624 0.858805 -0.131831
v 0.050740 0.863713 -0.130773
v 0.051224 0.858805 -0.126319
v 0.066451 0.863713 -0.123545
v 0.066982 0.858805 -0.118730
v 0.117088 0.863713 -0.077383
v 0.119912 0.863713 -0.072494
v 0.116726 0.858805 -0.070557
v 0.125736 0.863713 -0.062407
v 0.128210 0.863713 -0.056557
v 0.124816 0.858805 -0.055049
v 0.132477 0.863713 -0.046481
v 0.134408 0.863713 -0.039691
v 0.130857 0.858805 -0.038634
v 0.137209 0.863713 -0.029846
v 0.138400 0.863713 -0.022175
v 0.134749 0.858805 -0.021581
v -0.008647 0.863713 0.140397
v -0.008746 0.858805 0.136420
v -0.025810 0.863713 0.138270
v -0.026093 0.858805 0.134185
v -0.042582 0.863713 0.134053
v -0.043013 0.858805 0.129748
v -0.058708 0.863713 0.127805
v -0.059224 0.858805 0.123185
v -0.073944 0.863713 0.119624
v -0.076533 0.863713 0.117790
v -0.074465 0.858805 0.114601
v -0.121642 0.863713 0.070433
v -0.124315 0.863713 0.065063
v -0.121020 0.858805 0.063339
v -0.129351 0.863713 0.054952
v -0.131579 0.863713 0.048628
v -0.128099 0.858805 0.047344
v -0.135100 0.863713 0.038642
v -0.136683 0.863713 0.031403
v -0.133076 0.858805 0.030577
v -0.138799 0.863713 0.021748
v -0.139549 0.863713 0.013665
v -0.135868 0.858805 0.013309
v 0.062668 0.832569 -0.111066
v 0.047924 0.832569 -0.118168
v 0.048317 0.839816 -0.119140
v 0.076382 0.832569 -0.102140
v 0.088844 0.832569 -0.091533
v 0.116777 0.832569 -0.051489
v 0.122428 0.832569 -0.036131
v 0.126070 0.832569 -0.020176
v 0.127640 0.832569 -0.003887
v 0.119849 0.832569 0.044312
v 0.113225 0.832569 0.059275
v 0.082783 0.832569 0.097448
v 0.024412 0.832569 0.125558
v -0.082783 0.832569 0.097448
v -0.104741 0.832569 0.073269
v -0.119849 0.832569 0.044312
v -0.127640 0.832569 -0.003887
v -0.122428 0.832569 -0.036131
v -0.109208 0.832569 -0.065996
v -0.088844 0.832569 -0.091533
v -0.062668 0.832569 -0.111066
v -0.032393 0.832569 -0.123323
v -0.016330 0.832569 -0.126453
v -0.047924 0.832569 -0.118168
v -0.076382 0.832569 -0.102140
v -0.099846 0.832569 -0.079418
v -0.116777 0.832569 -0.051489
v -0.126070 0.832569 -0.020176
v -0.127117 0.832569 0.012468
v -0.069668 0.832569 0.107236
v -0.055410 0.832569 0.115265
v -0.055866 0.839816 0.116209
v -0.024412 0.832569 0.125558
v -0.008183 0.832569 0.127650
v 0.008183 0.832569 0.127650
v 0.040241 0.832569 0.121406
v 0.055410 0.832569 0.115265
v 0.069668 0.832569 0.107236
v 0.094539 0.832569 0.086063
v 0.104741 0.832569 0.073269
v 0.124505 0.832569 0.028623
v 0.127117 0.832569 0.012468
v 0.099846 0.832569 -0.079418
v 0.032393 0.832569 -0.123323
v 0.016330 0.832569 -0.126453
v -0.041152 0.846712 0.124147
v -0.040572 0.839816 0.122400
v -0.040241 0.832569 0.121406
v 0.033125 0.846712 -0.126119
v 0.032659 0.839816 -0.124338
v -0.025461 0.853092 0.130938
v -0.024964 0.846712 0.128391
v -0.024613 0.839816 0.126586
v 0.017032 0.853092 -0.131893
v 0.016700 0.846712 -0.129317
v 0.016464 0.839816 -0.127492
v -0.008533 0.853092 0.133121
v -0.008367 0.846712 0.130530
v -0.008250 0.839816 0.128694
v -0.000000 0.858805 -0.136295
v -0.000000 0.853092 -0.132985
v -0.000000 0.846712 -0.130390
v -0.000000 0.839816 -0.128550
v -0.000000 0.832569 -0.127501
v -0.101047 0.858805 0.091970
v -0.111952 0.858805 0.078296
v -0.109238 0.853092 0.076404
v 0.094958 0.858805 -0.097851
v 0.106719 0.858805 -0.084902
v 0.104131 0.853092 -0.082838
v -0.017456 0.858805 -0.135175
v -0.017954 0.863713 -0.139064
v -0.016464 0.839816 -0.127492
v -0.016700 0.846712 -0.129317
v -0.017032 0.853092 -0.131893
v -0.000000 0.863713 -0.140259
v -0.034624 0.858805 -0.131831
v -0.035604 0.863713 -0.135589
v -0.032659 0.839816 -0.124338
v -0.033125 0.846712 -0.126119
v -0.033784 0.853092 -0.128630
v -0.051224 0.858805 -0.126319
v -0.052663 0.863713 -0.129889
v -0.048317 0.839816 -0.119140
v -0.049007 0.846712 -0.120846
v -0.049981 0.853092 -0.123252
v -0.066982 0.858805 -0.118730
v -0.068849 0.863713 -0.122061
v -0.063181 0.839816 -0.111981
v -0.064084 0.846712 -0.113585
v -0.065358 0.853092 -0.115848
v -0.081641 0.858805 -0.109189
v -0.083902 0.863713 -0.112231
v -0.081154 0.863713 -0.114441
v -0.077009 0.839816 -0.102980
v -0.078108 0.846712 -0.104454
v -0.079663 0.853092 -0.106537
v -0.094958 0.858805 -0.097851
v -0.097575 0.863713 -0.100560
v -0.094629 0.863713 -0.103599
v -0.089572 0.839816 -0.092286
v -0.090852 0.846712 -0.093606
v -0.092658 0.853092 -0.095473
v -0.106719 0.858805 -0.084902
v -0.109643 0.863713 -0.087243
v -0.106667 0.863713 -0.091185
v -0.100665 0.839816 -0.080073
v -0.102103 0.846712 -0.081219
v -0.104131 0.853092 -0.082838
v -0.116726 0.858805 -0.070557
v -0.119912 0.863713 -0.072494
v -0.117088 0.863713 -0.077383
v -0.110104 0.839816 -0.066540
v -0.111677 0.846712 -0.067494
v -0.113896 0.853092 -0.068841
v -0.124816 0.858805 -0.055049
v -0.128210 0.863713 -0.056557
v -0.125736 0.863713 -0.062407
v -0.117735 0.839816 -0.051913
v -0.119417 0.846712 -0.052657
v -0.121791 0.853092 -0.053710
v -0.130857 0.858805 -0.038634
v -0.134408 0.863713 -0.039691
v -0.132477 0.863713 -0.046481
v -0.123433 0.839816 -0.036428
v -0.125197 0.846712 -0.036953
v -0.127686 0.853092 -0.037692
v -0.134749 0.858805 -0.021581
v -0.138400 0.863713 -0.022175
v -0.137209 0.863713 -0.029846
v -0.127105 0.839816 -0.020343
v -0.128919 0.846712 -0.020638
v -0.131483 0.853092 -0.021054
v -0.140393 0.863713 0.004527
v -0.140123 0.863713 -0.004292
v -0.136429 0.858805 -0.004171
v -0.139863 0.863713 -0.012757
v -0.128689 0.839816 -0.003921
v -0.130527 0.846712 -0.003981
v -0.133122 0.853092 -0.004065
v -0.128159 0.839816 0.012568
v -0.129990 0.846712 0.012746
v -0.132575 0.853092 0.012993
v -0.124505 0.832569 0.028623
v -0.125528 0.839816 0.028856
v -0.127320 0.846712 0.029265
v -0.129851 0.853092 0.029841
v -0.120832 0.839816 0.044673
v -0.122558 0.846712 0.045307
v -0.124994 0.853092 0.046203
v -0.115784 0.846712 0.060609
v -0.118086 0.853092 0.061808
v -0.115014 0.863713 0.080438
v -0.088059 0.863713 0.109632
v -0.090925 0.863713 0.107018
v -0.088482 0.858805 0.104139
v -0.098597 0.853092 0.089748
v -0.107110 0.846712 0.074920
v -0.114153 0.839816 0.059760
v -0.100839 0.863713 0.097982
v -0.103822 0.863713 0.094499
v -0.112091 0.863713 0.084849
v -0.086337 0.853092 0.101621
v -0.096676 0.846712 0.088003
v -0.105601 0.839816 0.073868
v -0.113225 0.832569 0.059275
v -0.072660 0.853092 0.111829
v -0.084654 0.846712 0.099645
v -0.095314 0.839816 0.086767
v -0.057789 0.853092 0.120204
v -0.071244 0.846712 0.109654
v -0.083462 0.839816 0.098245
v -0.094539 0.832569 0.086063
v -0.041970 0.853092 0.126608
v -0.056662 0.846712 0.117866
v -0.070241 0.839816 0.108112
v 0.008746 0.858805 0.136420
v 0.008996 0.863713 0.140354
v 0.008250 0.839816 0.128694
v 0.008367 0.846712 0.130530
v 0.008533 0.853092 0.133121
v 0.026093 0.858805 0.134185
v 0.026835 0.863713 0.138013
v 0.024613 0.839816 0.126586
v 0.024964 0.846712 0.128391
v 0.025461 0.853092 0.130938
v 0.043013 0.858805 0.129748
v 0.044225 0.863713 0.133416
v 0.040572 0.839816 0.122400
v 0.041152 0.846712 0.124147
v 0.041970 0.853092 0.126608
v 0.059224 0.858805 0.123185
v 0.060883 0.863713 0.126638
v 0.055866 0.839816 0.116209
v 0.056662 0.846712 0.117866
v 0.057789 0.853092 0.120204
v 0.074465 0.858805 0.114601
v 0.076533 0.863713 0.117790
v 0.073944 0.863713 0.119624
v 0.070241 0.839816 0.108112
v 0.071244 0.846712 0.109654
v 0.072660 0.853092 0.111829
v 0.088482 0.858805 0.104139
v 0.090925 0.863713 0.107018
v 0.088059 0.863713 0.109632
v 0.083462 0.839816 0.098245
v 0.084654 0.846712 0.099645
v 0.086337 0.853092 0.101621
v 0.101047 0.858805 0.091970
v 0.103822 0.863713 0.094499
v 0.100839 0.863713 0.097982
v 0.095314 0.839816 0.086767
v 0.096676 0.846712 0.088003
v 0.098597 0.853092 0.089748
v 0.111952 0.858805 0.078296
v 0.115014 0.863713 0.080438
v 0.112091 0.863713 0.084849
v 0.105601 0.839816 0.073868
v 0.107110 0.846712 0.074920
v 0.109238 0.853092 0.076404
v 0.121020 0.858805 0.063339
v 0.124315 0.863713 0.065063
v 0.121642 0.863713 0.070433
v 0.114153 0.839816 0.059760
v 0.115784 0.846712 0.060609
v 0.118086 0.853092 0.061808
v 0.128099 0.858805 0.047344
v 0.131579 0.863713 0.048628
v 0.129351 0.863713 0.054952
v 0.120832 0.839816 0.044673
v 0.122558 0.846712 0.045307
v 0.124994 0.853092 0.046203
v 0.133076 0.858805 0.030577
v 0.136683 0.863713 0.031403
v 0.135100 0.863713 0.038642
v 0.125527 0.839816 0.028856
v 0.127320 0.846712 0.029265
v 0.129851 0.853092 0.029841
v 0.135868 0.858805 0.013309
v 0.139549 0.863713 0.013665
v 0.138799 0.863713 0.021748
v 0.128159 0.839816 0.012568
v 0.129990 0.846712 0.012746
v 0.132575 0.853092 0.012993
v 0.139860 0.863713 -0.012757
v 0.140123 0.863713 -0.004292
v 0.136429 0.858805 -0.004171
v 0.140393 0.863713 0.004527
v 0.128689 0.839816 -0.003921
v 0.130527 0.846712 -0.003981
v 0.133122 0.853092 -0.004065
v 0.127105 0.839816 -0.020343
v 0.128919 0.846712 -0.020638
v 0.131483 0.853092 -0.021054
v 0.123433 0.839816 -0.036428
v 0.125197 0.846712 -0.036953
v 0.127686 0.853092 -0.037692
v 0.117735 0.839816 -0.051913
v 0.119417 0.846712 -0.052657
v 0.121791 0.853092 -0.053710
v 0.111677 0.846712 -0.067494
v 0.113896 0.853092 -0.068841
v 0.109643 0.863713 -0.087243
v 0.081154 0.863713 -0.114441
v 0.083902 0.863713 -0.112231
v 0.081641 0.858805 -0.109189
v 0.092658 0.853092 -0.095473
v 0.102103 0.846712 -0.081219
v 0.110104 0.839816 -0.066540
v 0.094629 0.863713 -0.103599
v 0.097575 0.863713 -0.100560
v 0.106667 0.863713 -0.091185
v 0.079663 0.853092 -0.106537
v 0.090852 0.846712 -0.093606
v 0.100665 0.839816 -0.080073
v 0.109208 0.832569 -0.065996
v 0.065358 0.853092 -0.115848
v 0.078108 0.846712 -0.104454
v 0.089572 0.839816 -0.092286
v 0.049981 0.853092 -0.123252
v 0.064084 0.846712 -0.113585
v 0.077009 0.839816 -0.102980
v 0.033784 0.853092 -0.128630
v 0.049007 0.846712 -0.120846
v 0.063181 0.839816 -0.111981
v 0.009739 0.939184 -0.114176
v 0.014128 0.939184 -0.113907
v 0.014777 0.938603 -0.119142
v 0.114791 0.939184 0.005065
v 0.113609 0.939184 0.017828
v 0.118823 0.938603 0.018638
v 0.112178 0.939184 0.024368
v 0.110582 0.939184 0.031656
v 0.115656 0.938603 0.033101
v 0.019419 0.939184 0.113417
v 0.007077 0.939184 0.114944
v 0.007403 0.938603 0.120211
v -0.000000 0.939184 0.114944
v -0.007077 0.939184 0.114944
v -0.007403 0.938603 0.120211
v -0.072218 0.939184 0.089636
v -0.082537 0.939184 0.080227
v -0.086326 0.938603 0.083901
v -0.106576 0.939184 0.043022
v -0.110582 0.939184 0.031656
v -0.115656 0.938603 0.033101
v -0.102631 0.939184 -0.051550
v -0.095838 0.939184 -0.063312
v -0.100237 0.938603 -0.066227
v -0.064314 0.939184 -0.094954
v -0.054392 0.939184 -0.101096
v -0.056888 0.938603 -0.105745
v -0.028953 0.939184 -0.111016
v -0.028043 0.939184 -0.111306
v -0.029329 0.938603 -0.116421
v 0.124774 0.868341 0.072240
v 0.132681 0.868341 0.056361
v 0.135238 0.873771 0.057442
v 0.017705 0.868341 -0.142784
v 0.097064 0.868341 -0.106274
v 0.109413 0.868341 -0.093537
v 0.120103 0.868341 -0.079382
v 0.128972 0.868341 -0.064018
v 0.135887 0.868341 -0.047683
v 0.140742 0.868341 -0.030622
v 0.143462 0.868341 -0.013092
v 0.114976 0.868341 0.087027
v 0.103435 0.868341 0.100499
v 0.090325 0.868341 0.112449
v 0.075846 0.868341 0.122698
v 0.060219 0.868341 0.131090
v 0.043677 0.868341 0.137498
v 0.026474 0.868341 0.141826
v 0.008869 0.868341 0.144005
v -0.026474 0.868341 0.141826
v -0.043677 0.868341 0.137498
v -0.060219 0.868341 0.131090
v -0.075846 0.868341 0.122698
v -0.143464 0.868341 -0.013092
v -0.140742 0.868341 -0.030622
v -0.135887 0.868341 -0.047683
v -0.128972 0.868341 -0.064018
v -0.120103 0.868341 -0.079382
v -0.109413 0.868341 -0.093537
v -0.097065 0.868341 -0.106274
v -0.083244 0.868341 -0.117394
v -0.068162 0.868341 -0.126732
v -0.052046 0.868341 -0.134147
v -0.035143 0.868341 -0.139524
v -0.017705 0.868341 -0.142784
v -0.142372 0.868341 0.022302
v -0.138576 0.868341 0.039630
v -0.132681 0.868341 0.056361
v -0.124774 0.868341 0.072240
v -0.114976 0.868341 0.087027
v -0.103435 0.868341 0.100499
v -0.090326 0.868341 0.112449
v 0.138576 0.868341 0.039630
v 0.142372 0.868341 0.022302
v 0.083244 0.868341 -0.117394
v 0.068162 0.868341 -0.126732
v 0.052046 0.868341 -0.134147
v 0.035143 0.868341 -0.139524
v -0.018047 0.873771 -0.145540
v -0.000000 0.873771 -0.146653
v -0.000000 0.868341 -0.143876
v 0.143030 0.879852 0.040896
v 0.141248 0.873771 0.040389
v -0.018275 0.879852 -0.147380
v -0.000000 0.879852 -0.148508
v 0.147827 0.886414 0.023146
v 0.146946 0.879852 0.023010
v 0.145114 0.873771 0.022726
v -0.018384 0.886414 -0.148266
v -0.000000 0.886414 -0.149399
v 0.149456 0.893279 0.004802
v 0.149526 0.886414 0.004805
v 0.148637 0.879852 0.004777
v 0.146784 0.873771 0.004724
v 0.144009 0.868341 0.004638
v -0.018375 0.893279 -0.148198
v -0.000000 0.893279 -0.149331
v 0.147975 0.900253 -0.013516
v 0.148890 0.893279 -0.013600
v 0.148959 0.886414 -0.013605
v 0.148073 0.879852 -0.013522
v 0.146227 0.873771 -0.013350
v 0.143624 0.907146 -0.031260
v 0.145169 0.900253 -0.031596
v 0.146066 0.893279 -0.031793
v 0.146133 0.886414 -0.031805
v 0.145264 0.879852 -0.031614
v 0.143454 0.873771 -0.031216
v 0.136538 0.913764 -0.047921
v 0.138670 0.907146 -0.048671
v 0.140162 0.900253 -0.049196
v 0.141027 0.893279 -0.049499
v 0.141093 0.886414 -0.049520
v 0.140253 0.879852 -0.049224
v 0.138505 0.873771 -0.048607
v 0.126999 0.919926 -0.063045
v 0.129589 0.913764 -0.064334
v 0.131613 0.907146 -0.065341
v 0.133030 0.900253 -0.066046
v 0.133851 0.893279 -0.066452
v 0.133913 0.886414 -0.066483
v 0.133118 0.879852 -0.066084
v 0.131458 0.873771 -0.065257
v 0.115389 0.925461 -0.076266
v 0.118265 0.919926 -0.078172
v 0.120679 0.913764 -0.079769
v 0.122562 0.907146 -0.081017
v 0.123881 0.900253 -0.081891
v 0.124647 0.893279 -0.082398
v 0.124704 0.886414 -0.082433
v 0.123963 0.879852 -0.081940
v 0.122417 0.873771 -0.080916
v -0.017010 0.925461 -0.137180
v -0.000000 0.925461 -0.138229
v -0.000000 0.919926 -0.141678
v -0.036271 0.879852 -0.144016
v -0.036489 0.886414 -0.144880
v -0.054040 0.886414 -0.139296
v -0.054015 0.893279 -0.139234
v -0.070741 0.893279 -0.131539
v -0.070306 0.900253 -0.130732
v -0.085863 0.900253 -0.121098
v -0.084949 0.907146 -0.119809
v -0.099051 0.907146 -0.108461
v -0.097529 0.913764 -0.106790
v -0.109937 0.913764 -0.093996
v -0.107739 0.919926 -0.092112
v -0.118266 0.919926 -0.078172
v -0.115389 0.925461 -0.076266
v -0.123910 0.925461 -0.061506
v -0.120390 0.930215 -0.059753
v -0.143454 0.873771 -0.031216
v -0.146227 0.873771 -0.013350
v -0.148073 0.879852 -0.013522
v -0.148637 0.879852 0.004777
v -0.149527 0.886414 0.004805
v -0.147827 0.886414 0.023146
v -0.147758 0.893279 0.023133
v -0.143820 0.893279 0.041117
v -0.142936 0.900253 0.040864
v -0.136855 0.900253 0.058121
v -0.135398 0.907146 0.057504
v -0.127330 0.907146 0.073707
v -0.125372 0.913764 0.072577
v -0.115526 0.913764 0.087435
v -0.113216 0.919926 0.085690
v -0.101851 0.919926 0.098956
v -0.099375 0.925461 0.096554
v -0.086781 0.925461 0.108035
v -0.084315 0.930215 0.104971
v -0.117192 0.873771 0.088700
v -0.105428 0.873771 0.102431
v -0.106759 0.879852 0.103719
v -0.093229 0.879852 0.116054
v -0.093786 0.886414 0.116745
v -0.078752 0.886414 0.127388
v -0.078715 0.893279 0.127327
v -0.062497 0.893279 0.136038
v -0.062112 0.900253 0.135203
v -0.045051 0.900253 0.141811
v -0.044572 0.907146 0.140303
v -0.027016 0.907146 0.144718
v -0.026601 0.913764 0.142495
v -0.008911 0.913764 0.144686
v -0.008734 0.919926 0.141796
v 0.008734 0.919926 0.141796
v 0.008521 0.925461 0.138352
v 0.025435 0.925461 0.136258
v 0.024713 0.930215 0.132393
v 0.061379 0.873771 0.133611
v 0.077308 0.873771 0.125058
v 0.078284 0.879852 0.126632
v 0.093229 0.879852 0.116054
v 0.093786 0.886414 0.116745
v 0.107397 0.886414 0.104338
v 0.107349 0.893279 0.104288
v 0.119325 0.893279 0.090308
v 0.118593 0.900253 0.089753
v 0.128700 0.900253 0.074501
v 0.127330 0.907146 0.073707
v 0.135398 0.907146 0.057504
v 0.133316 0.913764 0.056622
v 0.139240 0.913764 0.039811
v 0.136455 0.919926 0.039018
v 0.140192 0.919926 0.021955
v 0.136785 0.925461 0.021425
v 0.138357 0.925461 0.004455
v 0.134425 0.930215 0.004334
v 0.102132 0.930215 -0.087309
v 0.105118 0.925461 -0.089866
v 0.107739 0.919926 -0.092112
v 0.109937 0.913764 -0.093996
v 0.111654 0.907146 -0.095464
v 0.112855 0.900253 -0.096492
v 0.113552 0.893279 -0.097088
v 0.113605 0.886414 -0.097132
v 0.112929 0.879852 -0.096552
v 0.111522 0.873771 -0.095345
v -0.036472 0.893279 -0.144815
v -0.053684 0.900253 -0.138379
v -0.069557 0.907146 -0.129338
v -0.083642 0.913764 -0.117965
v -0.095578 0.919926 -0.104652
v -0.105118 0.925461 -0.089866
v -0.112111 0.930215 -0.074096
v -0.116467 0.934056 -0.057801
v -0.138505 0.873771 -0.048607
v -0.145264 0.879852 -0.031614
v -0.148959 0.886414 -0.013605
v -0.149456 0.893279 0.004802
v -0.146850 0.900253 0.022991
v -0.141414 0.907146 0.040430
v -0.133316 0.913764 0.056622
v -0.122864 0.919926 0.071129
v -0.110463 0.925461 0.083611
v -0.096552 0.930215 0.093815
v -0.081566 0.934056 0.101556
v -0.127179 0.873771 0.073628
v -0.118671 0.879852 0.089815
v -0.107397 0.886414 0.104338
v -0.093743 0.893279 0.116691
v -0.078233 0.900253 0.126545
v -0.061451 0.907146 0.133763
v -0.043886 0.913764 0.138148
v -0.026068 0.919926 0.139650
v -0.008521 0.925461 0.138352
v 0.008279 0.930215 0.134428
v 0.023907 0.934056 0.128085
v 0.044518 0.873771 0.140143
v 0.062153 0.879852 0.135295
v 0.078752 0.886414 0.127388
v 0.093743 0.893279 0.116691
v 0.106689 0.900253 0.103647
v 0.117330 0.907146 0.088799
v 0.125372 0.913764 0.072577
v 0.130650 0.919926 0.055493
v 0.133138 0.925461 0.038075
v 0.132897 0.930215 0.020822
v 0.130045 0.934056 0.004199
v 0.087652 0.934056 -0.095958
v 0.090605 0.930215 -0.099195
v 0.093254 0.925461 -0.102103
v 0.095578 0.919926 -0.104652
v 0.097529 0.913764 -0.106790
v 0.099051 0.907146 -0.108461
v 0.100118 0.900253 -0.109628
v 0.100736 0.893279 -0.110306
v 0.100783 0.886414 -0.110356
v 0.100183 0.879852 -0.109697
v 0.098934 0.873771 -0.108324
v -0.036248 0.900253 -0.143925
v -0.053113 0.907146 -0.136905
v -0.068488 0.913764 -0.127347
v -0.081970 0.919926 -0.115602
v -0.093254 0.925461 -0.102103
v -0.102132 0.930215 -0.087309
v -0.108457 0.934056 -0.071674
v -0.112191 0.936879 -0.055672
v -0.131458 0.873771 -0.065257
v -0.140253 0.879852 -0.049224
v -0.146133 0.886414 -0.031805
v -0.148890 0.893279 -0.013600
v -0.148538 0.900253 0.004772
v -0.145287 0.907146 0.022747
v -0.139240 0.913764 0.039811
v -0.130650 0.919926 0.055493
v -0.119876 0.925461 0.069403
v -0.107325 0.930215 0.081241
v -0.093404 0.934056 0.090765
v -0.078572 0.936879 0.097835
v -0.135238 0.873771 0.057442
v -0.128785 0.879852 0.074553
v -0.119381 0.886414 0.090350
v -0.107349 0.893279 0.104288
v -0.093166 0.900253 0.115974
v -0.077400 0.907146 0.125199
v -0.060507 0.913764 0.131709
v -0.043008 0.919926 0.135390
v -0.025435 0.925461 0.136258
v -0.008279 0.930215 0.134428
v 0.008011 0.934056 0.130052
v 0.023030 0.936879 0.123390
v 0.026985 0.873771 0.144554
v 0.045081 0.879852 0.141909
v 0.062526 0.886414 0.136101
v 0.078715 0.893279 0.127327
v 0.093166 0.900253 0.115974
v 0.105552 0.907146 0.102545
v 0.115526 0.913764 0.087435
v 0.122864 0.919926 0.071129
v 0.127474 0.925461 0.054147
v 0.129355 0.930215 0.036997
v 0.128568 0.934056 0.020151
v 0.125271 0.936879 0.004053
v 0.072413 0.936879 -0.102102
v 0.075172 0.934056 -0.106001
v 0.077704 0.930215 -0.109576
v 0.079976 0.925461 -0.112788
v 0.081970 0.919926 -0.115602
v 0.083642 0.913764 -0.117965
v 0.084949 0.907146 -0.119809
v 0.085863 0.900253 -0.121098
v 0.086393 0.893279 -0.121847
v 0.086433 0.886414 -0.121903
v 0.085919 0.879852 -0.121174
v 0.084849 0.873771 -0.119660
v -0.018262 0.900253 -0.147288
v -0.035863 0.907146 -0.142392
v -0.052295 0.913764 -0.134797
v -0.067119 0.919926 -0.124799
v -0.079976 0.925461 -0.112788
v -0.090605 0.930215 -0.099195
v -0.098804 0.934056 -0.084458
v -0.104475 0.936879 -0.069036
v -0.107640 0.938603 -0.053406
v -0.122430 0.936879 -0.026619
v -0.118206 0.936879 -0.041461
v -0.122711 0.934056 -0.043050
v -0.122417 0.873771 -0.080916
v -0.133118 0.879852 -0.066084
v -0.141093 0.886414 -0.049520
v -0.146066 0.893279 -0.031793
v -0.147975 0.900253 -0.013516
v -0.146958 0.907146 0.004722
v -0.143054 0.913764 0.022400
v -0.136455 0.919926 0.039018
v -0.127474 0.925461 0.054147
v -0.116472 0.930215 0.067438
v -0.103827 0.934056 0.078599
v -0.089977 0.936879 0.087440
v -0.075385 0.938603 0.093875
v -0.052384 0.936879 0.114051
v -0.065977 0.936879 0.106752
v -0.068493 0.934056 0.110813
v -0.141248 0.873771 0.040389
v -0.136946 0.879852 0.058163
v -0.129554 0.886414 0.074995
v -0.119325 0.893279 0.090308
v -0.106689 0.900253 0.103647
v -0.092174 0.907146 0.114740
v -0.076209 0.913764 0.123277
v -0.059298 0.919926 0.129079
v -0.041962 0.925461 0.132103
v -0.024713 0.930215 0.132393
v -0.008011 0.934056 0.130052
v 0.007715 0.936879 0.125287
v 0.022095 0.938603 0.118392
v 0.052384 0.936879 0.114051
v 0.037994 0.936879 0.119626
v 0.039443 0.934056 0.124176
v -0.008871 0.868341 0.144005
v 0.009041 0.873771 0.146776
v 0.027325 0.879852 0.146375
v 0.045351 0.886414 0.142756
v 0.062497 0.893279 0.136038
v 0.078233 0.900253 0.126545
v 0.092174 0.907146 0.114740
v 0.103930 0.913764 0.100970
v 0.113216 0.919926 0.085690
v 0.119876 0.925461 0.069403
v 0.123852 0.930215 0.052615
v 0.125141 0.934056 0.035800
v 0.123848 0.936879 0.019416
v 0.120190 0.938603 0.003896
v 0.122430 0.936879 -0.026619
v 0.124797 0.936879 -0.011371
v 0.129552 0.934056 -0.011812
v 0.056888 0.938603 -0.105745
v 0.059292 0.936879 -0.110225
v 0.061552 0.934056 -0.114432
v 0.063626 0.930215 -0.118293
v 0.065487 0.925461 -0.121759
v 0.067119 0.919926 -0.124799
v 0.068488 0.913764 -0.127347
v 0.069557 0.907146 -0.129338
v 0.070306 0.900253 -0.130732
v 0.070741 0.893279 -0.131539
v 0.070773 0.886414 -0.131599
v 0.070352 0.879852 -0.130813
v 0.069476 0.873771 -0.129179
v -0.014777 0.938603 -0.119142
v -0.015403 0.936879 -0.124186
v -0.043437 0.938603 -0.111934
v -0.045274 0.936879 -0.116674
v -0.030570 0.936879 -0.121352
v -0.031735 0.934056 -0.125984
v -0.015988 0.934056 -0.128928
v -0.016526 0.930215 -0.133277
v -0.000000 0.930215 -0.134297
v -0.081009 0.938603 -0.088670
v -0.069474 0.938603 -0.097950
v -0.072413 0.936879 -0.102102
v -0.059292 0.936879 -0.110225
v -0.061552 0.934056 -0.114432
v -0.047001 0.934056 -0.121129
v -0.048584 0.930215 -0.125214
v -0.032804 0.930215 -0.130235
v -0.033762 0.925461 -0.134049
v -0.017435 0.919926 -0.140604
v -0.000000 0.913764 -0.144573
v -0.113410 0.938603 -0.039770
v -0.117464 0.938603 -0.025531
v -0.119733 0.938603 -0.010902
v -0.114791 0.939184 0.005065
v -0.120190 0.938603 0.003896
v -0.124797 0.936879 -0.011371
v -0.127095 0.934056 -0.027642
v -0.126844 0.930215 -0.044504
v -0.035820 0.873771 -0.142218
v -0.053050 0.873771 -0.136736
v -0.053720 0.879852 -0.138466
v -0.070352 0.879852 -0.130813
v -0.070773 0.886414 -0.131599
v -0.086433 0.886414 -0.121903
v -0.086393 0.893279 -0.121847
v -0.100736 0.893279 -0.110306
v -0.100118 0.900253 -0.109628
v -0.112855 0.900253 -0.096492
v -0.111654 0.907146 -0.095464
v -0.122562 0.907146 -0.081017
v -0.120679 0.913764 -0.079769
v -0.129589 0.913764 -0.064334
v -0.126999 0.919926 -0.063045
v -0.133807 0.919926 -0.046959
v -0.130554 0.925461 -0.045813
v -0.135217 0.925461 -0.029419
v -0.131376 0.930215 -0.028579
v -0.133916 0.930215 -0.012216
v -0.129552 0.934056 -0.011812
v -0.130045 0.934056 0.004199
v -0.125271 0.936879 0.004053
v -0.123848 0.936879 0.019416
v -0.118823 0.938603 0.018638
v -0.069476 0.873771 -0.129179
v -0.084849 0.873771 -0.119660
v -0.085920 0.879852 -0.121174
v -0.100183 0.879852 -0.109697
v -0.100783 0.886414 -0.110356
v -0.113605 0.886414 -0.097132
v -0.113552 0.893279 -0.097088
v -0.124647 0.893279 -0.082398
v -0.123881 0.900253 -0.081891
v -0.133030 0.900253 -0.066046
v -0.131613 0.907146 -0.065341
v -0.138670 0.907146 -0.048671
v -0.136538 0.913764 -0.047921
v -0.141415 0.913764 -0.030775
v -0.138587 0.919926 -0.030158
v -0.141267 0.919926 -0.012897
v -0.137831 0.925461 -0.012580
v -0.138357 0.925461 0.004455
v -0.134425 0.930215 0.004334
v -0.132897 0.930215 0.020822
v -0.128568 0.934056 0.020151
v -0.125141 0.934056 0.035800
v -0.120546 0.936879 0.034492
v -0.115418 0.936879 0.049045
v -0.110736 0.938603 0.047063
v -0.104136 0.938603 0.060315
v -0.063301 0.938603 0.102429
v -0.050258 0.938603 0.109433
v -0.036453 0.938603 0.114781
v -0.019419 0.939184 0.113417
v -0.022095 0.938603 0.118392
v -0.037994 0.936879 0.119626
v -0.054379 0.934056 0.118389
v -0.070800 0.930215 0.114538
v 0.036453 0.938603 0.114781
v 0.050258 0.938603 0.109433
v 0.063301 0.938603 0.102429
v 0.072218 0.939184 0.089636
v 0.075385 0.938603 0.093875
v 0.065977 0.936879 0.106752
v 0.054379 0.934056 0.118389
v 0.040772 0.930215 0.128354
v -0.092066 0.873771 0.114611
v -0.077308 0.873771 0.125058
v -0.078284 0.879852 0.126632
v -0.062153 0.879852 0.135295
v -0.062526 0.886414 0.136101
v -0.045351 0.886414 0.142756
v -0.045329 0.893279 0.142688
v -0.027476 0.893279 0.147178
v -0.027307 0.900253 0.146274
v -0.009148 0.900253 0.148522
v -0.009052 0.907146 0.146942
v 0.009051 0.907146 0.146942
v 0.008911 0.913764 0.144686
v 0.026601 0.913764 0.142495
v 0.026068 0.919926 0.139650
v 0.043008 0.919926 0.135390
v 0.041962 0.925461 0.132103
v 0.057855 0.925461 0.125945
v 0.056211 0.930215 0.122372
v 0.070800 0.930215 0.114538
v 0.068493 0.934056 0.110813
v 0.081566 0.934056 0.101556
v 0.078572 0.936879 0.097835
v 0.089977 0.936879 0.087440
v 0.086326 0.938603 0.083901
v 0.095958 0.938603 0.072656
v -0.061379 0.873771 0.133611
v -0.045081 0.879852 0.141909
v -0.027488 0.886414 0.147248
v -0.009205 0.893279 0.149440
v 0.009148 0.900253 0.148522
v 0.027016 0.907146 0.144718
v 0.043886 0.913764 0.138148
v 0.059298 0.919926 0.129079
v 0.072870 0.925461 0.117883
v 0.084315 0.930215 0.104971
v 0.093404 0.934056 0.090765
v 0.100016 0.936879 0.075722
v 0.104136 0.938603 0.060315
v -0.044518 0.873771 0.140143
v -0.027325 0.879852 0.146375
v -0.009209 0.886414 0.149511
v 0.009205 0.893279 0.149440
v 0.027307 0.900253 0.146274
v 0.044572 0.907146 0.140303
v 0.060507 0.913764 0.131709
v 0.074686 0.919926 0.120816
v 0.086781 0.925461 0.108035
v 0.096552 0.930215 0.093815
v 0.103827 0.934056 0.078599
v 0.108540 0.936879 0.062859
v 0.110736 0.938603 0.047063
v 0.105877 0.939184 0.045007
v 0.119733 0.938603 -0.010902
v 0.117464 0.938603 -0.025531
v 0.113410 0.938603 -0.039770
v 0.102631 0.939184 -0.051550
v 0.107640 0.938603 -0.053406
v 0.118206 0.936879 -0.041461
v 0.127095 0.934056 -0.027642
v 0.133916 0.930215 -0.012216
v 0.092066 0.873771 0.114611
v 0.105428 0.873771 0.102431
v 0.106759 0.879852 0.103719
v 0.118671 0.879852 0.089815
v 0.119381 0.886414 0.090350
v 0.129554 0.886414 0.074995
v 0.129494 0.893279 0.074961
v 0.137701 0.893279 0.058481
v 0.136855 0.900253 0.058121
v 0.142936 0.900253 0.040864
v 0.141414 0.907146 0.040430
v 0.145287 0.907146 0.022747
v 0.143054 0.913764 0.022400
v 0.144699 0.913764 0.004652
v 0.141805 0.919926 0.004563
v 0.141267 0.919926 -0.012897
v 0.137831 0.925461 -0.012580
v 0.135217 0.925461 -0.029419
v 0.131376 0.930215 -0.028579
v 0.126844 0.930215 -0.044504
v 0.122711 0.934056 -0.043050
v 0.116466 0.934056 -0.057801
v 0.112190 0.936879 -0.055672
v 0.104475 0.936879 -0.069036
v 0.100237 0.938603 -0.066227
v 0.091316 0.938603 -0.078041
v 0.117192 0.873771 0.088700
v 0.128785 0.879852 0.074553
v 0.137764 0.886414 0.058508
v 0.143820 0.893279 0.041117
v 0.146850 0.900253 0.022991
v 0.146958 0.907146 0.004722
v 0.144149 0.913764 -0.013163
v 0.138587 0.919926 -0.030158
v 0.130554 0.925461 -0.045813
v 0.120390 0.930215 -0.059753
v 0.108457 0.934056 -0.071674
v 0.095177 0.936879 -0.081350
v 0.081009 0.938603 -0.088670
v 0.127179 0.873771 0.073628
v 0.136946 0.879852 0.058163
v 0.143886 0.886414 0.041137
v 0.147758 0.893279 0.023133
v 0.148538 0.900253 0.004772
v 0.146400 0.907146 -0.013371
v 0.141415 0.913764 -0.030775
v 0.133807 0.919926 -0.046959
v 0.123910 0.925461 -0.061506
v 0.112111 0.930215 -0.074096
v 0.098804 0.934056 -0.084458
v 0.084434 0.936879 -0.092427
v 0.069474 0.938603 -0.097950
v 0.066427 0.939184 -0.093645
v -0.000000 0.934056 -0.129915
v -0.000000 0.936879 -0.125138
v -0.000000 0.938603 -0.120053
v -0.009739 0.939184 -0.114176
v -0.000000 0.939184 -0.114777
v -0.014128 0.939184 -0.113907
v -0.041531 0.939184 -0.107013
v -0.047266 0.939184 -0.104374
v -0.092266 0.939184 -0.068045
v -0.087309 0.939184 -0.074607
v -0.091316 0.938603 -0.078041
v -0.084434 0.936879 -0.092427
v -0.075172 0.934056 -0.106001
v -0.063626 0.930215 -0.118293
v -0.050004 0.925461 -0.128882
v -0.034604 0.919926 -0.137394
v -0.017791 0.913764 -0.143476
v -0.000000 0.907146 -0.146832
v -0.079452 0.939184 -0.082712
v -0.077455 0.939184 -0.084771
v -0.095177 0.936879 -0.081350
v -0.087652 0.934056 -0.095958
v -0.077704 0.930215 -0.109576
v -0.065487 0.925461 -0.121759
v -0.051250 0.919926 -0.132099
v -0.035310 0.913764 -0.140202
v -0.018069 0.907146 -0.145718
v -0.000000 0.900253 -0.148413
v -0.108436 0.939184 -0.038018
v -0.114480 0.939184 -0.010415
v -0.113865 0.939184 -0.014384
v -0.112308 0.939184 -0.024402
v -0.109743 0.939184 -0.033421
v -0.113609 0.939184 0.017828
v -0.112178 0.939184 0.024368
v -0.086146 0.939184 0.076015
v -0.091748 0.939184 0.069477
v -0.095958 0.938603 0.072656
v -0.108540 0.936879 0.062859
v -0.119818 0.934056 0.050907
v -0.129355 0.930215 0.036997
v -0.136785 0.925461 0.021425
v -0.141805 0.919926 0.004563
v -0.144149 0.913764 -0.013163
v -0.143624 0.907146 -0.031260
v -0.140162 0.900253 -0.049196
v -0.133851 0.893279 -0.066452
v -0.124704 0.886414 -0.082433
v -0.112929 0.879852 -0.096552
v -0.098934 0.873771 -0.108324
v -0.097772 0.939184 0.060387
v -0.099567 0.939184 0.057678
v -0.100016 0.936879 0.075722
v -0.112676 0.934056 0.065247
v -0.123852 0.930215 0.052615
v -0.133138 0.925461 0.038075
v -0.140192 0.919926 0.021955
v -0.144699 0.913764 0.004652
v -0.146400 0.907146 -0.013371
v -0.145169 0.900253 -0.031596
v -0.141027 0.893279 -0.049499
v -0.133913 0.886414 -0.066483
v -0.123963 0.879852 -0.081940
v -0.111522 0.873771 -0.095345
v -0.060524 0.939184 0.097941
v -0.034853 0.939184 0.109753
v -0.048053 0.939184 0.104640
v -0.055974 0.939184 0.100386
v -0.023030 0.936879 0.123390
v -0.039443 0.934056 0.124176
v -0.056211 0.930215 0.122372
v -0.072870 0.925461 0.117883
v -0.088943 0.919926 0.110723
v -0.103930 0.913764 0.100970
v -0.117330 0.907146 0.088799
v -0.128700 0.900253 0.074501
v -0.137701 0.893279 0.058481
v -0.143886 0.886414 0.041137
v -0.146946 0.879852 0.023010
v -0.146784 0.873771 0.004724
v -0.007715 0.936879 0.125287
v -0.023907 0.934056 0.128085
v -0.040772 0.930215 0.128354
v -0.057855 0.925461 0.125945
v -0.074686 0.919926 0.120816
v -0.090758 0.913764 0.112978
v -0.105552 0.907146 0.102545
v -0.118593 0.900253 0.089753
v -0.129494 0.893279 0.074961
v -0.137764 0.886414 0.058508
v -0.143030 0.879852 0.040896
v -0.145114 0.873771 0.022726
v -0.144009 0.868341 0.004638
v 0.034853 0.939184 0.109753
v 0.060524 0.939184 0.097941
v 0.055974 0.939184 0.100386
v 0.048053 0.939184 0.104640
v 0.082537 0.939184 0.080227
v 0.099567 0.939184 0.057678
v 0.097772 0.939184 0.060387
v 0.091748 0.939184 0.069477
v 0.086146 0.939184 0.076015
v 0.115418 0.936879 0.049045
v 0.112676 0.934056 0.065247
v 0.107325 0.930215 0.081241
v 0.099375 0.925461 0.096554
v 0.088943 0.919926 0.110723
v 0.076209 0.913764 0.123277
v 0.061451 0.907146 0.133763
v 0.045051 0.900253 0.141811
v 0.027476 0.893279 0.147178
v 0.009209 0.886414 0.149511
v -0.009154 0.879852 0.148624
v -0.026985 0.873771 0.144554
v 0.120546 0.936879 0.034492
v 0.119816 0.934056 0.050907
v 0.116472 0.930215 0.067438
v 0.110463 0.925461 0.083611
v 0.101851 0.919926 0.098956
v 0.090758 0.913764 0.112978
v 0.077400 0.907146 0.125199
v 0.062112 0.900253 0.135203
v 0.045329 0.893279 0.142688
v 0.027488 0.886414 0.147248
v 0.009154 0.879852 0.148624
v -0.009041 0.873771 0.146776
v 0.114480 0.939184 -0.010415
v 0.108436 0.939184 -0.038018
v 0.109743 0.939184 -0.033421
v 0.112308 0.939184 -0.024402
v 0.113865 0.939184 -0.014384
v 0.095838 0.939184 -0.063312
v 0.077455 0.939184 -0.084771
v 0.079452 0.939184 -0.082712
v 0.087309 0.939184 -0.074607
v 0.092266 0.939184 -0.068045
v 0.054392 0.939184 -0.101096
v 0.043437 0.938603 -0.111934
v 0.041530 0.939184 -0.107013
v 0.047266 0.939184 -0.104374
v 0.053050 0.873771 -0.136736
v 0.053720 0.879852 -0.138466
v 0.054040 0.886414 -0.139296
v 0.054015 0.893279 -0.139234
v 0.053684 0.900253 -0.138379
v 0.053113 0.907146 -0.136905
v 0.052295 0.913764 -0.134797
v 0.051250 0.919926 -0.132099
v 0.050004 0.925461 -0.128882
v 0.048584 0.930215 -0.125214
v 0.047001 0.934056 -0.121129
v 0.045274 0.936879 -0.116674
v 0.029329 0.938603 -0.116421
v 0.028043 0.939184 -0.111306
v 0.028953 0.939184 -0.111016
v 0.035820 0.873771 -0.142218
v 0.036271 0.879852 -0.144016
v 0.036489 0.886414 -0.144880
v 0.036472 0.893279 -0.144815
v 0.036248 0.900253 -0.143925
v 0.035863 0.907146 -0.142392
v 0.035310 0.913764 -0.140202
v 0.034604 0.919926 -0.137394
v 0.033762 0.925461 -0.134049
v 0.032804 0.930215 -0.130235
v 0.031735 0.934056 -0.125984
v 0.030570 0.936879 -0.121352
v 0.018047 0.873771 -0.145540
v 0.018275 0.879852 -0.147380
v 0.018384 0.886414 -0.148266
v 0.018375 0.893279 -0.148198
v 0.018262 0.900253 -0.147288
v 0.018069 0.907146 -0.145718
v 0.017791 0.913764 -0.143476
v 0.017435 0.919926 -0.140604
v 0.017010 0.925461 -0.137180
v 0.016526 0.930215 -0.133277
v 0.015988 0.934056 -0.128928
v 0.015403 0.936879 -0.124186
s 1
f 1 2 3
f 4 5 6
f 4 7 8
f 4 8 9
f 9 8 10
f 9 10 11
f 11 10 12
f 11 12 13
f 14 15 16
f 14 16 17
f 16 18 17
f 17 18 19
f 17 19 20
f 21 22 23
f 19 24 20
f 20 24 25
f 20 25 23
f 23 25 26
f 23 26 21
f 29 30 31
f 31 30 32
f 33 34 35
f 35 34 36
f 37 38 39
f 39 38 40
f 39 40 41
f 41 40 42
f 41 42 43
f 43 42 44
f 43 44 33
f 33 44 45
f 33 45 34
f 34 45 46
f 47 48 49
f 49 48 50
f 49 50 37
f 37 50 51
f 37 51 38
f 4 6 7
f 7 6 52
f 7 52 53
f 53 52 54
f 53 54 55
f 55 54 56
f 56 54 57
f 56 57 58
f 58 57 59
f 58 59 60
f 60 59 61
f 60 61 62
f 62 61 63
f 62 63 64
f 64 63 47
f 47 63 65
f 47 65 48
f 66 67 68
f 68 67 69
f 68 69 70
f 70 69 71
f 70 71 72
f 72 71 73
f 72 73 74
f 74 73 75
f 74 75 76
f 76 75 77
f 76 77 13
f 13 77 78
f 13 78 11
f 79 80 81
f 79 81 82
f 82 81 83
f 82 83 84
f 84 83 85
f 84 85 86
f 86 85 87
f 86 87 66
f 66 87 88
f 66 88 67
f 80 79 89
f 89 79 90
f 89 90 91
f 91 90 92
f 91 92 93
f 93 92 94
f 93 94 95
f 95 94 15
f 95 15 14
f 95 14 96
f 97 98 99
f 99 98 100
f 99 100 101
f 101 100 102
f 101 102 103
f 103 102 104
f 103 104 105
f 105 104 106
f 105 106 107
f 107 106 108
f 107 108 26
f 26 108 21
f 109 110 111
f 109 111 112
f 112 111 113
f 112 113 114
f 114 113 115
f 114 115 116
f 116 115 117
f 116 117 97
f 97 117 118
f 97 118 98
f 110 109 119
f 119 109 120
f 119 120 121
f 121 120 122
f 121 122 123
f 123 122 124
f 123 124 28
f 28 124 125
f 28 125 27
f 27 125 126
f 27 126 32
f 32 126 127
f 32 127 31
f 128 129 130
f 130 129 131
f 130 131 29
f 29 131 132
f 29 132 30
f 30 132 133
f 134 135 136
f 136 135 137
f 137 135 138
f 137 138 139
f 139 138 140
f 139 140 141
f 141 140 142
f 141 142 128
f 128 142 129
f 143 144 145
f 143 145 146
f 146 145 147
f 146 147 148
f 148 147 149
f 148 149 150
f 150 149 151
f 150 151 152
f 152 151 153
f 152 153 134
f 134 153 154
f 134 154 135
f 144 143 155
f 155 143 156
f 155 156 3
f 3 156 157
f 3 157 1
f 1 157 158
f 1 158 36
f 36 158 159
f 36 159 35
f 160 161 162
f 168 169 170
f 176 78 177
f 181 180 182
f 181 182 183
f 170 184 168
f 185 166 186
f 161 164 187
f 160 188 96
f 96 188 95
f 78 77 177
f 177 77 75
f 177 75 189
f 189 75 73
f 189 73 190
f 73 71 190
f 190 71 69
f 190 69 191
f 69 67 191
f 191 67 88
f 191 88 192
f 192 88 87
f 192 87 193
f 87 85 193
f 193 85 83
f 193 83 194
f 83 81 194
f 194 81 80
f 194 80 195
f 80 89 195
f 195 89 91
f 195 91 196
f 196 91 93
f 196 93 188
f 188 93 95
f 188 160 162
f 188 162 196
f 196 162 197
f 196 197 195
f 195 197 198
f 195 198 194
f 194 198 199
f 194 199 193
f 193 199 200
f 193 200 192
f 192 200 201
f 192 201 191
f 191 201 202
f 191 202 190
f 190 202 203
f 190 203 189
f 189 203 204
f 189 204 177
f 177 204 175
f 177 175 176
f 176 175 174
f 162 161 163
f 162 163 197
f 199 198 205
f 199 205 200
f 202 201 206
f 202 206 203
f 163 161 187
f 163 187 197
f 197 187 207
f 197 207 198
f 198 207 208
f 198 208 205
f 205 208 209
f 205 209 200
f 200 209 210
f 200 210 201
f 201 210 211
f 201 211 206
f 206 211 212
f 206 212 203
f 203 212 213
f 203 213 204
f 204 213 214
f 204 214 175
f 175 214 173
f 175 173 174
f 174 173 172
f 187 164 165
f 187 165 207
f 207 165 215
f 207 215 208
f 208 215 216
f 208 216 209
f 210 209 217
f 210 217 211
f 211 217 218
f 211 218 212
f 214 213 219
f 214 219 173
f 164 185 165
f 165 185 186
f 165 186 215
f 215 186 220
f 215 220 216
f 216 220 221
f 216 221 209
f 209 221 222
f 209 222 217
f 217 222 223
f 217 223 218
f 218 223 224
f 218 224 212
f 212 224 225
f 212 225 213
f 213 225 226
f 213 226 219
f 219 226 227
f 219 227 173
f 173 227 179
f 173 179 172
f 172 179 178
f 186 166 167
f 186 167 220
f 221 220 228
f 221 228 222
f 222 228 229
f 222 229 223
f 223 229 230
f 223 230 224
f 224 230 231
f 224 231 225
f 225 231 232
f 225 232 226
f 226 232 233
f 226 233 227
f 179 227 234
f 179 234 178
f 178 234 183
f 166 184 167
f 167 184 170
f 167 170 220
f 220 170 235
f 220 235 228
f 228 235 236
f 228 236 229
f 229 236 237
f 229 237 230
f 230 237 238
f 230 238 231
f 231 238 239
f 231 239 232
f 232 239 240
f 232 240 233
f 233 240 241
f 233 241 227
f 227 241 242
f 227 242 234
f 234 242 181
f 234 181 183
f 235 170 243
f 235 243 236
f 237 236 244
f 237 244 238
f 238 244 245
f 238 245 239
f 239 245 246
f 239 246 240
f 242 241 247
f 242 247 181
f 170 169 171
f 170 171 243
f 236 243 248
f 236 248 244
f 244 248 249
f 244 249 245
f 245 249 250
f 245 250 246
f 246 250 251
f 246 251 240
f 240 251 252
f 240 252 241
f 241 252 253
f 241 253 247
f 247 253 254
f 247 254 181
f 181 254 255
f 181 255 180
f 180 255 256
f 257 258 259
f 258 260 261
f 269 270 268
f 272 262 263
f 273 123 272
f 272 123 28
f 274 275 276
f 276 275 22
f 278 277 274
f 279 260 277
f 106 280 108
f 108 280 281
f 108 281 21
f 21 281 276
f 21 276 22
f 106 104 280
f 280 104 102
f 280 102 282
f 282 102 100
f 282 100 283
f 100 98 283
f 283 98 118
f 283 118 284
f 284 118 117
f 284 117 285
f 117 115 285
f 285 115 113
f 285 113 286
f 113 111 286
f 286 111 110
f 286 110 287
f 287 110 119
f 287 119 273
f 273 119 121
f 273 121 123
f 273 272 263
f 273 263 287
f 287 263 288
f 287 288 286
f 286 288 289
f 286 289 285
f 285 289 290
f 285 290 284
f 284 290 291
f 284 291 283
f 283 291 292
f 283 292 282
f 282 292 293
f 282 293 280
f 280 293 294
f 280 294 281
f 281 294 295
f 281 295 276
f 276 295 296
f 276 296 274
f 290 289 297
f 290 297 291
f 293 292 298
f 293 298 294
f 296 295 278
f 296 278 274
f 262 264 263
f 263 264 265
f 263 265 288
f 288 265 299
f 288 299 289
f 289 299 300
f 289 300 297
f 297 300 301
f 297 301 291
f 291 301 302
f 291 302 292
f 292 302 303
f 292 303 298
f 298 303 304
f 298 304 294
f 294 304 305
f 294 305 295
f 295 305 306
f 295 306 278
f 278 306 307
f 278 307 277
f 299 265 308
f 299 308 300
f 302 301 309
f 302 309 303
f 303 309 310
f 303 310 304
f 305 304 311
f 305 311 306
f 306 311 312
f 306 312 307
f 307 312 279
f 307 279 277
f 264 266 265
f 265 266 271
f 265 271 308
f 308 271 313
f 308 313 300
f 300 313 314
f 300 314 301
f 301 314 315
f 301 315 309
f 309 315 316
f 309 316 310
f 310 316 317
f 310 317 304
f 304 317 318
f 304 318 311
f 311 318 319
f 311 319 312
f 312 319 320
f 312 320 279
f 279 320 321
f 279 321 260
f 271 266 267
f 271 267 313
f 314 313 322
f 314 322 315
f 315 322 323
f 315 323 316
f 316 323 324
f 316 324 317
f 317 324 325
f 317 325 318
f 318 325 326
f 318 326 319
f 319 326 327
f 319 327 320
f 321 320 261
f 321 261 260
f 266 270 267
f 267 270 269
f 267 269 313
f 313 269 328
f 313 328 322
f 322 328 329
f 322 329 323
f 323 329 330
f 323 330 324
f 324 330 331
f 324 331 325
f 325 331 332
f 325 332 326
f 326 332 333
f 326 333 327
f 327 333 334
f 327 334 320
f 320 334 335
f 320 335 261
f 261 335 259
f 261 259 258
f 328 269 336
f 328 336 329
f 331 330 337
f 331 337 332
f 332 337 338
f 332 338 333
f 333 338 339
f 333 339 334
f 335 334 340
f 335 340 259
f 268 341 269
f 269 341 342
f 269 342 336
f 336 342 343
f 336 343 329
f 329 343 344
f 329 344 330
f 330 344 345
f 330 345 337
f 337 345 346
f 337 346 338
f 338 346 347
f 338 347 339
f 339 347 348
f 339 348 334
f 334 348 349
f 334 349 340
f 259 340 350
f 259 350 257
f 351 353 354
f 364 365 366
f 367 368 369
f 370 357 371
f 6 5 372
f 372 5 370
f 355 46 45
f 377 376 378
f 377 378 379
f 355 45 356
f 356 45 44
f 356 44 380
f 44 42 380
f 380 42 40
f 380 40 381
f 40 38 381
f 381 38 51
f 381 51 382
f 382 51 50
f 382 50 383
f 50 48 383
f 383 48 65
f 383 65 384
f 65 63 384
f 384 63 385
f 63 61 385
f 385 61 59
f 385 59 386
f 386 59 57
f 386 57 387
f 57 54 387
f 387 54 372
f 372 54 52
f 372 52 6
f 372 370 371
f 372 371 387
f 387 371 388
f 387 388 386
f 386 388 389
f 386 389 385
f 385 389 390
f 385 390 384
f 384 390 391
f 384 391 383
f 383 391 392
f 383 392 382
f 382 392 393
f 382 393 381
f 381 393 394
f 381 394 380
f 380 394 395
f 380 395 356
f 356 395 374
f 356 374 355
f 355 374 373
f 371 357 358
f 371 358 388
f 393 392 396
f 393 396 394
f 374 395 375
f 374 375 373
f 373 375 353
f 357 359 358
f 358 359 360
f 358 360 388
f 388 360 397
f 388 397 389
f 389 397 398
f 389 398 390
f 390 398 399
f 390 399 391
f 391 399 400
f 391 400 392
f 392 400 401
f 392 401 396
f 396 401 402
f 396 402 394
f 394 402 403
f 394 403 395
f 395 403 404
f 395 404 375
f 375 404 354
f 375 354 353
f 400 399 405
f 400 405 401
f 401 405 406
f 401 406 402
f 404 403 407
f 404 407 354
f 359 361 360
f 360 361 362
f 360 362 397
f 397 362 408
f 397 408 398
f 398 408 409
f 398 409 399
f 399 409 410
f 399 410 405
f 405 410 411
f 405 411 406
f 406 411 412
f 406 412 402
f 402 412 413
f 402 413 403
f 403 413 414
f 403 414 407
f 407 414 415
f 407 415 354
f 354 415 352
f 354 352 351
f 362 361 363
f 362 363 408
f 409 408 416
f 409 416 410
f 410 416 417
f 410 417 411
f 411 417 418
f 411 418 412
f 412 418 419
f 412 419 413
f 413 419 420
f 413 420 414
f 414 420 421
f 414 421 415
f 351 352 379
f 361 364 363
f 363 364 366
f 363 366 408
f 408 366 422
f 408 422 416
f 416 422 423
f 416 423 417
f 417 423 424
f 417 424 418
f 418 424 425
f 418 425 419
f 419 425 426
f 419 426 420
f 420 426 427
f 420 427 421
f 421 427 428
f 421 428 415
f 415 428 429
f 415 429 352
f 352 429 377
f 352 377 379
f 365 367 366
f 422 366 430
f 422 430 423
f 424 423 431
f 424 431 425
f 425 431 432
f 425 432 426
f 426 432 433
f 426 433 427
f 427 433 434
f 427 434 428
f 429 428 435
f 429 435 377
f 366 367 369
f 366 369 430
f 423 430 436
f 423 436 431
f 431 436 437
f 431 437 432
f 432 437 438
f 432 438 433
f 433 438 439
f 433 439 434
f 434 439 440
f 434 440 428
f 428 440 441
f 428 441 435
f 377 435 442
f 377 442 376
f 376 442 443
f 450 452 453
f 454 455 456
f 458 460 461
f 462 133 132
f 464 460 462
f 466 465 467
f 466 467 454
f 451 468 450
f 469 444 470
f 462 132 463
f 463 132 131
f 463 131 471
f 131 129 471
f 471 129 472
f 472 129 142
f 472 142 473
f 473 142 140
f 140 138 473
f 473 138 135
f 473 135 474
f 474 135 475
f 135 154 475
f 475 154 153
f 475 153 476
f 476 153 151
f 476 151 477
f 151 149 477
f 477 149 147
f 477 147 478
f 2 469 3
f 3 469 155
f 155 469 479
f 155 479 144
f 144 479 478
f 144 478 145
f 145 478 147
f 479 469 470
f 479 470 478
f 478 470 480
f 478 480 477
f 477 480 481
f 477 481 476
f 476 481 482
f 476 482 475
f 475 482 483
f 475 483 474
f 474 483 484
f 474 484 473
f 473 484 485
f 473 485 472
f 472 485 486
f 472 486 471
f 471 486 487
f 471 487 463
f 463 487 464
f 463 464 462
f 470 444 445
f 470 445 480
f 482 481 488
f 482 488 483
f 464 487 461
f 464 461 460
f 444 446 445
f 445 446 447
f 445 447 480
f 480 447 489
f 480 489 481
f 481 489 490
f 481 490 488
f 488 490 491
f 488 491 483
f 483 491 492
f 483 492 484
f 484 492 493
f 484 493 485
f 485 493 494
f 485 494 486
f 486 494 495
f 486 495 487
f 487 495 496
f 487 496 461
f 461 496 459
f 461 459 458
f 489 447 497
f 489 497 490
f 492 491 498
f 492 498 493
f 493 498 499
f 493 499 494
f 446 448 447
f 447 448 449
f 447 449 497
f 497 449 500
f 497 500 490
f 490 500 501
f 490 501 491
f 491 501 502
f 491 502 498
f 498 502 503
f 498 503 499
f 499 503 504
f 499 504 494
f 494 504 505
f 494 505 495
f 495 505 506
f 495 506 496
f 496 506 507
f 496 507 459
f 459 507 457
f 459 457 458
f 458 457 455
f 501 500 508
f 501 508 502
f 502 508 509
f 502 509 503
f 503 509 510
f 503 510 504
f 504 510 511
f 504 511 505
f 505 511 512
f 505 512 506
f 506 512 513
f 506 513 507
f 457 507 456
f 457 456 455
f 448 468 449
f 449 468 451
f 449 451 500
f 500 451 514
f 500 514 508
f 508 514 515
f 508 515 509
f 509 515 516
f 509 516 510
f 510 516 517
f 510 517 511
f 511 517 518
f 511 518 512
f 512 518 519
f 512 519 513
f 513 519 520
f 513 520 507
f 507 520 521
f 507 521 456
f 456 521 466
f 456 466 454
f 514 451 522
f 514 522 515
f 516 515 523
f 516 523 517
f 517 523 524
f 517 524 518
f 518 524 525
f 518 525 519
f 519 525 526
f 519 526 520
f 521 520 527
f 521 527 466
f 451 450 453
f 451 453 522
f 515 522 528
f 515 528 523
f 523 528 529
f 523 529 524
f 524 529 530
f 524 530 525
f 525 530 531
f 525 531 526
f 526 531 532
f 526 532 520
f 520 532 533
f 520 533 527
f 466 527 534
f 466 534 465
f 465 534 535
f 169 536 171
f 171 536 537
f 538 252 539
f 539 252 251
f 539 251 540
f 540 251 250
f 540 250 541
f 541 250 249
f 541 249 542
f 542 249 248
f 542 248 537
f 537 248 243
f 537 243 171
f 543 256 544
f 544 256 255
f 544 255 545
f 545 255 254
f 545 254 538
f 538 254 253
f 538 253 252
f 546 257 350
f 546 350 547
f 547 350 340
f 547 340 548
f 548 340 349
f 548 349 549
f 549 349 348
f 549 348 550
f 550 348 347
f 550 347 551
f 341 552 342
f 342 552 553
f 342 553 343
f 343 553 554
f 343 554 344
f 344 554 555
f 344 555 345
f 345 555 551
f 345 551 346
f 346 551 347
f 556 443 442
f 368 557 369
f 369 557 558
f 369 558 430
f 430 558 559
f 430 559 436
f 436 559 560
f 436 560 437
f 437 560 561
f 556 442 562
f 562 442 435
f 562 435 563
f 563 435 441
f 563 441 564
f 564 441 440
f 564 440 565
f 565 440 439
f 565 439 561
f 561 439 438
f 561 438 437
f 452 566 453
f 453 566 567
f 568 532 569
f 569 532 531
f 569 531 570
f 570 531 530
f 570 530 571
f 571 530 529
f 571 529 572
f 572 529 528
f 572 528 567
f 567 528 522
f 567 522 453
f 573 535 574
f 574 535 534
f 574 534 575
f 575 534 527
f 575 527 568
f 568 527 533
f 568 533 532
f 576 577 578
f 579 578 577
f 580 579 577
f 581 580 577
f 582 581 577
f 583 582 577
f 584 583 577
f 585 584 577
f 586 585 577
f 587 586 577
f 588 587 577
f 589 588 577
f 590 589 577
f 591 590 577
f 592 591 577
f 593 592 577
f 594 593 577
f 595 594 577
f 596 595 577
f 597 596 577
f 598 597 577
f 576 598 577
f 599 600 601
f 602 603 604
f 605 606 607
f 608 609 610
f 611 612 613
f 614 615 616
f 617 618 619
f 626 627 628
f 631 632 633
f 634 635 636
f 637 638 639
f 640 641 642
f 643 644 645
f 646 647 648
f 649 650 651
f 654 655 656
f 657 658 659
f 660 661 664
f 665 666 667
f 667 666 668
f 667 668 669
f 670 671 672
f 672 671 673
f 672 673 674
f 674 673 675
f 674 675 676
f 676 675 677
f 676 677 678
f 678 677 679
f 678 679 680
f 681 682 683
f 683 682 684
f 683 684 685
f 643 645 686
f 687 688 689
f 689 688 690
f 689 690 691
f 691 690 692
f 693 694 687
f 687 694 695
f 687 695 688
f 626 628 696
f 697 698 699
f 699 698 700
f 699 700 701
f 701 700 702
f 703 704 705
f 705 704 706
f 705 706 707
f 707 706 708
f 707 708 709
f 709 708 710
f 709 710 711
f 711 710 712
f 712 710 713
f 712 713 714
f 716 717 718
f 611 613 719
f 720 721 722
f 722 721 723
f 722 723 724
f 724 723 725
f 726 727 720
f 720 727 728
f 720 728 721
f 557 654 558
f 558 654 729
f 558 729 559
f 559 729 730
f 559 730 560
f 560 730 731
f 560 731 561
f 561 731 732
f 561 732 565
f 565 732 733
f 565 733 564
f 564 733 734
f 564 734 563
f 563 734 735
f 563 735 562
f 562 735 653
f 562 653 556
f 556 653 652
f 536 599 537
f 537 599 736
f 537 736 542
f 542 736 737
f 542 737 541
f 541 737 738
f 541 738 540
f 540 738 739
f 540 739 539
f 539 739 740
f 539 740 538
f 538 740 741
f 538 741 545
f 545 741 742
f 545 742 544
f 544 742 663
f 544 663 543
f 543 663 662
f 552 622 553
f 553 622 743
f 553 743 554
f 554 743 744
f 554 744 555
f 555 744 745
f 555 745 551
f 551 745 746
f 551 746 550
f 550 746 747
f 550 747 549
f 549 747 748
f 549 748 548
f 548 748 749
f 548 749 547
f 547 749 621
f 547 621 546
f 546 621 620
f 566 631 567
f 567 631 750
f 567 750 572
f 572 750 751
f 572 751 571
f 571 751 752
f 571 752 570
f 570 752 753
f 570 753 569
f 569 753 754
f 569 754 568
f 568 754 755
f 568 755 575
f 575 755 756
f 575 756 574
f 574 756 630
f 574 630 573
f 573 630 629
f 729 654 656
f 729 656 730
f 730 656 757
f 730 757 731
f 731 757 758
f 731 758 732
f 732 758 759
f 732 759 733
f 733 759 760
f 733 760 734
f 734 760 761
f 734 761 735
f 735 761 762
f 735 762 653
f 653 762 651
f 653 651 652
f 652 651 650
f 736 599 601
f 736 601 737
f 737 601 763
f 737 763 738
f 738 763 764
f 738 764 739
f 739 764 765
f 739 765 740
f 740 765 766
f 740 766 741
f 741 766 767
f 741 767 742
f 742 767 768
f 742 768 663
f 663 768 661
f 663 661 662
f 743 622 623
f 743 623 744
f 744 623 769
f 744 769 745
f 745 769 770
f 745 770 746
f 746 770 771
f 746 771 747
f 747 771 772
f 747 772 748
f 748 772 773
f 748 773 749
f 749 773 774
f 749 774 621
f 621 774 619
f 621 619 620
f 620 619 618
f 750 631 633
f 750 633 751
f 751 633 775
f 751 775 752
f 752 775 776
f 752 776 753
f 753 776 777
f 753 777 754
f 754 777 778
f 754 778 755
f 755 778 779
f 755 779 756
f 756 779 780
f 756 780 630
f 630 780 628
f 630 628 629
f 629 628 627
f 655 657 656
f 656 657 659
f 656 659 757
f 757 659 781
f 757 781 758
f 758 781 782
f 758 782 759
f 759 782 783
f 759 783 760
f 760 783 784
f 760 784 761
f 761 784 785
f 761 785 762
f 762 785 786
f 762 786 651
f 651 786 648
f 651 648 649
f 649 648 647
f 600 602 601
f 601 602 604
f 601 604 763
f 763 604 787
f 763 787 764
f 764 787 788
f 764 788 765
f 765 788 789
f 765 789 766
f 766 789 790
f 766 790 767
f 767 790 791
f 767 791 768
f 768 791 792
f 768 792 661
f 661 792 664
f 623 624 625
f 623 625 769
f 769 625 794
f 769 794 770
f 770 794 795
f 770 795 771
f 771 795 796
f 771 796 772
f 772 796 797
f 772 797 773
f 773 797 798
f 773 798 774
f 774 798 799
f 774 799 619
f 619 799 616
f 619 616 617
f 617 616 615
f 632 634 633
f 633 634 636
f 633 636 775
f 775 636 800
f 775 800 776
f 776 800 801
f 776 801 777
f 777 801 802
f 777 802 778
f 778 802 803
f 778 803 779
f 779 803 804
f 779 804 780
f 780 804 805
f 780 805 628
f 628 805 806
f 628 806 696
f 696 806 807
f 658 681 659
f 659 681 683
f 659 683 781
f 781 683 685
f 781 685 782
f 782 685 808
f 782 808 783
f 783 808 809
f 783 809 784
f 784 809 810
f 784 810 785
f 785 810 811
f 785 811 786
f 786 811 812
f 786 812 648
f 648 812 645
f 648 645 646
f 646 645 644
f 603 605 604
f 604 605 607
f 604 607 787
f 787 607 813
f 787 813 788
f 788 813 814
f 788 814 789
f 789 814 815
f 789 815 790
f 790 815 816
f 790 816 791
f 791 816 817
f 791 817 792
f 792 817 667
f 792 667 664
f 664 667 669
f 664 669 793
f 625 715 716
f 625 716 794
f 794 716 718
f 794 718 795
f 795 718 818
f 795 818 796
f 796 818 819
f 796 819 797
f 797 819 820
f 797 820 798
f 798 820 821
f 798 821 799
f 799 821 822
f 799 822 616
f 616 822 613
f 616 613 614
f 614 613 612
f 635 637 636
f 636 637 639
f 636 639 800
f 800 639 823
f 800 823 801
f 801 823 824
f 801 824 802
f 802 824 825
f 802 825 803
f 803 825 826
f 803 826 804
f 804 826 827
f 804 827 805
f 805 827 699
f 805 699 806
f 806 699 701
f 806 701 807
f 807 701 702
f 684 828 685
f 685 828 829
f 685 829 808
f 808 829 830
f 808 830 809
f 809 830 831
f 809 831 810
f 810 831 832
f 810 832 811
f 811 832 833
f 811 833 812
f 812 833 834
f 812 834 645
f 645 834 835
f 645 835 686
f 686 835 836
f 606 608 607
f 607 608 610
f 607 610 813
f 813 610 837
f 813 837 814
f 814 837 838
f 814 838 815
f 815 838 839
f 815 839 816
f 816 839 840
f 816 840 817
f 817 840 841
f 817 841 667
f 667 841 842
f 667 842 665
f 665 842 843
f 717 844 718
f 718 844 845
f 718 845 818
f 818 845 846
f 818 846 819
f 819 846 847
f 819 847 820
f 820 847 848
f 820 848 821
f 821 848 849
f 821 849 822
f 822 849 850
f 822 850 613
f 613 850 851
f 613 851 719
f 719 851 852
f 638 640 639
f 639 640 642
f 639 642 823
f 823 642 853
f 823 853 824
f 824 853 854
f 824 854 825
f 825 854 855
f 825 855 826
f 826 855 856
f 826 856 827
f 827 856 857
f 827 857 699
f 699 857 858
f 699 858 697
f 697 858 705
f 828 680 829
f 829 680 679
f 829 679 830
f 830 679 859
f 830 859 831
f 831 859 860
f 831 860 832
f 832 860 861
f 832 861 833
f 833 861 862
f 833 862 834
f 834 862 863
f 834 863 835
f 835 863 692
f 835 692 836
f 836 692 690
f 609 727 610
f 610 727 726
f 610 726 837
f 837 726 864
f 837 864 838
f 838 864 865
f 838 865 839
f 839 865 866
f 839 866 840
f 840 866 867
f 840 867 841
f 841 867 868
f 841 868 842
f 842 868 670
f 842 670 843
f 843 670 672
f 844 714 845
f 845 714 713
f 845 713 846
f 846 713 869
f 846 869 847
f 847 869 870
f 847 870 848
f 848 870 871
f 848 871 849
f 849 871 872
f 849 872 850
f 850 872 873
f 850 873 851
f 851 873 725
f 851 725 852
f 852 725 723
f 641 694 642
f 642 694 693
f 642 693 853
f 853 693 874
f 853 874 854
f 854 874 875
f 854 875 855
f 855 875 876
f 855 876 856
f 856 876 877
f 856 877 857
f 857 877 878
f 857 878 858
f 858 878 703
f 858 703 705
f 687 879 693
f 693 879 880
f 693 880 874
f 874 880 881
f 874 881 875
f 875 881 882
f 875 882 876
f 876 882 883
f 876 883 877
f 877 883 884
f 877 884 878
f 878 884 885
f 878 885 703
f 703 885 886
f 703 886 704
f 704 886 887
f 704 887 706
f 706 887 888
f 706 888 708
f 708 888 889
f 708 889 710
f 710 889 890
f 710 890 713
f 713 890 891
f 713 891 869
f 869 891 892
f 869 892 870
f 870 892 893
f 870 893 871
f 871 893 894
f 871 894 872
f 872 894 895
f 872 895 873
f 873 895 896
f 873 896 725
f 725 896 897
f 725 897 724
f 724 897 898
f 724 898 722
f 722 898 899
f 722 899 720
f 720 899 900
f 720 900 726
f 726 900 901
f 726 901 864
f 864 901 902
f 864 902 865
f 865 902 903
f 865 903 866
f 866 903 904
f 866 904 867
f 867 904 905
f 867 905 868
f 868 905 906
f 868 906 670
f 670 906 907
f 670 907 671
f 671 907 908
f 671 908 673
f 673 908 909
f 673 909 675
f 675 909 910
f 675 910 677
f 677 910 911
f 677 911 679
f 679 911 912
f 679 912 859
f 859 912 913
f 859 913 860
f 860 913 914
f 860 914 861
f 861 914 915
f 861 915 862
f 862 915 916
f 862 916 863
f 863 916 917
f 863 917 692
f 692 917 918
f 692 918 691
f 691 918 919
f 691 919 689
f 689 919 920
f 689 920 687
f 687 920 879
f 879 921 880
f 880 921 922
f 880 922 881
f 881 922 923
f 881 923 882
f 882 923 924
f 882 924 883
f 883 924 925
f 883 925 884
f 884 925 926
f 884 926 885
f 885 926 927
f 885 927 886
f 886 927 928
f 886 928 887
f 887 928 929
f 887 929 888
f 888 929 930
f 888 930 889
f 889 930 931
f 889 931 890
f 890 931 932
f 890 932 891
f 891 932 933
f 891 933 892
f 892 933 934
f 892 934 893
f 893 934 935
f 893 935 894
f 894 935 936
f 894 936 895
f 895 936 937
f 895 937 896
f 896 937 938
f 896 938 897
f 897 938 939
f 897 939 898
f 898 939 940
f 898 940 899
f 899 940 941
f 899 941 900
f 900 941 942
f 900 942 901
f 901 942 943
f 901 943 902
f 902 943 944
f 902 944 903
f 903 944 945
f 903 945 904
f 904 945 946
f 904 946 905
f 905 946 947
f 905 947 906
f 906 947 948
f 906 948 907
f 907 948 949
f 907 949 908
f 908 949 950
f 908 950 909
f 909 950 951
f 909 951 910
f 910 951 952
f 910 952 911
f 911 952 953
f 911 953 912
f 912 953 954
f 912 954 913
f 913 954 955
f 913 955 914
f 914 955 956
f 914 956 915
f 915 956 957
f 915 957 916
f 916 957 958
f 916 958 917
f 917 958 959
f 917 959 918
f 918 959 960
f 918 960 919
f 919 960 961
f 919 961 920
f 920 961 962
f 920 962 879
f 879 962 921
f 921 963 922
f 922 963 964
f 922 964 923
f 923 964 965
f 923 965 924
f 924 965 966
f 924 966 925
f 925 966 967
f 925 967 926
f 926 967 968
f 926 968 927
f 927 968 969
f 927 969 928
f 928 969 970
f 928 970 929
f 929 970 971
f 929 971 930
f 930 971 972
f 930 972 931
f 931 972 973
f 931 973 932
f 932 973 974
f 932 974 933
f 933 974 975
f 933 975 934
f 934 975 976
f 934 976 935
f 935 976 936
f 936 976 977
f 936 977 937
f 937 977 978
f 937 978 938
f 938 978 979
f 938 979 939
f 939 979 980
f 939 980 940
f 940 980 981
f 940 981 941
f 941 981 982
f 941 982 942
f 942 982 983
f 942 983 943
f 943 983 984
f 943 984 944
f 944 984 985
f 944 985 945
f 945 985 986
f 945 986 946
f 946 986 987
f 946 987 947
f 947 987 988
f 947 988 948
f 948 988 949
f 949 988 989
f 949 989 950
f 950 989 990
f 950 990 951
f 951 990 991
f 951 991 952
f 952 991 992
f 952 992 953
f 953 992 993
f 953 993 954
f 954 993 994
f 954 994 955
f 955 994 995
f 955 995 956
f 956 995 996
f 956 996 957
f 957 996 997
f 957 997 958
f 958 997 998
f 958 998 959
f 959 998 999
f 959 999 960
f 960 999 1000
f 960 1000 961
f 961 1000 1001
f 961 1001 962
f 962 1001 1002
f 962 1002 921
f 921 1002 963
f 963 576 964
f 964 576 965
f 965 576 578
f 965 578 966
f 966 578 967
f 967 578 968
f 968 578 579
f 968 579 969
f 969 579 970
f 970 579 580
f 970 580 971
f 971 580 972
f 972 580 581
f 972 581 973
f 973 581 974
f 974 581 582
f 974 582 975
f 975 582 976
f 976 582 583
f 976 583 977
f 977 583 584
f 977 584 978
f 978 584 979
f 979 584 980
f 980 584 585
f 980 585 981
f 981 585 586
f 981 586 982
f 982 586 587
f 982 587 983
f 983 587 588
f 983 588 984
f 984 588 589
f 984 589 985
f 985 589 590
f 985 590 986
f 986 590 987
f 987 590 988
f 988 590 591
f 988 591 989
f 989 591 592
f 989 592 990
f 990 592 991
f 991 592 593
f 991 593 992
f 992 593 993
f 993 593 594
f 993 594 994
f 994 594 995
f 995 594 595
f 995 595 996
f 996 595 997
f 997 595 596
f 997 596 998
f 998 596 999
f 999 596 1000
f 1000 596 597
f 1000 597 1001
f 1001 597 1002
f 1002 597 598
f 1002 598 963
f 963 598 576
f 1003 1004 1005
f 1005 1004 1006
f 1007 1003 1008
f 1008 1003 1009
f 1009 1010 1008
f 1008 1010 1011
f 1008 1011 1012
f 1012 1013 1008
f 1008 1013 1014
f 1008 1014 1015
f 1016 1008 1017
f 1017 1008 1018
f 1007 1019 1003
f 1003 1019 1020
f 1003 1020 1021
f 1022 1023 1004
f 1004 1023 1024
f 1004 1024 1006
f 1015 1025 1008
f 1008 1025 1026
f 1008 1026 1018
f 1027 1028 1008
f 1008 1028 1029
f 1008 1029 1030
f 1021 1031 1003
f 1003 1031 1032
f 1003 1032 1033
f 1022 1034 1023
f 1023 1034 1035
f 1023 1035 1036
f 1036 1035 1037
f 1036 1037 1038
f 1016 1039 1008
f 1008 1039 1040
f 1008 1040 1027
f 1033 1041 1003
f 1003 1041 1042
f 1003 1042 1004
f 1038 1043 1036
f 1036 1043 1044
f 1036 1044 1045
f 1030 1046 1008
f 1008 1046 1047
f 1008 1047 1048
f 1048 1049 1008
f 1008 1049 1050
f 1008 1050 1051
f 1052 1006 1053
f 1053 1006 1024
f 1053 1024 1054
f 1054 1024 1023
f 1054 1023 1055
f 1055 1023 1036
f 1055 1036 1056
f 1056 1036 1045
f 1056 1045 1057
f 1057 1045 1044
f 1057 1044 1058
f 1058 1044 1043
f 1058 1043 1059
f 1059 1043 1038
f 1059 1038 1060
f 1060 1038 1037
f 1060 1037 1061
f 1061 1037 1035
f 1061 1035 1062
f 1062 1035 1034
f 1062 1034 1063
f 1063 1034 1022
f 1063 1022 1064
f 1064 1022 1004
f 1064 1004 1065
f 1065 1004 1042
f 1065 1042 1066
f 1066 1042 1041
f 1066 1041 1067
f 1067 1041 1033
f 1067 1033 1068
f 1068 1033 1032
f 1068 1032 1069
f 1069 1032 1031
f 1069 1031 1070
f 1070 1031 1021
f 1070 1021 1071
f 1071 1021 1020
f 1071 1020 1072
f 1072 1020 1019
f 1072 1019 1073
f 1073 1019 1007
f 1073 1007 1074
f 1074 1007 1008
f 1074 1008 1075
f 1075 1008 1051
f 1075 1051 1076
f 1076 1051 1050
f 1076 1050 1077
f 1077 1050 1049
f 1077 1049 1078
f 1078 1049 1048
f 1078 1048 1079
f 1079 1048 1047
f 1079 1047 1080
f 1080 1047 1046
f 1080 1046 1081
f 1081 1046 1030
f 1081 1030 1082
f 1082 1030 1029
f 1082 1029 1083
f 1083 1029 1028
f 1083 1028 1084
f 1084 1028 1027
f 1084 1027 1085
f 1085 1027 1040
f 1085 1040 1086
f 1086 1040 1039
f 1086 1039 1087
f 1087 1039 1016
f 1087 1016 1088
f 1088 1016 1017
f 1088 1017 1089
f 1089 1017 1018
f 1089 1018 1090
f 1090 1018 1026
f 1090 1026 1091
f 1091 1026 1025
f 1091 1025 1092
f 1092 1025 1015
f 1092 1015 1093
f 1093 1015 1014
f 1093 1014 1094
f 1094 1014 1013
f 1094 1013 1095
f 1095 1013 1012
f 1095 1012 1096
f 1096 1012 1011
f 1096 1011 1097
f 1097 1011 1010
f 1097 1010 1098
f 1098 1010 1009
f 1098 1009 1099
f 1099 1009 1003
f 1099 1003 1100
f 1100 1003 1005
f 1100 1005 1052
f 1052 1005 1006
f 1102 1103 1092
f 1104 1105 1087
f 1106 1107 1082
f 1109 1110 1070
f 1111 1112 1065
f 1113 1114 1060
f 1115 1054 1116
f 1116 1054 1055
f 1116 1055 1117
f 1117 1055 1118
f 1118 1055 1056
f 1118 1056 1119
f 1119 1056 1120
f 1120 1056 1057
f 1120 1057 1121
f 1058 1122 1057
f 1057 1122 1123
f 1057 1123 1121
f 1122 1058 1124
f 1124 1058 1059
f 1124 1059 1125
f 1060 1114 1059
f 1059 1114 1126
f 1059 1126 1125
f 1113 1060 1127
f 1127 1060 1061
f 1127 1061 1128
f 1128 1061 1129
f 1129 1061 1062
f 1129 1062 1130
f 1063 1131 1132
f 1063 1132 1062
f 1062 1132 1133
f 1062 1133 1130
f 1131 1063 1134
f 1134 1063 1064
f 1134 1064 1135
f 1065 1112 1064
f 1064 1112 1136
f 1064 1136 1135
f 1111 1065 1137
f 1137 1065 1066
f 1137 1066 1138
f 1068 1139 1140
f 1068 1140 1067
f 1140 1141 1067
f 1067 1141 1142
f 1067 1142 1066
f 1066 1142 1143
f 1066 1143 1138
f 1139 1068 1144
f 1144 1068 1069
f 1144 1069 1145
f 1070 1110 1069
f 1069 1110 1146
f 1069 1146 1145
f 1109 1070 1147
f 1147 1070 1071
f 1147 1071 1148
f 1073 1149 1150
f 1073 1150 1072
f 1150 1151 1072
f 1072 1151 1152
f 1072 1152 1071
f 1071 1152 1153
f 1071 1153 1148
f 1149 1073 1154
f 1154 1073 1074
f 1154 1074 1155
f 1075 1108 1074
f 1074 1108 1156
f 1074 1156 1155
f 1108 1075 1157
f 1157 1075 1076
f 1157 1076 1158
f 1078 1159 1160
f 1078 1160 1077
f 1160 1161 1077
f 1077 1161 1162
f 1077 1162 1076
f 1076 1162 1163
f 1076 1163 1158
f 1159 1078 1164
f 1164 1078 1079
f 1164 1079 1165
f 1080 1166 1079
f 1079 1166 1167
f 1079 1167 1165
f 1166 1080 1168
f 1168 1080 1081
f 1168 1081 1169
f 1082 1107 1081
f 1081 1107 1170
f 1081 1170 1169
f 1106 1082 1171
f 1171 1082 1083
f 1171 1083 1172
f 1172 1083 1173
f 1173 1083 1084
f 1173 1084 1174
f 1085 1175 1176
f 1085 1176 1084
f 1084 1176 1177
f 1084 1177 1174
f 1175 1085 1178
f 1178 1085 1086
f 1178 1086 1179
f 1087 1105 1086
f 1086 1105 1180
f 1086 1180 1179
f 1104 1087 1181
f 1181 1087 1088
f 1181 1088 1182
f 1182 1088 1183
f 1183 1088 1089
f 1183 1089 1184
f 1090 1185 1186
f 1090 1186 1089
f 1089 1186 1187
f 1089 1187 1184
f 1185 1090 1188
f 1188 1090 1091
f 1188 1091 1189
f 1092 1103 1091
f 1091 1103 1190
f 1091 1190 1189
f 1102 1092 1191
f 1191 1092 1093
f 1191 1093 1192
f 1095 1193 1194
f 1095 1194 1094
f 1194 1195 1094
f 1094 1195 1196
f 1094 1196 1093
f 1093 1196 1197
f 1093 1197 1192
f 1193 1095 1198
f 1198 1095 1096
f 1198 1096 1199
f 1097 1101 1096
f 1096 1101 1200
f 1096 1200 1199
f 1101 1097 1201
f 1201 1097 1098
f 1201 1098 1202
f 1100 1203 1204
f 1100 1204 1099
f 1204 1205 1099
f 1099 1205 1206
f 1099 1206 1098
f 1098 1206 1207
f 1098 1207 1202
f 1203 1100 1208
f 1208 1100 1052
f 1208 1052 1209
f 1115 1210 1054
f 1054 1210 1211
f 1054 1211 1053
f 1053 1211 1212
f 1053 1212 1052
f 1052 1212 1213
f 1052 1213 1209
f 1214 1215 1216
f 1217 1218 1219
f 1220 1221 1222
f 1223 1224 1225
f 1230 1231 1232
f 1233 1234 1235
f 1236 1237 1238
f 1239 1240 1241
f 1242 1243 1244
f 1245 1246 1247
f 1248 1249 1250
f 1251 1252 1253
f 1254 1255 1256
f 1257 1258 1259
f 1260 1261 1262
f 1263 1264 1265
f 1268 1269 1270
f 1271 1272 1273
f 1274 1275 1276
f 1277 1278 1279
f 1280 1281 1282
f 1283 1284 1285
f 1288 1289 1290
f 1291 1292 1293
f 1294 1295 1296
f 1297 1298 1299
f 1300 1301 1302
f 1303 1304 1305
f 1213 1212 1306
f 1209 1213 1307
f 1203 1208 1308
f 1206 1205 1309
f 1193 1198 1311
f 1196 1195 1312
f 1192 1197 1313
f 1103 1102 1314
f 1185 1188 1315
f 1184 1187 1316
f 1182 1183 1317
f 1105 1104 1318
f 1174 1177 1319
f 1172 1173 1320
f 1107 1106 1321
f 1165 1167 1322
f 1159 1164 1323
f 1162 1161 1324
f 1149 1154 1326
f 1152 1151 1327
f 1110 1109 1328
f 1139 1144 1329
f 1142 1141 1330
f 1138 1143 1331
f 1112 1111 1332
f 1130 1133 1333
f 1128 1129 1334
f 1114 1113 1335
f 1121 1123 1336
f 1119 1120 1337
f 1116 1117 1338
f 1212 1211 1339
f 1339 1211 1210
f 1210 1115 1340
f 1340 1115 1116
f 1117 1118 1341
f 1341 1118 1119
f 1121 1336 1120
f 1123 1122 1342
f 1122 1124 1343
f 1343 1124 1125
f 1125 1126 1344
f 1344 1126 1114
f 1113 1127 1345
f 1345 1127 1128
f 1130 1333 1129
f 1133 1132 1346
f 1346 1132 1131
f 1131 1134 1347
f 1347 1134 1135
f 1135 1136 1348
f 1348 1136 1112
f 1111 1137 1349
f 1349 1137 1138
f 1142 1330 1143
f 1141 1140 1350
f 1350 1140 1139
f 1144 1145 1351
f 1351 1145 1146
f 1351 1146 1110
f 1109 1147 1352
f 1352 1147 1148
f 1148 1153 1353
f 1353 1153 1152
f 1151 1150 1354
f 1354 1150 1149
f 1154 1155 1355
f 1355 1155 1156
f 1355 1156 1108
f 1108 1157 1356
f 1356 1157 1158
f 1158 1163 1357
f 1357 1163 1162
f 1161 1160 1358
f 1358 1160 1159
f 1165 1322 1164
f 1167 1166 1359
f 1166 1168 1360
f 1360 1168 1169
f 1169 1170 1361
f 1361 1170 1107
f 1106 1171 1362
f 1362 1171 1172
f 1174 1319 1173
f 1177 1176 1363
f 1363 1176 1175
f 1175 1178 1364
f 1364 1178 1179
f 1179 1180 1365
f 1365 1180 1105
f 1104 1181 1366
f 1366 1181 1182
f 1184 1316 1183
f 1187 1186 1367
f 1367 1186 1185
f 1188 1189 1368
f 1368 1189 1190
f 1368 1190 1103
f 1102 1191 1369
f 1369 1191 1192
f 1196 1312 1197
f 1195 1194 1370
f 1370 1194 1193
f 1198 1199 1371
f 1371 1199 1200
f 1371 1200 1101
f 1101 1201 1372
f 1372 1201 1202
f 1202 1207 1373
f 1373 1207 1206
f 1205 1204 1374
f 1374 1204 1203
f 1209 1307 1208
f 1212 1339 1306
f 1306 1339 1375
f 1306 1375 1376
f 1376 1375 1377
f 1376 1377 1378
f 1378 1377 1379
f 1378 1379 1380
f 1380 1379 1381
f 1380 1381 1382
f 1382 1381 1383
f 1382 1383 1384
f 1384 1383 1385
f 1384 1385 1386
f 1386 1385 1387
f 1386 1387 1388
f 1388 1387 1389
f 1388 1389 1390
f 1390 1389 1391
f 1390 1391 1392
f 1392 1391 1305
f 1392 1305 1393
f 1393 1305 1304
f 1393 1304 1394
f 1210 1340 1339
f 1339 1340 1395
f 1339 1395 1375
f 1375 1395 1396
f 1375 1396 1377
f 1377 1396 1397
f 1377 1397 1379
f 1379 1397 1398
f 1379 1398 1381
f 1381 1398 1399
f 1381 1399 1383
f 1383 1399 1400
f 1383 1400 1385
f 1385 1400 1401
f 1385 1401 1387
f 1387 1401 1402
f 1387 1402 1389
f 1389 1402 1403
f 1389 1403 1391
f 1391 1403 1302
f 1391 1302 1305
f 1305 1302 1301
f 1305 1301 1303
f 1116 1338 1340
f 1340 1338 1404
f 1340 1404 1395
f 1395 1404 1405
f 1395 1405 1396
f 1396 1405 1406
f 1396 1406 1397
f 1397 1406 1407
f 1397 1407 1398
f 1398 1407 1408
f 1398 1408 1399
f 1399 1408 1409
f 1399 1409 1400
f 1400 1409 1410
f 1400 1410 1401
f 1401 1410 1411
f 1401 1411 1402
f 1402 1411 1412
f 1402 1412 1403
f 1403 1412 1299
f 1403 1299 1302
f 1302 1299 1298
f 1302 1298 1300
f 1117 1341 1338
f 1338 1341 1413
f 1338 1413 1404
f 1404 1413 1414
f 1404 1414 1405
f 1405 1414 1415
f 1405 1415 1406
f 1406 1415 1416
f 1406 1416 1407
f 1407 1416 1417
f 1407 1417 1408
f 1408 1417 1418
f 1408 1418 1409
f 1409 1418 1419
f 1409 1419 1410
f 1410 1419 1420
f 1410 1420 1411
f 1411 1420 1421
f 1411 1421 1412
f 1412 1421 1296
f 1412 1296 1299
f 1299 1296 1295
f 1299 1295 1297
f 1119 1337 1341
f 1341 1337 1422
f 1341 1422 1413
f 1413 1422 1423
f 1413 1423 1414
f 1414 1423 1424
f 1414 1424 1415
f 1415 1424 1425
f 1415 1425 1416
f 1416 1425 1426
f 1416 1426 1417
f 1417 1426 1427
f 1417 1427 1418
f 1418 1427 1428
f 1418 1428 1419
f 1419 1428 1429
f 1419 1429 1420
f 1420 1429 1430
f 1420 1430 1421
f 1421 1430 1293
f 1421 1293 1296
f 1296 1293 1292
f 1296 1292 1294
f 1120 1336 1337
f 1337 1336 1431
f 1337 1431 1422
f 1422 1431 1432
f 1422 1432 1423
f 1423 1432 1433
f 1423 1433 1424
f 1424 1433 1434
f 1424 1434 1425
f 1425 1434 1435
f 1425 1435 1426
f 1426 1435 1436
f 1426 1436 1427
f 1427 1436 1437
f 1427 1437 1428
f 1428 1437 1438
f 1428 1438 1429
f 1429 1438 1439
f 1429 1439 1430
f 1430 1439 1290
f 1430 1290 1293
f 1293 1290 1289
f 1293 1289 1291
f 1123 1342 1336
f 1336 1342 1440
f 1336 1440 1431
f 1431 1440 1441
f 1431 1441 1432
f 1432 1441 1442
f 1432 1442 1433
f 1433 1442 1443
f 1433 1443 1434
f 1434 1443 1444
f 1434 1444 1435
f 1435 1444 1445
f 1435 1445 1436
f 1436 1445 1446
f 1436 1446 1437
f 1437 1446 1447
f 1437 1447 1438
f 1438 1447 1448
f 1438 1448 1439
f 1439 1448 1449
f 1439 1449 1290
f 1290 1449 1450
f 1290 1450 1288
f 1451 1452 1453
f 1122 1343 1342
f 1342 1343 1454
f 1342 1454 1440
f 1440 1454 1455
f 1440 1455 1441
f 1441 1455 1456
f 1441 1456 1442
f 1442 1456 1457
f 1442 1457 1443
f 1443 1457 1458
f 1443 1458 1444
f 1444 1458 1459
f 1444 1459 1445
f 1445 1459 1460
f 1445 1460 1446
f 1446 1460 1461
f 1446 1461 1447
f 1447 1461 1462
f 1447 1462 1448
f 1448 1462 1451
f 1448 1451 1449
f 1449 1451 1453
f 1449 1453 1450
f 1463 1464 1465
f 1125 1344 1343
f 1343 1344 1466
f 1343 1466 1454
f 1454 1466 1467
f 1454 1467 1455
f 1455 1467 1468
f 1455 1468 1456
f 1456 1468 1469
f 1456 1469 1457
f 1457 1469 1470
f 1457 1470 1458
f 1458 1470 1471
f 1458 1471 1459
f 1459 1471 1472
f 1459 1472 1460
f 1460 1472 1473
f 1460 1473 1461
f 1461 1473 1474
f 1461 1474 1462
f 1462 1474 1463
f 1462 1463 1451
f 1451 1463 1465
f 1451 1465 1452
f 1475 1476 1477
f 1114 1335 1344
f 1344 1335 1478
f 1344 1478 1466
f 1466 1478 1479
f 1466 1479 1467
f 1467 1479 1480
f 1467 1480 1468
f 1468 1480 1481
f 1468 1481 1469
f 1469 1481 1482
f 1469 1482 1470
f 1470 1482 1483
f 1470 1483 1471
f 1471 1483 1484
f 1471 1484 1472
f 1472 1484 1485
f 1472 1485 1473
f 1473 1485 1486
f 1473 1486 1474
f 1474 1486 1475
f 1474 1475 1463
f 1463 1475 1477
f 1463 1477 1464
f 1487 1488 1489
f 1113 1345 1335
f 1335 1345 1490
f 1335 1490 1478
f 1478 1490 1491
f 1478 1491 1479
f 1479 1491 1492
f 1479 1492 1480
f 1480 1492 1493
f 1480 1493 1481
f 1481 1493 1494
f 1481 1494 1482
f 1482 1494 1495
f 1482 1495 1483
f 1483 1495 1496
f 1483 1496 1484
f 1484 1496 1497
f 1484 1497 1485
f 1485 1497 1498
f 1485 1498 1486
f 1486 1498 1487
f 1486 1487 1475
f 1475 1487 1489
f 1475 1489 1476
f 1128 1334 1345
f 1345 1334 1501
f 1345 1501 1490
f 1490 1501 1502
f 1490 1502 1491
f 1491 1502 1503
f 1491 1503 1492
f 1492 1503 1504
f 1492 1504 1493
f 1493 1504 1505
f 1493 1505 1494
f 1494 1505 1506
f 1494 1506 1495
f 1495 1506 1507
f 1495 1507 1496
f 1496 1507 1508
f 1496 1508 1497
f 1497 1508 1509
f 1497 1509 1498
f 1498 1509 1499
f 1498 1499 1487
f 1487 1499 1500
f 1487 1500 1488
f 1129 1333 1334
f 1334 1333 1512
f 1334 1512 1501
f 1501 1512 1513
f 1501 1513 1502
f 1502 1513 1514
f 1502 1514 1503
f 1503 1514 1515
f 1503 1515 1504
f 1504 1515 1516
f 1504 1516 1505
f 1505 1516 1517
f 1505 1517 1506
f 1506 1517 1518
f 1506 1518 1507
f 1507 1518 1519
f 1507 1519 1508
f 1508 1519 1520
f 1508 1520 1509
f 1509 1520 1510
f 1509 1510 1499
f 1499 1510 1511
f 1499 1511 1500
f 1133 1346 1333
f 1333 1346 1521
f 1333 1521 1512
f 1512 1521 1522
f 1512 1522 1513
f 1513 1522 1523
f 1513 1523 1514
f 1514 1523 1524
f 1514 1524 1515
f 1515 1524 1525
f 1515 1525 1516
f 1516 1525 1526
f 1516 1526 1517
f 1517 1526 1527
f 1517 1527 1518
f 1518 1527 1528
f 1518 1528 1519
f 1519 1528 1529
f 1519 1529 1520
f 1520 1529 1287
f 1520 1287 1510
f 1510 1287 1286
f 1510 1286 1511
f 1131 1347 1346
f 1346 1347 1530
f 1346 1530 1521
f 1521 1530 1531
f 1521 1531 1522
f 1522 1531 1532
f 1522 1532 1523
f 1523 1532 1533
f 1523 1533 1524
f 1524 1533 1534
f 1524 1534 1525
f 1525 1534 1535
f 1525 1535 1526
f 1526 1535 1536
f 1526 1536 1527
f 1527 1536 1537
f 1527 1537 1528
f 1528 1537 1538
f 1528 1538 1529
f 1529 1538 1285
f 1529 1285 1287
f 1287 1285 1284
f 1287 1284 1286
f 1135 1348 1347
f 1347 1348 1539
f 1347 1539 1530
f 1530 1539 1540
f 1530 1540 1531
f 1531 1540 1541
f 1531 1541 1532
f 1532 1541 1542
f 1532 1542 1533
f 1533 1542 1543
f 1533 1543 1534
f 1534 1543 1544
f 1534 1544 1535
f 1535 1544 1545
f 1535 1545 1536
f 1536 1545 1546
f 1536 1546 1537
f 1537 1546 1547
f 1537 1547 1538
f 1538 1547 1282
f 1538 1282 1285
f 1285 1282 1281
f 1285 1281 1283
f 1112 1332 1348
f 1348 1332 1548
f 1348 1548 1539
f 1539 1548 1549
f 1539 1549 1540
f 1540 1549 1550
f 1540 1550 1541
f 1541 1550 1551
f 1541 1551 1542
f 1542 1551 1552
f 1542 1552 1543
f 1543 1552 1553
f 1543 1553 1544
f 1544 1553 1554
f 1544 1554 1545
f 1545 1554 1555
f 1545 1555 1546
f 1546 1555 1556
f 1546 1556 1547
f 1547 1556 1279
f 1547 1279 1282
f 1282 1279 1278
f 1282 1278 1280
f 1111 1349 1332
f 1332 1349 1557
f 1332 1557 1548
f 1548 1557 1558
f 1548 1558 1549
f 1549 1558 1559
f 1549 1559 1550
f 1550 1559 1560
f 1550 1560 1551
f 1551 1560 1561
f 1551 1561 1552
f 1552 1561 1562
f 1552 1562 1553
f 1553 1562 1563
f 1553 1563 1554
f 1554 1563 1564
f 1554 1564 1555
f 1555 1564 1565
f 1555 1565 1556
f 1556 1565 1276
f 1556 1276 1279
f 1279 1276 1275
f 1279 1275 1277
f 1138 1331 1349
f 1349 1331 1566
f 1349 1566 1557
f 1557 1566 1567
f 1557 1567 1558
f 1558 1567 1568
f 1558 1568 1559
f 1559 1568 1569
f 1559 1569 1560
f 1560 1569 1570
f 1560 1570 1561
f 1561 1570 1571
f 1561 1571 1562
f 1562 1571 1572
f 1562 1572 1563
f 1563 1572 1573
f 1563 1573 1564
f 1564 1573 1574
f 1564 1574 1565
f 1565 1574 1273
f 1565 1273 1276
f 1276 1273 1272
f 1276 1272 1274
f 1143 1330 1331
f 1331 1330 1575
f 1331 1575 1566
f 1566 1575 1576
f 1566 1576 1567
f 1567 1576 1577
f 1567 1577 1568
f 1568 1577 1578
f 1568 1578 1569
f 1569 1578 1579
f 1569 1579 1570
f 1570 1579 1580
f 1570 1580 1571
f 1571 1580 1581
f 1571 1581 1572
f 1572 1581 1582
f 1572 1582 1573
f 1573 1582 1583
f 1573 1583 1574
f 1574 1583 1270
f 1574 1270 1273
f 1273 1270 1269
f 1273 1269 1271
f 1141 1350 1330
f 1330 1350 1584
f 1330 1584 1575
f 1575 1584 1585
f 1575 1585 1576
f 1576 1585 1586
f 1576 1586 1577
f 1577 1586 1587
f 1577 1587 1578
f 1578 1587 1588
f 1578 1588 1579
f 1579 1588 1589
f 1579 1589 1580
f 1580 1589 1590
f 1580 1590 1581
f 1581 1590 1591
f 1581 1591 1582
f 1582 1591 1592
f 1582 1592 1583
f 1583 1592 1593
f 1583 1593 1270
f 1270 1593 1594
f 1270 1594 1268
f 1595 1596 1597
f 1139 1329 1350
f 1350 1329 1598
f 1350 1598 1584
f 1584 1598 1599
f 1584 1599 1585
f 1585 1599 1600
f 1585 1600 1586
f 1586 1600 1601
f 1586 1601 1587
f 1587 1601 1602
f 1587 1602 1588
f 1588 1602 1603
f 1588 1603 1589
f 1589 1603 1604
f 1589 1604 1590
f 1590 1604 1605
f 1590 1605 1591
f 1591 1605 1606
f 1591 1606 1592
f 1592 1606 1595
f 1592 1595 1593
f 1593 1595 1597
f 1593 1597 1594
f 1607 1608 1609
f 1144 1351 1329
f 1329 1351 1610
f 1329 1610 1598
f 1598 1610 1611
f 1598 1611 1599
f 1599 1611 1612
f 1599 1612 1600
f 1600 1612 1613
f 1600 1613 1601
f 1601 1613 1614
f 1601 1614 1602
f 1602 1614 1615
f 1602 1615 1603
f 1603 1615 1616
f 1603 1616 1604
f 1604 1616 1617
f 1604 1617 1605
f 1605 1617 1618
f 1605 1618 1606
f 1606 1618 1607
f 1606 1607 1595
f 1595 1607 1609
f 1595 1609 1596
f 1619 1620 1621
f 1110 1328 1351
f 1351 1328 1622
f 1351 1622 1610
f 1610 1622 1623
f 1610 1623 1611
f 1611 1623 1624
f 1611 1624 1612
f 1612 1624 1625
f 1612 1625 1613
f 1613 1625 1626
f 1613 1626 1614
f 1614 1626 1627
f 1614 1627 1615
f 1615 1627 1628
f 1615 1628 1616
f 1616 1628 1629
f 1616 1629 1617
f 1617 1629 1630
f 1617 1630 1618
f 1618 1630 1619
f 1618 1619 1607
f 1607 1619 1621
f 1607 1621 1608
f 1631 1632 1633
f 1109 1352 1328
f 1328 1352 1634
f 1328 1634 1622
f 1622 1634 1635
f 1622 1635 1623
f 1623 1635 1636
f 1623 1636 1624
f 1624 1636 1637
f 1624 1637 1625
f 1625 1637 1638
f 1625 1638 1626
f 1626 1638 1639
f 1626 1639 1627
f 1627 1639 1640
f 1627 1640 1628
f 1628 1640 1641
f 1628 1641 1629
f 1629 1641 1642
f 1629 1642 1630
f 1630 1642 1631
f 1630 1631 1619
f 1619 1631 1633
f 1619 1633 1620
f 1643 1644 1645
f 1148 1353 1352
f 1352 1353 1646
f 1352 1646 1634
f 1634 1646 1647
f 1634 1647 1635
f 1635 1647 1648
f 1635 1648 1636
f 1636 1648 1649
f 1636 1649 1637
f 1637 1649 1650
f 1637 1650 1638
f 1638 1650 1651
f 1638 1651 1639
f 1639 1651 1652
f 1639 1652 1640
f 1640 1652 1653
f 1640 1653 1641
f 1641 1653 1654
f 1641 1654 1642
f 1642 1654 1643
f 1642 1643 1631
f 1631 1643 1645
f 1631 1645 1632
f 1655 1656 1657
f 1152 1327 1353
f 1353 1327 1658
f 1353 1658 1646
f 1646 1658 1659
f 1646 1659 1647
f 1647 1659 1660
f 1647 1660 1648
f 1648 1660 1661
f 1648 1661 1649
f 1649 1661 1662
f 1649 1662 1650
f 1650 1662 1663
f 1650 1663 1651
f 1651 1663 1664
f 1651 1664 1652
f 1652 1664 1665
f 1652 1665 1653
f 1653 1665 1666
f 1653 1666 1654
f 1654 1666 1655
f 1654 1655 1643
f 1643 1655 1657
f 1643 1657 1644
f 1151 1354 1327
f 1327 1354 1667
f 1327 1667 1658
f 1658 1667 1668
f 1658 1668 1659
f 1659 1668 1669
f 1659 1669 1660
f 1660 1669 1670
f 1660 1670 1661
f 1661 1670 1671
f 1661 1671 1662
f 1662 1671 1672
f 1662 1672 1663
f 1663 1672 1673
f 1663 1673 1664
f 1664 1673 1674
f 1664 1674 1665
f 1665 1674 1675
f 1665 1675 1666
f 1666 1675 1267
f 1666 1267 1655
f 1655 1267 1266
f 1655 1266 1656
f 1149 1326 1354
f 1354 1326 1676
f 1354 1676 1667
f 1667 1676 1677
f 1667 1677 1668
f 1668 1677 1678
f 1668 1678 1669
f 1669 1678 1679
f 1669 1679 1670
f 1670 1679 1680
f 1670 1680 1671
f 1671 1680 1681
f 1671 1681 1672
f 1672 1681 1682
f 1672 1682 1673
f 1673 1682 1683
f 1673 1683 1674
f 1674 1683 1684
f 1674 1684 1675
f 1675 1684 1265
f 1675 1265 1267
f 1267 1265 1264
f 1267 1264 1266
f 1154 1355 1326
f 1326 1355 1685
f 1326 1685 1676
f 1676 1685 1686
f 1676 1686 1677
f 1677 1686 1687
f 1677 1687 1678
f 1678 1687 1688
f 1678 1688 1679
f 1679 1688 1689
f 1679 1689 1680
f 1680 1689 1690
f 1680 1690 1681
f 1681 1690 1691
f 1681 1691 1682
f 1682 1691 1692
f 1682 1692 1683
f 1683 1692 1693
f 1683 1693 1684
f 1684 1693 1262
f 1684 1262 1265
f 1265 1262 1261
f 1265 1261 1263
f 1108 1325 1355
f 1355 1325 1694
f 1355 1694 1685
f 1685 1694 1695
f 1685 1695 1686
f 1686 1695 1696
f 1686 1696 1687
f 1687 1696 1697
f 1687 1697 1688
f 1688 1697 1698
f 1688 1698 1689
f 1689 1698 1699
f 1689 1699 1690
f 1690 1699 1700
f 1690 1700 1691
f 1691 1700 1701
f 1691 1701 1692
f 1692 1701 1702
f 1692 1702 1693
f 1693 1702 1259
f 1693 1259 1262
f 1262 1259 1258
f 1262 1258 1260
f 1108 1356 1325
f 1325 1356 1703
f 1325 1703 1694
f 1694 1703 1704
f 1694 1704 1695
f 1695 1704 1705
f 1695 1705 1696
f 1696 1705 1706
f 1696 1706 1697
f 1697 1706 1707
f 1697 1707 1698
f 1698 1707 1708
f 1698 1708 1699
f 1699 1708 1709
f 1699 1709 1700
f 1700 1709 1710
f 1700 1710 1701
f 1701 1710 1711
f 1701 1711 1702
f 1702 1711 1256
f 1702 1256 1259
f 1259 1256 1255
f 1259 1255 1257
f 1158 1357 1356
f 1356 1357 1712
f 1356 1712 1703
f 1703 1712 1713
f 1703 1713 1704
f 1704 1713 1714
f 1704 1714 1705
f 1705 1714 1715
f 1705 1715 1706
f 1706 1715 1716
f 1706 1716 1707
f 1707 1716 1717
f 1707 1717 1708
f 1708 1717 1718
f 1708 1718 1709
f 1709 1718 1719
f 1709 1719 1710
f 1710 1719 1720
f 1710 1720 1711
f 1711 1720 1253
f 1711 1253 1256
f 1256 1253 1252
f 1256 1252 1254
f 1162 1324 1357
f 1357 1324 1721
f 1357 1721 1712
f 1712 1721 1722
f 1712 1722 1713
f 1713 1722 1723
f 1713 1723 1714
f 1714 1723 1724
f 1714 1724 1715
f 1715 1724 1725
f 1715 1725 1716
f 1716 1725 1726
f 1716 1726 1717
f 1717 1726 1727
f 1717 1727 1718
f 1718 1727 1728
f 1718 1728 1719
f 1719 1728 1729
f 1719 1729 1720
f 1720 1729 1250
f 1720 1250 1253
f 1253 1250 1249
f 1253 1249 1251
f 1161 1358 1324
f 1324 1358 1730
f 1324 1730 1721
f 1721 1730 1731
f 1721 1731 1722
f 1722 1731 1732
f 1722 1732 1723
f 1723 1732 1733
f 1723 1733 1724
f 1724 1733 1734
f 1724 1734 1725
f 1725 1734 1735
f 1725 1735 1726
f 1726 1735 1736
f 1726 1736 1727
f 1727 1736 1737
f 1727 1737 1728
f 1728 1737 1738
f 1728 1738 1729
f 1729 1738 1739
f 1729 1739 1250
f 1250 1739 1740
f 1250 1740 1248
f 1741 1742 1743
f 1159 1323 1358
f 1358 1323 1744
f 1358 1744 1730
f 1730 1744 1745
f 1730 1745 1731
f 1731 1745 1746
f 1731 1746 1732
f 1732 1746 1747
f 1732 1747 1733
f 1733 1747 1748
f 1733 1748 1734
f 1734 1748 1749
f 1734 1749 1735
f 1735 1749 1750
f 1735 1750 1736
f 1736 1750 1751
f 1736 1751 1737
f 1737 1751 1752
f 1737 1752 1738
f 1738 1752 1741
f 1738 1741 1739
f 1739 1741 1743
f 1739 1743 1740
f 1753 1754 1755
f 1164 1322 1323
f 1323 1322 1756
f 1323 1756 1744
f 1744 1756 1757
f 1744 1757 1745
f 1745 1757 1758
f 1745 1758 1746
f 1746 1758 1759
f 1746 1759 1747
f 1747 1759 1760
f 1747 1760 1748
f 1748 1760 1761
f 1748 1761 1749
f 1749 1761 1762
f 1749 1762 1750
f 1750 1762 1763
f 1750 1763 1751
f 1751 1763 1764
f 1751 1764 1752
f 1752 1764 1753
f 1752 1753 1741
f 1741 1753 1755
f 1741 1755 1742
f 1765 1766 1767
f 1167 1359 1322
f 1322 1359 1768
f 1322 1768 1756
f 1756 1768 1769
f 1756 1769 1757
f 1757 1769 1770
f 1757 1770 1758
f 1758 1770 1771
f 1758 1771 1759
f 1759 1771 1772
f 1759 1772 1760
f 1760 1772 1773
f 1760 1773 1761
f 1761 1773 1774
f 1761 1774 1762
f 1762 1774 1775
f 1762 1775 1763
f 1763 1775 1776
f 1763 1776 1764
f 1764 1776 1765
f 1764 1765 1753
f 1753 1765 1767
f 1753 1767 1754
f 1777 1778 1779
f 1166 1360 1359
f 1359 1360 1780
f 1359 1780 1768
f 1768 1780 1781
f 1768 1781 1769
f 1769 1781 1782
f 1769 1782 1770
f 1770 1782 1783
f 1770 1783 1771
f 1771 1783 1784
f 1771 1784 1772
f 1772 1784 1785
f 1772 1785 1773
f 1773 1785 1786
f 1773 1786 1774
f 1774 1786 1787
f 1774 1787 1775
f 1775 1787 1788
f 1775 1788 1776
f 1776 1788 1777
f 1776 1777 1765
f 1765 1777 1779
f 1765 1779 1766
f 1789 1790 1791
f 1169 1361 1360
f 1360 1361 1792
f 1360 1792 1780
f 1780 1792 1793
f 1780 1793 1781
f 1781 1793 1794
f 1781 1794 1782
f 1782 1794 1795
f 1782 1795 1783
f 1783 1795 1796
f 1783 1796 1784
f 1784 1796 1797
f 1784 1797 1785
f 1785 1797 1798
f 1785 1798 1786
f 1786 1798 1799
f 1786 1799 1787
f 1787 1799 1800
f 1787 1800 1788
f 1788 1800 1789
f 1788 1789 1777
f 1777 1789 1791
f 1777 1791 1778
f 1107 1321 1361
f 1361 1321 1803
f 1361 1803 1792
f 1792 1803 1804
f 1792 1804 1793
f 1793 1804 1805
f 1793 1805 1794
f 1794 1805 1806
f 1794 1806 1795
f 1795 1806 1807
f 1795 1807 1796
f 1796 1807 1808
f 1796 1808 1797
f 1797 1808 1809
f 1797 1809 1798
f 1798 1809 1810
f 1798 1810 1799
f 1799 1810 1811
f 1799 1811 1800
f 1800 1811 1801
f 1800 1801 1789
f 1789 1801 1802
f 1789 1802 1790
f 1106 1362 1321
f 1321 1362 1812
f 1321 1812 1803
f 1803 1812 1813
f 1803 1813 1804
f 1804 1813 1814
f 1804 1814 1805
f 1805 1814 1815
f 1805 1815 1806
f 1806 1815 1816
f 1806 1816 1807
f 1807 1816 1817
f 1807 1817 1808
f 1808 1817 1818
f 1808 1818 1809
f 1809 1818 1819
f 1809 1819 1810
f 1810 1819 1820
f 1810 1820 1811
f 1811 1820 1247
f 1811 1247 1801
f 1801 1247 1246
f 1801 1246 1802
f 1172 1320 1362
f 1362 1320 1821
f 1362 1821 1812
f 1812 1821 1822
f 1812 1822 1813
f 1813 1822 1823
f 1813 1823 1814
f 1814 1823 1824
f 1814 1824 1815
f 1815 1824 1825
f 1815 1825 1816
f 1816 1825 1826
f 1816 1826 1817
f 1817 1826 1827
f 1817 1827 1818
f 1818 1827 1828
f 1818 1828 1819
f 1819 1828 1829
f 1819 1829 1820
f 1820 1829 1244
f 1820 1244 1247
f 1247 1244 1243
f 1247 1243 1245
f 1173 1319 1320
f 1320 1319 1830
f 1320 1830 1821
f 1821 1830 1831
f 1821 1831 1822
f 1822 1831 1832
f 1822 1832 1823
f 1823 1832 1833
f 1823 1833 1824
f 1824 1833 1834
f 1824 1834 1825
f 1825 1834 1835
f 1825 1835 1826
f 1826 1835 1836
f 1826 1836 1827
f 1827 1836 1837
f 1827 1837 1828
f 1828 1837 1838
f 1828 1838 1829
f 1829 1838 1241
f 1829 1241 1244
f 1244 1241 1240
f 1244 1240 1242
f 1177 1363 1319
f 1319 1363 1839
f 1319 1839 1830
f 1830 1839 1840
f 1830 1840 1831
f 1831 1840 1841
f 1831 1841 1832
f 1832 1841 1842
f 1832 1842 1833
f 1833 1842 1843
f 1833 1843 1834
f 1834 1843 1844
f 1834 1844 1835
f 1835 1844 1845
f 1835 1845 1836
f 1836 1845 1846
f 1836 1846 1837
f 1837 1846 1847
f 1837 1847 1838
f 1838 1847 1238
f 1838 1238 1241
f 1241 1238 1237
f 1241 1237 1239
f 1175 1364 1363
f 1363 1364 1848
f 1363 1848 1839
f 1839 1848 1849
f 1839 1849 1840
f 1840 1849 1850
f 1840 1850 1841
f 1841 1850 1851
f 1841 1851 1842
f 1842 1851 1852
f 1842 1852 1843
f 1843 1852 1853
f 1843 1853 1844
f 1844 1853 1854
f 1844 1854 1845
f 1845 1854 1855
f 1845 1855 1846
f 1846 1855 1856
f 1846 1856 1847
f 1847 1856 1235
f 1847 1235 1238
f 1238 1235 1234
f 1238 1234 1236
f 1179 1365 1364
f 1364 1365 1857
f 1364 1857 1848
f 1848 1857 1858
f 1848 1858 1849
f 1849 1858 1859
f 1849 1859 1850
f 1850 1859 1860
f 1850 1860 1851
f 1851 1860 1861
f 1851 1861 1852
f 1852 1861 1862
f 1852 1862 1853
f 1853 1862 1863
f 1853 1863 1854
f 1854 1863 1864
f 1854 1864 1855
f 1855 1864 1865
f 1855 1865 1856
f 1856 1865 1232
f 1856 1232 1235
f 1235 1232 1231
f 1235 1231 1233
f 1105 1318 1365
f 1365 1318 1866
f 1365 1866 1857
f 1857 1866 1867
f 1857 1867 1858
f 1858 1867 1868
f 1858 1868 1859
f 1859 1868 1869
f 1859 1869 1860
f 1860 1869 1870
f 1860 1870 1861
f 1861 1870 1871
f 1861 1871 1862
f 1862 1871 1872
f 1862 1872 1863
f 1863 1872 1873
f 1863 1873 1864
f 1864 1873 1874
f 1864 1874 1865
f 1865 1874 1875
f 1865 1875 1232
f 1232 1875 1876
f 1232 1876 1230
f 1877 1878 1879
f 1104 1366 1318
f 1318 1366 1880
f 1318 1880 1866
f 1866 1880 1881
f 1866 1881 1867
f 1867 1881 1882
f 1867 1882 1868
f 1868 1882 1883
f 1868 1883 1869
f 1869 1883 1884
f 1869 1884 1870
f 1870 1884 1885
f 1870 1885 1871
f 1871 1885 1886
f 1871 1886 1872
f 1872 1886 1887
f 1872 1887 1873
f 1873 1887 1888
f 1873 1888 1874
f 1874 1888 1877
f 1874 1877 1875
f 1875 1877 1879
f 1875 1879 1876
f 1889 1890 1891
f 1182 1317 1366
f 1366 1317 1892
f 1366 1892 1880
f 1880 1892 1893
f 1880 1893 1881
f 1881 1893 1894
f 1881 1894 1882
f 1882 1894 1895
f 1882 1895 1883
f 1883 1895 1896
f 1883 1896 1884
f 1884 1896 1897
f 1884 1897 1885
f 1885 1897 1898
f 1885 1898 1886
f 1886 1898 1899
f 1886 1899 1887
f 1887 1899 1900
f 1887 1900 1888
f 1888 1900 1889
f 1888 1889 1877
f 1877 1889 1891
f 1877 1891 1878
f 1901 1902 1903
f 1183 1316 1317
f 1317 1316 1904
f 1317 1904 1892
f 1892 1904 1905
f 1892 1905 1893
f 1893 1905 1906
f 1893 1906 1894
f 1894 1906 1907
f 1894 1907 1895
f 1895 1907 1908
f 1895 1908 1896
f 1896 1908 1909
f 1896 1909 1897
f 1897 1909 1910
f 1897 1910 1898
f 1898 1910 1911
f 1898 1911 1899
f 1899 1911 1912
f 1899 1912 1900
f 1900 1912 1901
f 1900 1901 1889
f 1889 1901 1903
f 1889 1903 1890
f 1913 1914 1915
f 1187 1367 1316
f 1316 1367 1916
f 1316 1916 1904
f 1904 1916 1917
f 1904 1917 1905
f 1905 1917 1918
f 1905 1918 1906
f 1906 1918 1919
f 1906 1919 1907
f 1907 1919 1920
f 1907 1920 1908
f 1908 1920 1921
f 1908 1921 1909
f 1909 1921 1922
f 1909 1922 1910
f 1910 1922 1923
f 1910 1923 1911
f 1911 1923 1924
f 1911 1924 1912
f 1912 1924 1913
f 1912 1913 1901
f 1901 1913 1915
f 1901 1915 1902
f 1925 1926 1927
f 1185 1315 1367
f 1367 1315 1928
f 1367 1928 1916
f 1916 1928 1929
f 1916 1929 1917
f 1917 1929 1930
f 1917 1930 1918
f 1918 1930 1931
f 1918 1931 1919
f 1919 1931 1932
f 1919 1932 1920
f 1920 1932 1933
f 1920 1933 1921
f 1921 1933 1934
f 1921 1934 1922
f 1922 1934 1935
f 1922 1935 1923
f 1923 1935 1936
f 1923 1936 1924
f 1924 1936 1925
f 1924 1925 1913
f 1913 1925 1927
f 1913 1927 1914
f 1937 1938 1939
f 1188 1368 1315
f 1315 1368 1940
f 1315 1940 1928
f 1928 1940 1941
f 1928 1941 1929
f 1929 1941 1942
f 1929 1942 1930
f 1930 1942 1943
f 1930 1943 1931
f 1931 1943 1944
f 1931 1944 1932
f 1932 1944 1945
f 1932 1945 1933
f 1933 1945 1946
f 1933 1946 1934
f 1934 1946 1947
f 1934 1947 1935
f 1935 1947 1948
f 1935 1948 1936
f 1936 1948 1937
f 1936 1937 1925
f 1925 1937 1939
f 1925 1939 1926
f 1103 1314 1368
f 1368 1314 1951
f 1368 1951 1940
f 1940 1951 1952
f 1940 1952 1941
f 1941 1952 1953
f 1941 1953 1942
f 1942 1953 1954
f 1942 1954 1943
f 1943 1954 1955
f 1943 1955 1944
f 1944 1955 1956
f 1944 1956 1945
f 1945 1956 1957
f 1945 1957 1946
f 1946 1957 1958
f 1946 1958 1947
f 1947 1958 1959
f 1947 1959 1948
f 1948 1959 1949
f 1948 1949 1937
f 1937 1949 1950
f 1937 1950 1938
f 1102 1369 1314
f 1314 1369 1960
f 1314 1960 1951
f 1951 1960 1961
f 1951 1961 1952
f 1952 1961 1962
f 1952 1962 1953
f 1953 1962 1963
f 1953 1963 1954
f 1954 1963 1964
f 1954 1964 1955
f 1955 1964 1965
f 1955 1965 1956
f 1956 1965 1966
f 1956 1966 1957
f 1957 1966 1967
f 1957 1967 1958
f 1958 1967 1968
f 1958 1968 1959
f 1959 1968 1229
f 1959 1229 1949
f 1949 1229 1228
f 1949 1228 1950
f 1192 1313 1369
f 1369 1313 1969
f 1369 1969 1960
f 1960 1969 1970
f 1960 1970 1961
f 1961 1970 1971
f 1961 1971 1962
f 1962 1971 1972
f 1962 1972 1963
f 1963 1972 1973
f 1963 1973 1964
f 1964 1973 1974
f 1964 1974 1965
f 1965 1974 1975
f 1965 1975 1966
f 1966 1975 1976
f 1966 1976 1967
f 1967 1976 1977
f 1967 1977 1968
f 1968 1977 1227
f 1968 1227 1229
f 1229 1227 1226
f 1229 1226 1228
f 1197 1312 1313
f 1313 1312 1978
f 1313 1978 1969
f 1969 1978 1979
f 1969 1979 1970
f 1970 1979 1980
f 1970 1980 1971
f 1971 1980 1981
f 1971 1981 1972
f 1972 1981 1982
f 1972 1982 1973
f 1973 1982 1983
f 1973 1983 1974
f 1974 1983 1984
f 1974 1984 1975
f 1975 1984 1985
f 1975 1985 1976
f 1976 1985 1986
f 1976 1986 1977
f 1977 1986 1225
f 1977 1225 1227
f 1227 1225 1224
f 1227 1224 1226
f 1195 1370 1312
f 1312 1370 1987
f 1312 1987 1978
f 1978 1987 1988
f 1978 1988 1979
f 1979 1988 1989
f 1979 1989 1980
f 1980 1989 1990
f 1980 1990 1981
f 1981 1990 1991
f 1981 1991 1982
f 1982 1991 1992
f 1982 1992 1983
f 1983 1992 1993
f 1983 1993 1984
f 1984 1993 1994
f 1984 1994 1985
f 1985 1994 1995
f 1985 1995 1986
f 1986 1995 1222
f 1986 1222 1225
f 1225 1222 1221
f 1225 1221 1223
f 1193 1311 1370
f 1370 1311 1996
f 1370 1996 1987
f 1987 1996 1997
f 1987 1997 1988
f 1988 1997 1998
f 1988 1998 1989
f 1989 1998 1999
f 1989 1999 1990
f 1990 1999 2000
f 1990 2000 1991
f 1991 2000 2001
f 1991 2001 1992
f 1992 2001 2002
f 1992 2002 1993
f 1993 2002 2003
f 1993 2003 1994
f 1994 2003 2004
f 1994 2004 1995
f 1995 2004 1219
f 1995 1219 1222
f 1222 1219 1218
f 1222 1218 1220
f 1198 1371 1311
f 1311 1371 2005
f 1311 2005 1996
f 1996 2005 2006
f 1996 2006 1997
f 1997 2006 2007
f 1997 2007 1998
f 1998 2007 2008
f 1998 2008 1999
f 1999 2008 2009
f 1999 2009 2000
f 2000 2009 2010
f 2000 2010 2001
f 2001 2010 2011
f 2001 2011 2002
f 2002 2011 2012
f 2002 2012 2003
f 2003 2012 2013
f 2003 2013 2004
f 2004 2013 1216
f 2004 1216 1219
f 1219 1216 1215
f 1219 1215 1217
f 1101 1310 1371
f 1371 1310 2014
f 1371 2014 2005
f 2005 2014 2015
f 2005 2015 2006
f 2006 2015 2016
f 2006 2016 2007
f 2007 2016 2017
f 2007 2017 2008
f 2008 2017 2018
f 2008 2018 2009
f 2009 2018 2019
f 2009 2019 2010
f 2010 2019 2020
f 2010 2020 2011
f 2011 2020 2021
f 2011 2021 2012
f 2012 2021 2022
f 2012 2022 2013
f 2013 2022 2023
f 2013 2023 1216
f 1216 2023 2024
f 1216 2024 1214
f 2025 2026 2027
f 1101 1372 1310
f 1310 1372 2028
f 1310 2028 2014
f 2014 2028 2029
f 2014 2029 2015
f 2015 2029 2030
f 2015 2030 2016
f 2016 2030 2031
f 2016 2031 2017
f 2017 2031 2032
f 2017 2032 2018
f 2018 2032 2033
f 2018 2033 2019
f 2019 2033 2034
f 2019 2034 2020
f 2020 2034 2035
f 2020 2035 2021
f 2021 2035 2036
f 2021 2036 2022
f 2022 2036 2025
f 2022 2025 2023
f 2023 2025 2027
f 2023 2027 2024
f 2037 2038 2039
f 1202 1373 1372
f 1372 1373 2040
f 1372 2040 2028
f 2028 2040 2041
f 2028 2041 2029
f 2029 2041 2042
f 2029 2042 2030
f 2030 2042 2043
f 2030 2043 2031
f 2031 2043 2044
f 2031 2044 2032
f 2032 2044 2045
f 2032 2045 2033
f 2033 2045 2046
f 2033 2046 2034
f 2034 2046 2047
f 2034 2047 2035
f 2035 2047 2048
f 2035 2048 2036
f 2036 2048 2037
f 2036 2037 2025
f 2025 2037 2039
f 2025 2039 2026
f 2049 2050 2051
f 1206 1309 1373
f 1373 1309 2052
f 1373 2052 2040
f 2040 2052 2053
f 2040 2053 2041
f 2041 2053 2054
f 2041 2054 2042
f 2042 2054 2055
f 2042 2055 2043
f 2043 2055 2056
f 2043 2056 2044
f 2044 2056 2057
f 2044 2057 2045
f 2045 2057 2058
f 2045 2058 2046
f 2046 2058 2059
f 2046 2059 2047
f 2047 2059 2060
f 2047 2060 2048
f 2048 2060 2049
f 2048 2049 2037
f 2037 2049 2051
f 2037 2051 2038
f 2061 2062 2063
f 1205 1374 1309
f 1309 1374 2064
f 1309 2064 2052
f 2052 2064 2065
f 2052 2065 2053
f 2053 2065 2066
f 2053 2066 2054
f 2054 2066 2067
f 2054 2067 2055
f 2055 2067 2068
f 2055 2068 2056
f 2056 2068 2069
f 2056 2069 2057
f 2057 2069 2070
f 2057 2070 2058
f 2058 2070 2071
f 2058 2071 2059
f 2059 2071 2072
f 2059 2072 2060
f 2060 2072 2061
f 2060 2061 2049
f 2049 2061 2063
f 2049 2063 2050
f 2073 2074 2075
f 1203 1308 1374
f 1374 1308 2076
f 1374 2076 2064
f 2064 2076 2077
f 2064 2077 2065
f 2065 2077 2078
f 2065 2078 2066
f 2066 2078 2079
f 2066 2079 2067
f 2067 2079 2080
f 2067 2080 2068
f 2068 2080 2081
f 2068 2081 2069
f 2069 2081 2082
f 2069 2082 2070
f 2070 2082 2083
f 2070 2083 2071
f 2071 2083 2084
f 2071 2084 2072
f 2072 2084 2073
f 2072 2073 2061
f 2061 2073 2075
f 2061 2075 2062
f 2085 2086 2087
f 1208 1307 1308
f 1308 1307 2088
f 1308 2088 2076
f 2076 2088 2089
f 2076 2089 2077
f 2077 2089 2090
f 2077 2090 2078
f 2078 2090 2091
f 2078 2091 2079
f 2079 2091 2092
f 2079 2092 2080
f 2080 2092 2093
f 2080 2093 2081
f 2081 2093 2094
f 2081 2094 2082
f 2082 2094 2095
f 2082 2095 2083
f 2083 2095 2096
f 2083 2096 2084
f 2084 2096 2085
f 2084 2085 2073
f 2073 2085 2087
f 2073 2087 2074
f 1213 1306 1307
f 1307 1306 1376
f 1307 1376 2088
f 2088 1376 1378
f 2088 1378 2089
f 2089 1378 1380
f 2089 1380 2090
f 2090 1380 1382
f 2090 1382 2091
f 2091 1382 1384
f 2091 1384 2092
f 2092 1384 1386
f 2092 1386 2093
f 2093 1386 1388
f 2093 1388 2094
f 2094 1388 1390
f 2094 1390 2095
f 2095 1390 1392
f 2095 1392 2096
f 2096 1392 1393
f 2096 1393 2085
f 2085 1393 1394
f 2085 1394 2086
f 2097 2098 2099
f 2100 2101 2102
f 2103 2104 2105
f 2106 2107 2108
f 2109 2110 2111
f 2112 2113 2114
f 2115 2116 2117
f 2118 2119 2120
f 2121 2122 2123
f 2124 2125 2126
f 2127 2128 2129
f 2130 2131 2132
f 2133 2134 2135
f 2136 2137 2138
f 2139 2140 2141
f 2142 2143 2144
f 2145 2146 2147
f 2148 2149 2150
f 2151 2152 2153
f 2154 2155 2156
f 2157 2158 2159
f 2160 2161 2162
f 2163 2164 2165
f 2166 2167 2168
f 2169 2170 2171
f 2172 2173 2174
f 2175 2176 2177
f 2178 2179 2180
f 2181 2182 2183
f 2184 2185 2186
f 2187 2188 2189
f 2190 2191 2192
f 2193 2194 2195
f 2196 2197 2198
f 2199 2200 2201
f 2202 2203 2204
f 2205 2206 2207
f 2208 2209 2210
f 2211 2212 2213
f 2086 1394 2214
f 1215 1214 2215
f 1218 1217 2216
f 1221 1220 2217
f 1224 1223 2218
f 1231 1230 2219
f 1234 1233 2220
f 1237 1236 2221
f 1261 1260 2222
f 1264 1263 2223
f 1644 1657 2225
f 1632 1645 2226
f 1620 1633 2227
f 1608 1621 2228
f 1596 1609 2229
f 1594 1597 2230
f 1269 1268 2231
f 1281 1280 2232
f 1284 1283 2233
f 1500 1511 2235
f 1488 1500 2236
f 1476 1489 2237
f 1464 1477 2238
f 1452 1465 2239
f 1450 1453 2240
f 1289 1288 2241
f 1301 1300 2242
f 1304 1303 2243
f 1297 1295 2244
f 1294 1292 2245
f 1289 2241 1291
f 1286 2234 1511
f 1277 1275 2246
f 1274 1272 2247
f 1269 2231 1271
f 1266 2224 1656
f 1257 1255 2248
f 1254 1252 2211
f 2211 1252 1251
f 2211 1251 2212
f 1251 1249 2212
f 2212 1249 1248
f 2212 1248 1740
f 2249 1743 1742
f 2250 1755 1754
f 2251 1767 1766
f 2252 1779 1778
f 2253 1791 1790
f 2254 1802 1246
f 2255 1245 1243
f 2256 1242 1240
f 1237 2221 1239
f 1234 2220 1236
f 1231 2219 1233
f 1230 1876 2257
f 2257 1876 1879
f 2257 1879 1878
f 1878 1891 2258
f 2258 1891 1890
f 1890 1903 2259
f 2259 1903 1902
f 1902 1915 2260
f 2260 1915 1914
f 1914 1927 2261
f 2261 1927 1926
f 1926 1939 2262
f 2262 1939 1938
f 1938 1950 2263
f 2263 1950 1228
f 2264 1228 1226
f 2265 1226 1224
f 1221 2217 1223
f 1218 2216 1220
f 1215 2215 1217
f 1214 2024 2266
f 2266 2024 2027
f 2266 2027 2026
f 2026 2039 2267
f 2267 2039 2038
f 2038 2051 2268
f 2268 2051 2050
f 2050 2063 2269
f 2269 2063 2062
f 2062 2075 2270
f 2270 2075 2074
f 2074 2087 2271
f 2271 2087 2086
f 2272 2273 2214
f 2274 2213 2275
f 2275 2213 2212
f 2275 2212 2249
f 2249 2212 1740
f 2249 1740 1743
f 2276 2274 2277
f 2277 2274 2275
f 2277 2275 2278
f 2278 2275 2249
f 2278 2249 2250
f 2250 2249 1742
f 2250 1742 1755
f 2279 2276 2280
f 2280 2276 2277
f 2280 2277 2281
f 2281 2277 2278
f 2281 2278 2282
f 2282 2278 2250
f 2282 2250 2251
f 2251 2250 1754
f 2251 1754 1767
f 1295 1294 2244
f 2244 1294 2245
f 2244 2245 2283
f 2283 2245 2284
f 2283 2284 2285
f 2285 2284 2286
f 2285 2286 2287
f 2287 2286 2288
f 2287 2288 2289
f 2289 2288 2290
f 2289 2290 2291
f 2292 2279 2293
f 2293 2279 2280
f 2293 2280 2294
f 2294 2280 2281
f 2294 2281 2295
f 2295 2281 2282
f 2295 2282 2296
f 2296 2282 2251
f 2296 2251 2252
f 2252 2251 1766
f 2252 1766 1779
f 1298 1297 2297
f 2297 1297 2244
f 2297 2244 2298
f 2298 2244 2283
f 2298 2283 2299
f 2299 2283 2285
f 2299 2285 2300
f 2300 2285 2287
f 2300 2287 2301
f 2301 2287 2289
f 2301 2289 2302
f 2302 2289 2291
f 2302 2291 2303
f 2304 2292 2305
f 2305 2292 2293
f 2305 2293 2306
f 2306 2293 2294
f 2306 2294 2307
f 2307 2294 2295
f 2307 2295 2308
f 2308 2295 2296
f 2308 2296 2309
f 2309 2296 2252
f 2309 2252 2253
f 2253 2252 1778
f 2253 1778 1791
f 1300 1298 2242
f 2242 1298 2297
f 2242 2297 2310
f 2310 2297 2298
f 2310 2298 2311
f 2311 2298 2299
f 2311 2299 2312
f 2312 2299 2300
f 2312 2300 2313
f 2313 2300 2301
f 2313 2301 2314
f 2314 2301 2302
f 2314 2302 2315
f 2315 2302 2303
f 2315 2303 2316
f 2317 2304 2318
f 2318 2304 2305
f 2318 2305 2319
f 2319 2305 2306
f 2319 2306 2320
f 2320 2306 2307
f 2320 2307 2321
f 2321 2307 2308
f 2321 2308 2322
f 2322 2308 2309
f 2322 2309 2323
f 2323 2309 2253
f 2323 2253 2254
f 2254 2253 1790
f 2254 1790 1802
f 1303 1301 2243
f 2243 1301 2242
f 2243 2242 2324
f 2324 2242 2310
f 2324 2310 2325
f 2325 2310 2311
f 2325 2311 2326
f 2326 2311 2312
f 2326 2312 2327
f 2327 2312 2313
f 2327 2313 2328
f 2328 2313 2314
f 2328 2314 2329
f 2329 2314 2315
f 2329 2315 2330
f 2330 2315 2316
f 2330 2316 2331
f 2332 2317 2333
f 2333 2317 2318
f 2333 2318 2334
f 2334 2318 2319
f 2334 2319 2335
f 2335 2319 2320
f 2335 2320 2336
f 2336 2320 2321
f 2336 2321 2337
f 2337 2321 2322
f 2337 2322 2338
f 2338 2322 2323
f 2338 2323 2339
f 2339 2323 2254
f 2339 2254 2255
f 2255 2254 1246
f 2255 1246 1245
f 1394 1304 2214
f 2214 1304 2243
f 2214 2243 2272
f 2272 2243 2324
f 2272 2324 2340
f 2340 2324 2325
f 2340 2325 2341
f 2341 2325 2326
f 2341 2326 2342
f 2342 2326 2327
f 2342 2327 2343
f 2343 2327 2328
f 2343 2328 2344
f 2344 2328 2329
f 2344 2329 2345
f 2345 2329 2330
f 2345 2330 2346
f 2346 2330 2331
f 2346 2331 2347
f 2348 2332 2349
f 2349 2332 2333
f 2349 2333 2350
f 2350 2333 2334
f 2350 2334 2351
f 2351 2334 2335
f 2351 2335 2352
f 2352 2335 2336
f 2352 2336 2353
f 2353 2336 2337
f 2353 2337 2354
f 2354 2337 2338
f 2354 2338 2355
f 2355 2338 2339
f 2355 2339 2356
f 2356 2339 2255
f 2356 2255 2256
f 2256 2255 1243
f 2256 1243 1242
f 2357 2358 2359
f 2273 2272 2360
f 2360 2272 2340
f 2360 2340 2361
f 2361 2340 2341
f 2361 2341 2362
f 2362 2341 2342
f 2362 2342 2363
f 2363 2342 2343
f 2363 2343 2364
f 2364 2343 2344
f 2364 2344 2365
f 2365 2344 2345
f 2365 2345 2366
f 2366 2345 2346
f 2366 2346 2367
f 2367 2346 2347
f 2367 2347 2192
f 2117 2348 2368
f 2368 2348 2349
f 2368 2349 2369
f 2369 2349 2350
f 2369 2350 2370
f 2370 2350 2351
f 2370 2351 2371
f 2371 2351 2352
f 2371 2352 2372
f 2372 2352 2353
f 2372 2353 2373
f 2373 2353 2354
f 2373 2354 2374
f 2374 2354 2355
f 2374 2355 2375
f 2375 2355 2356
f 2375 2356 2376
f 2376 2356 2256
f 2376 2256 2377
f 2377 2256 1240
f 2377 1240 1239
f 2378 2358 2379
f 2379 2358 2357
f 2379 2357 2380
f 2381 2382 2383
f 1597 1596 2230
f 2230 1596 2229
f 2230 2229 2384
f 2384 2229 2385
f 2384 2385 2386
f 2386 2385 2387
f 2386 2387 2388
f 2388 2387 2389
f 2388 2389 2390
f 2390 2389 2391
f 2390 2391 2392
f 2392 2391 2393
f 2392 2393 2394
f 2394 2393 2395
f 2394 2395 2396
f 2396 2395 2397
f 2396 2397 2398
f 2398 2397 2399
f 2398 2399 2400
f 2400 2399 2401
f 2400 2401 2402
f 2402 2401 2403
f 1621 1620 2228
f 2228 1620 2227
f 2228 2227 2404
f 2404 2227 2405
f 2404 2405 2406
f 2406 2405 2407
f 2406 2407 2408
f 2408 2407 2409
f 2408 2409 2410
f 2410 2409 2411
f 2410 2411 2412
f 2412 2411 2413
f 2412 2413 2414
f 2414 2413 2415
f 2414 2415 2416
f 2416 2415 2417
f 2416 2417 2418
f 2418 2417 2419
f 2418 2419 2420
f 2420 2419 2421
f 2420 2421 2422
f 2422 2421 2423
f 2422 2423 2424
f 2425 2378 2426
f 2426 2378 2379
f 2426 2379 2380
f 2426 2380 2427
f 2427 2380 2428
f 2209 2428 2210
f 2210 2428 2380
f 2210 2380 2429
f 2429 2380 2357
f 2429 2357 2430
f 2430 2357 2359
f 2430 2359 2431
f 2206 2208 2207
f 2207 2208 2210
f 2207 2210 2432
f 2432 2210 2429
f 2432 2429 2433
f 2433 2429 2430
f 2433 2430 2434
f 2434 2430 2431
f 2434 2431 2435
f 2203 2205 2204
f 2204 2205 2207
f 2204 2207 2436
f 2436 2207 2432
f 2436 2432 2437
f 2437 2432 2433
f 2437 2433 2438
f 2438 2433 2434
f 2438 2434 2439
f 2439 2434 2435
f 2439 2435 2440
f 2200 2202 2201
f 2201 2202 2204
f 2201 2204 2441
f 2441 2204 2436
f 2441 2436 2442
f 2442 2436 2437
f 2442 2437 2443
f 2443 2437 2438
f 2443 2438 2444
f 2444 2438 2439
f 2444 2439 2445
f 2445 2439 2440
f 2445 2440 2446
f 2197 2199 2198
f 2198 2199 2201
f 2198 2201 2447
f 2447 2201 2441
f 2447 2441 2448
f 2448 2441 2442
f 2448 2442 2449
f 2449 2442 2443
f 2449 2443 2450
f 2450 2443 2444
f 2450 2444 2451
f 2451 2444 2445
f 2451 2445 2452
f 2452 2445 2446
f 2452 2446 2453
f 2194 2196 2195
f 2195 2196 2198
f 2195 2198 2454
f 2454 2198 2447
f 2454 2447 2455
f 2455 2447 2448
f 2455 2448 2456
f 2456 2448 2449
f 2456 2449 2457
f 2457 2449 2450
f 2457 2450 2458
f 2458 2450 2451
f 2458 2451 2459
f 2459 2451 2452
f 2459 2452 2460
f 2460 2452 2453
f 2460 2453 2461
f 2191 2193 2192
f 2192 2193 2195
f 2192 2195 2367
f 2367 2195 2454
f 2367 2454 2366
f 2366 2454 2455
f 2366 2455 2365
f 2365 2455 2456
f 2365 2456 2364
f 2364 2456 2457
f 2364 2457 2363
f 2363 2457 2458
f 2363 2458 2362
f 2362 2458 2459
f 2362 2459 2361
f 2361 2459 2460
f 2361 2460 2360
f 2360 2460 2461
f 2360 2461 2273
f 2290 2462 2291
f 2291 2462 2463
f 2291 2463 2303
f 2303 2463 2464
f 2303 2464 2316
f 2316 2464 2465
f 2316 2465 2331
f 2331 2465 2466
f 2331 2466 2347
f 2347 2466 2189
f 2347 2189 2192
f 2192 2189 2188
f 2192 2188 2190
f 2462 2467 2463
f 2463 2467 2468
f 2463 2468 2464
f 2464 2468 2469
f 2464 2469 2465
f 2465 2469 2470
f 2465 2470 2466
f 2466 2470 2186
f 2466 2186 2189
f 2189 2186 2185
f 2189 2185 2187
f 2467 2471 2468
f 2468 2471 2472
f 2468 2472 2469
f 2469 2472 2473
f 2469 2473 2470
f 2470 2473 2183
f 2470 2183 2186
f 2186 2183 2182
f 2186 2182 2184
f 2471 2474 2472
f 2472 2474 2475
f 2472 2475 2473
f 2473 2475 2180
f 2473 2180 2183
f 2183 2180 2179
f 2183 2179 2181
f 2474 2383 2475
f 2475 2383 2382
f 2475 2382 2180
f 2180 2382 2476
f 2180 2476 2178
f 2477 2478 2479
f 2479 2478 2381
f 2479 2381 2480
f 2480 2381 2383
f 2480 2383 2481
f 2481 2383 2474
f 2481 2474 2482
f 2482 2474 2471
f 2482 2471 2483
f 2483 2471 2467
f 2483 2467 2484
f 2484 2467 2462
f 2484 2462 2485
f 2485 2462 2290
f 2485 2290 2486
f 2486 2290 2288
f 2486 2288 2487
f 2487 2288 2286
f 2487 2286 2488
f 2488 2286 2284
f 2488 2284 2241
f 2241 2284 2245
f 2241 2245 1291
f 1291 2245 1292
f 2478 2489 2381
f 2381 2489 2490
f 2381 2490 2382
f 2382 2490 2491
f 2382 2491 2476
f 2176 2477 2177
f 2177 2477 2479
f 2177 2479 2492
f 2492 2479 2480
f 2492 2480 2493
f 2493 2480 2481
f 2493 2481 2494
f 2494 2481 2482
f 2494 2482 2495
f 2495 2482 2483
f 2495 2483 2496
f 2496 2483 2484
f 2496 2484 2497
f 2497 2484 2485
f 2497 2485 2498
f 2498 2485 2486
f 2498 2486 2499
f 2499 2486 2487
f 2499 2487 2500
f 2500 2487 2488
f 2500 2488 2240
f 2240 2488 2241
f 2240 2241 1450
f 1450 2241 1288
f 2173 2175 2174
f 2174 2175 2177
f 2174 2177 2501
f 2501 2177 2492
f 2501 2492 2502
f 2502 2492 2493
f 2502 2493 2503
f 2503 2493 2494
f 2503 2494 2504
f 2504 2494 2495
f 2504 2495 2505
f 2505 2495 2496
f 2505 2496 2506
f 2506 2496 2497
f 2506 2497 2507
f 2507 2497 2498
f 2507 2498 2508
f 2508 2498 2499
f 2508 2499 2509
f 2509 2499 2500
f 2509 2500 2239
f 2239 2500 2240
f 2239 2240 1452
f 1452 2240 1453
f 2170 2172 2171
f 2171 2172 2174
f 2171 2174 2510
f 2510 2174 2501
f 2510 2501 2511
f 2511 2501 2502
f 2511 2502 2512
f 2512 2502 2503
f 2512 2503 2513
f 2513 2503 2504
f 2513 2504 2514
f 2514 2504 2505
f 2514 2505 2515
f 2515 2505 2506
f 2515 2506 2516
f 2516 2506 2507
f 2516 2507 2517
f 2517 2507 2508
f 2517 2508 2518
f 2518 2508 2509
f 2518 2509 2238
f 2238 2509 2239
f 2238 2239 1464
f 1464 2239 1465
f 2167 2169 2168
f 2168 2169 2171
f 2168 2171 2519
f 2519 2171 2510
f 2519 2510 2520
f 2520 2510 2511
f 2520 2511 2521
f 2521 2511 2512
f 2521 2512 2522
f 2522 2512 2513
f 2522 2513 2523
f 2523 2513 2514
f 2523 2514 2524
f 2524 2514 2515
f 2524 2515 2525
f 2525 2515 2516
f 2525 2516 2526
f 2526 2516 2517
f 2526 2517 2527
f 2527 2517 2518
f 2527 2518 2237
f 2237 2518 2238
f 2237 2238 1476
f 1476 2238 1477
f 2164 2166 2165
f 2165 2166 2168
f 2165 2168 2528
f 2528 2168 2519
f 2528 2519 2529
f 2529 2519 2520
f 2529 2520 2530
f 2530 2520 2521
f 2530 2521 2531
f 2531 2521 2522
f 2531 2522 2532
f 2532 2522 2523
f 2532 2523 2533
f 2533 2523 2524
f 2533 2524 2534
f 2534 2524 2525
f 2534 2525 2535
f 2535 2525 2526
f 2535 2526 2536
f 2536 2526 2527
f 2536 2527 2236
f 2236 2527 2237
f 2236 2237 1488
f 1488 2237 1489
f 2161 2163 2162
f 2162 2163 2165
f 2162 2165 2537
f 2537 2165 2528
f 2537 2528 2538
f 2538 2528 2529
f 2538 2529 2539
f 2539 2529 2530
f 2539 2530 2540
f 2540 2530 2531
f 2540 2531 2541
f 2541 2531 2532
f 2541 2532 2542
f 2542 2532 2533
f 2542 2533 2543
f 2543 2533 2534
f 2543 2534 2544
f 2544 2534 2535
f 2544 2535 2545
f 2545 2535 2536
f 2545 2536 2235
f 2235 2536 2236
f 2235 2236 1500
f 2158 2160 2159
f 2159 2160 2162
f 2159 2162 2546
f 2546 2162 2537
f 2546 2537 2547
f 2547 2537 2538
f 2547 2538 2548
f 2548 2538 2539
f 2548 2539 2549
f 2549 2539 2540
f 2549 2540 2550
f 2550 2540 2541
f 2550 2541 2551
f 2551 2541 2542
f 2551 2542 2552
f 2552 2542 2543
f 2552 2543 2553
f 2553 2543 2544
f 2553 2544 2554
f 2554 2544 2545
f 2554 2545 2234
f 2234 2545 2235
f 2234 2235 1511
f 2155 2157 2156
f 2156 2157 2159
f 2156 2159 2555
f 2555 2159 2546
f 2555 2546 2556
f 2556 2546 2547
f 2556 2547 2557
f 2557 2547 2548
f 2557 2548 2558
f 2558 2548 2549
f 2558 2549 2559
f 2559 2549 2550
f 2559 2550 2560
f 2560 2550 2551
f 2560 2551 2561
f 2561 2551 2552
f 2561 2552 2562
f 2562 2552 2553
f 2562 2553 2563
f 2563 2553 2554
f 2563 2554 2233
f 2233 2554 2234
f 2233 2234 1284
f 1284 2234 1286
f 2152 2154 2153
f 2153 2154 2156
f 2153 2156 2564
f 2564 2156 2555
f 2564 2555 2565
f 2565 2555 2556
f 2565 2556 2566
f 2566 2556 2557
f 2566 2557 2567
f 2567 2557 2558
f 2567 2558 2568
f 2568 2558 2559
f 2568 2559 2569
f 2569 2559 2560
f 2569 2560 2570
f 2570 2560 2561
f 2570 2561 2571
f 2571 2561 2562
f 2571 2562 2572
f 2572 2562 2563
f 2572 2563 2232
f 2232 2563 2233
f 2232 2233 1281
f 1281 2233 1283
f 2149 2151 2150
f 2150 2151 2153
f 2150 2153 2573
f 2573 2153 2564
f 2573 2564 2574
f 2574 2564 2565
f 2574 2565 2575
f 2575 2565 2566
f 2575 2566 2576
f 2576 2566 2567
f 2576 2567 2577
f 2577 2567 2568
f 2577 2568 2578
f 2578 2568 2569
f 2578 2569 2579
f 2579 2569 2570
f 2579 2570 2580
f 2580 2570 2571
f 2580 2571 2581
f 2581 2571 2572
f 2581 2572 2582
f 2582 2572 2232
f 2582 2232 1278
f 1278 2232 1280
f 2146 2148 2147
f 2147 2148 2150
f 2147 2150 2583
f 2583 2150 2573
f 2583 2573 2584
f 2584 2573 2574
f 2584 2574 2585
f 2585 2574 2575
f 2585 2575 2586
f 2586 2575 2576
f 2586 2576 2587
f 2587 2576 2577
f 2587 2577 2588
f 2588 2577 2578
f 2588 2578 2589
f 2589 2578 2579
f 2589 2579 2590
f 2590 2579 2580
f 2590 2580 2591
f 2591 2580 2581
f 2591 2581 2246
f 2246 2581 2582
f 2246 2582 1277
f 1277 2582 1278
f 2143 2145 2144
f 2144 2145 2147
f 2144 2147 2592
f 2592 2147 2583
f 2592 2583 2593
f 2593 2583 2584
f 2593 2584 2594
f 2594 2584 2585
f 2594 2585 2595
f 2595 2585 2586
f 2595 2586 2596
f 2596 2586 2587
f 2596 2587 2597
f 2597 2587 2588
f 2597 2588 2598
f 2598 2588 2589
f 2598 2589 2599
f 2599 2589 2590
f 2599 2590 2600
f 2600 2590 2591
f 2600 2591 2247
f 2247 2591 2246
f 2247 2246 1274
f 1274 2246 1275
f 2140 2142 2141
f 2141 2142 2144
f 2141 2144 2601
f 2601 2144 2592
f 2601 2592 2602
f 2602 2592 2593
f 2602 2593 2603
f 2603 2593 2594
f 2603 2594 2604
f 2604 2594 2595
f 2604 2595 2605
f 2605 2595 2596
f 2605 2596 2606
f 2606 2596 2597
f 2606 2597 2607
f 2607 2597 2598
f 2607 2598 2608
f 2608 2598 2599
f 2608 2599 2609
f 2609 2599 2600
f 2609 2600 2231
f 2231 2600 2247
f 2231 2247 1271
f 1271 2247 1272
f 1268 1594 2231
f 2231 1594 2230
f 2231 2230 2609
f 2609 2230 2384
f 2609 2384 2608
f 2608 2384 2386
f 2608 2386 2607
f 2607 2386 2388
f 2607 2388 2606
f 2606 2388 2390
f 2606 2390 2605
f 2605 2390 2392
f 2605 2392 2604
f 2604 2392 2394
f 2604 2394 2603
f 2603 2394 2396
f 2603 2396 2602
f 2602 2396 2398
f 2602 2398 2601
f 2601 2398 2400
f 2601 2400 2141
f 2141 2400 2402
f 2141 2402 2139
f 2610 2611 2403
f 2403 2611 2402
f 2402 2611 2612
f 2402 2612 2139
f 1609 1608 2229
f 2229 1608 2228
f 2229 2228 2385
f 2385 2228 2404
f 2385 2404 2387
f 2387 2404 2406
f 2387 2406 2389
f 2389 2406 2408
f 2389 2408 2391
f 2391 2408 2410
f 2391 2410 2393
f 2393 2410 2412
f 2393 2412 2395
f 2395 2412 2414
f 2395 2414 2397
f 2397 2414 2416
f 2397 2416 2399
f 2399 2416 2418
f 2399 2418 2401
f 2401 2418 2420
f 2401 2420 2403
f 2403 2420 2422
f 2403 2422 2610
f 2610 2422 2424
f 2137 2424 2138
f 2138 2424 2423
f 2138 2423 2613
f 2613 2423 2421
f 2613 2421 2614
f 2614 2421 2419
f 2614 2419 2615
f 2615 2419 2417
f 2615 2417 2616
f 2616 2417 2415
f 2616 2415 2617
f 2617 2415 2413
f 2617 2413 2618
f 2618 2413 2411
f 2618 2411 2619
f 2619 2411 2409
f 2619 2409 2620
f 2620 2409 2407
f 2620 2407 2621
f 2621 2407 2405
f 2621 2405 2226
f 2226 2405 2227
f 2226 2227 1632
f 1632 2227 1633
f 2134 2136 2135
f 2135 2136 2138
f 2135 2138 2622
f 2622 2138 2613
f 2622 2613 2623
f 2623 2613 2614
f 2623 2614 2624
f 2624 2614 2615
f 2624 2615 2625
f 2625 2615 2616
f 2625 2616 2626
f 2626 2616 2617
f 2626 2617 2627
f 2627 2617 2618
f 2627 2618 2628
f 2628 2618 2619
f 2628 2619 2629
f 2629 2619 2620
f 2629 2620 2630
f 2630 2620 2621
f 2630 2621 2225
f 2225 2621 2226
f 2225 2226 1644
f 1644 2226 1645
f 2131 2133 2132
f 2132 2133 2135
f 2132 2135 2631
f 2631 2135 2622
f 2631 2622 2632
f 2632 2622 2623
f 2632 2623 2633
f 2633 2623 2624
f 2633 2624 2634
f 2634 2624 2625
f 2634 2625 2635
f 2635 2625 2626
f 2635 2626 2636
f 2636 2626 2627
f 2636 2627 2637
f 2637 2627 2628
f 2637 2628 2638
f 2638 2628 2629
f 2638 2629 2639
f 2639 2629 2630
f 2639 2630 2224
f 2224 2630 2225
f 2224 2225 1656
f 1656 2225 1657
f 2128 2130 2129
f 2129 2130 2132
f 2129 2132 2640
f 2640 2132 2631
f 2640 2631 2641
f 2641 2631 2632
f 2641 2632 2642
f 2642 2632 2633
f 2642 2633 2643
f 2643 2633 2634
f 2643 2634 2644
f 2644 2634 2635
f 2644 2635 2645
f 2645 2635 2636
f 2645 2636 2646
f 2646 2636 2637
f 2646 2637 2647
f 2647 2637 2638
f 2647 2638 2648
f 2648 2638 2639
f 2648 2639 2223
f 2223 2639 2224
f 2223 2224 1264
f 1264 2224 1266
f 2125 2127 2126
f 2126 2127 2129
f 2126 2129 2649
f 2649 2129 2640
f 2649 2640 2650
f 2650 2640 2641
f 2650 2641 2651
f 2651 2641 2642
f 2651 2642 2652
f 2652 2642 2643
f 2652 2643 2653
f 2653 2643 2644
f 2653 2644 2654
f 2654 2644 2645
f 2654 2645 2655
f 2655 2645 2646
f 2655 2646 2656
f 2656 2646 2647
f 2656 2647 2657
f 2657 2647 2648
f 2657 2648 2222
f 2222 2648 2223
f 2222 2223 1261
f 1261 2223 1263
f 2122 2124 2123
f 2123 2124 2126
f 2123 2126 2658
f 2658 2126 2649
f 2658 2649 2659
f 2659 2649 2650
f 2659 2650 2660
f 2660 2650 2651
f 2660 2651 2661
f 2661 2651 2652
f 2661 2652 2662
f 2662 2652 2653
f 2662 2653 2663
f 2663 2653 2654
f 2663 2654 2664
f 2664 2654 2655
f 2664 2655 2665
f 2665 2655 2656
f 2665 2656 2666
f 2666 2656 2657
f 2666 2657 2667
f 2667 2657 2222
f 2667 2222 1258
f 1258 2222 1260
f 2119 2121 2120
f 2120 2121 2123
f 2120 2123 2668
f 2668 2123 2658
f 2668 2658 2669
f 2669 2658 2659
f 2669 2659 2670
f 2670 2659 2660
f 2670 2660 2671
f 2671 2660 2661
f 2671 2661 2672
f 2672 2661 2662
f 2672 2662 2673
f 2673 2662 2663
f 2673 2663 2674
f 2674 2663 2664
f 2674 2664 2675
f 2675 2664 2665
f 2675 2665 2676
f 2676 2665 2666
f 2676 2666 2248
f 2248 2666 2667
f 2248 2667 1257
f 1257 2667 1258
f 2116 2118 2117
f 2117 2118 2120
f 2117 2120 2348
f 2348 2120 2668
f 2348 2668 2332
f 2332 2668 2669
f 2332 2669 2317
f 2317 2669 2670
f 2317 2670 2304
f 2304 2670 2671
f 2304 2671 2292
f 2292 2671 2672
f 2292 2672 2279
f 2279 2672 2673
f 2279 2673 2276
f 2276 2673 2674
f 2276 2674 2274
f 2274 2674 2675
f 2274 2675 2213
f 2213 2675 2676
f 2213 2676 2211
f 2211 2676 2248
f 2211 2248 1254
f 1254 2248 1255
f 1239 2221 2377
f 2377 2221 2677
f 2377 2677 2376
f 2376 2677 2678
f 2376 2678 2375
f 2375 2678 2679
f 2375 2679 2374
f 2374 2679 2680
f 2374 2680 2373
f 2373 2680 2681
f 2373 2681 2372
f 2372 2681 2682
f 2372 2682 2371
f 2371 2682 2683
f 2371 2683 2370
f 2370 2683 2684
f 2370 2684 2369
f 2369 2684 2685
f 2369 2685 2368
f 2368 2685 2114
f 2368 2114 2117
f 2117 2114 2113
f 2117 2113 2115
f 1236 2220 2221
f 2221 2220 2686
f 2221 2686 2677
f 2677 2686 2687
f 2677 2687 2678
f 2678 2687 2688
f 2678 2688 2679
f 2679 2688 2689
f 2679 2689 2680
f 2680 2689 2690
f 2680 2690 2681
f 2681 2690 2691
f 2681 2691 2682
f 2682 2691 2692
f 2682 2692 2683
f 2683 2692 2693
f 2683 2693 2684
f 2684 2693 2694
f 2684 2694 2685
f 2685 2694 2111
f 2685 2111 2114
f 2114 2111 2110
f 2114 2110 2112
f 1233 2219 2220
f 2220 2219 2695
f 2220 2695 2686
f 2686 2695 2696
f 2686 2696 2687
f 2687 2696 2697
f 2687 2697 2688
f 2688 2697 2698
f 2688 2698 2689
f 2689 2698 2699
f 2689 2699 2690
f 2690 2699 2700
f 2690 2700 2691
f 2691 2700 2701
f 2691 2701 2692
f 2692 2701 2702
f 2692 2702 2693
f 2693 2702 2703
f 2693 2703 2694
f 2694 2703 2108
f 2694 2108 2111
f 2111 2108 2107
f 2111 2107 2109
f 1230 2257 2219
f 2219 2257 2704
f 2219 2704 2695
f 2695 2704 2705
f 2695 2705 2696
f 2696 2705 2706
f 2696 2706 2697
f 2697 2706 2707
f 2697 2707 2698
f 2698 2707 2708
f 2698 2708 2699
f 2699 2708 2709
f 2699 2709 2700
f 2700 2709 2710
f 2700 2710 2701
f 2701 2710 2711
f 2701 2711 2702
f 2702 2711 2712
f 2702 2712 2703
f 2703 2712 2105
f 2703 2105 2108
f 2108 2105 2104
f 2108 2104 2106
f 1878 2258 2257
f 2257 2258 2713
f 2257 2713 2704
f 2704 2713 2714
f 2704 2714 2705
f 2705 2714 2715
f 2705 2715 2706
f 2706 2715 2716
f 2706 2716 2707
f 2707 2716 2717
f 2707 2717 2708
f 2708 2717 2718
f 2708 2718 2709
f 2709 2718 2719
f 2709 2719 2710
f 2710 2719 2720
f 2710 2720 2711
f 2711 2720 2721
f 2711 2721 2712
f 2712 2721 2102
f 2712 2102 2105
f 2105 2102 2101
f 2105 2101 2103
f 1890 2259 2258
f 2258 2259 2722
f 2258 2722 2713
f 2713 2722 2723
f 2713 2723 2714
f 2714 2723 2724
f 2714 2724 2715
f 2715 2724 2725
f 2715 2725 2716
f 2716 2725 2726
f 2716 2726 2717
f 2717 2726 2727
f 2717 2727 2718
f 2718 2727 2728
f 2718 2728 2719
f 2719 2728 2729
f 2719 2729 2720
f 2720 2729 2730
f 2720 2730 2721
f 2721 2730 2099
f 2721 2099 2102
f 2102 2099 2098
f 2102 2098 2100
f 1902 2260 2259
f 2259 2260 2731
f 2259 2731 2722
f 2722 2731 2732
f 2722 2732 2723
f 2723 2732 2733
f 2723 2733 2724
f 2724 2733 2734
f 2724 2734 2725
f 2725 2734 2735
f 2725 2735 2726
f 2726 2735 2736
f 2726 2736 2727
f 2727 2736 2737
f 2727 2737 2728
f 2728 2737 2738
f 2728 2738 2729
f 2729 2738 2739
f 2729 2739 2730
f 2730 2739 2740
f 2730 2740 2099
f 2099 2740 2741
f 2099 2741 2097
f 2742 2743 2744
f 1914 2261 2260
f 2260 2261 2745
f 2260 2745 2731
f 2731 2745 2746
f 2731 2746 2732
f 2732 2746 2747
f 2732 2747 2733
f 2733 2747 2748
f 2733 2748 2734
f 2734 2748 2749
f 2734 2749 2735
f 2735 2749 2750
f 2735 2750 2736
f 2736 2750 2751
f 2736 2751 2737
f 2737 2751 2752
f 2737 2752 2738
f 2738 2752 2753
f 2738 2753 2739
f 2739 2753 2742
f 2739 2742 2740
f 2740 2742 2744
f 2740 2744 2741
f 2754 2755 2756
f 1926 2262 2261
f 2261 2262 2757
f 2261 2757 2745
f 2745 2757 2758
f 2745 2758 2746
f 2746 2758 2759
f 2746 2759 2747
f 2747 2759 2760
f 2747 2760 2748
f 2748 2760 2761
f 2748 2761 2749
f 2749 2761 2762
f 2749 2762 2750
f 2750 2762 2763
f 2750 2763 2751
f 2751 2763 2764
f 2751 2764 2752
f 2752 2764 2765
f 2752 2765 2753
f 2753 2765 2754
f 2753 2754 2742
f 2742 2754 2756
f 2742 2756 2743
f 2766 2767 2768
f 1938 2263 2262
f 2262 2263 2769
f 2262 2769 2757
f 2757 2769 2770
f 2757 2770 2758
f 2758 2770 2771
f 2758 2771 2759
f 2759 2771 2772
f 2759 2772 2760
f 2760 2772 2773
f 2760 2773 2761
f 2761 2773 2774
f 2761 2774 2762
f 2762 2774 2775
f 2762 2775 2763
f 2763 2775 2776
f 2763 2776 2764
f 2764 2776 2777
f 2764 2777 2765
f 2765 2777 2766
f 2765 2766 2754
f 2754 2766 2768
f 2754 2768 2755
f 2778 2779 2780
f 1228 2264 2263
f 2263 2264 2781
f 2263 2781 2769
f 2769 2781 2782
f 2769 2782 2770
f 2770 2782 2783
f 2770 2783 2771
f 2771 2783 2784
f 2771 2784 2772
f 2772 2784 2785
f 2772 2785 2773
f 2773 2785 2786
f 2773 2786 2774
f 2774 2786 2787
f 2774 2787 2775
f 2775 2787 2788
f 2775 2788 2776
f 2776 2788 2789
f 2776 2789 2777
f 2777 2789 2778
f 2777 2778 2766
f 2766 2778 2780
f 2766 2780 2767
f 2790 2791 2792
f 1226 2265 2264
f 2264 2265 2793
f 2264 2793 2781
f 2781 2793 2794
f 2781 2794 2782
f 2782 2794 2795
f 2782 2795 2783
f 2783 2795 2796
f 2783 2796 2784
f 2784 2796 2797
f 2784 2797 2785
f 2785 2797 2798
f 2785 2798 2786
f 2786 2798 2799
f 2786 2799 2787
f 2787 2799 2800
f 2787 2800 2788
f 2788 2800 2801
f 2788 2801 2789
f 2789 2801 2790
f 2789 2790 2778
f 2778 2790 2792
f 2778 2792 2779
f 2802 2803 2804
f 1224 2218 2265
f 2265 2218 2805
f 2265 2805 2793
f 2793 2805 2806
f 2793 2806 2794
f 2794 2806 2807
f 2794 2807 2795
f 2795 2807 2808
f 2795 2808 2796
f 2796 2808 2809
f 2796 2809 2797
f 2797 2809 2810
f 2797 2810 2798
f 2798 2810 2811
f 2798 2811 2799
f 2799 2811 2812
f 2799 2812 2800
f 2800 2812 2813
f 2800 2813 2801
f 2801 2813 2802
f 2801 2802 2790
f 2790 2802 2804
f 2790 2804 2791
f 2814 2815 2816
f 1223 2217 2218
f 2218 2217 2817
f 2218 2817 2805
f 2805 2817 2818
f 2805 2818 2806
f 2806 2818 2819
f 2806 2819 2807
f 2807 2819 2820
f 2807 2820 2808
f 2808 2820 2821
f 2808 2821 2809
f 2809 2821 2822
f 2809 2822 2810
f 2810 2822 2823
f 2810 2823 2811
f 2811 2823 2824
f 2811 2824 2812
f 2812 2824 2825
f 2812 2825 2813
f 2813 2825 2814
f 2813 2814 2802
f 2802 2814 2816
f 2802 2816 2803
f 2826 2827 2828
f 1220 2216 2217
f 2217 2216 2829
f 2217 2829 2817
f 2817 2829 2830
f 2817 2830 2818
f 2818 2830 2831
f 2818 2831 2819
f 2819 2831 2832
f 2819 2832 2820
f 2820 2832 2833
f 2820 2833 2821
f 2821 2833 2834
f 2821 2834 2822
f 2822 2834 2835
f 2822 2835 2823
f 2823 2835 2836
f 2823 2836 2824
f 2824 2836 2837
f 2824 2837 2825
f 2825 2837 2826
f 2825 2826 2814
f 2814 2826 2828
f 2814 2828 2815
f 2838 2839 2840
f 1217 2215 2216
f 2216 2215 2841
f 2216 2841 2829
f 2829 2841 2842
f 2829 2842 2830
f 2830 2842 2843
f 2830 2843 2831
f 2831 2843 2844
f 2831 2844 2832
f 2832 2844 2845
f 2832 2845 2833
f 2833 2845 2846
f 2833 2846 2834
f 2834 2846 2847
f 2834 2847 2835
f 2835 2847 2848
f 2835 2848 2836
f 2836 2848 2849
f 2836 2849 2837
f 2837 2849 2838
f 2837 2838 2826
f 2826 2838 2840
f 2826 2840 2827
f 2850 2851 2852
f 1214 2266 2215
f 2215 2266 2853
f 2215 2853 2841
f 2841 2853 2854
f 2841 2854 2842
f 2842 2854 2855
f 2842 2855 2843
f 2843 2855 2856
f 2843 2856 2844
f 2844 2856 2857
f 2844 2857 2845
f 2845 2857 2858
f 2845 2858 2846
f 2846 2858 2859
f 2846 2859 2847
f 2847 2859 2860
f 2847 2860 2848
f 2848 2860 2861
f 2848 2861 2849
f 2849 2861 2850
f 2849 2850 2838
f 2838 2850 2852
f 2838 2852 2839
f 2862 2863 2864
f 2026 2267 2266
f 2266 2267 2865
f 2266 2865 2853
f 2853 2865 2866
f 2853 2866 2854
f 2854 2866 2867
f 2854 2867 2855
f 2855 2867 2868
f 2855 2868 2856
f 2856 2868 2869
f 2856 2869 2857
f 2857 2869 2870
f 2857 2870 2858
f 2858 2870 2871
f 2858 2871 2859
f 2859 2871 2872
f 2859 2872 2860
f 2860 2872 2873
f 2860 2873 2861
f 2861 2873 2862
f 2861 2862 2850
f 2850 2862 2864
f 2850 2864 2851
f 2874 2875 2876
f 2038 2268 2267
f 2267 2268 2877
f 2267 2877 2865
f 2865 2877 2878
f 2865 2878 2866
f 2866 2878 2879
f 2866 2879 2867
f 2867 2879 2880
f 2867 2880 2868
f 2868 2880 2881
f 2868 2881 2869
f 2869 2881 2882
f 2869 2882 2870
f 2870 2882 2883
f 2870 2883 2871
f 2871 2883 2884
f 2871 2884 2872
f 2872 2884 2885
f 2872 2885 2873
f 2873 2885 2874
f 2873 2874 2862
f 2862 2874 2876
f 2862 2876 2863
f 2886 2887 2888
f 2050 2269 2268
f 2268 2269 2889
f 2268 2889 2877
f 2877 2889 2890
f 2877 2890 2878
f 2878 2890 2891
f 2878 2891 2879
f 2879 2891 2892
f 2879 2892 2880
f 2880 2892 2893
f 2880 2893 2881
f 2881 2893 2894
f 2881 2894 2882
f 2882 2894 2895
f 2882 2895 2883
f 2883 2895 2896
f 2883 2896 2884
f 2884 2896 2897
f 2884 2897 2885
f 2885 2897 2886
f 2885 2886 2874
f 2874 2886 2888
f 2874 2888 2875
f 2898 2899 2900
f 2062 2270 2269
f 2269 2270 2901
f 2269 2901 2889
f 2889 2901 2902
f 2889 2902 2890
f 2890 2902 2903
f 2890 2903 2891
f 2891 2903 2904
f 2891 2904 2892
f 2892 2904 2905
f 2892 2905 2893
f 2893 2905 2906
f 2893 2906 2894
f 2894 2906 2907
f 2894 2907 2895
f 2895 2907 2908
f 2895 2908 2896
f 2896 2908 2909
f 2896 2909 2897
f 2897 2909 2898
f 2897 2898 2886
f 2886 2898 2900
f 2886 2900 2887
f 2074 2271 2270
f 2270 2271 2912
f 2270 2912 2901
f 2901 2912 2913
f 2901 2913 2902
f 2902 2913 2914
f 2902 2914 2903
f 2903 2914 2915
f 2903 2915 2904
f 2904 2915 2916
f 2904 2916 2905
f 2905 2916 2917
f 2905 2917 2906
f 2906 2917 2918
f 2906 2918 2907
f 2907 2918 2919
f 2907 2919 2908
f 2908 2919 2920
f 2908 2920 2909
f 2909 2920 2910
f 2909 2910 2898
f 2898 2910 2911
f 2898 2911 2899
f 2086 2214 2271
f 2271 2214 2273
f 2271 2273 2912
f 2912 2273 2461
f 2912 2461 2913
f 2913 2461 2453
f 2913 2453 2914
f 2914 2453 2446
f 2914 2446 2915
f 2915 2446 2440
f 2915 2440 2916
f 2916 2440 2435
f 2916 2435 2917
f 2917 2435 2431
f 2917 2431 2918
f 2918 2431 2359
f 2918 2359 2919
f 2919 2359 2358
f 2919 2358 2920
f 2920 2358 2378
f 2920 2378 2910
f 2910 2378 2425
f 2910 2425 2911
f 2929 2930 2931
f 2936 2937 2938
f 2943 2944 2945
f 2946 2947 2948
f 2949 2950 2951
f 2952 2953 2954
f 2959 2960 2961
f 2962 2963 2964
f 2967 2968 2969
f 2128 2127 2981
f 2158 2157 2982
f 2161 2160 2983
f 2170 2169 2984
f 2176 2175 2985
f 2476 2491 2986
f 2191 2190 2987
f 2194 2193 2988
f 2197 2196 2989
f 2200 2199 2990
f 2209 2208 2991
f 2427 2428 2426
f 2209 2991 2428
f 2208 2206 2205
f 2205 2203 2202
f 2200 2990 2202
f 2155 2154 2979
f 2979 2154 2152
f 2979 2152 2980
f 2980 2152 2151
f 2980 2151 2149
f 2992 2148 2146
f 2137 2136 2424
f 2134 2133 2136
f 2131 2130 2133
f 2128 2981 2130
f 2127 2125 2993
f 2993 2125 2124
f 2993 2124 2122
f 2122 2121 2994
f 2994 2121 2119
f 2119 2118 2995
f 2995 2118 2116
f 2116 2115 2996
f 2996 2115 2113
f 2107 2106 2997
f 2997 2106 2104
f 2101 2100 2998
f 2998 2100 2098
f 2743 2756 2999
f 2999 2756 2755
f 2803 2816 3000
f 3000 2816 2815
f 2815 2828 3001
f 3001 2828 2827
f 2827 2840 3002
f 3002 2840 2839
f 2839 2852 3003
f 3003 2852 2851
f 2875 2888 3004
f 3004 2888 2887
f 3005 2980 2992
f 2992 2980 2149
f 2992 2149 2148
f 3006 3005 2992
f 3006 2992 2145
f 2145 2992 2146
f 3007 3006 3008
f 3008 3006 2145
f 3008 2145 2142
f 2142 2145 2143
f 3009 3007 3008
f 3009 3008 3010
f 3010 3008 3011
f 3011 3008 2142
f 3011 2142 2139
f 2139 2142 2140
f 3012 3009 3010
f 3012 3010 3013
f 3013 3010 3011
f 3013 3011 2139
f 3013 2139 2611
f 2611 2139 2612
f 3014 3012 3015
f 3015 3012 3013
f 3015 3013 3016
f 3016 3013 2611
f 3016 2611 2610
f 3017 3018 3019
f 2425 2426 3020
f 2425 3020 3021
f 3021 3020 3022
f 3022 3020 3023
f 3022 3023 3024
f 3024 3023 3025
f 3025 3023 2978
f 3025 2978 3026
f 2426 2428 3027
f 2426 3027 3020
f 3020 3027 3028
f 3020 3028 3023
f 3023 3028 2977
f 3023 2977 2978
f 2428 2991 3029
f 2428 3029 3027
f 3027 3029 3030
f 3027 3030 3028
f 3028 3030 2976
f 3028 2976 2977
f 2208 2205 2991
f 2991 2205 3031
f 2991 3031 3029
f 3029 3031 3032
f 3029 3032 3030
f 3030 3032 2975
f 3030 2975 2976
f 2205 3033 3034
f 2205 3034 3031
f 3031 3034 3035
f 3031 3035 3032
f 3032 3035 2974
f 3032 2974 2975
f 2975 2974 2973
f 3033 3036 3034
f 3034 3036 3037
f 3034 3037 3035
f 3035 3037 2972
f 3035 2972 2974
f 2974 2972 2973
f 3036 3038 3039
f 3036 3039 3037
f 3037 3039 2970
f 3037 2970 2972
f 2972 2970 2971
f 3038 3040 3039
f 3039 3040 2969
f 3039 2969 2970
f 2970 2969 2968
f 3040 3041 2966
f 3040 2966 2969
f 2969 2966 2965
f 2969 2965 2967
f 3041 3019 3018
f 3041 3018 2966
f 2966 3018 2965
f 3043 3017 3044
f 3044 3017 3019
f 3041 3040 3045
f 3045 3040 3038
f 3038 3036 2990
f 2990 3036 3033
f 2990 3033 2202
f 2202 3033 2205
f 3043 3046 3017
f 3018 3017 3047
f 2990 2989 3038
f 3038 2989 3045
f 3045 3048 3041
f 3041 3048 3049
f 3041 3049 3019
f 3019 3049 3044
f 3044 3050 3043
f 3043 3050 2964
f 3043 2964 3042
f 3042 2964 2963
f 2199 2197 2990
f 2990 2197 2989
f 2989 2988 3045
f 3045 2988 3048
f 3048 3051 3049
f 3049 3051 3044
f 3050 3052 2964
f 2964 3052 2961
f 2964 2961 2962
f 2962 2961 2960
f 2196 2194 2989
f 2989 2194 2988
f 2988 2987 3048
f 3048 2987 3051
f 3051 3053 3044
f 3044 3053 3050
f 3052 3054 2961
f 2961 3054 2958
f 2961 2958 2959
f 2193 2191 2988
f 2988 2191 2987
f 2987 2187 3051
f 3051 2187 3053
f 3053 3055 3050
f 3050 3055 3052
f 3054 3056 2958
f 2958 3056 2956
f 2958 2956 2957
f 2190 2188 2987
f 2987 2188 2187
f 2187 2184 3053
f 3053 2184 3055
f 3055 3057 3052
f 3052 3057 3054
f 3054 3058 3056
f 3056 3058 3059
f 3056 3059 2956
f 2956 3059 2954
f 2956 2954 2955
f 2955 2954 2953
f 2187 2185 2184
f 2184 2181 3055
f 3055 2181 3057
f 3057 3060 3054
f 3054 3060 3058
f 3058 3061 3059
f 3059 3061 3062
f 3059 3062 2954
f 2954 3062 2951
f 2954 2951 2952
f 2952 2951 2950
f 2184 2182 2181
f 2181 3063 3057
f 3057 3063 3060
f 3060 3064 3058
f 3058 3064 3061
f 3062 3065 2951
f 2951 3065 2948
f 2951 2948 2949
f 2949 2948 2947
f 2181 2179 2178
f 2181 2178 3063
f 3063 2178 2986
f 3063 2986 3060
f 3060 2986 3066
f 3060 3066 3064
f 3064 3066 3067
f 3064 3067 3061
f 3061 3067 3062
f 3065 3068 2948
f 2948 3068 2945
f 2948 2945 2946
f 2946 2945 2944
f 2178 2476 2986
f 2986 2489 3066
f 3066 2489 3069
f 3066 3069 3067
f 3067 3069 3070
f 3067 3070 3062
f 3062 3070 3065
f 3068 3071 2945
f 2945 3071 2942
f 2945 2942 2943
f 2491 2490 2986
f 2986 2490 2489
f 2489 2477 3069
f 3069 2477 3070
f 3070 3072 3065
f 3065 3072 3068
f 3071 3073 2942
f 2942 3073 2940
f 2942 2940 2941
f 2489 2478 2477
f 2477 2985 3070
f 3070 2985 3072
f 3072 3074 3068
f 3068 3074 3071
f 3073 3075 2940
f 2940 3075 2938
f 2940 2938 2939
f 2939 2938 2937
f 2477 2176 2985
f 2985 3076 3072
f 3072 3076 3074
f 3074 3077 3071
f 3071 3077 3078
f 3071 3078 3073
f 3073 3078 3075
f 3075 3079 2938
f 2938 3079 2935
f 2938 2935 2936
f 2175 2173 2985
f 2985 2173 2172
f 2985 2172 3076
f 3076 2172 2984
f 3076 2984 3074
f 3074 2984 3077
f 3077 3080 3078
f 3078 3080 3075
f 3079 3081 2935
f 2935 3081 2933
f 2935 2933 2934
f 2172 2170 2984
f 2984 3082 3077
f 3077 3082 3080
f 3080 3083 3075
f 3075 3083 3079
f 3081 3084 2933
f 2933 3084 2931
f 2933 2931 2932
f 2932 2931 2930
f 2169 2167 2984
f 2984 2167 2166
f 2984 2166 3082
f 3082 2166 2163
f 3082 2163 3080
f 3080 2163 3083
f 3083 3085 3079
f 3079 3085 3081
f 3084 3086 2931
f 2931 3086 2928
f 2931 2928 2929
f 2166 2164 2163
f 2163 2983 3083
f 3083 2983 3085
f 3085 3087 3081
f 3081 3087 3084
f 3086 3088 2928
f 2928 3088 2926
f 2928 2926 2927
f 2163 2161 2983
f 2983 2982 3085
f 3085 2982 3087
f 3087 3089 3084
f 3084 3089 3086
f 3088 3007 2926
f 2926 3007 2924
f 2926 2924 2925
f 2160 2158 2983
f 2983 2158 2982
f 2982 3090 3087
f 3087 3090 3089
f 3089 3005 3086
f 3086 3005 3088
f 3007 3091 2924
f 2924 3091 2922
f 2924 2922 2923
f 2157 2155 2982
f 2982 2155 2979
f 2982 2979 3090
f 3090 2979 2980
f 3090 2980 3089
f 3089 2980 3005
f 3005 3006 3088
f 3088 3006 3007
f 3007 3009 3091
f 3091 3009 3012
f 3091 3012 2922
f 2922 3012 3014
f 2922 3014 2921
f 2610 2424 3094
f 2610 3094 3016
f 3016 3094 3095
f 3016 3095 3015
f 3015 3095 3092
f 3015 3092 3014
f 3014 3092 3093
f 2424 2136 3098
f 2424 3098 3094
f 3094 3098 3099
f 3094 3099 3100
f 3094 3100 3095
f 3095 3100 3101
f 3095 3101 3096
f 3095 3096 3092
f 3092 3096 3097
f 2136 2133 3104
f 2136 3104 3098
f 3098 3104 3099
f 3099 3104 3105
f 3099 3105 3100
f 3100 3105 3101
f 3101 3105 3102
f 3101 3102 3096
f 3096 3102 3103
f 2133 2130 3108
f 2133 3108 3104
f 3104 3108 3109
f 3104 3109 3105
f 3105 3109 3106
f 3105 3106 3102
f 3102 3106 3107
f 3110 3111 3112
f 2130 2981 3113
f 2130 3113 3108
f 3108 3113 3114
f 3108 3114 3109
f 3109 3114 3110
f 3109 3110 3106
f 3106 3110 3112
f 2127 2993 2981
f 2981 2993 3117
f 2981 3117 3113
f 3113 3117 3118
f 3113 3118 3114
f 3114 3118 3115
f 3114 3115 3110
f 3110 3115 3116
f 3110 3116 3111
f 2122 2994 2993
f 2993 2994 3121
f 2993 3121 3122
f 2993 3122 3117
f 3117 3122 3123
f 3117 3123 3118
f 3118 3123 3119
f 3118 3119 3115
f 3115 3119 3120
f 3124 3125 3126
f 2119 2995 2994
f 2994 2995 3121
f 3121 2995 3127
f 3121 3127 3122
f 3122 3127 3128
f 3122 3128 3123
f 3123 3128 3124
f 3123 3124 3119
f 3119 3124 3126
f 2116 2996 2995
f 2995 2996 3131
f 2995 3131 3127
f 3127 3131 3132
f 3127 3132 3128
f 3128 3132 3129
f 3128 3129 3124
f 3124 3129 3130
f 3124 3130 3125
f 2113 2112 2996
f 2996 2112 3135
f 2996 3135 3131
f 3131 3135 3136
f 3131 3136 3132
f 3132 3136 3137
f 3132 3137 3133
f 3132 3133 3129
f 3129 3133 3134
f 3138 3139 3140
f 2110 2109 2112
f 2112 2109 3141
f 2112 3141 3142
f 2112 3142 3135
f 3135 3142 3143
f 3135 3143 3136
f 3136 3143 3137
f 3137 3143 3138
f 3137 3138 3133
f 3133 3138 3140
f 3144 3145 3146
f 2107 2997 2109
f 2109 2997 3141
f 3141 2997 3147
f 3141 3147 3142
f 3142 3147 3148
f 3142 3148 3143
f 3143 3148 3144
f 3143 3144 3138
f 3138 3144 3146
f 3138 3146 3139
f 3149 3150 3151
f 2104 2103 2997
f 2997 2103 3152
f 2997 3152 3153
f 2997 3153 3147
f 3147 3153 3154
f 3147 3154 3148
f 3148 3154 3149
f 3148 3149 3144
f 3144 3149 3151
f 3144 3151 3145
f 3155 3156 3157
f 2101 2998 2103
f 2103 2998 3152
f 3152 2998 3158
f 3152 3158 3153
f 3153 3158 3159
f 3153 3159 3154
f 3154 3159 3155
f 3154 3155 3149
f 3149 3155 3157
f 3149 3157 3150
f 2098 2097 2998
f 2998 2097 3162
f 2998 3162 3158
f 3158 3162 3163
f 3158 3163 3164
f 3158 3164 3159
f 3159 3164 3165
f 3159 3165 3160
f 3159 3160 3155
f 3155 3160 3161
f 3155 3161 3156
f 2741 2744 2097
f 2097 2744 3168
f 2097 3168 3162
f 3162 3168 3169
f 3162 3169 3163
f 3163 3169 3170
f 3163 3170 3164
f 3164 3170 3171
f 3164 3171 3165
f 3165 3171 3166
f 3165 3166 3160
f 3160 3166 3167
f 3172 3173 3174
f 2743 2999 2744
f 2744 2999 3175
f 2744 3175 3168
f 3168 3175 3169
f 3169 3175 3176
f 3169 3176 3170
f 3170 3176 3171
f 3171 3176 3172
f 3171 3172 3166
f 3166 3172 3174
f 3177 3178 3179
f 2755 2768 2999
f 2999 2768 3180
f 2999 3180 3181
f 2999 3181 3175
f 3175 3181 3182
f 3175 3182 3176
f 3176 3182 3177
f 3176 3177 3172
f 3172 3177 3179
f 3172 3179 3173
f 2767 2780 2768
f 2768 2780 3180
f 3180 2780 3185
f 3180 3185 3181
f 3181 3185 3186
f 3181 3186 3182
f 3182 3186 3183
f 3182 3183 3177
f 3177 3183 3184
f 3177 3184 3178
f 2779 2792 2780
f 2780 2792 3189
f 2780 3189 3185
f 3185 3189 3190
f 3185 3190 3186
f 3186 3190 3187
f 3186 3187 3183
f 3183 3187 3188
f 2791 2804 2792
f 2792 2804 3193
f 2792 3193 3189
f 3189 3193 3194
f 3189 3194 3190
f 3190 3194 3195
f 3190 3195 3191
f 3190 3191 3187
f 3187 3191 3192
f 2803 3000 2804
f 2804 3000 3198
f 2804 3198 3193
f 3193 3198 3199
f 3193 3199 3194
f 3194 3199 3195
f 3195 3199 3196
f 3195 3196 3191
f 3191 3196 3197
f 3200 3201 3202
f 2815 3001 3000
f 3000 3001 3203
f 3000 3203 3198
f 3198 3203 3204
f 3198 3204 3199
f 3199 3204 3200
f 3199 3200 3196
f 3196 3200 3202
f 3196 3202 3197
f 2827 3002 3001
f 3001 3002 3206
f 3001 3206 3203
f 3203 3206 3207
f 3203 3207 3204
f 3204 3207 3205
f 3204 3205 3200
f 3200 3205 3201
f 2839 3003 3002
f 3002 3003 3210
f 3002 3210 3206
f 3206 3210 3211
f 3206 3211 3207
f 3207 3211 3208
f 3207 3208 3205
f 3205 3208 3209
f 2851 2864 3003
f 3003 2864 3214
f 3003 3214 3215
f 3003 3215 3210
f 3210 3215 3216
f 3210 3216 3211
f 3211 3216 3212
f 3211 3212 3208
f 3208 3212 3213
f 2863 2876 2864
f 2864 2876 3214
f 3214 2876 3218
f 3214 3218 3215
f 3215 3218 3219
f 3215 3219 3216
f 3216 3219 3217
f 3216 3217 3212
f 3212 3217 3213
f 2875 3004 2876
f 2876 3004 3221
f 2876 3221 3218
f 3218 3221 3222
f 3218 3222 3219
f 3219 3222 3220
f 3219 3220 3217
f 2887 2900 3004
f 3004 2900 3224
f 3004 3224 3221
f 3221 3224 3225
f 3221 3225 3222
f 3222 3225 3223
f 3222 3223 3220
f 2899 2911 2900
f 2900 2911 3227
f 2900 3227 3224
f 3224 3227 3228
f 3224 3228 3225
f 3225 3228 3226
f 3225 3226 3223
f 2911 2425 3021
f 2911 3021 3227
f 3227 3021 3022
f 3227 3022 3024
f 3227 3024 3228
f 3228 3024 3025
f 3228 3025 3026
f 3228 3026 3226
f 3229 3230 3231
f 3232 3233 3234
f 3235 3236 3237
f 3238 3239 3240
f 3241 3242 3243
f 3244 3245 3246
f 3247 3248 3249
f 3250 3251 3252
f 3253 3254 3255
f 3256 3257 3258
f 3226 3026 3259
f 3223 3226 3260
f 3220 3223 3261
f 3217 3220 3262
f 3213 3217 3263
f 3208 3213 3264
f 3205 3209 3265
f 3201 3205 3266
f 3197 3202 3267
f 3191 3197 3268
f 3187 3192 3269
f 3183 3188 3270
f 3178 3184 3271
f 3173 3179 3272
f 3166 3174 3273
f 3160 3167 3274
f 3156 3161 3275
f 3150 3157 3276
f 3145 3151 3277
f 3139 3146 3278
f 3133 3140 3279
f 3129 3134 3280
f 3125 3130 3281
f 3119 3126 3282
f 3115 3120 3283
f 3111 3116 3284
f 3106 3112 3285
f 3102 3107 3286
f 3096 3103 3287
f 3092 3097 3288
f 3014 3093 3289
f 2922 2921 3290
f 2924 2923 3291
f 2926 2925 3292
f 2928 2927 3293
f 2930 2929 3294
f 2933 2932 3295
f 2935 2934 3296
f 2937 2936 3297
f 2940 2939 3298
f 2942 2941 3299
f 2944 2943 3300
f 2947 2946 3301
f 2950 2949 3302
f 2953 2952 3303
f 2956 2955 3304
f 2958 2957 3305
f 2960 2959 3306
f 2963 2962 3307
f 3043 3042 3308
f 3017 3046 3309
f 3018 3047 3310
f 2968 2967 3312
f 2972 2971 3314
f 3202 3201 3267
f 3267 3201 3266
f 3267 3266 3320
f 3320 3266 3321
f 3320 3321 3322
f 3322 3321 3323
f 3322 3323 3324
f 3324 3323 3325
f 3324 3325 3326
f 3326 3325 3327
f 3326 3327 3328
f 3328 3327 3329
f 3328 3329 3330
f 3330 3329 3331
f 3330 3331 3332
f 3332 3331 3333
f 3332 3333 3334
f 3334 3333 3335
f 3334 3335 3336
f 3336 3335 3337
f 3266 3205 3265
f 3266 3265 3321
f 3321 3265 3338
f 3321 3338 3323
f 3323 3338 3339
f 3323 3339 3325
f 3325 3339 3340
f 3325 3340 3327
f 3327 3340 3341
f 3327 3341 3329
f 3329 3341 3342
f 3329 3342 3331
f 3331 3342 3343
f 3331 3343 3333
f 3333 3343 3344
f 3333 3344 3335
f 3335 3344 3345
f 3335 3345 3337
f 3337 3345 3346
f 3209 3208 3265
f 3265 3208 3264
f 3265 3264 3338
f 3338 3264 3347
f 3338 3347 3339
f 3339 3347 3348
f 3339 3348 3340
f 3340 3348 3349
f 3340 3349 3341
f 3341 3349 3350
f 3341 3350 3342
f 3342 3350 3351
f 3342 3351 3343
f 3343 3351 3352
f 3343 3352 3344
f 3344 3352 3353
f 3344 3353 3345
f 3345 3353 3354
f 3345 3354 3346
f 3346 3354 3355
f 3346 3355 3356
f 3262 3220 3261
f 3262 3261 3357
f 3357 3261 3358
f 3357 3358 3359
f 3359 3358 3360
f 3359 3360 3361
f 3361 3360 3362
f 3361 3362 3363
f 3363 3362 3364
f 3363 3364 3365
f 3365 3364 3366
f 3365 3366 3367
f 3367 3366 3368
f 3367 3368 3369
f 3369 3368 3370
f 3369 3370 3371
f 3371 3370 3372
f 3371 3372 3373
f 3373 3372 3374
f 3261 3223 3260
f 3261 3260 3358
f 3358 3260 3375
f 3358 3375 3360
f 3360 3375 3376
f 3360 3376 3362
f 3362 3376 3377
f 3362 3377 3364
f 3364 3377 3378
f 3364 3378 3366
f 3366 3378 3379
f 3366 3379 3368
f 3368 3379 3380
f 3368 3380 3370
f 3370 3380 3381
f 3370 3381 3372
f 3372 3381 3382
f 3372 3382 3374
f 3374 3382 3383
f 3260 3226 3259
f 3260 3259 3375
f 3375 3259 3384
f 3375 3384 3376
f 3376 3384 3385
f 3376 3385 3377
f 3377 3385 3386
f 3377 3386 3378
f 3378 3386 3387
f 3378 3387 3379
f 3379 3387 3388
f 3379 3388 3380
f 3380 3388 3389
f 3380 3389 3381
f 3381 3389 3390
f 3381 3390 3382
f 3382 3390 3391
f 3382 3391 3383
f 3383 3391 3392
f 3383 3392 3393
f 3393 3392 3394
f 2977 2976 3318
f 3318 2976 3317
f 3318 3317 3395
f 3395 3317 3396
f 3395 3396 3397
f 3397 3396 3398
f 3397 3398 3399
f 3399 3398 3400
f 3399 3400 3401
f 3401 3400 3402
f 3401 3402 3403
f 3403 3402 3404
f 3403 3404 3405
f 3405 3404 3406
f 3405 3406 3407
f 3407 3406 3408
f 3407 3408 3409
f 3409 3408 3410
f 3409 3410 3411
f 3411 3410 3412
f 2976 2975 3317
f 3317 2975 3316
f 3317 3316 3396
f 3396 3316 3413
f 3396 3413 3398
f 3398 3413 3414
f 3398 3414 3400
f 3400 3414 3415
f 3400 3415 3402
f 3402 3415 3416
f 3402 3416 3404
f 3404 3416 3417
f 3404 3417 3406
f 3406 3417 3418
f 3406 3418 3408
f 3408 3418 3419
f 3408 3419 3410
f 3410 3419 3420
f 3410 3420 3412
f 3412 3420 3421
f 2975 2973 3316
f 3316 2973 3315
f 3316 3315 3413
f 3413 3315 3422
f 3413 3422 3414
f 3414 3422 3423
f 3414 3423 3415
f 3415 3423 3424
f 3415 3424 3416
f 3416 3424 3425
f 3416 3425 3417
f 3417 3425 3426
f 3417 3426 3418
f 3418 3426 3427
f 3418 3427 3419
f 3419 3427 3428
f 3419 3428 3420
f 3420 3428 3429
f 3420 3429 3421
f 3421 3429 3430
f 3421 3430 3431
f 2971 2970 3314
f 3314 2970 3313
f 3314 3313 3432
f 3432 3313 3433
f 3432 3433 3434
f 3434 3433 3435
f 3434 3435 3436
f 3436 3435 3437
f 3436 3437 3438
f 3438 3437 3439
f 3438 3439 3440
f 3440 3439 3441
f 3440 3441 3442
f 3442 3441 3443
f 3442 3443 3444
f 3444 3443 3445
f 3444 3445 3446
f 3446 3445 3447
f 3446 3447 3448
f 3448 3447 3449
f 2970 2968 3313
f 3313 2968 3312
f 3313 3312 3433
f 3433 3312 3450
f 3433 3450 3435
f 3435 3450 3451
f 3435 3451 3437
f 3437 3451 3452
f 3437 3452 3439
f 3439 3452 3453
f 3439 3453 3441
f 3441 3453 3454
f 3441 3454 3443
f 3443 3454 3455
f 3443 3455 3445
f 3445 3455 3456
f 3445 3456 3447
f 3447 3456 3457
f 3447 3457 3449
f 3449 3457 3458
f 3449 3458 3459
f 3459 3458 3460
f 3047 3017 3310
f 3310 3017 3309
f 3310 3309 3461
f 3461 3309 3462
f 3461 3462 3463
f 3463 3462 3464
f 3463 3464 3465
f 3465 3464 3466
f 3465 3466 3467
f 3467 3466 3468
f 3467 3468 3469
f 3469 3468 3470
f 3469 3470 3471
f 3471 3470 3472
f 3471 3472 3473
f 3473 3472 3474
f 3473 3474 3475
f 3475 3474 3476
f 3475 3476 3477
f 3477 3476 3478
f 3046 3043 3309
f 3309 3043 3308
f 3309 3308 3462
f 3462 3308 3479
f 3462 3479 3464
f 3464 3479 3480
f 3464 3480 3466
f 3466 3480 3481
f 3466 3481 3468
f 3468 3481 3482
f 3468 3482 3470
f 3470 3482 3483
f 3470 3483 3472
f 3472 3483 3484
f 3472 3484 3474
f 3474 3484 3485
f 3474 3485 3476
f 3476 3485 3486
f 3476 3486 3478
f 3478 3486 3487
f 3042 2963 3308
f 3308 2963 3307
f 3308 3307 3479
f 3479 3307 3488
f 3479 3488 3480
f 3480 3488 3489
f 3480 3489 3481
f 3481 3489 3490
f 3481 3490 3482
f 3482 3490 3491
f 3482 3491 3483
f 3483 3491 3492
f 3483 3492 3484
f 3484 3492 3493
f 3484 3493 3485
f 3485 3493 3494
f 3485 3494 3486
f 3486 3494 3495
f 3486 3495 3487
f 3487 3495 3496
f 3487 3496 3497
f 2957 2956 3305
f 3305 2956 3304
f 3305 3304 3498
f 3498 3304 3499
f 3498 3499 3500
f 3500 3499 3501
f 3500 3501 3502
f 3502 3501 3503
f 3502 3503 3504
f 3504 3503 3505
f 3504 3505 3506
f 3506 3505 3507
f 3506 3507 3508
f 3508 3507 3509
f 3508 3509 3510
f 3510 3509 3511
f 3510 3511 3512
f 3512 3511 3513
f 3512 3513 3514
f 3514 3513 3515
f 2955 2953 3304
f 3304 2953 3303
f 3304 3303 3499
f 3499 3303 3516
f 3499 3516 3501
f 3501 3516 3517
f 3501 3517 3503
f 3503 3517 3518
f 3503 3518 3505
f 3505 3518 3519
f 3505 3519 3507
f 3507 3519 3520
f 3507 3520 3509
f 3509 3520 3521
f 3509 3521 3511
f 3511 3521 3522
f 3511 3522 3513
f 3513 3522 3523
f 3513 3523 3515
f 3515 3523 3524
f 2952 2950 3303
f 3303 2950 3302
f 3303 3302 3516
f 3516 3302 3525
f 3516 3525 3517
f 3517 3525 3526
f 3517 3526 3518
f 3518 3526 3527
f 3518 3527 3519
f 3519 3527 3528
f 3519 3528 3520
f 3520 3528 3529
f 3520 3529 3521
f 3521 3529 3530
f 3521 3530 3522
f 3522 3530 3531
f 3522 3531 3523
f 3523 3531 3532
f 3523 3532 3524
f 3524 3532 3533
f 3524 3533 3534
f 2943 2942 3300
f 3300 2942 3299
f 3300 3299 3535
f 3535 3299 3536
f 3535 3536 3537
f 3537 3536 3538
f 3537 3538 3539
f 3539 3538 3540
f 3539 3540 3541
f 3541 3540 3542
f 3541 3542 3543
f 3543 3542 3544
f 3543 3544 3545
f 3545 3544 3546
f 3545 3546 3547
f 3547 3546 3548
f 3547 3548 3549
f 3549 3548 3550
f 3549 3550 3551
f 3551 3550 3552
f 2941 2940 3299
f 3299 2940 3298
f 3299 3298 3536
f 3536 3298 3553
f 3536 3553 3538
f 3538 3553 3554
f 3538 3554 3540
f 3540 3554 3555
f 3540 3555 3542
f 3542 3555 3556
f 3542 3556 3544
f 3544 3556 3557
f 3544 3557 3546
f 3546 3557 3558
f 3546 3558 3548
f 3548 3558 3559
f 3548 3559 3550
f 3550 3559 3560
f 3550 3560 3552
f 3552 3560 3561
f 2939 2937 3298
f 3298 2937 3297
f 3298 3297 3553
f 3553 3297 3562
f 3553 3562 3554
f 3554 3562 3563
f 3554 3563 3555
f 3555 3563 3564
f 3555 3564 3556
f 3556 3564 3565
f 3556 3565 3557
f 3557 3565 3566
f 3557 3566 3558
f 3558 3566 3567
f 3558 3567 3559
f 3559 3567 3568
f 3559 3568 3560
f 3560 3568 3569
f 3560 3569 3561
f 3561 3569 3570
f 3561 3570 3571
f 3571 3570 3572
f 2932 2930 3295
f 3295 2930 3294
f 3295 3294 3573
f 3573 3294 3574
f 3573 3574 3575
f 3575 3574 3576
f 3575 3576 3577
f 3577 3576 3578
f 3577 3578 3579
f 3579 3578 3580
f 3579 3580 3581
f 3581 3580 3582
f 3581 3582 3583
f 3583 3582 3584
f 3583 3584 3585
f 3585 3584 3586
f 3585 3586 3587
f 3587 3586 3588
f 3587 3588 3589
f 3589 3588 3590
f 2929 2928 3294
f 3294 2928 3293
f 3294 3293 3574
f 3574 3293 3591
f 3574 3591 3576
f 3576 3591 3592
f 3576 3592 3578
f 3578 3592 3593
f 3578 3593 3580
f 3580 3593 3594
f 3580 3594 3582
f 3582 3594 3595
f 3582 3595 3584
f 3584 3595 3596
f 3584 3596 3586
f 3586 3596 3597
f 3586 3597 3588
f 3588 3597 3598
f 3588 3598 3590
f 3590 3598 3599
f 2927 2926 3293
f 3293 2926 3292
f 3293 3292 3591
f 3591 3292 3600
f 3591 3600 3592
f 3592 3600 3601
f 3592 3601 3593
f 3593 3601 3602
f 3593 3602 3594
f 3594 3602 3603
f 3594 3603 3595
f 3595 3603 3604
f 3595 3604 3596
f 3596 3604 3605
f 3596 3605 3597
f 3597 3605 3606
f 3597 3606 3598
f 3598 3606 3607
f 3598 3607 3599
f 3599 3607 3608
f 3599 3608 3609
f 2921 3014 3290
f 3290 3014 3289
f 3290 3289 3610
f 3610 3289 3611
f 3610 3611 3612
f 3612 3611 3613
f 3612 3613 3614
f 3614 3613 3615
f 3614 3615 3616
f 3616 3615 3617
f 3616 3617 3618
f 3618 3617 3619
f 3618 3619 3620
f 3620 3619 3621
f 3620 3621 3622
f 3622 3621 3623
f 3622 3623 3624
f 3624 3623 3625
f 3624 3625 3626
f 3626 3625 3627
f 3093 3092 3289
f 3289 3092 3288
f 3289 3288 3611
f 3611 3288 3628
f 3611 3628 3613
f 3613 3628 3629
f 3613 3629 3615
f 3615 3629 3630
f 3615 3630 3617
f 3617 3630 3631
f 3617 3631 3619
f 3619 3631 3632
f 3619 3632 3621
f 3621 3632 3633
f 3621 3633 3623
f 3623 3633 3634
f 3623 3634 3625
f 3625 3634 3635
f 3625 3635 3627
f 3627 3635 3636
f 3097 3096 3288
f 3288 3096 3287
f 3288 3287 3628
f 3628 3287 3637
f 3628 3637 3629
f 3629 3637 3638
f 3629 3638 3630
f 3630 3638 3639
f 3630 3639 3631
f 3631 3639 3640
f 3631 3640 3632
f 3632 3640 3641
f 3632 3641 3633
f 3633 3641 3642
f 3633 3642 3634
f 3634 3642 3643
f 3634 3643 3635
f 3635 3643 3644
f 3635 3644 3636
f 3636 3644 3645
f 3636 3645 3646
f 3107 3106 3286
f 3286 3106 3285
f 3286 3285 3647
f 3647 3285 3648
f 3647 3648 3649
f 3649 3648 3650
f 3649 3650 3651
f 3651 3650 3652
f 3651 3652 3653
f 3653 3652 3654
f 3653 3654 3655
f 3655 3654 3656
f 3655 3656 3657
f 3657 3656 3658
f 3657 3658 3659
f 3659 3658 3660
f 3659 3660 3661
f 3661 3660 3662
f 3661 3662 3663
f 3663 3662 3664
f 3112 3111 3285
f 3285 3111 3284
f 3285 3284 3648
f 3648 3284 3665
f 3648 3665 3650
f 3650 3665 3666
f 3650 3666 3652
f 3652 3666 3667
f 3652 3667 3654
f 3654 3667 3668
f 3654 3668 3656
f 3656 3668 3669
f 3656 3669 3658
f 3658 3669 3670
f 3658 3670 3660
f 3660 3670 3671
f 3660 3671 3662
f 3662 3671 3672
f 3662 3672 3664
f 3664 3672 3673
f 3664 3673 3674
f 3674 3673 3675
f 3120 3119 3283
f 3283 3119 3282
f 3283 3282 3676
f 3676 3282 3677
f 3676 3677 3678
f 3678 3677 3679
f 3678 3679 3680
f 3680 3679 3681
f 3680 3681 3682
f 3682 3681 3683
f 3682 3683 3684
f 3684 3683 3685
f 3684 3685 3686
f 3686 3685 3687
f 3686 3687 3688
f 3688 3687 3689
f 3688 3689 3690
f 3690 3689 3691
f 3690 3691 3692
f 3692 3691 3693
f 3126 3125 3282
f 3282 3125 3281
f 3282 3281 3677
f 3677 3281 3694
f 3677 3694 3679
f 3679 3694 3695
f 3679 3695 3681
f 3681 3695 3696
f 3681 3696 3683
f 3683 3696 3697
f 3683 3697 3685
f 3685 3697 3698
f 3685 3698 3687
f 3687 3698 3699
f 3687 3699 3689
f 3689 3699 3700
f 3689 3700 3691
f 3691 3700 3701
f 3691 3701 3693
f 3693 3701 3702
f 3130 3129 3281
f 3281 3129 3280
f 3281 3280 3694
f 3694 3280 3703
f 3694 3703 3695
f 3695 3703 3704
f 3695 3704 3696
f 3696 3704 3705
f 3696 3705 3697
f 3697 3705 3706
f 3697 3706 3698
f 3698 3706 3707
f 3698 3707 3699
f 3699 3707 3708
f 3699 3708 3700
f 3700 3708 3709
f 3700 3709 3701
f 3701 3709 3710
f 3701 3710 3702
f 3702 3710 3711
f 3134 3133 3280
f 3280 3133 3279
f 3280 3279 3703
f 3703 3279 3712
f 3703 3712 3704
f 3704 3712 3713
f 3704 3713 3705
f 3705 3713 3714
f 3705 3714 3706
f 3706 3714 3715
f 3706 3715 3707
f 3707 3715 3716
f 3707 3716 3708
f 3708 3716 3717
f 3708 3717 3709
f 3709 3717 3718
f 3709 3718 3710
f 3710 3718 3719
f 3710 3719 3711
f 3711 3719 3720
f 3711 3720 3721
f 3721 3720 3722
f 3151 3150 3277
f 3277 3150 3276
f 3277 3276 3723
f 3723 3276 3724
f 3723 3724 3725
f 3725 3724 3726
f 3725 3726 3727
f 3727 3726 3728
f 3727 3728 3729
f 3729 3728 3730
f 3729 3730 3731
f 3731 3730 3732
f 3731 3732 3733
f 3733 3732 3734
f 3733 3734 3735
f 3735 3734 3736
f 3735 3736 3737
f 3737 3736 3738
f 3737 3738 3739
f 3739 3738 3740
f 3157 3156 3276
f 3276 3156 3275
f 3276 3275 3724
f 3724 3275 3741
f 3724 3741 3726
f 3726 3741 3742
f 3726 3742 3728
f 3728 3742 3743
f 3728 3743 3730
f 3730 3743 3744
f 3730 3744 3732
f 3732 3744 3745
f 3732 3745 3734
f 3734 3745 3746
f 3734 3746 3736
f 3736 3746 3747
f 3736 3747 3738
f 3738 3747 3748
f 3738 3748 3740
f 3740 3748 3749
f 3161 3160 3275
f 3275 3160 3274
f 3275 3274 3741
f 3741 3274 3750
f 3741 3750 3742
f 3742 3750 3751
f 3742 3751 3743
f 3743 3751 3752
f 3743 3752 3744
f 3744 3752 3753
f 3744 3753 3745
f 3745 3753 3754
f 3745 3754 3746
f 3746 3754 3755
f 3746 3755 3747
f 3747 3755 3756
f 3747 3756 3748
f 3748 3756 3757
f 3748 3757 3749
f 3749 3757 3758
f 3749 3758 3759
f 3759 3758 3760
f 3179 3178 3272
f 3272 3178 3271
f 3272 3271 3761
f 3761 3271 3762
f 3761 3762 3763
f 3763 3762 3764
f 3763 3764 3765
f 3765 3764 3766
f 3765 3766 3767
f 3767 3766 3768
f 3767 3768 3769
f 3769 3768 3770
f 3769 3770 3771
f 3771 3770 3772
f 3771 3772 3773
f 3773 3772 3774
f 3773 3774 3775
f 3775 3774 3776
f 3775 3776 3777
f 3777 3776 3778
f 3184 3183 3271
f 3271 3183 3270
f 3271 3270 3762
f 3762 3270 3779
f 3762 3779 3764
f 3764 3779 3780
f 3764 3780 3766
f 3766 3780 3781
f 3766 3781 3768
f 3768 3781 3782
f 3768 3782 3770
f 3770 3782 3783
f 3770 3783 3772
f 3772 3783 3784
f 3772 3784 3774
f 3774 3784 3785
f 3774 3785 3776
f 3776 3785 3786
f 3776 3786 3778
f 3778 3786 3787
f 3188 3187 3270
f 3270 3187 3269
f 3270 3269 3779
f 3779 3269 3788
f 3779 3788 3780
f 3780 3788 3789
f 3780 3789 3781
f 3781 3789 3790
f 3781 3790 3782
f 3782 3790 3791
f 3782 3791 3783
f 3783 3791 3792
f 3783 3792 3784
f 3784 3792 3793
f 3784 3793 3785
f 3785 3793 3794
f 3785 3794 3786
f 3786 3794 3795
f 3786 3795 3787
f 3787 3795 3796
f 3787 3796 3797
f 3268 3197 3267
f 3268 3267 3798
f 3798 3267 3320
f 3798 3320 3799
f 3799 3320 3322
f 3799 3322 3800
f 3800 3322 3324
f 3800 3324 3801
f 3801 3324 3326
f 3801 3326 3802
f 3802 3326 3328
f 3802 3328 3803
f 3803 3328 3330
f 3803 3330 3804
f 3804 3330 3332
f 3804 3332 3805
f 3805 3332 3334
f 3805 3334 3258
f 3258 3334 3336
f 3258 3336 3256
f 3356 3806 3346
f 3346 3806 3807
f 3346 3807 3337
f 3337 3807 3808
f 3337 3808 3336
f 3336 3808 3256
f 3254 3356 3255
f 3255 3356 3355
f 3255 3355 3809
f 3809 3355 3354
f 3809 3354 3810
f 3810 3354 3353
f 3810 3353 3811
f 3811 3353 3352
f 3811 3352 3812
f 3812 3352 3351
f 3812 3351 3813
f 3813 3351 3350
f 3813 3350 3814
f 3814 3350 3349
f 3814 3349 3815
f 3815 3349 3348
f 3815 3348 3816
f 3816 3348 3347
f 3816 3347 3263
f 3263 3347 3264
f 3263 3264 3213
f 3263 3217 3262
f 3263 3262 3816
f 3816 3262 3357
f 3816 3357 3815
f 3815 3357 3359
f 3815 3359 3814
f 3814 3359 3361
f 3814 3361 3813
f 3813 3361 3363
f 3813 3363 3812
f 3812 3363 3365
f 3812 3365 3811
f 3811 3365 3367
f 3811 3367 3810
f 3810 3367 3369
f 3810 3369 3809
f 3809 3369 3371
f 3809 3371 3255
f 3255 3371 3373
f 3255 3373 3253
f 3393 3817 3383
f 3383 3817 3818
f 3383 3818 3374
f 3374 3818 3819
f 3374 3819 3373
f 3373 3819 3820
f 3373 3820 3253
f 3251 3394 3252
f 3252 3394 3392
f 3252 3392 3821
f 3821 3392 3391
f 3821 3391 3822
f 3822 3391 3390
f 3822 3390 3823
f 3823 3390 3389
f 3823 3389 3824
f 3824 3389 3388
f 3824 3388 3825
f 3825 3388 3387
f 3825 3387 3826
f 3826 3387 3386
f 3826 3386 3827
f 3827 3386 3385
f 3827 3385 3828
f 3828 3385 3384
f 3828 3384 3319
f 3319 3384 3259
f 3319 3259 2978
f 2978 3259 3026
f 2978 2977 3319
f 3319 2977 3318
f 3319 3318 3828
f 3828 3318 3395
f 3828 3395 3827
f 3827 3395 3397
f 3827 3397 3826
f 3826 3397 3399
f 3826 3399 3825
f 3825 3399 3401
f 3825 3401 3824
f 3824 3401 3403
f 3824 3403 3823
f 3823 3403 3405
f 3823 3405 3822
f 3822 3405 3407
f 3822 3407 3821
f 3821 3407 3409
f 3821 3409 3252
f 3252 3409 3411
f 3252 3411 3250
f 3431 3829 3421
f 3421 3829 3830
f 3421 3830 3412
f 3412 3830 3831
f 3412 3831 3411
f 3411 3831 3832
f 3411 3832 3250
f 2973 2972 3315
f 3315 2972 3314
f 3315 3314 3422
f 3422 3314 3432
f 3422 3432 3423
f 3423 3432 3434
f 3423 3434 3424
f 3424 3434 3436
f 3424 3436 3425
f 3425 3436 3438
f 3425 3438 3426
f 3426 3438 3440
f 3426 3440 3427
f 3427 3440 3442
f 3427 3442 3428
f 3428 3442 3444
f 3428 3444 3429
f 3429 3444 3446
f 3429 3446 3430
f 3430 3446 3448
f 3430 3448 3431
f 3459 3833 3449
f 3449 3833 3834
f 3449 3834 3448
f 3448 3834 3835
f 3448 3835 3431
f 3248 3460 3249
f 3249 3460 3458
f 3249 3458 3836
f 3836 3458 3457
f 3836 3457 3837
f 3837 3457 3456
f 3837 3456 3838
f 3838 3456 3455
f 3838 3455 3839
f 3839 3455 3454
f 3839 3454 3840
f 3840 3454 3453
f 3840 3453 3841
f 3841 3453 3452
f 3841 3452 3842
f 3842 3452 3451
f 3842 3451 3843
f 3843 3451 3450
f 3843 3450 3311
f 3311 3450 3312
f 3311 3312 2965
f 2965 3312 2967
f 2965 3018 3311
f 3311 3018 3310
f 3311 3310 3843
f 3843 3310 3461
f 3843 3461 3842
f 3842 3461 3463
f 3842 3463 3841
f 3841 3463 3465
f 3841 3465 3840
f 3840 3465 3467
f 3840 3467 3839
f 3839 3467 3469
f 3839 3469 3838
f 3838 3469 3471
f 3838 3471 3837
f 3837 3471 3473
f 3837 3473 3836
f 3836 3473 3475
f 3836 3475 3249
f 3249 3475 3477
f 3249 3477 3247
f 3497 3844 3487
f 3487 3844 3845
f 3487 3845 3478
f 3478 3845 3846
f 3478 3846 3477
f 3477 3846 3247
f 3245 3497 3246
f 3246 3497 3496
f 3246 3496 3847
f 3847 3496 3495
f 3847 3495 3848
f 3848 3495 3494
f 3848 3494 3849
f 3849 3494 3493
f 3849 3493 3850
f 3850 3493 3492
f 3850 3492 3851
f 3851 3492 3491
f 3851 3491 3852
f 3852 3491 3490
f 3852 3490 3853
f 3853 3490 3489
f 3853 3489 3854
f 3854 3489 3488
f 3854 3488 3306
f 3306 3488 3307
f 3306 3307 2960
f 2960 3307 2962
f 2959 2958 3306
f 3306 2958 3305
f 3306 3305 3854
f 3854 3305 3498
f 3854 3498 3853
f 3853 3498 3500
f 3853 3500 3852
f 3852 3500 3502
f 3852 3502 3851
f 3851 3502 3504
f 3851 3504 3850
f 3850 3504 3506
f 3850 3506 3849
f 3849 3506 3508
f 3849 3508 3848
f 3848 3508 3510
f 3848 3510 3847
f 3847 3510 3512
f 3847 3512 3246
f 3246 3512 3514
f 3246 3514 3244
f 3534 3855 3524
f 3524 3855 3856
f 3524 3856 3515
f 3515 3856 3857
f 3515 3857 3514
f 3514 3857 3244
f 3242 3534 3243
f 3243 3534 3533
f 3243 3533 3858
f 3858 3533 3532
f 3858 3532 3859
f 3859 3532 3531
f 3859 3531 3860
f 3860 3531 3530
f 3860 3530 3861
f 3861 3530 3529
f 3861 3529 3862
f 3862 3529 3528
f 3862 3528 3863
f 3863 3528 3527
f 3863 3527 3864
f 3864 3527 3526
f 3864 3526 3865
f 3865 3526 3525
f 3865 3525 3301
f 3301 3525 3302
f 3301 3302 2947
f 2947 3302 2949
f 2946 2944 3301
f 3301 2944 3300
f 3301 3300 3865
f 3865 3300 3535
f 3865 3535 3864
f 3864 3535 3537
f 3864 3537 3863
f 3863 3537 3539
f 3863 3539 3862
f 3862 3539 3541
f 3862 3541 3861
f 3861 3541 3543
f 3861 3543 3860
f 3860 3543 3545
f 3860 3545 3859
f 3859 3545 3547
f 3859 3547 3858
f 3858 3547 3549
f 3858 3549 3243
f 3243 3549 3551
f 3243 3551 3241
f 3571 3866 3561
f 3561 3866 3867
f 3561 3867 3552
f 3552 3867 3868
f 3552 3868 3551
f 3551 3868 3869
f 3551 3869 3241
f 3239 3572 3240
f 3240 3572 3570
f 3240 3570 3870
f 3870 3570 3569
f 3870 3569 3871
f 3871 3569 3568
f 3871 3568 3872
f 3872 3568 3567
f 3872 3567 3873
f 3873 3567 3566
f 3873 3566 3874
f 3874 3566 3565
f 3874 3565 3875
f 3875 3565 3564
f 3875 3564 3876
f 3876 3564 3563
f 3876 3563 3877
f 3877 3563 3562
f 3877 3562 3296
f 3296 3562 3297
f 3296 3297 2935
f 2935 3297 2936
f 2934 2933 3296
f 3296 2933 3295
f 3296 3295 3877
f 3877 3295 3573
f 3877 3573 3876
f 3876 3573 3575
f 3876 3575 3875
f 3875 3575 3577
f 3875 3577 3874
f 3874 3577 3579
f 3874 3579 3873
f 3873 3579 3581
f 3873 3581 3872
f 3872 3581 3583
f 3872 3583 3871
f 3871 3583 3585
f 3871 3585 3870
f 3870 3585 3587
f 3870 3587 3240
f 3240 3587 3589
f 3240 3589 3238
f 3609 3878 3599
f 3599 3878 3879
f 3599 3879 3590
f 3590 3879 3880
f 3590 3880 3589
f 3589 3880 3238
f 3236 3609 3237
f 3237 3609 3608
f 3237 3608 3881
f 3881 3608 3607
f 3881 3607 3882
f 3882 3607 3606
f 3882 3606 3883
f 3883 3606 3605
f 3883 3605 3884
f 3884 3605 3604
f 3884 3604 3885
f 3885 3604 3603
f 3885 3603 3886
f 3886 3603 3602
f 3886 3602 3887
f 3887 3602 3601
f 3887 3601 3888
f 3888 3601 3600
f 3888 3600 3291
f 3291 3600 3292
f 3291 3292 2924
f 2924 3292 2925
f 2923 2922 3291
f 3291 2922 3290
f 3291 3290 3888
f 3888 3290 3610
f 3888 3610 3887
f 3887 3610 3612
f 3887 3612 3886
f 3886 3612 3614
f 3886 3614 3885
f 3885 3614 3616
f 3885 3616 3884
f 3884 3616 3618
f 3884 3618 3883
f 3883 3618 3620
f 3883 3620 3882
f 3882 3620 3622
f 3882 3622 3881
f 3881 3622 3624
f 3881 3624 3237
f 3237 3624 3626
f 3237 3626 3235
f 3646 3889 3636
f 3636 3889 3890
f 3636 3890 3627
f 3627 3890 3891
f 3627 3891 3626
f 3626 3891 3235
f 3103 3102 3287
f 3287 3102 3286
f 3287 3286 3637
f 3637 3286 3647
f 3637 3647 3638
f 3638 3647 3649
f 3638 3649 3639
f 3639 3649 3651
f 3639 3651 3640
f 3640 3651 3653
f 3640 3653 3641
f 3641 3653 3655
f 3641 3655 3642
f 3642 3655 3657
f 3642 3657 3643
f 3643 3657 3659
f 3643 3659 3644
f 3644 3659 3661
f 3644 3661 3645
f 3645 3661 3663
f 3645 3663 3646
f 3674 3892 3664
f 3664 3892 3893
f 3664 3893 3663
f 3663 3893 3894
f 3663 3894 3646
f 3895 3675 3692
f 3692 3675 3673
f 3692 3673 3690
f 3690 3673 3672
f 3690 3672 3688
f 3688 3672 3671
f 3688 3671 3686
f 3686 3671 3670
f 3686 3670 3684
f 3684 3670 3669
f 3684 3669 3682
f 3682 3669 3668
f 3682 3668 3680
f 3680 3668 3667
f 3680 3667 3678
f 3678 3667 3666
f 3678 3666 3676
f 3676 3666 3665
f 3676 3665 3283
f 3283 3665 3284
f 3283 3284 3115
f 3115 3284 3116
f 3721 3896 3711
f 3711 3896 3897
f 3711 3897 3702
f 3702 3897 3898
f 3702 3898 3693
f 3693 3898 3899
f 3693 3899 3692
f 3692 3899 3895
f 3233 3722 3234
f 3234 3722 3720
f 3234 3720 3900
f 3900 3720 3719
f 3900 3719 3901
f 3901 3719 3718
f 3901 3718 3902
f 3902 3718 3717
f 3902 3717 3903
f 3903 3717 3716
f 3903 3716 3904
f 3904 3716 3715
f 3904 3715 3905
f 3905 3715 3714
f 3905 3714 3906
f 3906 3714 3713
f 3906 3713 3907
f 3907 3713 3712
f 3907 3712 3278
f 3278 3712 3279
f 3278 3279 3139
f 3139 3279 3140
f 3146 3145 3278
f 3278 3145 3277
f 3278 3277 3907
f 3907 3277 3723
f 3907 3723 3906
f 3906 3723 3725
f 3906 3725 3905
f 3905 3725 3727
f 3905 3727 3904
f 3904 3727 3729
f 3904 3729 3903
f 3903 3729 3731
f 3903 3731 3902
f 3902 3731 3733
f 3902 3733 3901
f 3901 3733 3735
f 3901 3735 3900
f 3900 3735 3737
f 3900 3737 3234
f 3234 3737 3739
f 3234 3739 3232
f 3759 3908 3749
f 3749 3908 3909
f 3749 3909 3740
f 3740 3909 3910
f 3740 3910 3739
f 3739 3910 3911
f 3739 3911 3232
f 3230 3760 3231
f 3231 3760 3758
f 3231 3758 3912
f 3912 3758 3757
f 3912 3757 3913
f 3913 3757 3756
f 3913 3756 3914
f 3914 3756 3755
f 3914 3755 3915
f 3915 3755 3754
f 3915 3754 3916
f 3916 3754 3753
f 3916 3753 3917
f 3917 3753 3752
f 3917 3752 3918
f 3918 3752 3751
f 3918 3751 3919
f 3919 3751 3750
f 3919 3750 3273
f 3273 3750 3274
f 3273 3274 3166
f 3166 3274 3167
f 3174 3173 3273
f 3273 3173 3272
f 3273 3272 3919
f 3919 3272 3761
f 3919 3761 3918
f 3918 3761 3763
f 3918 3763 3917
f 3917 3763 3765
f 3917 3765 3916
f 3916 3765 3767
f 3916 3767 3915
f 3915 3767 3769
f 3915 3769 3914
f 3914 3769 3771
f 3914 3771 3913
f 3913 3771 3773
f 3913 3773 3912
f 3912 3773 3775
f 3912 3775 3231
f 3231 3775 3777
f 3231 3777 3229
f 3797 3920 3787
f 3787 3920 3921
f 3787 3921 3778
f 3778 3921 3922
f 3778 3922 3777
f 3777 3922 3229
f 3257 3797 3258
f 3258 3797 3796
f 3258 3796 3805
f 3805 3796 3795
f 3805 3795 3804
f 3804 3795 3794
f 3804 3794 3803
f 3803 3794 3793
f 3803 3793 3802
f 3802 3793 3792
f 3802 3792 3801
f 3801 3792 3791
f 3801 3791 3800
f 3800 3791 3790
f 3800 3790 3799
f 3799 3790 3789
f 3799 3789 3798
f 3798 3789 3788
f 3798 3788 3268
f 3268 3788 3269
f 3268 3269 3191
f 3191 3269 3192
f 3923 3497 3245
f 3923 3245 3924
f 3924 3245 3244
f 3924 3244 3925
f 3925 3244 3857
f 3925 3857 3926
f 3926 3857 3856
f 3926 3856 3927
f 3927 3856 3855
f 3927 3855 3928
f 3929 3460 3930
f 3930 3460 3248
f 3930 3248 3931
f 3931 3248 3247
f 3931 3247 3932
f 3932 3247 3933
f 3933 3247 3846
f 3933 3846 3934
f 3934 3846 3845
f 3934 3845 3935
f 3935 3845 3844
f 3935 3844 3923
f 3923 3844 3497
f 3936 3830 3937
f 3937 3830 3829
f 3937 3829 3938
f 3938 3829 3431
f 3938 3431 3939
f 3939 3431 3940
f 3940 3431 3835
f 3940 3835 3941
f 3941 3835 3834
f 3941 3834 3942
f 3942 3834 3833
f 3942 3833 3929
f 3929 3833 3459
f 3929 3459 3460
f 3943 3818 3944
f 3944 3818 3817
f 3944 3817 3945
f 3945 3817 3393
f 3945 3393 3946
f 3946 3393 3394
f 3946 3394 3947
f 3947 3394 3251
f 3947 3251 3948
f 3948 3251 3250
f 3948 3250 3949
f 3949 3250 3832
f 3949 3832 3936
f 3936 3832 3831
f 3936 3831 3830
f 3950 3256 3951
f 3951 3256 3808
f 3951 3808 3952
f 3952 3808 3807
f 3952 3807 3806
f 3952 3806 3953
f 3953 3806 3356
f 3953 3356 3954
f 3954 3356 3955
f 3955 3356 3254
f 3955 3254 3956
f 3956 3254 3253
f 3956 3253 3957
f 3957 3253 3820
f 3957 3820 3943
f 3943 3820 3819
f 3943 3819 3818
f 3922 3921 3958
f 3958 3921 3920
f 3958 3920 3959
f 3959 3920 3797
f 3959 3797 3960
f 3960 3797 3961
f 3961 3797 3257
f 3961 3257 3950
f 3950 3257 3256
f 3922 3958 3962
f 3922 3962 3229
f 3229 3962 3963
f 3229 3963 3230
f 3230 3963 3964
f 3230 3964 3760
f 3760 3964 3965
f 3760 3965 3759
f 3759 3965 3966
f 3759 3966 3908
f 3908 3966 3967
f 3908 3967 3909
f 3968 3911 3969
f 3969 3911 3910
f 3909 3967 3910
f 3910 3967 3970
f 3910 3970 3969
f 3971 3896 3972
f 3972 3896 3721
f 3972 3721 3973
f 3973 3721 3722
f 3973 3722 3974
f 3974 3722 3233
f 3974 3233 3968
f 3968 3233 3232
f 3968 3232 3911
f 3899 3898 3971
f 3971 3898 3897
f 3971 3897 3896
f 3971 3975 3899
f 3899 3975 3976
f 3899 3976 3977
f 3899 3977 3895
f 3895 3977 3978
f 3895 3978 3675
f 3675 3978 3979
f 3675 3979 3674
f 3674 3979 3980
f 3674 3980 3892
f 3892 3980 3981
f 3892 3981 3893
f 3982 3646 3983
f 3983 3646 3894
f 3893 3981 3894
f 3894 3981 3984
f 3894 3984 3983
f 3236 3235 3985
f 3985 3235 3986
f 3986 3235 3891
f 3986 3891 3987
f 3987 3891 3890
f 3987 3890 3988
f 3988 3890 3889
f 3988 3889 3982
f 3982 3889 3646
f 3236 3985 3989
f 3236 3989 3609
f 3609 3989 3878
f 3878 3989 3990
f 3878 3990 3879
f 3879 3990 3991
f 3879 3991 3880
f 3880 3991 3992
f 3880 3992 3238
f 3238 3992 3993
f 3994 3572 3995
f 3995 3572 3239
f 3238 3993 3239
f 3239 3993 3996
f 3239 3996 3995
f 3855 3534 3928
f 3928 3534 3997
f 3997 3534 3242
f 3997 3242 3998
f 3998 3242 3241
f 3998 3241 3999
f 3999 3241 3869
f 3999 3869 4000
f 4000 3869 3868
f 4000 3868 4001
f 4001 3868 3867
f 4001 3867 4002
f 4002 3867 3866
f 4002 3866 3994
f 3994 3866 3571
f 3994 3571 3572
f 4011 4012 4013
f 4014 4015 4016
f 4017 4018 4019
f 4020 4021 4022
f 4031 4032 4033
f 4034 4035 4036
f 4037 4038 4039
f 4040 4041 4042
f 4043 4044 4045
f 4046 4047 4048
f 3965 3964 4046
f 3967 3966 4049
f 3969 3970 4050
f 3971 3972 4051
f 3976 3975 4052
f 3977 3976 4053
f 3979 3978 4054
f 3982 3983 4055
f 3987 3988 4056
f 3994 3995 4058
f 3923 3924 4059
f 3934 3935 4060
f 3930 3931 4061
f 3939 3940 4062
f 3936 3937 4063
f 3946 3947 4064
f 3943 3944 4065
f 3954 3955 4066
f 3961 3950 4068
f 4068 3950 3951
f 4068 3951 3952
f 3952 3953 4069
f 4069 3953 3954
f 3955 3956 4070
f 4070 3956 3957
f 4070 3957 3943
f 3944 3945 4071
f 4071 3945 3946
f 3947 3948 4072
f 4072 3948 3949
f 4072 3949 3936
f 3937 3938 4073
f 4073 3938 3939
f 3940 3941 4074
f 4074 3941 3942
f 4074 3942 3929
f 3934 4060 3933
f 3924 3925 4075
f 4075 3925 4076
f 4075 4076 4077
f 3925 3926 4076
f 4076 3926 3927
f 4076 3927 3928
f 4078 3998 3999
f 4079 4000 4001
f 4001 4002 4080
f 4080 4002 3994
f 3995 3996 4081
f 4081 3996 3993
f 3993 3992 4082
f 4082 3992 3991
f 3991 3990 4083
f 4083 3990 3989
f 3989 3985 4084
f 3985 3986 4085
f 4085 3986 3987
f 3982 4055 3988
f 3983 3984 4086
f 4086 3984 3981
f 3981 3980 4087
f 4087 3980 3979
f 3977 4053 3978
f 3974 3968 4088
f 4046 3964 4047
f 4047 3964 3963
f 4047 3963 3962
f 4090 3959 3960
f 4091 4077 4092
f 4092 4077 4076
f 4092 4076 4093
f 4093 4076 3928
f 4093 3928 3997
f 4094 4048 4095
f 4095 4048 4047
f 4095 4047 4089
f 4089 4047 3962
f 4089 3962 3958
f 4096 4091 4097
f 4097 4091 4092
f 4097 4092 4098
f 4098 4092 4093
f 4098 4093 4078
f 4078 4093 3997
f 4078 3997 3998
f 4099 4094 4100
f 4100 4094 4095
f 4100 4095 4101
f 4101 4095 4089
f 4101 4089 4090
f 4090 4089 3958
f 4090 3958 3959
f 4024 4096 4102
f 4102 4096 4097
f 4102 4097 4103
f 4103 4097 4098
f 4103 4098 4104
f 4104 4098 4078
f 4104 4078 4079
f 4079 4078 3999
f 4079 3999 4000
f 4105 4099 4106
f 4106 4099 4100
f 4106 4100 4107
f 4107 4100 4101
f 4107 4101 4108
f 4108 4101 4090
f 4108 4090 4109
f 4109 4090 3960
f 4109 3960 3961
f 4110 4111 4112
f 4113 4114 4115
f 3961 4068 4109
f 4109 4068 4118
f 4109 4118 4108
f 4108 4118 4119
f 4108 4119 4107
f 4107 4119 4120
f 4107 4120 4106
f 4106 4120 4116
f 4106 4116 4105
f 4105 4116 4117
f 4105 4117 4121
f 3952 4067 4068
f 4068 4067 4124
f 4068 4124 4118
f 4118 4124 4125
f 4118 4125 4119
f 4119 4125 4126
f 4119 4126 4120
f 4120 4126 4122
f 4120 4122 4116
f 4116 4122 4123
f 4116 4123 4117
f 3952 4069 4067
f 4067 4069 4129
f 4067 4129 4124
f 4124 4129 4130
f 4124 4130 4125
f 4125 4130 4131
f 4125 4131 4126
f 4126 4131 4127
f 4126 4127 4122
f 4122 4127 4128
f 4122 4128 4123
f 3954 4066 4069
f 4069 4066 4134
f 4069 4134 4129
f 4129 4134 4135
f 4129 4135 4130
f 4130 4135 4136
f 4130 4136 4131
f 4131 4136 4132
f 4131 4132 4127
f 4127 4132 4133
f 4127 4133 4128
f 4137 4138 4139
f 3955 4070 4066
f 4066 4070 4140
f 4066 4140 4134
f 4134 4140 4141
f 4134 4141 4135
f 4135 4141 4142
f 4135 4142 4136
f 4136 4142 4137
f 4136 4137 4132
f 4132 4137 4139
f 4132 4139 4133
f 4143 4144 4145
f 3943 4065 4070
f 4070 4065 4146
f 4070 4146 4140
f 4140 4146 4147
f 4140 4147 4141
f 4141 4147 4148
f 4141 4148 4142
f 4142 4148 4143
f 4142 4143 4137
f 4137 4143 4145
f 4137 4145 4138
f 4149 4150 4151
f 3944 4071 4065
f 4065 4071 4152
f 4065 4152 4146
f 4146 4152 4153
f 4146 4153 4147
f 4147 4153 4154
f 4147 4154 4148
f 4148 4154 4149
f 4148 4149 4143
f 4143 4149 4151
f 4143 4151 4144
f 4155 4156 4157
f 3946 4064 4071
f 4071 4064 4158
f 4071 4158 4152
f 4152 4158 4159
f 4152 4159 4153
f 4153 4159 4160
f 4153 4160 4154
f 4154 4160 4155
f 4154 4155 4149
f 4149 4155 4157
f 4149 4157 4150
f 4161 4162 4163
f 3947 4072 4064
f 4064 4072 4164
f 4064 4164 4158
f 4158 4164 4165
f 4158 4165 4159
f 4159 4165 4166
f 4159 4166 4160
f 4160 4166 4161
f 4160 4161 4155
f 4155 4161 4163
f 4155 4163 4156
f 4167 4168 4169
f 3936 4063 4072
f 4072 4063 4170
f 4072 4170 4164
f 4164 4170 4171
f 4164 4171 4165
f 4165 4171 4172
f 4165 4172 4166
f 4166 4172 4167
f 4166 4167 4161
f 4161 4167 4169
f 4161 4169 4162
f 4173 4174 4175
f 3937 4073 4063
f 4063 4073 4176
f 4063 4176 4170
f 4170 4176 4177
f 4170 4177 4171
f 4171 4177 4178
f 4171 4178 4172
f 4172 4178 4173
f 4172 4173 4167
f 4167 4173 4175
f 4167 4175 4168
f 4179 4180 4181
f 4181 4180 4182
f 3939 4062 4073
f 4073 4062 4183
f 4073 4183 4176
f 4176 4183 4184
f 4176 4184 4177
f 4177 4184 4185
f 4177 4185 4178
f 4178 4185 4181
f 4178 4181 4173
f 4173 4181 4182
f 4173 4182 4174
f 3940 4074 4062
f 4062 4074 4186
f 4062 4186 4183
f 4183 4186 4187
f 4183 4187 4184
f 4184 4187 4188
f 4184 4188 4185
f 4185 4188 4045
f 4185 4045 4181
f 4181 4045 4044
f 4181 4044 4179
f 3929 4189 4074
f 4074 4189 4190
f 4074 4190 4186
f 4186 4190 4191
f 4186 4191 4187
f 4187 4191 4192
f 4187 4192 4188
f 4188 4192 4042
f 4188 4042 4045
f 4045 4042 4041
f 4045 4041 4043
f 4189 4193 4190
f 4190 4193 4194
f 4190 4194 4191
f 4191 4194 4195
f 4191 4195 4192
f 4192 4195 4039
f 4192 4039 4042
f 4042 4039 4038
f 4042 4038 4040
f 4193 4196 4194
f 4194 4196 4197
f 4194 4197 4195
f 4195 4197 4036
f 4195 4036 4039
f 4039 4036 4035
f 4039 4035 4037
f 4196 4112 4197
f 4197 4112 4111
f 4197 4111 4036
f 4036 4111 4198
f 4036 4198 4034
f 4199 4200 4201
f 4201 4200 4110
f 4201 4110 4202
f 4202 4110 4112
f 4202 4112 4203
f 4203 4112 4196
f 4203 4196 4204
f 4204 4196 4193
f 4204 4193 4061
f 4061 4193 4189
f 4061 4189 3930
f 3930 4189 3929
f 4200 4205 4110
f 4110 4205 4206
f 4110 4206 4111
f 4111 4206 4207
f 4111 4207 4198
f 4032 4199 4033
f 4033 4199 4201
f 4033 4201 4208
f 4208 4201 4202
f 4208 4202 4209
f 4209 4202 4203
f 4209 4203 4210
f 4210 4203 4204
f 4210 4204 4211
f 4211 4204 4061
f 4211 4061 3932
f 3932 4061 3931
f 4029 4031 4030
f 4030 4031 4033
f 4030 4033 4212
f 4212 4033 4208
f 4212 4208 4213
f 4213 4208 4209
f 4213 4209 4214
f 4214 4209 4210
f 4214 4210 4060
f 4060 4210 4211
f 4060 4211 3933
f 3933 4211 3932
f 4027 4029 4028
f 4028 4029 4030
f 4028 4030 4215
f 4215 4030 4212
f 4215 4212 4216
f 4216 4212 4213
f 4216 4213 4217
f 4217 4213 4214
f 4217 4214 4218
f 4218 4214 4060
f 4218 4060 3923
f 3923 4060 3935
f 4025 4027 4026
f 4026 4027 4028
f 4026 4028 4219
f 4219 4028 4215
f 4219 4215 4220
f 4220 4215 4216
f 4220 4216 4221
f 4221 4216 4217
f 4221 4217 4059
f 4059 4217 4218
f 4059 4218 3923
f 4023 4025 4024
f 4024 4025 4026
f 4024 4026 4096
f 4096 4026 4219
f 4096 4219 4091
f 4091 4219 4220
f 4091 4220 4077
f 4077 4220 4221
f 4077 4221 4075
f 4075 4221 4059
f 4075 4059 3924
f 4001 4080 4079
f 4079 4080 4224
f 4079 4224 4104
f 4104 4224 4225
f 4104 4225 4103
f 4103 4225 4226
f 4103 4226 4102
f 4102 4226 4222
f 4102 4222 4024
f 4024 4222 4223
f 4024 4223 4023
f 3994 4058 4080
f 4080 4058 4229
f 4080 4229 4224
f 4224 4229 4230
f 4224 4230 4225
f 4225 4230 4231
f 4225 4231 4226
f 4226 4231 4227
f 4226 4227 4222
f 4222 4227 4228
f 4222 4228 4223
f 3995 4081 4058
f 4058 4081 4234
f 4058 4234 4229
f 4229 4234 4235
f 4229 4235 4230
f 4230 4235 4236
f 4230 4236 4231
f 4231 4236 4232
f 4231 4232 4227
f 4227 4232 4233
f 4227 4233 4228
f 3993 4082 4081
f 4081 4082 4239
f 4081 4239 4234
f 4234 4239 4240
f 4234 4240 4235
f 4235 4240 4241
f 4235 4241 4236
f 4236 4241 4237
f 4236 4237 4232
f 4232 4237 4238
f 4232 4238 4233
f 4242 4243 4244
f 3991 4083 4082
f 4082 4083 4245
f 4082 4245 4239
f 4239 4245 4246
f 4239 4246 4240
f 4240 4246 4247
f 4240 4247 4241
f 4241 4247 4242
f 4241 4242 4237
f 4237 4242 4244
f 4237 4244 4238
f 4248 4249 4250
f 3989 4057 4083
f 4083 4057 4251
f 4083 4251 4245
f 4245 4251 4252
f 4245 4252 4246
f 4246 4252 4253
f 4246 4253 4247
f 4247 4253 4248
f 4247 4248 4242
f 4242 4248 4250
f 4242 4250 4243
f 4254 4255 4256
f 3989 4084 4057
f 4057 4084 4257
f 4057 4257 4251
f 4251 4257 4258
f 4251 4258 4252
f 4252 4258 4259
f 4252 4259 4253
f 4253 4259 4254
f 4253 4254 4248
f 4248 4254 4256
f 4248 4256 4249
f 4260 4261 4262
f 3985 4085 4084
f 4084 4085 4263
f 4084 4263 4257
f 4257 4263 4264
f 4257 4264 4258
f 4258 4264 4265
f 4258 4265 4259
f 4259 4265 4260
f 4259 4260 4254
f 4254 4260 4262
f 4254 4262 4255
f 4266 4267 4268
f 3987 4056 4085
f 4085 4056 4269
f 4085 4269 4263
f 4263 4269 4270
f 4263 4270 4264
f 4264 4270 4271
f 4264 4271 4265
f 4265 4271 4266
f 4265 4266 4260
f 4260 4266 4268
f 4260 4268 4261
f 4272 4273 4274
f 3988 4055 4056
f 4056 4055 4275
f 4056 4275 4269
f 4269 4275 4276
f 4269 4276 4270
f 4270 4276 4277
f 4270 4277 4271
f 4271 4277 4272
f 4271 4272 4266
f 4266 4272 4274
f 4266 4274 4267
f 4278 4279 4280
f 3983 4086 4055
f 4055 4086 4281
f 4055 4281 4275
f 4275 4281 4282
f 4275 4282 4276
f 4276 4282 4283
f 4276 4283 4277
f 4277 4283 4278
f 4277 4278 4272
f 4272 4278 4280
f 4272 4280 4273
f 4284 4285 4286
f 3981 4087 4086
f 4086 4087 4287
f 4086 4287 4281
f 4281 4287 4288
f 4281 4288 4282
f 4282 4288 4289
f 4282 4289 4283
f 4283 4289 4284
f 4283 4284 4278
f 4278 4284 4286
f 4278 4286 4279
f 4290 4291 4292
f 4292 4291 4293
f 3979 4054 4087
f 4087 4054 4294
f 4087 4294 4287
f 4287 4294 4295
f 4287 4295 4288
f 4288 4295 4296
f 4288 4296 4289
f 4289 4296 4292
f 4289 4292 4284
f 4284 4292 4293
f 4284 4293 4285
f 3978 4053 4054
f 4054 4053 4297
f 4054 4297 4294
f 4294 4297 4298
f 4294 4298 4295
f 4295 4298 4299
f 4295 4299 4296
f 4296 4299 4022
f 4296 4022 4292
f 4292 4022 4021
f 4292 4021 4290
f 3976 4052 4053
f 4053 4052 4300
f 4053 4300 4297
f 4297 4300 4301
f 4297 4301 4298
f 4298 4301 4302
f 4298 4302 4299
f 4299 4302 4019
f 4299 4019 4022
f 4022 4019 4018
f 4022 4018 4020
f 4052 4303 4300
f 4300 4303 4304
f 4300 4304 4301
f 4301 4304 4305
f 4301 4305 4302
f 4302 4305 4016
f 4302 4016 4019
f 4019 4016 4015
f 4019 4015 4017
f 4303 4306 4304
f 4304 4306 4307
f 4304 4307 4305
f 4305 4307 4013
f 4305 4013 4016
f 4016 4013 4012
f 4016 4012 4014
f 4306 4115 4307
f 4307 4115 4114
f 4307 4114 4013
f 4013 4114 4308
f 4013 4308 4011
f 4309 4310 4311
f 4311 4310 4113
f 4311 4113 4312
f 4312 4113 4115
f 4312 4115 4313
f 4313 4115 4306
f 4313 4306 4314
f 4314 4306 4303
f 4314 4303 4051
f 4051 4303 4052
f 4051 4052 3971
f 3971 4052 3975
f 4310 4315 4113
f 4113 4315 4316
f 4113 4316 4114
f 4114 4316 4317
f 4114 4317 4308
f 4009 4309 4010
f 4010 4309 4311
f 4010 4311 4318
f 4318 4311 4312
f 4318 4312 4319
f 4319 4312 4313
f 4319 4313 4320
f 4320 4313 4314
f 4320 4314 4321
f 4321 4314 4051
f 4321 4051 3973
f 3973 4051 3972
f 4007 4009 4008
f 4008 4009 4010
f 4008 4010 4322
f 4322 4010 4318
f 4322 4318 4323
f 4323 4318 4319
f 4323 4319 4324
f 4324 4319 4320
f 4324 4320 4088
f 4088 4320 4321
f 4088 4321 3974
f 3974 4321 3973
f 4005 4007 4006
f 4006 4007 4008
f 4006 4008 4325
f 4325 4008 4322
f 4325 4322 4326
f 4326 4322 4323
f 4326 4323 4327
f 4327 4323 4324
f 4327 4324 4050
f 4050 4324 4088
f 4050 4088 3969
f 3969 4088 3968
f 4003 4005 4004
f 4004 4005 4006
f 4004 4006 4328
f 4328 4006 4325
f 4328 4325 4329
f 4329 4325 4326
f 4329 4326 4330
f 4330 4326 4327
f 4330 4327 4049
f 4049 4327 4050
f 4049 4050 3967
f 3967 4050 3970
f 4121 4003 4105
f 4105 4003 4004
f 4105 4004 4099
f 4099 4004 4328
f 4099 4328 4094
f 4094 4328 4329
f 4094 4329 4048
f 4048 4329 4330
f 4048 4330 4046
f 4046 4330 4049
f 4046 4049 3965
f 3965 4049 3966
f 4331 4332 4333
f 4334 4335 4336
f 4337 4338 4339
f 4340 4341 4342
f 4343 4344 4345
f 4346 4347 4348
f 4349 4350 4351
f 4352 4353 4354
f 4355 4356 4357
f 4358 4359 4360
f 4361 4362 4363
f 4316 4315 4365
f 4308 4317 4366
f 4012 4011 4367
f 4015 4014 4368
f 4018 4017 4369
f 4021 4020 4370
f 4291 4290 4371
f 4255 4262 4372
f 4249 4256 4373
f 4243 4250 4374
f 4238 4244 4375
f 4233 4238 4376
f 4228 4233 4377
f 4223 4228 4378
f 4023 4223 4379
f 4032 4031 4383
f 4174 4182 4384
f 4168 4175 4385
f 4162 4169 4386
f 4156 4163 4387
f 4150 4157 4388
f 4144 4151 4389
f 4138 4145 4390
f 4133 4139 4391
f 4128 4133 4392
f 4123 4128 4393
f 4117 4123 4394
f 4121 4117 4395
f 4179 4044 4396
f 4043 4041 4397
f 4040 4038 4398
f 4037 4035 4399
f 4034 4198 4400
f 4207 4206 4401
f 4205 4200 4402
f 4032 4383 4199
f 4261 4268 4361
f 4361 4268 4267
f 4361 4267 4362
f 4362 4267 4274
f 4362 4274 4273
f 4403 4280 4279
f 4404 4286 4285
f 4310 4309 4405
f 4405 4309 4009
f 4406 4009 4007
f 4407 4007 4005
f 4408 4005 4003
f 4409 4410 4411
f 4412 4363 4413
f 4413 4363 4362
f 4413 4362 4403
f 4403 4362 4273
f 4403 4273 4280
f 4414 4415 4410
f 4416 4412 4417
f 4417 4412 4413
f 4417 4413 4418
f 4418 4413 4403
f 4418 4403 4404
f 4404 4403 4279
f 4404 4279 4286
f 4419 4420 4415
f 4421 4416 4422
f 4422 4416 4417
f 4422 4417 4423
f 4423 4417 4418
f 4423 4418 4424
f 4424 4418 4404
f 4424 4404 4425
f 4425 4404 4285
f 4425 4285 4293
f 4426 4427 4420
f 4428 4421 4429
f 4429 4421 4422
f 4429 4422 4430
f 4430 4422 4423
f 4430 4423 4431
f 4431 4423 4424
f 4431 4424 4432
f 4432 4424 4425
f 4432 4425 4371
f 4371 4425 4293
f 4371 4293 4291
f 4433 4428 4434
f 4434 4428 4429
f 4434 4429 4435
f 4435 4429 4430
f 4435 4430 4436
f 4436 4430 4431
f 4436 4431 4437
f 4437 4431 4432
f 4437 4432 4438
f 4438 4432 4371
f 4438 4371 4370
f 4370 4371 4290
f 4370 4290 4021
f 4439 4433 4440
f 4440 4433 4434
f 4440 4434 4441
f 4441 4434 4435
f 4441 4435 4442
f 4442 4435 4436
f 4442 4436 4443
f 4443 4436 4437
f 4443 4437 4444
f 4444 4437 4438
f 4444 4438 4445
f 4445 4438 4370
f 4445 4370 4369
f 4369 4370 4020
f 4369 4020 4018
f 4446 4439 4447
f 4447 4439 4440
f 4447 4440 4448
f 4448 4440 4441
f 4448 4441 4449
f 4449 4441 4442
f 4449 4442 4450
f 4450 4442 4443
f 4450 4443 4451
f 4451 4443 4444
f 4451 4444 4452
f 4452 4444 4445
f 4452 4445 4453
f 4453 4445 4369
f 4453 4369 4368
f 4368 4369 4017
f 4368 4017 4015
f 4454 4446 4455
f 4455 4446 4447
f 4455 4447 4456
f 4456 4447 4448
f 4456 4448 4457
f 4457 4448 4449
f 4457 4449 4458
f 4458 4449 4450
f 4458 4450 4459
f 4459 4450 4451
f 4459 4451 4460
f 4460 4451 4452
f 4460 4452 4461
f 4461 4452 4453
f 4461 4453 4462
f 4462 4453 4368
f 4462 4368 4367
f 4367 4368 4014
f 4367 4014 4012
f 4463 4464 4465
f 4410 4409 4414
f 4414 4409 4466
f 4414 4466 4467
f 4467 4466 4468
f 4467 4468 4469
f 4469 4468 4470
f 4469 4470 4471
f 4471 4470 4472
f 4471 4472 4473
f 4473 4472 4474
f 4473 4474 4475
f 4475 4474 4476
f 4475 4476 4477
f 4477 4476 4478
f 4477 4478 4479
f 4479 4478 4480
f 4479 4480 4481
f 4169 4168 4386
f 4386 4168 4385
f 4386 4385 4482
f 4482 4385 4483
f 4482 4483 4484
f 4484 4483 4485
f 4484 4485 4486
f 4486 4485 4487
f 4486 4487 4488
f 4488 4487 4489
f 4488 4489 4490
f 4490 4489 4491
f 4490 4491 4492
f 4492 4491 4493
f 4492 4493 4494
f 4494 4493 4495
f 4494 4495 4496
f 4496 4495 4497
f 4496 4497 4498
f 4498 4497 4499
f 4498 4499 4500
f 4035 4034 4399
f 4399 4034 4400
f 4399 4400 4501
f 4501 4400 4502
f 4501 4502 4503
f 4503 4502 4504
f 4503 4504 4505
f 4505 4504 4506
f 4505 4506 4507
f 4507 4506 4508
f 4507 4508 4509
f 4509 4508 4510
f 4509 4510 4511
f 4511 4510 4512
f 4511 4512 4513
f 4513 4512 4514
f 4513 4514 4515
f 4515 4514 4516
f 4515 4516 4517
f 4517 4516 4518
f 4517 4518 4519
f 4377 4233 4376
f 4377 4376 4520
f 4520 4376 4521
f 4520 4521 4522
f 4522 4521 4523
f 4522 4523 4524
f 4524 4523 4525
f 4524 4525 4526
f 4526 4525 4527
f 4526 4527 4528
f 4528 4527 4529
f 4528 4529 4530
f 4530 4529 4531
f 4530 4531 4532
f 4532 4531 4533
f 4532 4533 4534
f 4534 4533 4535
f 4534 4535 4536
f 4536 4535 4537
f 4536 4537 4538
f 4539 4454 4540
f 4540 4454 4455
f 4540 4455 4541
f 4541 4455 4456
f 4541 4456 4542
f 4542 4456 4457
f 4542 4457 4543
f 4543 4457 4458
f 4543 4458 4544
f 4544 4458 4459
f 4544 4459 4545
f 4545 4459 4460
f 4545 4460 4546
f 4546 4460 4461
f 4546 4461 4547
f 4547 4461 4462
f 4547 4462 4548
f 4548 4462 4367
f 4548 4367 4366
f 4366 4367 4011
f 4366 4011 4308
f 4415 4414 4419
f 4419 4414 4467
f 4419 4467 4549
f 4549 4467 4469
f 4549 4469 4550
f 4550 4469 4471
f 4550 4471 4551
f 4551 4471 4473
f 4551 4473 4552
f 4552 4473 4475
f 4552 4475 4553
f 4553 4475 4477
f 4553 4477 4554
f 4554 4477 4479
f 4554 4479 4555
f 4555 4479 4481
f 4555 4481 4556
f 4163 4162 4387
f 4387 4162 4386
f 4387 4386 4557
f 4557 4386 4482
f 4557 4482 4558
f 4558 4482 4484
f 4558 4484 4559
f 4559 4484 4486
f 4559 4486 4560
f 4560 4486 4488
f 4560 4488 4561
f 4561 4488 4490
f 4561 4490 4562
f 4562 4490 4492
f 4562 4492 4563
f 4563 4492 4494
f 4563 4494 4564
f 4564 4494 4496
f 4564 4496 4565
f 4565 4496 4498
f 4565 4498 4566
f 4566 4498 4500
f 4566 4500 4567
f 4038 4037 4398
f 4398 4037 4399
f 4398 4399 4568
f 4568 4399 4501
f 4568 4501 4569
f 4569 4501 4503
f 4569 4503 4570
f 4570 4503 4505
f 4570 4505 4571
f 4571 4505 4507
f 4571 4507 4572
f 4572 4507 4509
f 4572 4509 4573
f 4573 4509 4511
f 4573 4511 4574
f 4574 4511 4513
f 4574 4513 4575
f 4575 4513 4515
f 4575 4515 4576
f 4576 4515 4517
f 4576 4517 4577
f 4577 4517 4519
f 4577 4519 4578
f 4378 4228 4377
f 4378 4377 4579
f 4579 4377 4520
f 4579 4520 4580
f 4580 4520 4522
f 4580 4522 4581
f 4581 4522 4524
f 4581 4524 4582
f 4582 4524 4526
f 4582 4526 4583
f 4583 4526 4528
f 4583 4528 4584
f 4584 4528 4530
f 4584 4530 4585
f 4585 4530 4532
f 4585 4532 4586
f 4586 4532 4534
f 4586 4534 4587
f 4587 4534 4536
f 4587 4536 4588
f 4588 4536 4538
f 4588 4538 4589
f 4590 4539 4591
f 4591 4539 4540
f 4591 4540 4592
f 4592 4540 4541
f 4592 4541 4593
f 4593 4541 4542
f 4593 4542 4594
f 4594 4542 4543
f 4594 4543 4595
f 4595 4543 4544
f 4595 4544 4596
f 4596 4544 4545
f 4596 4545 4597
f 4597 4545 4546
f 4597 4546 4598
f 4598 4546 4547
f 4598 4547 4599
f 4599 4547 4548
f 4599 4548 4600
f 4600 4548 4366
f 4600 4366 4365
f 4365 4366 4317
f 4365 4317 4316
f 4420 4419 4426
f 4426 4419 4549
f 4426 4549 4601
f 4601 4549 4550
f 4601 4550 4602
f 4602 4550 4551
f 4602 4551 4603
f 4603 4551 4552
f 4603 4552 4604
f 4604 4552 4553
f 4604 4553 4605
f 4605 4553 4554
f 4605 4554 4606
f 4606 4554 4555
f 4606 4555 4607
f 4607 4555 4556
f 4607 4556 4608
f 4157 4156 4388
f 4388 4156 4387
f 4388 4387 4609
f 4609 4387 4557
f 4609 4557 4610
f 4610 4557 4558
f 4610 4558 4611
f 4611 4558 4559
f 4611 4559 4612
f 4612 4559 4560
f 4612 4560 4613
f 4613 4560 4561
f 4613 4561 4614
f 4614 4561 4562
f 4614 4562 4615
f 4615 4562 4563
f 4615 4563 4616
f 4616 4563 4564
f 4616 4564 4617
f 4617 4564 4565
f 4617 4565 4618
f 4618 4565 4566
f 4618 4566 4619
f 4619 4566 4567
f 4619 4567 4620
f 4041 4040 4397
f 4397 4040 4398
f 4397 4398 4621
f 4621 4398 4568
f 4621 4568 4622
f 4622 4568 4569
f 4622 4569 4623
f 4623 4569 4570
f 4623 4570 4624
f 4624 4570 4571
f 4624 4571 4625
f 4625 4571 4572
f 4625 4572 4626
f 4626 4572 4573
f 4626 4573 4627
f 4627 4573 4574
f 4627 4574 4628
f 4628 4574 4575
f 4628 4575 4629
f 4629 4575 4576
f 4629 4576 4630
f 4630 4576 4577
f 4630 4577 4631
f 4631 4577 4578
f 4631 4578 4632
f 4379 4223 4378
f 4379 4378 4633
f 4633 4378 4579
f 4633 4579 4634
f 4634 4579 4580
f 4634 4580 4635
f 4635 4580 4581
f 4635 4581 4636
f 4636 4581 4582
f 4636 4582 4637
f 4637 4582 4583
f 4637 4583 4638
f 4638 4583 4584
f 4638 4584 4639
f 4639 4584 4585
f 4639 4585 4640
f 4640 4585 4586
f 4640 4586 4641
f 4641 4586 4587
f 4641 4587 4642
f 4642 4587 4588
f 4642 4588 4643
f 4643 4588 4589
f 4643 4589 4644
f 4645 4590 4646
f 4646 4590 4591
f 4646 4591 4647
f 4647 4591 4592
f 4647 4592 4648
f 4648 4592 4593
f 4648 4593 4649
f 4649 4593 4594
f 4649 4594 4650
f 4650 4594 4595
f 4650 4595 4651
f 4651 4595 4596
f 4651 4596 4652
f 4652 4596 4597
f 4652 4597 4653
f 4653 4597 4598
f 4653 4598 4654
f 4654 4598 4599
f 4654 4599 4655
f 4655 4599 4600
f 4655 4600 4656
f 4656 4600 4365
f 4656 4365 4405
f 4405 4365 4315
f 4405 4315 4310
f 4427 4426 4657
f 4657 4426 4601
f 4657 4601 4658
f 4658 4601 4602
f 4658 4602 4659
f 4659 4602 4603
f 4659 4603 4660
f 4660 4603 4604
f 4660 4604 4661
f 4661 4604 4605
f 4661 4605 4662
f 4662 4605 4606
f 4662 4606 4663
f 4663 4606 4607
f 4663 4607 4664
f 4664 4607 4608
f 4664 4608 4665
f 4666 4667 4668
f 4151 4150 4389
f 4389 4150 4388
f 4389 4388 4669
f 4669 4388 4609
f 4669 4609 4670
f 4670 4609 4610
f 4670 4610 4671
f 4671 4610 4611
f 4671 4611 4672
f 4672 4611 4612
f 4672 4612 4673
f 4673 4612 4613
f 4673 4613 4674
f 4674 4613 4614
f 4674 4614 4675
f 4675 4614 4615
f 4675 4615 4676
f 4676 4615 4616
f 4676 4616 4677
f 4677 4616 4617
f 4677 4617 4678
f 4678 4617 4618
f 4678 4618 4679
f 4679 4618 4619
f 4679 4619 4680
f 4680 4619 4620
f 4680 4620 4681
f 4682 4683 4684
f 4044 4043 4396
f 4396 4043 4397
f 4396 4397 4685
f 4685 4397 4621
f 4685 4621 4686
f 4686 4621 4622
f 4686 4622 4687
f 4687 4622 4623
f 4687 4623 4688
f 4688 4623 4624
f 4688 4624 4689
f 4689 4624 4625
f 4689 4625 4690
f 4690 4625 4626
f 4690 4626 4691
f 4691 4626 4627
f 4691 4627 4692
f 4692 4627 4628
f 4692 4628 4693
f 4693 4628 4629
f 4693 4629 4694
f 4694 4629 4630
f 4694 4630 4695
f 4695 4630 4631
f 4695 4631 4696
f 4696 4631 4632
f 4696 4632 4697
f 4698 4699 4700
f 4701 4023 4379
f 4701 4379 4702
f 4702 4379 4633
f 4702 4633 4703
f 4703 4633 4634
f 4703 4634 4704
f 4704 4634 4635
f 4704 4635 4705
f 4705 4635 4636
f 4705 4636 4706
f 4706 4636 4637
f 4706 4637 4707
f 4707 4637 4638
f 4707 4638 4708
f 4708 4638 4639
f 4708 4639 4709
f 4709 4639 4640
f 4709 4640 4710
f 4710 4640 4641
f 4710 4641 4711
f 4711 4641 4642
f 4711 4642 4712
f 4712 4642 4643
f 4712 4643 4713
f 4713 4643 4644
f 4713 4644 4714
f 4715 4716 4717
f 4718 4645 4719
f 4719 4645 4646
f 4719 4646 4720
f 4720 4646 4647
f 4720 4647 4721
f 4721 4647 4648
f 4721 4648 4722
f 4722 4648 4649
f 4722 4649 4723
f 4723 4649 4650
f 4723 4650 4724
f 4724 4650 4651
f 4724 4651 4725
f 4725 4651 4652
f 4725 4652 4726
f 4726 4652 4653
f 4726 4653 4727
f 4727 4653 4654
f 4727 4654 4728
f 4728 4654 4655
f 4728 4655 4729
f 4729 4655 4656
f 4729 4656 4730
f 4730 4656 4405
f 4730 4405 4406
f 4406 4405 4009
f 4360 4731 4732
f 4357 4733 4734
f 4734 4733 4735
f 4734 4735 4736
f 4736 4735 4737
f 4736 4737 4738
f 4738 4737 4739
f 4738 4739 4464
f 4740 4741 4742
f 4742 4741 4743
f 4742 4743 4744
f 4744 4743 4745
f 4744 4745 4746
f 4746 4745 4747
f 4746 4747 4748
f 4748 4747 4463
f 4748 4463 4749
f 4749 4463 4465
f 4749 4465 4750
f 4751 4667 4752
f 4752 4667 4666
f 4752 4666 4753
f 4755 4754 4753
f 4755 4753 4756
f 4756 4753 4666
f 4756 4666 4757
f 4757 4666 4668
f 4757 4668 4758
f 4395 4117 4394
f 4395 4394 4759
f 4759 4394 4760
f 4759 4760 4761
f 4761 4760 4762
f 4761 4762 4763
f 4763 4762 4764
f 4763 4764 4765
f 4765 4764 4766
f 4765 4766 4767
f 4767 4766 4768
f 4767 4768 4769
f 4769 4768 4770
f 4769 4770 4771
f 4771 4770 4772
f 4771 4772 4773
f 4773 4772 4774
f 4773 4774 4775
f 4775 4774 4776
f 4775 4776 4777
f 4777 4776 4778
f 4777 4778 4779
f 4779 4778 4780
f 4779 4780 4781
f 4781 4780 4782
f 4781 4782 4783
f 4783 4782 4351
f 4393 4128 4392
f 4393 4392 4784
f 4784 4392 4785
f 4784 4785 4786
f 4786 4785 4787
f 4786 4787 4788
f 4788 4787 4789
f 4788 4789 4790
f 4790 4789 4791
f 4790 4791 4792
f 4792 4791 4793
f 4792 4793 4794
f 4794 4793 4795
f 4794 4795 4796
f 4796 4795 4797
f 4796 4797 4798
f 4798 4797 4799
f 4798 4799 4800
f 4800 4799 4801
f 4800 4801 4802
f 4802 4801 4803
f 4802 4803 4804
f 4804 4803 4805
f 4804 4805 4806
f 4806 4805 4807
f 4806 4807 4808
f 4808 4807 4809
f 4810 4683 4811
f 4811 4683 4682
f 4811 4682 4812
f 4814 4813 4812
f 4814 4812 4815
f 4815 4812 4682
f 4815 4682 4816
f 4816 4682 4684
f 4816 4684 4817
f 4818 4699 4819
f 4819 4699 4698
f 4819 4698 4820
f 4822 4821 4820
f 4822 4820 4823
f 4823 4820 4698
f 4823 4698 4824
f 4824 4698 4700
f 4824 4700 4825
f 4206 4205 4401
f 4401 4205 4402
f 4401 4402 4826
f 4826 4402 4827
f 4826 4827 4828
f 4828 4827 4829
f 4828 4829 4830
f 4830 4829 4831
f 4830 4831 4832
f 4832 4831 4833
f 4832 4833 4834
f 4834 4833 4835
f 4834 4835 4836
f 4836 4835 4837
f 4836 4837 4838
f 4838 4837 4839
f 4838 4839 4840
f 4840 4839 4841
f 4840 4841 4842
f 4842 4841 4843
f 4842 4843 4844
f 4844 4843 4845
f 4844 4845 4846
f 4846 4845 4847
f 4846 4847 4848
f 4848 4847 4849
f 4848 4849 4850
f 4850 4849 4851
f 4200 4199 4402
f 4402 4199 4383
f 4402 4383 4827
f 4827 4383 4852
f 4827 4852 4829
f 4829 4852 4853
f 4829 4853 4831
f 4831 4853 4854
f 4831 4854 4833
f 4833 4854 4855
f 4833 4855 4835
f 4835 4855 4856
f 4835 4856 4837
f 4837 4856 4857
f 4837 4857 4839
f 4839 4857 4858
f 4839 4858 4841
f 4841 4858 4859
f 4841 4859 4843
f 4843 4859 4860
f 4843 4860 4845
f 4845 4860 4861
f 4845 4861 4847
f 4847 4861 4862
f 4847 4862 4849
f 4849 4862 4863
f 4849 4863 4851
f 4851 4863 4864
f 4031 4029 4383
f 4383 4029 4382
f 4383 4382 4852
f 4852 4382 4865
f 4852 4865 4853
f 4853 4865 4866
f 4853 4866 4854
f 4854 4866 4867
f 4854 4867 4855
f 4855 4867 4868
f 4855 4868 4856
f 4856 4868 4869
f 4856 4869 4857
f 4857 4869 4870
f 4857 4870 4858
f 4858 4870 4871
f 4858 4871 4859
f 4859 4871 4872
f 4859 4872 4860
f 4860 4872 4873
f 4860 4873 4861
f 4861 4873 4874
f 4861 4874 4862
f 4862 4874 4875
f 4862 4875 4863
f 4863 4875 4876
f 4863 4876 4864
f 4864 4876 4877
f 4864 4877 4878
f 4879 4716 4880
f 4880 4716 4715
f 4880 4715 4881
f 4883 4882 4881
f 4883 4881 4884
f 4884 4881 4715
f 4884 4715 4885
f 4885 4715 4717
f 4885 4717 4886
f 4244 4243 4375
f 4375 4243 4374
f 4375 4374 4887
f 4887 4374 4888
f 4887 4888 4889
f 4889 4888 4890
f 4889 4890 4891
f 4891 4890 4892
f 4891 4892 4893
f 4893 4892 4894
f 4893 4894 4895
f 4895 4894 4896
f 4895 4896 4897
f 4897 4896 4898
f 4897 4898 4899
f 4899 4898 4900
f 4899 4900 4901
f 4901 4900 4902
f 4901 4902 4903
f 4903 4902 4904
f 4903 4904 4905
f 4905 4904 4906
f 4905 4906 4907
f 4907 4906 4908
f 4907 4908 4909
f 4909 4908 4910
f 4909 4910 4911
f 4911 4910 4912
f 4250 4249 4374
f 4374 4249 4373
f 4374 4373 4888
f 4888 4373 4913
f 4888 4913 4890
f 4890 4913 4914
f 4890 4914 4892
f 4892 4914 4915
f 4892 4915 4894
f 4894 4915 4916
f 4894 4916 4896
f 4896 4916 4917
f 4896 4917 4898
f 4898 4917 4918
f 4898 4918 4900
f 4900 4918 4919
f 4900 4919 4902
f 4902 4919 4920
f 4902 4920 4904
f 4904 4920 4921
f 4904 4921 4906
f 4906 4921 4922
f 4906 4922 4908
f 4908 4922 4923
f 4908 4923 4910
f 4910 4923 4924
f 4910 4924 4912
f 4912 4924 4925
f 4256 4255 4373
f 4373 4255 4372
f 4373 4372 4913
f 4913 4372 4926
f 4913 4926 4914
f 4914 4926 4927
f 4914 4927 4915
f 4915 4927 4928
f 4915 4928 4916
f 4916 4928 4929
f 4916 4929 4917
f 4917 4929 4930
f 4917 4930 4918
f 4918 4930 4931
f 4918 4931 4919
f 4919 4931 4932
f 4919 4932 4920
f 4920 4932 4933
f 4920 4933 4921
f 4921 4933 4934
f 4921 4934 4922
f 4922 4934 4935
f 4922 4935 4923
f 4923 4935 4936
f 4923 4936 4924
f 4924 4936 4937
f 4924 4937 4925
f 4925 4937 4938
f 4925 4938 4939
f 4940 4732 4941
f 4941 4732 4731
f 4941 4731 4942
f 4942 4731 4943
f 4942 4943 4944
f 4360 4359 4731
f 4731 4359 4945
f 4731 4945 4943
f 4946 4358 4733
f 4733 4358 4360
f 4733 4360 4735
f 4735 4360 4732
f 4735 4732 4737
f 4737 4732 4940
f 4737 4940 4739
f 4357 4356 4733
f 4733 4356 4947
f 4733 4947 4946
f 4464 4463 4738
f 4738 4463 4747
f 4738 4747 4736
f 4736 4747 4745
f 4736 4745 4734
f 4734 4745 4743
f 4734 4743 4357
f 4357 4743 4741
f 4357 4741 4355
f 4948 4949 4950
f 4950 4949 4740
f 4950 4740 4951
f 4951 4740 4742
f 4951 4742 4952
f 4952 4742 4744
f 4952 4744 4953
f 4953 4744 4746
f 4953 4746 4954
f 4954 4746 4748
f 4954 4748 4955
f 4955 4748 4749
f 4955 4749 4956
f 4956 4749 4750
f 4956 4750 4957
f 4949 4958 4740
f 4740 4958 4959
f 4740 4959 4741
f 4741 4959 4355
f 4353 4948 4354
f 4354 4948 4950
f 4354 4950 4960
f 4960 4950 4951
f 4960 4951 4961
f 4961 4951 4952
f 4961 4952 4962
f 4962 4952 4953
f 4962 4953 4963
f 4963 4953 4954
f 4963 4954 4964
f 4964 4954 4955
f 4964 4955 4965
f 4965 4955 4956
f 4965 4956 4966
f 4966 4956 4957
f 4966 4957 4967
f 4665 4352 4354
f 4665 4354 4664
f 4664 4354 4960
f 4664 4960 4663
f 4663 4960 4961
f 4663 4961 4662
f 4662 4961 4962
f 4662 4962 4661
f 4661 4962 4963
f 4661 4963 4660
f 4660 4963 4964
f 4660 4964 4659
f 4659 4964 4965
f 4659 4965 4658
f 4658 4965 4966
f 4658 4966 4657
f 4657 4966 4967
f 4657 4967 4427
f 4480 4758 4481
f 4481 4758 4668
f 4481 4668 4556
f 4556 4668 4667
f 4556 4667 4608
f 4608 4667 4751
f 4608 4751 4665
f 4665 4751 4968
f 4665 4968 4352
f 4754 4969 4753
f 4753 4969 4970
f 4753 4970 4752
f 4752 4970 4971
f 4752 4971 4751
f 4751 4971 4972
f 4751 4972 4968
f 4973 4754 4783
f 4783 4754 4755
f 4783 4755 4781
f 4781 4755 4756
f 4781 4756 4779
f 4779 4756 4757
f 4779 4757 4777
f 4777 4757 4758
f 4777 4758 4775
f 4775 4758 4480
f 4775 4480 4773
f 4773 4480 4478
f 4773 4478 4771
f 4771 4478 4476
f 4771 4476 4769
f 4769 4476 4474
f 4769 4474 4767
f 4767 4474 4472
f 4767 4472 4765
f 4765 4472 4470
f 4765 4470 4763
f 4763 4470 4468
f 4763 4468 4761
f 4761 4468 4466
f 4761 4466 4759
f 4759 4466 4409
f 4759 4409 4395
f 4395 4409 4411
f 4395 4411 4121
f 4121 4411 4003
f 4351 4350 4783
f 4783 4350 4974
f 4783 4974 4973
f 4394 4123 4393
f 4394 4393 4760
f 4760 4393 4784
f 4760 4784 4762
f 4762 4784 4786
f 4762 4786 4764
f 4764 4786 4788
f 4764 4788 4766
f 4766 4788 4790
f 4766 4790 4768
f 4768 4790 4792
f 4768 4792 4770
f 4770 4792 4794
f 4770 4794 4772
f 4772 4794 4796
f 4772 4796 4774
f 4774 4796 4798
f 4774 4798 4776
f 4776 4798 4800
f 4776 4800 4778
f 4778 4800 4802
f 4778 4802 4780
f 4780 4802 4804
f 4780 4804 4782
f 4782 4804 4806
f 4782 4806 4351
f 4351 4806 4808
f 4351 4808 4349
f 4975 4976 4977
f 4977 4976 4809
f 4977 4809 4978
f 4978 4809 4807
f 4978 4807 4979
f 4979 4807 4805
f 4979 4805 4980
f 4980 4805 4803
f 4980 4803 4981
f 4981 4803 4801
f 4981 4801 4982
f 4982 4801 4799
f 4982 4799 4983
f 4983 4799 4797
f 4983 4797 4984
f 4984 4797 4795
f 4984 4795 4985
f 4985 4795 4793
f 4985 4793 4986
f 4986 4793 4791
f 4986 4791 4987
f 4987 4791 4789
f 4987 4789 4988
f 4988 4789 4787
f 4988 4787 4989
f 4989 4787 4785
f 4989 4785 4391
f 4391 4785 4392
f 4391 4392 4133
f 4976 4990 4809
f 4809 4990 4991
f 4809 4991 4808
f 4808 4991 4349
f 4347 4975 4348
f 4348 4975 4977
f 4348 4977 4992
f 4992 4977 4978
f 4992 4978 4993
f 4993 4978 4979
f 4993 4979 4994
f 4994 4979 4980
f 4994 4980 4995
f 4995 4980 4981
f 4995 4981 4996
f 4996 4981 4982
f 4996 4982 4997
f 4997 4982 4983
f 4997 4983 4998
f 4998 4983 4984
f 4998 4984 4999
f 4999 4984 4985
f 4999 4985 5000
f 5000 4985 4986
f 5000 4986 5001
f 5001 4986 4987
f 5001 4987 5002
f 5002 4987 4988
f 5002 4988 5003
f 5003 4988 4989
f 5003 4989 4390
f 4390 4989 4391
f 4390 4391 4138
f 4138 4391 4139
f 4681 4346 4348
f 4681 4348 4680
f 4680 4348 4992
f 4680 4992 4679
f 4679 4992 4993
f 4679 4993 4678
f 4678 4993 4994
f 4678 4994 4677
f 4677 4994 4995
f 4677 4995 4676
f 4676 4995 4996
f 4676 4996 4675
f 4675 4996 4997
f 4675 4997 4674
f 4674 4997 4998
f 4674 4998 4673
f 4673 4998 4999
f 4673 4999 4672
f 4672 4999 5000
f 4672 5000 4671
f 4671 5000 5001
f 4671 5001 4670
f 4670 5001 5002
f 4670 5002 4669
f 4669 5002 5003
f 4669 5003 4389
f 4389 5003 4390
f 4389 4390 4144
f 4144 4390 4145
f 4499 4817 4500
f 4500 4817 4684
f 4500 4684 4567
f 4567 4684 4683
f 4567 4683 4620
f 4620 4683 4810
f 4620 4810 4681
f 4681 4810 5004
f 4681 5004 4346
f 4813 5005 4812
f 4812 5005 4811
f 4811 5005 5006
f 4811 5006 4810
f 4810 5006 5007
f 4810 5007 5004
f 4344 4813 4345
f 4345 4813 4814
f 4345 4814 5008
f 5008 4814 4815
f 5008 4815 5009
f 5009 4815 4816
f 5009 4816 5010
f 5010 4816 4817
f 5010 4817 5011
f 5011 4817 4499
f 5011 4499 5012
f 5012 4499 4497
f 5012 4497 5013
f 5013 4497 4495
f 5013 4495 5014
f 5014 4495 4493
f 5014 4493 5015
f 5015 4493 4491
f 5015 4491 5016
f 5016 4491 4489
f 5016 4489 5017
f 5017 4489 4487
f 5017 4487 5018
f 5018 4487 4485
f 5018 4485 5019
f 5019 4485 4483
f 5019 4483 4384
f 4384 4483 4385
f 4384 4385 4174
f 4174 4385 4175
f 4341 4343 4342
f 4342 4343 4345
f 4342 4345 5020
f 5020 4345 5008
f 5020 5008 5021
f 5021 5008 5009
f 5021 5009 5022
f 5022 5009 5010
f 5022 5010 5023
f 5023 5010 5011
f 5023 5011 5024
f 5024 5011 5012
f 5024 5012 5025
f 5025 5012 5013
f 5025 5013 5026
f 5026 5013 5014
f 5026 5014 5027
f 5027 5014 5015
f 5027 5015 5028
f 5028 5015 5016
f 5028 5016 5029
f 5029 5016 5017
f 5029 5017 5030
f 5030 5017 5018
f 5030 5018 5031
f 5031 5018 5019
f 5031 5019 5032
f 5032 5019 4384
f 5032 4384 4180
f 4180 4384 4182
f 4697 4340 4342
f 4697 4342 4696
f 4696 4342 5020
f 4696 5020 4695
f 4695 5020 5021
f 4695 5021 4694
f 4694 5021 5022
f 4694 5022 4693
f 4693 5022 5023
f 4693 5023 4692
f 4692 5023 5024
f 4692 5024 4691
f 4691 5024 5025
f 4691 5025 4690
f 4690 5025 5026
f 4690 5026 4689
f 4689 5026 5027
f 4689 5027 4688
f 4688 5027 5028
f 4688 5028 4687
f 4687 5028 5029
f 4687 5029 4686
f 4686 5029 5030
f 4686 5030 4685
f 4685 5030 5031
f 4685 5031 4396
f 4396 5031 5032
f 4396 5032 4179
f 4179 5032 4180
f 4518 4825 4519
f 4519 4825 4700
f 4519 4700 4578
f 4578 4700 4699
f 4578 4699 4632
f 4632 4699 4818
f 4632 4818 4697
f 4697 4818 5033
f 4697 5033 4340
f 4821 5034 4820
f 4820 5034 5035
f 4820 5035 4819
f 4819 5035 5036
f 4819 5036 4818
f 4818 5036 5033
f 5037 4821 4850
f 4850 4821 4822
f 4850 4822 4848
f 4848 4822 4823
f 4848 4823 4846
f 4846 4823 4824
f 4846 4824 4844
f 4844 4824 4825
f 4844 4825 4842
f 4842 4825 4518
f 4842 4518 4840
f 4840 4518 4516
f 4840 4516 4838
f 4838 4516 4514
f 4838 4514 4836
f 4836 4514 4512
f 4836 4512 4834
f 4834 4512 4510
f 4834 4510 4832
f 4832 4510 4508
f 4832 4508 4830
f 4830 4508 4506
f 4830 4506 4828
f 4828 4506 4504
f 4828 4504 4826
f 4826 4504 4502
f 4826 4502 4401
f 4401 4502 4400
f 4401 4400 4207
f 4207 4400 4198
f 4878 5038 4864
f 4864 5038 5039
f 4864 5039 4851
f 4851 5039 5040
f 4851 5040 4850
f 4850 5040 5041
f 4850 5041 5037
f 4338 4878 4339
f 4339 4878 4877
f 4339 4877 5042
f 5042 4877 4876
f 5042 4876 5043
f 5043 4876 4875
f 5043 4875 5044
f 5044 4875 4874
f 5044 4874 5045
f 5045 4874 4873
f 5045 4873 5046
f 5046 4873 4872
f 5046 4872 5047
f 5047 4872 4871
f 5047 4871 5048
f 5048 4871 4870
f 5048 4870 5049
f 5049 4870 4869
f 5049 4869 5050
f 5050 4869 4868
f 5050 4868 5051
f 5051 4868 4867
f 5051 4867 5052
f 5052 4867 4866
f 5052 4866 5053
f 5053 4866 4865
f 5053 4865 4381
f 4381 4865 4382
f 4381 4382 4027
f 4027 4382 4029
f 4335 4337 4336
f 4336 4337 4339
f 4336 4339 5054
f 5054 4339 5042
f 5054 5042 5055
f 5055 5042 5043
f 5055 5043 5056
f 5056 5043 5044
f 5056 5044 5057
f 5057 5044 5045
f 5057 5045 5058
f 5058 5045 5046
f 5058 5046 5059
f 5059 5046 5047
f 5059 5047 5060
f 5060 5047 5048
f 5060 5048 5061
f 5061 5048 5049
f 5061 5049 5062
f 5062 5049 5050
f 5062 5050 5063
f 5063 5050 5051
f 5063 5051 5064
f 5064 5051 5052
f 5064 5052 5065
f 5065 5052 5053
f 5065 5053 4380
f 4380 5053 4381
f 4380 4381 4025
f 4025 4381 4027
f 4714 4334 4336
f 4714 4336 4713
f 4713 4336 5054
f 4713 5054 4712
f 4712 5054 5055
f 4712 5055 4711
f 4711 5055 5056
f 4711 5056 4710
f 4710 5056 5057
f 4710 5057 4709
f 4709 5057 5058
f 4709 5058 4708
f 4708 5058 5059
f 4708 5059 4707
f 4707 5059 5060
f 4707 5060 4706
f 4706 5060 5061
f 4706 5061 4705
f 4705 5061 5062
f 4705 5062 4704
f 4704 5062 5063
f 4704 5063 4703
f 4703 5063 5064
f 4703 5064 4702
f 4702 5064 5065
f 4702 5065 4701
f 4701 5065 4380
f 4701 4380 4023
f 4023 4380 4025
f 4537 4886 4538
f 4538 4886 4717
f 4538 4717 4589
f 4589 4717 4716
f 4589 4716 4644
f 4644 4716 4879
f 4644 4879 4714
f 4714 4879 5066
f 4714 5066 4334
f 4882 5067 4881
f 4881 5067 5068
f 4881 5068 4880
f 4880 5068 5069
f 4880 5069 4879
f 4879 5069 5070
f 4879 5070 5066
f 5071 4882 4911
f 4911 4882 4883
f 4911 4883 4909
f 4909 4883 4884
f 4909 4884 4907
f 4907 4884 4885
f 4907 4885 4905
f 4905 4885 4886
f 4905 4886 4903
f 4903 4886 4537
f 4903 4537 4901
f 4901 4537 4535
f 4901 4535 4899
f 4899 4535 4533
f 4899 4533 4897
f 4897 4533 4531
f 4897 4531 4895
f 4895 4531 4529
f 4895 4529 4893
f 4893 4529 4527
f 4893 4527 4891
f 4891 4527 4525
f 4891 4525 4889
f 4889 4525 4523
f 4889 4523 4887
f 4887 4523 4521
f 4887 4521 4375
f 4375 4521 4376
f 4375 4376 4238
f 4939 5072 4925
f 4925 5072 5073
f 4925 5073 4912
f 4912 5073 5074
f 4912 5074 4911
f 4911 5074 5075
f 4911 5075 5071
f 5076 4939 4718
f 4718 4939 4938
f 4718 4938 4645
f 4645 4938 4937
f 4645 4937 4590
f 4590 4937 4936
f 4590 4936 4539
f 4539 4936 4935
f 4539 4935 4454
f 4454 4935 4934
f 4454 4934 4446
f 4446 4934 4933
f 4446 4933 4439
f 4439 4933 4932
f 4439 4932 4433
f 4433 4932 4931
f 4433 4931 4428
f 4428 4931 4930
f 4428 4930 4421
f 4421 4930 4929
f 4421 4929 4416
f 4416 4929 4928
f 4416 4928 4412
f 4412 4928 4927
f 4412 4927 4363
f 4363 4927 4926
f 4363 4926 4361
f 4361 4926 4372
f 4361 4372 4261
f 4261 4372 4262
f 5077 5078 5079
f 4007 4407 4406
f 4406 4407 5080
f 4406 5080 4730
f 4730 5080 5081
f 4730 5081 4729
f 4729 5081 5082
f 4729 5082 4728
f 4728 5082 5083
f 4728 5083 4727
f 4727 5083 5084
f 4727 5084 4726
f 4726 5084 5085
f 4726 5085 4725
f 4725 5085 5086
f 4725 5086 4724
f 4724 5086 5087
f 4724 5087 4723
f 4723 5087 5088
f 4723 5088 4722
f 4722 5088 5089
f 4722 5089 4721
f 4721 5089 5090
f 4721 5090 4720
f 4720 5090 5091
f 4720 5091 4719
f 4719 5091 5077
f 4719 5077 4718
f 4718 5077 5079
f 4718 5079 5076
f 5092 5093 5094
f 4005 4408 4407
f 4407 4408 5095
f 4407 5095 5080
f 5080 5095 5096
f 5080 5096 5081
f 5081 5096 5097
f 5081 5097 5082
f 5082 5097 5098
f 5082 5098 5083
f 5083 5098 5099
f 5083 5099 5084
f 5084 5099 5100
f 5084 5100 5085
f 5085 5100 5101
f 5085 5101 5086
f 5086 5101 5102
f 5086 5102 5087
f 5087 5102 5103
f 5087 5103 5088
f 5088 5103 5104
f 5088 5104 5089
f 5089 5104 5105
f 5089 5105 5090
f 5090 5105 5106
f 5090 5106 5091
f 5091 5106 5092
f 5091 5092 5077
f 5077 5092 5094
f 5077 5094 5078
f 4003 4364 4408
f 4408 4364 5107
f 4408 5107 5095
f 5095 5107 5108
f 5095 5108 5096
f 5096 5108 5109
f 5096 5109 5097
f 5097 5109 5110
f 5097 5110 5098
f 5098 5110 5111
f 5098 5111 5099
f 5099 5111 5112
f 5099 5112 5100
f 5100 5112 5113
f 5100 5113 5101
f 5101 5113 5114
f 5101 5114 5102
f 5102 5114 5115
f 5102 5115 5103
f 5103 5115 5116
f 5103 5116 5104
f 5104 5116 5117
f 5104 5117 5105
f 5105 5117 5118
f 5105 5118 5106
f 5106 5118 4333
f 5106 4333 5092
f 5092 4333 4332
f 5092 4332 5093
f 4003 4411 4364
f 4364 4411 4410
f 4364 4410 5107
f 5107 4410 4415
f 5107 4415 5108
f 5108 4415 4420
f 5108 4420 5109
f 5109 4420 4427
f 5109 4427 5110
f 5110 4427 4967
f 5110 4967 5111
f 5111 4967 4957
f 5111 4957 5112
f 5112 4957 4750
f 5112 4750 5113
f 5113 4750 4465
f 5113 4465 5114
f 5114 4465 4464
f 5114 4464 5115
f 5115 4464 4739
f 5115 4739 5116
f 5116 4739 4940
f 5116 4940 5117
f 5117 4940 4941
f 5117 4941 5118
f 5118 4941 4942
f 5118 4942 4333
f 4333 4942 4944
f 4333 4944 4331
f 90 5007 92
f 92 5007 5006
f 92 5006 94
f 72 4349 70
f 70 4349 4991
f 70 4991 68
f 68 4991 4990
f 68 4990 66
f 66 4990 4976
f 66 4976 86
f 86 4976 4975
f 86 4975 84
f 84 4975 4347
f 84 4347 82
f 82 4347 4346
f 82 4346 79
f 79 4346 90
f 90 4346 5004
f 90 5004 5007
f 8 4969 10
f 10 4969 4754
f 10 4754 12
f 12 4754 13
f 13 4754 4973
f 13 4973 76
f 76 4973 4974
f 76 4974 74
f 74 4974 4350
f 74 4350 72
f 72 4350 4349
f 56 4352 55
f 55 4352 4968
f 55 4968 53
f 53 4968 4972
f 53 4972 7
f 7 4972 4971
f 7 4971 8
f 8 4971 4970
f 8 4970 4969
f 49 4355 47
f 47 4355 4959
f 47 4959 64
f 64 4959 4958
f 64 4958 62
f 62 4958 4949
f 62 4949 60
f 60 4949 4948
f 60 4948 58
f 58 4948 4353
f 58 4353 56
f 56 4353 4352
f 35 4945 33
f 33 4945 4359
f 33 4359 43
f 43 4359 4358
f 43 4358 41
f 41 4358 4946
f 41 4946 39
f 39 4946 4947
f 39 4947 37
f 37 4947 4356
f 37 4356 49
f 49 4356 4355
f 156 5093 157
f 157 5093 4332
f 157 4332 158
f 158 4332 4331
f 158 4331 159
f 159 4331 4944
f 159 4944 35
f 35 4944 4943
f 35 4943 4945
f 134 5072 152
f 152 5072 4939
f 152 4939 150
f 150 4939 148
f 148 4939 5076
f 148 5076 146
f 146 5076 5079
f 146 5079 143
f 143 5079 5078
f 143 5078 156
f 156 5078 5094
f 156 5094 5093
f 130 5067 128
f 128 5067 4882
f 128 4882 141
f 141 4882 139
f 139 4882 5071
f 139 5071 137
f 137 5071 5075
f 137 5075 136
f 136 5075 5074
f 136 5074 134
f 134 5074 5073
f 134 5073 5072
f 126 4334 127
f 127 4334 5066
f 127 5066 31
f 31 5066 5070
f 31 5070 29
f 29 5070 5069
f 29 5069 130
f 130 5069 5068
f 130 5068 5067
f 112 5038 109
f 109 5038 4878
f 109 4878 120
f 120 4878 122
f 122 4878 4338
f 122 4338 124
f 124 4338 4337
f 124 4337 125
f 125 4337 4335
f 125 4335 126
f 126 4335 4334
f 99 4821 97
f 97 4821 5037
f 97 5037 116
f 116 5037 5041
f 116 5041 114
f 114 5041 5040
f 114 5040 112
f 112 5040 5039
f 112 5039 5038
f 25 4340 26
f 26 4340 5033
f 26 5033 107
f 107 5033 105
f 105 5033 5036
f 105 5036 103
f 103 5036 5035
f 103 5035 101
f 101 5035 5034
f 101 5034 99
f 99 5034 4821
f 5006 5005 94
f 94 5005 15
f 15 5005 4813
f 15 4813 16
f 16 4813 18
f 18 4813 4344
f 18 4344 19
f 19 4344 4343
f 19 4343 24
f 24 4343 4341
f 24 4341 25
f 25 4341 4340
f 678 680 4
f 4 680 828
f 4 828 684
f 658 657 4
f 4 657 655
f 4 655 5
f 5 655 654
f 5 654 370
f 684 682 4
f 4 682 681
f 4 681 658
f 357 370 654
f 654 557 368
f 654 361 359
f 357 654 359
f 368 367 654
f 654 367 365
f 365 364 654
f 654 364 361
f 843 672 11
f 11 672 674
f 11 674 9
f 9 674 676
f 9 676 4
f 4 676 678
f 664 793 11
f 843 11 665
f 665 11 666
f 793 669 11
f 11 669 668
f 11 668 666
f 78 662 661
f 78 661 11
f 11 661 660
f 11 660 664
f 180 176 174
f 543 662 256
f 256 662 78
f 256 78 180
f 180 78 176
f 172 178 180
f 180 178 183
f 180 183 182
f 180 174 172
f 712 714 27
f 27 714 844
f 27 844 717
f 717 716 27
f 27 716 715
f 27 715 625
f 625 624 27
f 27 624 623
f 27 623 28
f 28 623 622
f 622 270 266
f 262 272 622
f 622 272 28
f 268 622 341
f 341 622 552
f 266 264 622
f 622 264 262
f 622 268 270
f 711 712 27
f 30 705 32
f 32 705 707
f 32 707 27
f 27 707 709
f 27 709 711
f 705 30 697
f 697 30 698
f 807 30 696
f 696 30 626
f 807 702 30
f 30 702 700
f 30 700 698
f 133 465 535
f 626 30 627
f 627 30 133
f 627 133 629
f 454 133 455
f 629 133 535
f 629 535 573
f 454 467 133
f 133 467 465
f 133 460 458
f 458 455 133
f 460 133 462
f 640 1 641
f 641 1 694
f 640 638 1
f 1 638 637
f 1 637 635
f 631 566 452
f 631 444 469
f 635 634 1
f 1 634 632
f 1 632 2
f 2 632 631
f 2 631 469
f 631 446 444
f 450 468 631
f 468 448 631
f 631 448 446
f 452 450 631
f 34 836 690
f 34 690 36
f 36 690 688
f 36 688 1
f 1 688 695
f 1 695 694
f 644 643 34
f 34 643 686
f 34 686 836
f 649 647 34
f 34 647 646
f 34 646 644
f 46 355 652
f 652 355 373
f 649 34 650
f 650 34 46
f 650 46 652
f 652 376 443
f 652 443 556
f 373 353 652
f 652 353 351
f 351 379 652
f 652 379 378
f 652 378 376
f 14 727 609
f 14 600 96
f 96 600 599
f 609 608 14
f 14 608 606
f 14 606 605
f 605 603 14
f 14 603 602
f 14 602 600
f 599 164 161
f 599 536 169
f 161 160 599
f 599 160 96
f 164 599 185
f 185 599 166
f 168 184 599
f 599 184 166
f 599 169 168
f 612 611 23
f 23 611 719
f 23 719 852
f 257 546 620
f 617 615 23
f 23 615 614
f 23 614 612
f 617 23 618
f 618 23 22
f 618 22 620
f 620 22 275
f 620 275 274
f 620 277 260
f 274 277 620
f 620 260 258
f 258 257 620
f 23 852 723
f 23 723 20
f 20 723 721
f 20 721 17
f 17 721 14
f 14 721 728
f 14 728 727
